finding_id,issue_title,unit,program,year,cause_category,cause_detail,issue_detail,recommendation,outcomes_impact
FL-0001,กฎหมายไม่สอดคล้องกับสภาพปัจจุบัน                                                                    ,กรมที่ดิน,การดูดทรายในที่ดินของรัฐ แม่น้ำโขง,2560,,"ระเบียบกระทรวงมหาดไทย ว่าด้วยการอนุญาตให้ดูดทราย พ.ศ. 2546 ให้สอดคล้องกับ
สถานการณ์ปัจจุบัน รวมทั้งยังไม่มีการพิจารณาข้อมูลและสถานการณ์ปัจจุบัน 
โดยส่วนมากยังคงใช้ตามอัตราเดิมที่ค่อนข้างต่ำและไม่เหมาะสม
","การจัดเก็บรายได้จากการอนุญาตดูดทรายไม่สอดคล้องกับปริมาณทรายที่ผู้ประกอบการ
ดำเนินการดูดได้ และการกำหนดอัตราค่าตอบแทนจากการดูดทรายไม่เหมาะสม
","1.ให้รัฐมนตรีว่าการกระทรวงมหาดไทย ดังนี้
	1.1 พิจารณาทบทวนปรับปรุงระเบียบกระทรวงมหาดไทย ว่าด้วยการอนุญาตให้
ดูดทราย พ.ศ. 2546 ให้สอดคล้องกับสถานการณ์ปัจจุบัน
		1.1.1 กำหนดวิธีการควบคุมปริมาณทรายที่ผู้ประกอบการดำเนินการ
ได้จริงให้เป็นไปตามปริมาณทรายที่ได้ร","ส่งผลให้รัฐสูญเสียทรัพยากรธรรมชาติเกินกว่าที่อนุญาตไว้ และผู้ประกอบการได้
ประโยชน์จากปริมาณส่วนเกินจากที่ได้รับอนุญาต โดยคิดมูลค่าทรายจากปริมาณส่วนเกิน
ที่ผู้ประกอบการจำหน่ายได้เป็นเงินประมาณ 81,196,250.00 บาท และกรวดเป็นเงินประมาณ
47,806,240.00 บาท รวมทั"
FL-0002,กฎหมายไม่สอดคล้องกับสภาพปัจจุบัน                                                                    ,กรุงเทพมหานคร,การบังคับใช้กฎหมายควบคุมอาคารในเขตกรุงเทพมหานคร,2560,,"กทม. 
ยังไม่มีมาตรการดำเนินการกับเจ้าของอาคารที่ประกอบการโรงภาพยนต์ที่เพิกเฉย
ไม่ดำเนินการแก้ไขให้เป็นไปตามกฎหมาย

","ระบบป้องกันอัคคีภัยในอาคารโรงภาพยนต์ทั้ง 330 โรง หรือคิดเป็นร้อยละ 100 
ของโรงภาพยนต์ทั้งหมดในพื้นที่ กทม. ไม่เป็นไปตามที่กฎหมายกำหนด 
โดยมีอุปกรณ์ประกอบอาคารไม่เป็นไปตามที่กฎหมายกำหนด คือ บานประตูทำจากไม้ 
ป้ายบอกทางมองไม่ชัดเจน ไม่ครอบคลุมทั่วพื้นที่ จา","พิจารณาดำเนินการ กำหนดมาตรการ และดำเนินการให้เป็นไปตามกฎหมายอย่างเคร่งครัด
กับเจ้าของอาคารที่ประกอบการโรงภาพยนต์ที่เพิกเฉยไม่ดำเนินการแก้ไขให้เป็นไปตาม
กฎหมาย

","ก่อให้เกิดความเสี่ยงที่อาจเกิดความไม่ปลอดภัยในชีวิตแล้ทรัพย์สิยของประชาชน
ที่ใช้บริการ 

"
FL-0014,การดำเนินงานไม่บรรลุวัตถุประสงค์เป้าหมายของโครงการ                                                  ,เทศบาลเมืองกำแพงเพชร,โครงการก่อสร้างสถานีขนถ่ายขยะมูลฝอยของเทศบาลเมืองกำแพงเพชรอ.รัตภูมิ จ.สงขลา,2562,,"การที่สถานีขนถ่ายขยะมูลฝอยยังไม่สามารถเปิดใช้งานได้ เกิดจากสาเหตุ ดังนี้
1.ไม่มีถนนทางเข้าสถานีขนถ่ายที่ได้มาตรฐาน 
โดยเส้นทางเข้าสู่สถานีขนถ่ายขยะมูลฝอยที่เทศบาลเมืองกำแพงเพชรเลือกนั้น 
ปัจจุบันเป็นถนนดินลูกรังที่วิ่งผ่านสวนยางพาราของประชาชน 
ซึ่งไม่สามา","1.การดำเนินโครงการก่อสร้างสถานีขนถ่ายขยะมูลฝอยเทศบาลเมืองกำแพงเพชรไม่บรรลุวัตถุประสงค์/เป้าหมาย
","1.ดูแลรักษาสถานีขนถ่ายขยะมูลฝอยให้อยู่ในสภาพที่พร้อมใช้งาน 
เมื่อดำเนินการก่อสร้างถนนทางเข้าสถานีขนถ่ายขยะมูลฝอย 
และขยายเขตไฟฟ้าแล้วเสร็จ สามารถเปิดดำเนินการได้ทันที
2.เร่งดำเนินการก่อสร้างถนนและขอขยายเขตไฟฟ้าจากการไฟฟ้าส่วนภูมิภาคให้แล้วเสร็จ 
เพื่อที่จ","1.ตามสัญญาเดิม 
โครงการก่อสร้างสถานีขนถ่ายขยะมูลฝอยถูกกำหนดให้แล้วเสร็จในปีงบประมาณ 2560 
เพื่อที่จะให้โครงการสามารถสอดรับกับเป้าหมาย Roadmap 
การบริหารจัดการขยะมูลฝอย คือ นำขยะสะสมของอปท.ทั้ง 7 แห่ง ปริมาณ 58,708 ตัน 
มากำจัดอย่างถูกหลักวิชาการให้หมดภายใ"
FL-0015,การดำเนินงานไม่บรรลุวัตถุประสงค์เป้าหมายของโครงการ                                                  ,สำนักงานท้องถิ่นจังหวัดสุราษฎร์ธานี,โครงการด้านเทคโนโลยีและการสื่อสารขององค์กรปกครองส่วนท้องถิ่นในจังหวัดสุราษฎร์ธานี,2562,,,,,
FL-0016,การดำเนินงานไม่บรรลุวัตถุประสงค์เป้าหมายของโครงการ                                                  ,สำนักงานปศุสัตว์จังหวัดประจวบคีรีขันธ์,โครงการเพิ่มศักยภาพการผลิตสินค้าปศุสัตว์ให้ได้มาตรฐานอาหารปลอดภัย (Food sefety)และปลอดมลภาวะ (Zero waste Livestotks),2562,,"	๑. การกำหนดกลุ่มเป้าหมายเพื่อเข้าร่วมกิจกรรมต่าง ๆ 
ไม่ได้สอบถามความต้องการและความพร้อมของเกษตรกรที่จะเข้าร่วมกิจกรรม 
จากการสอบถามปศุสัตว์อำเภอจำนวน ๑๔ ราย 
ของจังหวัดเพชรบุรีและจังหวัดประจวบคีรีขันธ์ ให้ข้อมูลว่า 
ในการดำเนินการโครงการปศุสัตว์จังหวัดจะ","ผลการดำเนินกิจกรรมไม่บรรลุวัตถุประสงค์ของโครงการ 	
","	๑. การดำเนินโครงการ 
ควรมีการสำรวจความต้องการที่แท้จริงของกลุ่มเป้าหมายในการเข้าร่วมกิจกรรม 
รวมทั้งพิจารณาเกษตรกรที่มีความพร้อม 
และมีพื้นที่ดำเนินกิจกรรมที่เหมาะสมเพื่อกำหนดจำนวนกลุ่มเป้าหมายที่จะดำเนินการ 
และความเหมาะสมในการจัดสรรงบประมาณ ทำให้การใช้","การดำเนินกิจกรรมต่าง ๆ 
ไม่บรรลุตามวัตถุประสงค์ของโครงการส่งผลให้การใช้จ่ายงบประมาณในการดำเนินโครงการเป็นไปอย่างไม่คุ้มค่า 
ดังนี้
	๑. การส่งเสริมแปลงพืชอาหารสัตว์ในปีงบประมาณ พ.ศ. ๒๕๕๙ 
ของสำนักงานปศุสัตว์จังหวัดเพชรบุรี 
จากการสังเกตการณ์แปลงพืชอาหารสัต"
FL-0017,การดำเนินงานไม่บรรลุวัตถุประสงค์เป้าหมายของโครงการ                                                  ,กลุ่มจังหวัดภาคเหนือตอนบน 2,โครงการเพิ่มขีดในการแข่งขันการเกษตรระดับภูมิภาค(ภายใต้แผนงานบูรณาการพัฬนาจังหวัดและกลุ่มจังหวัด),2562,,"สาเหตข้อตรวจพบ 1
1.	สำนักงานปศุสัตว์จังหวัดพะเยา ในฐานะหน่วยงานเจ้าภาพหลัก 
	1.1	ขาดการเตรียมความพร้อมก่อนเริ่มดำเนินการ ดังนี้
		1.1.1	ขาดการศึกษาข้อมูล 
สภาพปัญหาที่แท้จริงของระบบธุรกิจการเลี้ยงโคเนื้อ           ในพื้นที่ 
ปัญหาการแปรรูปเนื้อโค และสภาพป","โครงการเพิ่มขีดในการแข่งขันการเกษตรระดับภูมิภาค กิจกรรมผลิตโคเนื้อคุณภาพเพื่อการตลาด 
แบบครบวงจร ยั่งยืนและอาหารปลอดภัยสู่อาเซียน ในเขตภาคเหนือตอนบน 2 
เป็นโครงการภายใต้นโยบายของกระทรวงเกษตรและสหกรณ์ที่เล็งเห็นความสำคัญในการเลี้ยงโคเนื้อคุณภาพ 
ตั้งแต่ปี ","	ผู้ว่าการตรวจเงินแผ่นดิน โดยสำนักงานการตรวจเงินแผ่นดินภูมิภาคที่ 9 
(จังหวัดลำปาง) มีข้อเสนอแนะให้ผู้ว่าราชการจังหวัดเชียงราย 
(ในฐานะหัวหน้ากลุ่มจังหวัดภาคเหนือตอนบน 2) พิจารณาดำเนินการ ดังนี้
	ข้อตรวจพบที่ 1
1.	ให้ผู้บังคับบัญชาทุกระดับชั้น ตั้งแต่ผู้ว","มูลค่าเสียโอกาส	ฃ ไม่มี 	R มี (ระบุจำนวนเงิน)       24,796,710.00	บาท
แยกเป็นมูลค่าเสียโอกาสจากข้อตรวจพบที่ 1 และข้อสังเกต ดังนี้
ข้อตรวจพบที่ 1 
กรณีส่งคืนงบประมาณแผ่นดินทำให้กลุ่มเป้าหมายเสียโอกาสที่จะได้รับการพัฒนาจำนวน 
3,200,000.00 บาท 
และกรณีใช้จ่า"
FL-0018,การดำเนินงานไม่บรรลุวัตถุประสงค์เป้าหมายของโครงการ                                                  ,สำนักงานเกษตรจังหวัดขอนแก่น,โครงการพัฒนาคุณภาพการผลิตและเพิ่มมูลค่าผลผลิตข้าวครบวงจร ประจำปีงบประมาณ พ.ศ.2561 ของกลุ่มจังหวัดภาคตะวันออกเฉียงเหนือตอนกลาง,2562,,"สาเหตุเนื่องจากการจัดทำโครงการเพื่อขออนุมัติงบประมาณและเปลี่ยนแปลงงบประมาณ
ไม่ได้จัดเตรียมข้อมูลเกี่ยวกับกลุ่มเป้าหมาย 
ความสอดคล้อง และเชื่อมโยงของโครงการ เพื่อประกอบ
การพิจารณาอนุมัติของคณะกรรมการบริหารงานกลุ่มจังหวัดแบบบูรณาการ (ก.บ.ก.)  
ในการเสนอของบ","ข้อตรวจพบที่ 1  การดำเนินโครงการไม่เป็นไปตามเป้าหมายและวัตถุประสงค์ของโครงการ
1.การเปลี่ยนแปลงหน่วยดำเนินการและรายการครุภัณฑ์ไม่สอดคล้องกับกลุ่มเป้าหมายของ
โครงการ
โครงการพัฒนาคุณภาพการผลิตและเพิ่มมูลค่าผลผลิตข้าวครบวงจร 
สำนักงานเกษตรจังหวัดขอนแก่นได้กำห","1.สั่งกำชับให้กลุ่มงานบริหารยุทธศาสตร์กลุ่มจังหวัดภาคตะวันออกเฉียงเหนือตอนกลาง
ให้ความสำคัญและพิจารณาถึงกลุ่มเป้าหมาย ความสอดคล้องและเชื่อมโยงของโครงการ 
(ห่วงโซ่คุณค่าระดับต้นน้ำ กลางน้ำ และปลายน้ำ) รวมถึงวัตถุประสงค์ 
และผลสำเร็จตามตัวชี้วัดของโครงการ 
","การดำเนินโครงการไม่เป็นไปตามเป้าหมายและวัตถุประสงค์ของโครงการส่งผลต่อความ
สำเร็จของโครงการ ทำให้ไม่สามารถพัฒนาคุณภาพการผลิตและเพิ่มมูลค่าผลผลิตข้าว
ได้อย่างครบวงจรตามที่กำหนด ส่งผลต่อความสำเร็จของโครงการตามตัวชี้วัด 
และการบรรลุวัตถุประสงค์ของโครงการ
"
FL-0019,การดำเนินงานไม่บรรลุวัตถุประสงค์เป้าหมายของโครงการ                                                  ,เทศบาลตำบลนากลาง,โครงการก่อสร้างศูนย์การจัดการขยะมูลฝอยรวม เทศบาลตำบลนากลาง,2562,,"การที่เทศบาลตำบลนากลางมีการบริหารจัดการโครงการก่อสร้างศูนย์การจัดการขยะ
มูลฝอยรวมยังไม่ดำเนินการตามบันทึกข้อตกลงการรับเงินอุดหนุนจากกองทุนสิ่งแวดล้อมและคู่มือดำเนินการศูนย์กำจัดขยะมูลฝอยรวมเทศบาลตำบลนากลาง 
มีสาเหตุ ดังนี้
1. 
การดำเนินการบริหารจัดการโครง","โดยสรุปข้อตรวจพบและข้อสังเกต ได้ดังนี้
	ข้อตรวจพบที่ 1 
การบริหารจัดการโครงการก่อสร้างศูนย์การจัดการขยะมูลฝอยรวม
ยังไม่ดำเนินการตามบันทึกข้อตกลงการรับเงินอุดหนุนจากกองทุนสิ่งแวดล้อมและคู่มือดำเนินการศูนย์กำจัดขยะมูลฝอยรวมเทศบาลตำบลนากลาง 
จำนวน 2 ประเด็น ","เพื่อให้การดำเนินการบริหารจัดการโครงการก่อสร้างศูนย์การจัดการขยะมูลฝอยรวมของเทศบาลตำบลนากลางเป็นไปตามมาตรฐานการดำเนินการในระบบฝังกลบ 
เพื่อลดผลกระทบต่อสิ่งแวดล้อมและส่งผลกระทบต่อประชาชนที่อยู่ติดกับโครงการ 
โดยให้การบริหารจัดการศูนย์การจัดการขยะมูลฝอยเป็น","การที่องค์กรปกครองส่วนท้องถิ่นไม่ให้ความสำคัญและไม่ดำเนินการอย่างจริงจังเพื่อให้ประชาชนในท้องถิ่นมีจิตสำนึกเห็นถึงความสำคัญและประโยชน์ของการลดและคัดแยกขยะมูลฝอย 
และประชาชนไม่ดำเนินการคัดแยกขยะมูลฝอยอย่างจริงจัง มีผลกระทบดังนี้
1. การดำเนินงานโครงการไม่บร"
FL-0020,การดำเนินงานไม่บรรลุวัตถุประสงค์เป้าหมายของโครงการ                                                  ,สำนักงานจังหวัดอุบลราชธานี,โครงการพัฒนาและส่งเสริมการเกษตรในกลุ่มจังหวัดภาคตะวันออกเฉีย1,2562,,"จัดทำโครงการและดำเนินโครงการที่มีลักษณะ  
ขาดความเป็นไปได้ที่จะสามารถผลิตและจำหน่ายสินค้าในต่างประเทศได้ 
ออกแบบบรรจุภัณฑ์ราคาสูงและไม่มีตลาดรองรับ 
","ข้อตรวจพบที่ 2 
โครงการยกระดับมาตรฐานการผลิตและพัฒนาผลิตภัณฑ์แปรรูปเพื่อสร้างมูลค่าเพิ่มให้กับผลิตภัณฑ์ข้าวและเกษตรอินทรีย์สู่สากลยังไม่มีผลสัมฤทธิ์เพื่อการส่งเสริมการจำหน่ายสินค้าทั้งตลาดในประเทศและต่างประเทศ 
จากการตรวจสอบบริษัท/กลุ่มเกษตรกรที่เข้าร่วมโ","1.ปรับปรุงแก้ไขผลการดำเนินโครงการให้สามารถจำหน่ายสินค้าในระดับท้องถิ่นให้ได้ก่อน 
แล้วขยายผลไปสู่ตลาดภายในประเทศและต่างประเทศตามวัตถุประสงค์และเป้าหมายของโครงการ 
และตามรายงานผลการศึกษาออกแบบของที่ปรึกษาโดยเร็ว 
หรือตามแนวทางข้อเสนอแนะของสำนักงานการตรวจเง","ทำให้การใช้จ่ายงบประมาณที่ใช้เพื่อการลงทุนกลุ่ม/บริษัท ๆ ละ ประมาณ 500,000 
บาท รวมทั้งหมด 20 กลุ่ม/บริษัท เป็นเงินจำนวน 10,176,000.00 บาท 
ยังไม่เกิดความคุ้มค่าและขาดโอกาสในการนำงบประมาณไปพัฒนาสินค้ากลุ่มอื่นๆ 
ที่มีศักยภาพและสามารถส่งออกต่างประเทศได้ตาม"
FL-0021,การดำเนินงานไม่บรรลุวัตถุประสงค์เป้าหมายของโครงการ                                                  ,สำนักงานประมงจังหวัดฉะเชิงเทรา,โครงการการยกระดับคุณภาพและการแปรรูปสินค้าเกษตร งบประมาณจังหวัด ปีงบประมาณ 2560 - 2562,2562,,"1. กรณีไม่บรรลุเป้าหมายจำนวนเกษตรที่เข้าร่วมประชุมชี้แจง การทำ QR Code 
ทุเรียนระยอง และเกษตรกรส่วนใหญ่ที่เข้าร่วมประชุมไม่ขอรับแจกสติกเกอร์ 
มีสาเหตุ ดังนี้
	1.1 
สำนักงานสหกรณ์จังหวัดระยองไม่มีข้อมูลเกี่ยวกับเกษตรกรผู้ปลูกทุเรียนในจังหวัดระยองที่เพียงพอ","การดำเนินการตามเป้าหมายของโครงการ
","	1.  ให้ผู้ว่าราชการจังหวัดระยอง พิจารณาดำเนินการ 
          
มอบหมายให้สำนักงานเกษตรจังหวัดระยองและหน่วยงานที่เกี่ยวข้องสำรวจความต้องการของเกษตรกรผู้ปลูกทุเรียนระยอง 
ศึกษาวิเคราะห์ช่องทางการจำหน่ายทุเรียน 
เพื่อหาแนวทางในการส่งเสริมการจำหน่ายทุเรียนให้เ","1. การจัดประชุมเกษตรกรไม่ครบตามเป้าหมายที่กำหนด 
ในกิจกรรมการสร้างมูลค่าเพิ่มและความเชื่อมั่นให้กับทุเรียนระยอง 
ส่งผลกระทบให้เกษตรกรผู้ปลูกทุเรียนที่มีการขึ้นทะเบียนเกษตรกรกับสำนักงานเกษตรจังหวัดระยอง 
ตามเป้าหมายในปี 2562 จำนวน 3,000 ราย ผ่านการประชุมชี"
FL-0022,การดำเนินงานไม่บรรลุวัตถุประสงค์เป้าหมายของโครงการ                                                  ,สำนักงานประมงจังหวัดฉะเชิงเทรา,โครงการการยกระดับคุณภาพและการแปรรูปสินค้าเกษตร งบประมาณจังหวัด ปีงบประมาณ 2560 - 2562,2562,,"1.เจ้าหน้าที่ต้องจัดทำรายงานการติดตามประเมินผลให้แล้วเสร็จภายในสิ้นเดือนสิงหาคมซึ่งโครงการดำเนินการยังไม่สิ้นสุดรอบการเลี้ยงสัตว์น้ำ 
ทำให้ยังไม่ได้มีการถอดบทเรียนเพื่อสรุปเป็นองค์ความรู้ 
และเมื่อการดำเนินการสิ้นสุดรอบการเลี้ยงสัตว์น้ำแล้ว 
เจ้าหน้าที่ผู","การดำเนินโครงการไม่บรรลุวัตถุประสงค์เรื่องการรวบรวมองค์ความรู้เพื่อใช้ในการส่งเสริมเกษตรกร 
โครงการพัฒนาการเลี้ยงสัตว์น้ำในพื้นที่ที่มีความเหมาะสมการเลี้ยงกุ้งขาวร่วมกับปลาน้ำจืดที่มีคุณค่าทางเศรษฐกิจในบ่อดิน 
ปีงบประมาณ 2561 งบประมาณ 2,889,600 บาท มีวัตถ","ให้ประมงจังหวัดฉะเชิงเทรา พิจารณาดำเนินการ ดังนี้
1.ให้เจ้าหน้าที่ผู้รับผิดชอบโครงการเร่งรัดกระบวนการถอดบทเรียนเพื่อสรุปเป็นองค์ความรู้ 
โดยการถอดบทเรียนต้องแสดงให้เห็นถึงความโดดเด่น 
และมีการปฏิบัติที่ดีในการเลี้ยงกุ้งขาวปลานิลร่วมกัน 
หรือเป็นเทคนิคเฉพา","การดำเนินโครงการพัฒนาการเลี้ยงสัตว์น้ำในพื้นที่ที่มีความเหมาะสมการเลี้ยงกุ้งขาวร่วมกับปลาน้ำจืดที่มีคุณค่าทางเศรษฐกิจในบ่อดิน 
ปีงบประมาณ 2561 
ไม่บรรลุวัตถุประสงค์ในเรื่องการรวบรวมองค์ความรู้เพื่อใช้ในการส่งเสริมเกษตรกรส่งผลกระทบทำให้หน่วยงานไม่มีข้อมูลอ"
FL-0023,การดำเนินงานไม่บรรลุวัตถุประสงค์เป้าหมายของโครงการ                                                  ,การท่องเที่ยวแห่งประเทศไทย,การส่งเสริมการท่องเที่ยวเมืองรองและชุมชน,2563,,"มีการกำหนดเป้าหมายการดำเนินงานในพื้นที่จังหวัดท่องเที่ยวเมืองรองทั้งหมด 55 
จังหวัด ซึ่งไม่คำนึงถึงศักยภาพความพร้อมด้านการท่องเที่ยวของแต่ละจังหวัดที่ม
ความแตกต่างกัน ประกอบกับเป็นนโยบายเร่งด่วนในการกระตุ้นเศรษฐกิจที่มีระยะเวลา
ดำเนินการสั้นทำให้ต้องเร่งเ","ข้อตรวจพบที่ 1 การเพิ่มขึ้นของรายได้ไม่เป็นไปตามเป้าหมาย และไม่ก่อให้เกิดการ
กระจายตัวเพิ่มขึ้นของจำนวนนักท่องเที่ยวและรายได้ในพื้นที่จังหวัดท่องเที่ยว
เมืองรอง
1.1 รายได้จากการท่องเที่ยวในพื้นที่จังหวัดท่องเที่ยวเมืองรองเพิ่มขึ้นใกล้เคียง
กับเป้าหมายของโ","1.หารือร่วมกับปลัดกระทรวงการท่องเที่ยวและกีฬา และอธิบดีกรมการท่องเที่ยวในฐานะ
ที่ร่วมกันเป็นฝ่ายเลขานุการของคณะกรรมการนโยบายการท่องเที่ยวแห่งชาติ เพื่อเสนอ
ต่อคณะกรรมการฯ ให้มีการกำหนดแผนการส่งเสริมและพัฒนาการท่องเที่ยวจังหวัด
ท่องเที่ยวเมืองรองจากระดับนโ","แสดงให้เห็นถึงการไม่เกิดผลสัมฤทธิ์ในการใช้การท่องเที่ยวเป็นเครื่องมือแก้ไขปัญหา
ความเหลื่อมล้ำของรายได้ระหว่างจังหวัดท่องเที่ยวเมืองหลักและจังหวัดท่องเที่ยว
เมืองรอง และยังไม่สามารถทำให้เกิดการกระจายตัวของจำนวนนักท่องเที่ยวระหว่าง
จังหวัดท่องเที่ยวเมืองหล"
FL-0024,การดำเนินงานไม่บรรลุวัตถุประสงค์เป้าหมายของโครงการ                                                  ,กรมบัญชีกลาง,โครงการประชารัฐสวัสดิการ,2562,,"กิจกรรมตามมาตรการพัฒนาคุณภาพชีวิตผู้มีบัตรสวัสดิการแห่งรัฐ 
ส่วนใหญ่เป็นลักษณะเน้นการอบรมฝึกอาชีพตามแนวทางเดิมที่หน่วยงาน
พัฒนาดำเนินการตามภารกิจปกติ 
ซึ่งบางรายการอาจเป็นเรื่องเดิมที่เคยมีการฝึกอบรมมาแล้ว 
แต่กลุ่มเป้าหมายไม่สามารถนำความรู้ที่ได้รับไปใช้","การดำเนินมาตรการพัฒนาคุณภาพชีวิตผู้มีบัตรสวัสดิการแห่งรัฐไม่บรรลุวัตถุประสงค์
ที่กำหนดไว้
","ให้มีการปรับปรุงกระบวนการ ขั้นตอน 
และแผนการพัฒนาคุณภาพชีวิตให้กับผู้มีรายได้น้อย 
โดยต้องทบทวนกำหนดกรอบเวลาการปฏิบัติงานของหน่วยงานที่เกี่ยวข้อง 
เกี่ยวเนื่องสัมพันธ์กันให้สามารถปฏิบัติงานได้โดยไม่เกิดความเร่งรีบ 
มุ่งเน้นผลสัมฤทธิ์ของการดำเนินงาน กำหนดแ","เกิดความไม่คุ้มค่าของเงินงบประมาณที่รัฐใช้ในการจัดสวัสดิการตามมาตรการ
เพื่อจูงใจให้กลุ่มเป้าหมายเข้าร่วมมาตรการพัฒนาคุณภาพชีวิต 
เป็นจำนวนเงินไม่น้อยกว่า 3,233.76 ล้านบาท 
"
FL-0025,การดำเนินงานไม่บรรลุวัตถุประสงค์เป้าหมายของโครงการ                                                  ,สำนักงานคณะกรรมการการศึกษาขั้นพื้นฐาน,การจัดการการศึกษาขั้นพื้นฐานในสังกัดสำนักงานคณะกรรมการการศึกษาขั้นพื้นฐาน,2562,,"สาเหตุของข้อตรวจพบที่ 1.1 และข้อตรวจพบที่ 1.2 มีสาเหตุสำคัญคือสถานศึกษาและ
สำนักงานเขตพื้นที่การศึกษายังขาดหลักเกณฑ์หรือแนวทางที่ชัดเจน ในการนำผลการทดสอบ
หรือการประเมินทุกประเภทและทุกระดับชั้นไปวิเคราะห์ผู้เรียนรายบุคคล และยังขาด
การกำหนดให้มีการรายงานข้อ","ข้อตรวจพบที่ 1 การดำเนินการตามแนวทางพัฒนาหลักสูตร กระบวนการเรียนการสอน 
การวัดและประเมินผลยังไม่เป็นไปตามเป้าหมายและวัตถุประสงค์ในการยกระดับคุณภาพ
การศึกษา
ข้อตรวจพบที่ 1.1 การดำเนินโครงการภายใต้แนวทางพัฒนาหลักสูตรกระบวนการเรียนการสอน 
การวัดและประเมินผลย","ข้อเสนอแนะของข้อตรวจพบที่ 1.1 และ 1.2 เพื่อให้การดำเนินการตามแนวทางพัฒนา
หลักสูตร กระบวนการเรียนการสอน การวัดและประเมินผลเป็นไปตามเป้าหมายและ
วัตถุประสงค์ จึงมีข้อเสนอแนะให้เลขาธิการคณะกรรมการการศึกษาขั้นพื้นฐาน พิจารณา
ดำเนินการ ดังนี้
 1.พิจารณาทบทวนแก้","ผลกระทบของข้อตรวจพบที่ 1.1 และ 1.2 จากการดำเนินการตามแนวทางพัฒนาหลักสูตร 
กระบวนการเรียนการสอน การวัดและประเมินผลยังไม่เป็นไปตามเป้าหมายและวัตถุประสงค์ 
ส่งผลให้ครูไม่ได้มีการพัฒนากระบวนการหรือเทคนิควิธีการสอน ทำให้นักเรียนขาดโอกาส
ในการพัฒนาความรู้ความสา"
FL-0026,การดำเนินงานไม่บรรลุวัตถุประสงค์เป้าหมายของโครงการ                                                  ,สำนักงานจังหวัดพัทลุง,โครงการผลผลิตทางการเกษตรขับเคลื่อนเศรษฐกิจเข้มแข็ง จังหวัดพัทลุง ประจำปีงบประมาณ พ.ศ.2559,2562,,"1. โครงการ/กิจกรรมขับเคลื่อนตลาดกลางพืช ผัก ผลไม้ครบวงจร 
ไม่ระบุกลุ่มเกษตรกรเป้าหมายของโครงการให้ชัดเจนที่จะส่งผลต่อการบรรลุวัตถุประสงค์ 
แต่กำหนดกลุ่มเป้าหมายในภาพรวมครอบคลุมทั้ง 11 อำเภอของจังหวัดพัทลุง 
และการดำเนินงานได้สนับสนุนกลุ่มเป้าหมายที่ไม่ใช่","การดำเนินงานตามโครงการไม่บรรลุผลสำเร็จตามเป้าหมายและวัตถุประสงค์ที่กำหนด
 -กิจกรรมขับเคลื่อนตลาดกลางพืช ผัก ผลไม้ครบวงจร
 -กิจกรรมส่งเสริมและพัฒนาฟาร์มโคนมตัวอย่าง
","สำนักงานการตรวจเงินแผ่นดินมีข้อเสนอแนะ ให้ผู้ว่าราชการจังหวัดพัทลุง 
สั่งการให้สำนักงานสหกรณ์จังหวัดพัทลุง ดำเนินการ ดังนี้
1. ในโอกาสต่อไป การจัดทำโครงการตามแผนพัฒนาจังหวัด 
ควรกำหนดหรือระบุกลุ่มเป้าหมายผู้มีส่วนได้ส่วนเสียที่ประสงค์จะรับการสนับสนุน 
เป็","1. การสนับสนุนวัสดุ 
อุปกรณ์ให้กลุ่มเป้าหมายที่ไม่ส่งผลต่อการบรรลุวัตถุประสงค์ 
ส่งผลต่อการดำเนินการไม่บรรลุวัตถุประสงค์ของโครงการและส่งผลให้เกิดความเสียหายแก่ทางราชการ 
โครงการไม่เกิดผลสัมฤทธิ์และประสิทธิภาพในการใช้จ่ายเงิน
2. สมาชิกกลุ่มสหกรณ์โคนมพัทลุง"
FL-0027,การดำเนินงานไม่บรรลุวัตถุประสงค์เป้าหมายของโครงการ                                                  ,สำนักงานเกษตรจังหวัดกระบี่,โครงการ9101ตามรอยเท้าพ่อภายใต้ร่มพระบารมีเพื่อการพัฒนาการเกษตรอย่างยั่งยืนสำนักงานเกษตรจังหวัดนครศรีฯกระบี่ตรังและพัทลุง,2562,,"1. ชุมชนส่วนใหญ่ไม่จัดทำเวทีชุทชน
2. ระยะเวลาการดำเนินโครงการจำกัดและกระชั้นชิด
3. การโอนงบประมาณให้ชุมชนมีความล่าช้า
4. ขาดแคลนวัสดุอุปกรณ์ในชุมชน
5. เจ้าหน้าที่ขาดการควบคุม ติดตาม ดูแลและให้ความช่วยเหลือ
","การดำเนินงานโครงการไม่เป็นไปตามขั้นตอน หลักเกณฑ์ หรือเงื่อนไขที่กำหนด
","1. การจัดทำดครงการลักษณะเดียวกันในโอกาสต่อไป ควรกำหนดระยะเวลาการนำเสนอ
   โครงการตั้งแต่กระบวนการเร่ิมต้นและสิ้นสุดให้มีความเหมาะสม เพียงพอ
   ไม่เร่งรีบ เพื่อให้ผู้เกี่ยวข้องสามารถปฏิบัติหน้าที่ได้อย่างรอบคอบ
    ถูกต้องตามระเบียบหลักเกณฑ์ หรือเงื่อนไขขอ","1. โครงการ/กิจกรรมที่ได้รับสนับสนุนงบประมาณ ไม่สามารถแก้ไขปัญหาของชุมชนได้
2. ไม่ได้รับความร่วมมือจากเกษตรกรกลุ่มเป้าหมายในชุมชน
3. การจ่ายค่าแรงไม่เป็นไปตามเงื่อนไขที่กำหนด
4. ใช้ประจากวัสดุอุปกรณ์ที่จัดซื้อไม่คุ้มค่า
5. จัดซื้อวัสดุอุปกรณ์โดยไม่มีใบสืบร"
FL-0028,การดำเนินงานไม่บรรลุวัตถุประสงค์เป้าหมายของโครงการ                                                  ,สำนักงานจังหวัดสุราษฎร์ธานี,โครงการพัฒนาประสิทธิภาพการแปรรูปผลิตภัณฑ์ การเกษตร ประมง และปศุสัตว์ในกลุ่มจังหวัดสุราษฎร์ธานีและจังหวัดชุมพร,2562,,,,,
FL-0029,การดำเนินงานไม่บรรลุวัตถุประสงค์เป้าหมายของโครงการ                                                  ,สำนักงานจังหวัดสุราษฎร์ธานี,โครงการพัฒนาและปรับปรุงภูมิทัศน์บึงขุนทะเล,2562,,,,,
FL-0030,การดำเนินงานไม่บรรลุวัตถุประสงค์เป้าหมายของโครงการ                                                  ,สำนักงานเกษตรจังหวัดกาญจนบุรี,โครงการเพิ่มประสิทธิภาพสินค้าเกษตรอินทรีย์ตามแนวพระราชดำริ จังหวัดกาญจนบุรี,2562,,"1. เกษตรกรมีการก่อสร้างโรงเรือน และจัดทำแปลงต้นแบบฯ แล้ว 
แต่ยังไม่มีการเพาะปลูก เนื่องจากเกษตรกรไม่มีความพร้อมด้านเงินทุน 
ซึ่งเกษตรกรต้องรอเงินรายได้จากการขายพืชผลการเกษตรก่อน 
จึงจะดำเนินการก่อสร้างโรงเรือนสำหรับจัดทำแปลงต้นแบบฯ
2. การที่เกษตรกรไม่มีกา","การผลิตสินค้าเกษตรอินทรีย์ไม่บรรลุวัตถุประสงค์ของโครงการ
","สำนักงานการตรวจเงินแผ่นดิน โดยสำนักงานการตรวจเงินแผ่นดินภูมิภาคที่ 12 
(จังหวัดเพชรบุรี) มีข้อเสนอแนะให้สำนักงานเกษตรจังหวัดกาญจนบุรีดำเนินการ 
ดังนี้
1. การจัดทำโครงการในลักษณะเดียวกันในโอกาสต่อไป 
ให้พิจารณาความพร้อมของเกษตรกรที่เข้าร่วมโครงการ 
ในด้านเ","1. การที่เกษตรกรมีการก่อสร้างโรงเรือน และจัดทำแปลงต้นแบบฯ แล้ว 
แต่ยังไม่มีการเพาะปลูก 
ทำให้เกษตรกรไม่สามารถลดต้นทุนและเพิ่มรายได้จากการจำหน่ายสินค้าเกษตรอินทรีย์ได้ตามวัตถุประสงค์ของโครงการ
2. การที่เกษตรกรไม่มีการก่อสร้างโรงเรือน และยังไม่ได้จัดทำแปลงต"
FL-0031,การดำเนินงานไม่บรรลุวัตถุประสงค์เป้าหมายของโครงการ                                                  ,กลุ่มจังหวัดภาคเหนือตอนล่าง 2,โครงการส่งเสริมและพัฒนาผลิตภัณฑ์สินค้าเกษตรของกลุ่มจังหวัดภาคเหนือตอนล่าง 2 ภายใต้แผนงานบูรณาการสร้างความเข้มแข็งและยั่งยืนให้กับเศรษฐกิจภายในประเทศ ประจำปีงบประมาณ พ.ศ. 2560,2562,,"ทั้งนี้สาเหตุที่ทำให้การดำเนินกิจกรรมและโครงการไม่บรรลุวัตถุประสงค์ที่กำหนดไว้เนื่องมาจากกระบวนการพิจารณากลั่นกรองโครงการของหน่วยงานที่เกี่ยวข้องไม่ให้ความสำคัญอย่างเคร่งครัดต่อการพิจารณาในภาพรวมทั้งโครงการ 
ขาดการวิเคราะห์ความสอดคล้องเชื่อมโยงให้ครบถ้วนต","ข้อตรวจพบที่ 1 
การดำเนินโครงการภายใต้แผนงานบูรณาการสร้างความเข้มแข็งและยั่งยืนให้กับเศรษฐกิจภายในประเทศ 
ประจำปีงบประมาณ พ.ศ. 2560 ด้านการเพิ่มศักยภาพภาคการเกษตร (ประเภทข้าว) 
ส่วนใหญ่ไม่บรรลุวัตถุประสงค์ตามที่กำหนดไว้

","1. กรณีกิจกรรมที่ผลการดำเนินงานยังไม่บรรลุวัตถุประสงค์ 
ให้พิจารณาแจ้งหน่วยงานที่รับผิดชอบทราบ 
เพื่อปรับปรุงการดำเนินงานให้มีความสอดคล้องครอบคลุมและบรรลุตามวัตถุประสงค์และเป้าหมายมากยิ่งขึ้น 
ดังนี้ 
1.1 
สั่งการให้สำนักงานเกษตรจังหวัดนครสวรรค์และจังหวัด","ส่งผลให้กลุ่มเป้าหมายของโครงการไม่สามารถเพิ่มรายได้จากการเพิ่มมูลค่าผลผลิตทางการเกษตร 
(ประเภทข้าว) ได้อย่างต่อเนื่องและยั่งยืน 
ไม่สามารถลดความเหลื่อมล้ำของชุมชนได้  
"
FL-0032,การดำเนินงานไม่บรรลุวัตถุประสงค์เป้าหมายของโครงการ                                                  ,สำนักบริหารยุทธศาสตร์กลุ่มจังหวัดภาคเหนือตอนบน 2,โครงการยกระดับกาแฟภาคเหนือตอนบน 2 มาตรฐานสากลก้าวไกลไปตลาดโลก,2562,,"1. การดำเนินการก่อสร้างฝายพร้อมระบบส่งน้ำทั้ง 4 แห่ง 
แล้วเสร็จล่าช้าไม่ทันภายในปีงบประมาณ 2560 
และตามแผนการปฏิบัติงานก่อสร้างของโครงการชลประทานเชียงราย 
สาเหตุส่วนใหญ่เนื่องมาจาก
1.1 โครงการยกระดับกาแฟภาคเหนือตอนบน 2 สู่มาตรฐานสากล ก้าวไกลไปตลาดโลก 
เป็","ข้อตรวจพบที่ 4 การก่อสร้างฝายพร้อมระบบส่งน้ำ
จากการตรวจสอบกิจกรรมพัฒนาแหล่งน้ำเพื่อสนับสนุนภาคการเกษตรงบประมาณ 
36,600,000 บาท 
พบว่าการก่อสร้างฝายพร้อมระบบส่งน้ำล่าช้าและการใช้ประโยชน์จากฝายพร้อมระบบส่งน้ำในพื้นที่ 
4 แห่ง ไม่ตรงตามวัตถุประสงค์หรือไม่มีก","ให้ผู้ว่าราชการจังหวัดเชียงราย (หัวหน้ากลุ่มจังหวัดภาคเหนือตอนบน 2) 
ดำเนินการดังนี้ 
1.ให้ผู้อำนวยการโครงการชลประทานเชียงราย
	1.1	
สั่งกำชับให้เจ้าหน้าที่ผู้รับผิดชอบกำหนดระยะเวลาการจัดทำแผนปฏิบัติงานประจำปีให้สอดคล้องกับระยะเวลาการดำเนินงานโครงการ 
รวมท","1.	การก่อสร้างฝายพร้อมระบบส่งน้ำล่าช้าแล้วเสร็จไม่ทันภายในปีงบประมาณ 
2560 
และใช้ประโยชน์ไม่ตรงตามวัตถุประสงค์ของโครงการส่งผลต่อการใช้จ่ายงบประมาณ 
จำนวน 35,838,460.97 บาทไม่มีประสิทธิภาพ 
2.	เกษตรกรผู้ผลิตกาแฟ และประชาชนผู้ใช้น้ำในพื้นที่ทั้ง 4 แห่ง 
สู"
FL-0033,การดำเนินงานไม่บรรลุวัตถุประสงค์เป้าหมายของโครงการ                                                  ,สำนักงานเกษตรจังหวัดกาฬสินธุ์,โครงการพัฒนาคุณภาพการผลิตและเพิ่มมูลค่าผลผลิตข้าวหอมมะลิคุณภาพสูงครบวงจร จังหวัดกาฬสินธุ์,2562,,"สาเหตุเกิดจากการจัดทำโครงการไม่กำหนดกลุ่มเป้าหมายที่ชัดเจน 
เริ่มตั้งแต่การเตรียมความพร้อมของเกษตรกรให้ความรู้ด้านวิชาการเกษตร 
การยกระดับคุณภาพข้าวหอมมะลิที่ได้รับรองมาตรฐาน GAP/อินทรีย์ 
ตลอดจนการสนับสนุนเครื่องจักรกลการเกษตรให้แก่กลุ่มเกษตรกร 
ทั้งนี้อ","ข้อตรวจพบที่ 1 การดำเนินงานไม่บรรลุผลสำเร็จตามวัตถุประสงค์ของโครงการ
1. หน่วยงานที่รับผิดชอบไม่ดำเนินการและดำเนินการไม่ครบถ้วนตามกิจกรรมของโครงการ 
1.1 สำนักงานเกษตรและสหกรณ์จังหวัดกาฬสินธุ์ 
เป็นหน่วยงานผู้เสนอและรับผิดชอบโครงการ ซึ่งได้รับมอบหมายให้ดำเน","1.	ก่อนจัดทำโครงการที่มีลักษณะบูรณาการร่วมกันหลายหน่วยงาน  
ควรให้หน่วยงานผู้รับผิดชอบร่วมกันพิจารณาโครงการทั้งระบบ 
โดยมีการประสานแผนการดำเนินงานเพื่อกำหนดกิจกรรมย่อยของโครงการให้มีความสอดคล้องกันทั้งกลุ่มเป้าหมายและระยะเวลาในการดำเนินโครงการ 
การกำหนดตั","การดำเนินงานไม่ครบถ้วนตามกิจกรรมกำหนด เช่น 
การให้ความรู้แนะนำการจัดทำบัญชีต้นทุนประกอบอาชีพ 
เพื่อให้กลุ่มเกษตรกรทราบข้อมูลทางการเงินของกลุ่ม 
การส่งเสริมปลูกพืชสดเพื่อบำรุงดินก่อนเพาะปลูกข้าว 
การจัดอบรมตามระบบโรงเรียนเกษตรกรข้าว 
เพื่อนำความรู้ตามหลักว"
FL-0034,การดำเนินงานไม่บรรลุวัตถุประสงค์เป้าหมายของโครงการ                                                  ,สำนักงานจังหวัดสุพรรณบุรี,โครงการเพิ่มศักยภาพสินค้าเกษตรและอาหารปลอดภัย ๔.๐ ของจังหวัดสุพรรณบุรี,2561,,,"ข้อตรวจพบที่ ๑	การดำเนินโครงการเพิ่มศักยภาพสินค้าเกษตรและอาหารปลอดภัย 4.0 
ของจังหวัดสุพรรณบุรี ไม่บรรลุวัตถุประสงค์
จากการประเมินความสำเร็จของโครงการในแต่ละกิจกรรมจะเห็นได้ว่ายังไม่สามารถบรรลุวัตถุประสงค์ของกิจกรรมทั้ง 
5 กิจกรรมหลักได้ มีผลทำให้ไม่สามาร","๑.	สั่งการให้หน่วยงานที่เกี่ยวข้องและรับผิดชอบในการดำเนินโครงการ 
จัดทำฐานข้อมูลประวัติเกษตรกรกลุ่มเป้าหมาย 
เพื่อทราบสภาพปัญหา/ความต้องการของเกษตรกรที่ต้องการให้รัฐสนับสนุน 
โดยมีการศึกษาปัญหาและสำรวจความต้องการของเกษตรกร หรือกลุ่มเกษตรกร 
พร้อมทั้งปรับฐ","การดำเนินโครงการเพิ่มศักยภาพสินค้าเกษตรและอาหารปลอดภัย ๔.๐ 
ของจังหวัดสุพรรณบุรี ไม่บรรลุวัตถุประสงค์ ส่งผลกระทบ ดังนี้
๑.	เกษตรกรกลุ่มเป้าหมายในจังหวัดสุพรรณบุรี 
ไม่สามารถลดต้นทุนการผลิตในกระบวนการผลิตทางการเกษตรได้ 
พร้อมทั้งผลผลิตที่ได้อาจจะไม่มีคุณภา"
FL-0035,การดำเนินงานไม่บรรลุวัตถุประสงค์เป้าหมายของโครงการ                                                  ,สำนักงานจังหวัดปทุมธานี,การจ้างที่ปรึกษาโดยใช้งบพัฒนาจังหวัด ของจังหวัดปทุมธานี,2561,,"เจ้าหน้าที่ของหน่วยงานที่จัดทำโครงการจ้างที่ปรึกษามีความเข้าใจไม่ชัดเจนเกี่ยวกับระเบียบและหนังสือ
สั่งการที่เกี่ยวข้อง 
และมีเจ้าหน้าที่ไม่เพียงพอที่จะดำเนินการด้วยตนเองจึงใช้วิธีการจ้างที่ปรึกษาโดยไม่ได้คำนึงถึงลักษณะงานที่เหมาะสมกับการจ้างที่ปรึกษา 
อีก","ข้อตรวจพบที่ 2 โครงการจ้างที่ปรึกษายังไม่บรรลุวัตถุประสงค์ที่กำหนดไว้ 
ผลสำเร็จของโครงการจ้างที่ปรึกษา คือ ได้ผลงานตรงตามความต้องการและครบถ้วน 
ตามข้อกำหนดในสัญญาตามระยะเวลาที่กำหนด 
รวมทั้งได้ผลงานทางวิชาการที่สามารถนำไปสู่การแก้ปัญหาในเรื่องต่างๆ 
ตามวั","
ให้หน่วยงานที่จัดทำโครงการจ้างที่ปรึกษาจัดให้มีระบบการจัดการองค์ความรู้ที่ได้รับจากการจ้างที่ปรึกษา 
เพื่อเผยแพร่และนำไปใช้ประโยชน์ต่อยอด 
และมีการติดตามประเมินผลการดำเนินโครงการโดยเฉพาะโครงการที่มีการจัดหาวัสดุ/อุปกรณ์ 
แจกจ่ายให้กับหน่วยงาน หรือชุมชน เ",
FL-0036,การดำเนินงานไม่บรรลุวัตถุประสงค์เป้าหมายของโครงการ                                                  ,โครงการชลประทานฉะเชิงเทรา,โครงการพัฒนาแหล่งน้ำและระบบกระจายน้ำ เพื่อเพิ่มศักยภาพการเกษตรแก้ไขปัญหาภัยแล้ง โครงการชลประทานจังหวัดฉะเชิงเทรา,2562,,"๑.กรณีไม่ได้ก่อสร้างสถานีสูบน้ำด้วยไฟฟ้าบ้านนาน้อย 
เนื่องจากโครงการชลประทานฉะเชิงเทราดำเนินงานล่าช้า 
๒.กรณีการดำเนินการบางส่วนไม่เหมาะสมเกิดจากระยะเวลาที่จำกัดในการเตรียมการและการจัดทำรายละเอียดโครงการ 
ผู้รับผิดชอบโครงการโดยไม่ได้มีการสำรวจพื้นที่หรือม"," การดำเนินโครงการฯ บางส่วนไม่บรรลุวัตถุประสงค์ 
ไม่เหมาะสมและมีการใช้ประโยชน์ไม่เต็มประสิทธิภาพX
","๑.กรณีการดำเนินโครงการฯ บางส่วนไม่บรรลุวัตถุประสงค์ 
ไม่เหมาะสมและมีการใช้ประโยชน์ไม่เต็มประสิทธิภาพ 
กลุ่มจังหวัดภาคกลางตอนกลาง/ผู้ว่าราชการจังหวัดฉะเชิงเทรา 
ในการจัดทำโครงการต้องระบุพื้นที่ดำเนินการให้ชัดเจนว่าจะดำเนินการในพื้นที่ใด 
หมู่บ้าน ตำบลใด 
แ","ประชาชนเสียโอกาสในการที่จะได้รับประโยชน์จากการก่อสร้างสถานีสูบน้ำบ้านนาน้อย 
และทำให้เกิดความไม่คุ้มค่าของงบประมาณที่ใช้ในการขุดสระเนื่องจากไม่มีการเข้าไปใช้ประโยชน์หรือมีการใช้ประโยชน์เฉพาะบุคคลใดบุคคลหนึ่งเท่านั้น
"
FL-0037,การดำเนินงานไม่บรรลุวัตถุประสงค์เป้าหมายของโครงการ                                                  ,กรมควบคุมมลพิษ,การป้องกันและแก้ไขปัญหาสิ่งแวดล้อมของประเทศไทย (ครั้งที่ 3 ด้านน้ำเสีย),2562,,"การดำเนินงานกิจกรรมการบำบัดน้ำเสียชุมชนยังไม่เกิดผลสัมฤทธิ์ 
และไม่มีประสิทธิภาพ มีสาเหตุที่สำคัญ เนื่องจากองค์กรปกครองส่วนท้องถิ่นขาด
ความพร้อมในการจัดการน้ำเสียให้เกิดผลสัมฤทธิ์และมีประสิทธิภาพ โดยมีข้อจำกัด
ทั้งด้านงบประมาณในการดำเนินการจัดการน้ำเสียชุ","ข้อตรวจพบที่ 3	การจัดเก็บค่าบริการบำบัดน้ำเสียยังไม่สามารถดำเนินการให้เป็นไป
ตามหลักการผู้ก่อมลพิษเป็นผู้จ่ายได้อย่างแท้จริง
     3.1 องค์กรปกครองส่วนท้องถิ่นส่วนใหญ่ยังไม่มีการจัดเก็บค่าบริการบำบัด
น้ำเสีย 
     3.2 รายได้จากการจัดเก็บค่าบริการบำบัดน้ำเส","สำนักงานการตรวจเงินแผ่นดินมีข้อเสนอแนะให้ปลัดกระทรวงทรัพยากรธรรมชาติและ
สิ่งแวดล้อมพิจารณาดำเนินการเพื่อให้กระทรวงทรัพยากรธรรมชาติและสิ่งแวดล้อม
เป็นหน่วยงานหลักในการดำเนินการเพื่อพิจารณาจัดทำแผนแม่บทการจัดการน้ำเสียของ
ประเทศ โดยนำเสนอรัฐบาลให้พิจารณา เห","ผลการตรวจสอบการดำเนินงานการป้องกันและแก้ไขปัญหาสิ่งแวดล้อมของประเทศไทย
ด้านน้ำเสีย ตามประเด็นข้อตรวจพบที่ 1 - 3 แสดงให้เห็นว่าการจัดการน้ำเสียของ
ประเทศโดยเฉพาะอย่างยิ่งการดำเนินงานกิจกรรมการบำบัดน้ำเสียชุมชนที่ยังไม่เกิด
ผลสัมฤทธิ์ และไม่มีประสิทธิภาพ ส่"
FL-0038,การดำเนินงานไม่บรรลุวัตถุประสงค์เป้าหมายของโครงการ                                                  ,กรมควบคุมมลพิษ,การป้องกันและแก้ไขปัญหาสิ่งแวดล้อมของประเทศไทย (ครั้งที่ 3 ด้านน้ำเสีย),2562,,"การดำเนินงานกิจกรรมการบำบัดน้ำเสียชุมชนยังไม่เกิดผลสัมฤทธิ์ และไม่มีประสิทธิภาพ
 มีสาเหตุที่สำคัญ เนื่องจากองค์กรปกครองส่วนท้องถิ่นขาดความพร้อมในการจัดการ
น้ำเสียให้เกิดผลสัมฤทธิ์และมีประสิทธิภาพ โดยมีข้อจำกัดทั้งด้านงบประมาณในการ
ดำเนินการจัดการน้ำเสียชุ","ข้อตรวจพบที่ 3	การจัดเก็บค่าบริการบำบัดน้ำเสียยังไม่สามารถดำเนินการให้เป็นไป
ตามหลักการผู้ก่อมลพิษเป็นผู้จ่ายได้อย่างแท้จริง
     3.1 องค์กรปกครองส่วนท้องถิ่นส่วนใหญ่ยังไม่มีการจัดเก็บค่าบริการ
บำบัดน้ำเสีย 
     3.2 รายได้จากการจัดเก็บค่าบริการบำบัดน้ำเส","สำนักงานการตรวจเงินแผ่นดินมีข้อเสนอแนะให้ปลัดกระทรวงทรัพยากรธรรมชาติและ
สิ่งแวดล้อมพิจารณาดำเนินการเพื่อให้กระทรวงทรัพยากรธรรมชาติและสิ่งแวดล้อม
เป็นหน่วยงานหลักในการดำเนินการเพื่อพิจารณาจัดทำแผนแม่บทการจัดการน้ำเสียของ
ประเทศ โดยนำเสนอรัฐบาลให้พิจารณา เห","ผลการตรวจสอบการดำเนินงานการป้องกันและแก้ไขปัญหาสิ่งแวดล้อมของประเทศไทย
ด้านน้ำเสีย ตามประเด็นข้อตรวจพบที่ 1 - 3 แสดงให้เห็นว่าการจัดการน้ำเสีย
ของประเทศโดยเฉพาะอย่างยิ่งการดำเนินงานกิจกรรมการบำบัดน้ำเสียชุมชนที่ยังไม่เกิด
ผลสัมฤทธิ์ และไม่มีประสิทธิภาพ ส่"
FL-0039,การดำเนินงานไม่บรรลุวัตถุประสงค์เป้าหมายของโครงการ                                                  ,กรมควบคุมมลพิษ,การป้องกันและแก้ไขปัญหาสิ่งแวดล้อมของประเทศไทย (ครั้งที่ 3 ด้านน้ำเสีย),2562,,"การดำเนินงานกิจกรรมการบำบัดน้ำเสียชุมชนยังไม่เกิดผลสัมฤทธิ์ และไม่มีประสิทธิภาพ
 มีสาเหตุที่สำคัญ เนื่องจากองค์กรปกครองส่วนท้องถิ่นขาดความพร้อมในการจัดการ
น้ำเสียให้เกิดผลสัมฤทธิ์และมีประสิทธิภาพ โดยมีข้อจำกัดทั้งด้านงบประมาณ
ในการดำเนินการจัดการน้ำเสียชุ","ข้อตรวจพบที่ 3	การจัดเก็บค่าบริการบำบัดน้ำเสียยังไม่สามารถดำเนินการให้
เป็นไปตามหลักการผู้ก่อมลพิษเป็นผู้จ่ายได้อย่างแท้จริง
     3.1 องค์กรปกครองส่วนท้องถิ่นส่วนใหญ่ยังไม่มีการจัดเก็บค่าบริการ
บำบัดน้ำเสีย 
     3.2 รายได้จากการจัดเก็บค่าบริการบำบัดน้ำเส","สำนักงานการตรวจเงินแผ่นดินมีข้อเสนอแนะให้ปลัดกระทรวงทรัพยากรธรรมชาติและ
สิ่งแวดล้อมพิจารณาดำเนินการเพื่อให้กระทรวงทรัพยากรธรรมชาติและสิ่งแวดล้อม
เป็นหน่วยงานหลักในการดำเนินการเพื่อพิจารณาจัดทำแผนแม่บทการจัดการน้ำเสียของ
ประเทศ โดยนำเสนอรัฐบาลให้พิจารณา เห","ผลการตรวจสอบการดำเนินงานการป้องกันและแก้ไขปัญหาสิ่งแวดล้อมของประเทศไทย
ด้านน้ำเสีย ตามประเด็นข้อตรวจพบที่ 1 - 3 แสดงให้เห็นว่าการจัดการน้ำเสีย
ของประเทศโดยเฉพาะอย่างยิ่งการดำเนินงานกิจกรรมการบำบัดน้ำเสียชุมชนที่ยังไม่เกิด
ผลสัมฤทธิ์ และไม่มีประสิทธิภาพ ส่"
FL-0040,การดำเนินงานไม่บรรลุวัตถุประสงค์เป้าหมายของโครงการ                                                  ,กรมควบคุมมลพิษ,การป้องกันและแก้ไขปัญหาสิ่งแวดล้อมของประเทศไทย (ครั้งที่ 3 ด้านน้ำเสีย),2562,,"การดำเนินงานกิจกรรมการบำบัดน้ำเสียชุมชนยังไม่เกิดผลสัมฤทธิ์ และไม่มีประสิทธิภาพ
 มีสาเหตุที่สำคัญ เนื่องจากองค์กรปกครองส่วนท้องถิ่นขาดความพร้อมในการจัดการ
น้ำเสียให้เกิดผลสัมฤทธิ์และมีประสิทธิภาพ โดยมีข้อจำกัดทั้งด้านงบประมาณในการ
ดำเนินการจัดการน้ำเสียชุ","ข้อตรวจพบที่ 3	การจัดเก็บค่าบริการบำบัดน้ำเสียยังไม่สามารถดำเนินการให้เป็นไป
ตามหลักการผู้ก่อมลพิษเป็นผู้จ่ายได้อย่างแท้จริง
     3.1 องค์กรปกครองส่วนท้องถิ่นส่วนใหญ่ยังไม่มีการจัดเก็บค่าบริการ
บำบัดน้ำเสีย
     3.2 รายได้จากการจัดเก็บค่าบริการบำบัดน้ำเสี","สำนักงานการตรวจเงินแผ่นดินมีข้อเสนอแนะให้ปลัดกระทรวงทรัพยากรธรรมชาติและ
สิ่งแวดล้อมพิจารณาดำเนินการเพื่อให้กระทรวงทรัพยากรธรรมชาติและสิ่งแวดล้อม
เป็นหน่วยงานหลักในการดำเนินการเพื่อพิจารณาจัดทำแผนแม่บทการจัดการน้ำเสียของ
ประเทศ โดยนำเสนอรัฐบาลให้พิจารณา เห","ผลการตรวจสอบการดำเนินงานการป้องกันและแก้ไขปัญหาสิ่งแวดล้อมของประเทศไทย
ด้านน้ำเสีย ตามประเด็นข้อตรวจพบที่ 1 - 3 แสดงให้เห็นว่าการจัดการน้ำเสียของ
ประเทศโดยเฉพาะอย่างยิ่งการดำเนินงานกิจกรรมการบำบัดน้ำเสียชุมชนที่ยังไม่เกิด
ผลสัมฤทธิ์ และไม่มีประสิทธิภาพ ส่"
FL-0041,การดำเนินงานไม่บรรลุวัตถุประสงค์เป้าหมายของโครงการ                                                  ,กรมควบคุมมลพิษ,การป้องกันและแก้ไขปัญหาสิ่งแวดล้อมของประเทศไทย (ครั้งที่ 3 ด้านน้ำเสีย),2562,,"การดำเนินงานกิจกรรมการบำบัดน้ำเสียชุมชนยังไม่เกิดผลสัมฤทธิ์ 
และไม่มีประสิทธิภาพ มีสาเหตุที่สำคัญ เนื่องจากองค์กรปกครองส่วนท้องถิ่นขาด
ความพร้อมในการจัดการน้ำเสียให้เกิดผลสัมฤทธิ์และมีประสิทธิภาพ 
โดยมีข้อจำกัดทั้งด้านงบประมาณในการดำเนินการจัดการน้ำเสียชุ","ข้อตรวจพบที่ 3	การจัดเก็บค่าบริการบำบัดน้ำเสียยังไม่สามารถดำเนินการให้เป็นไปตาม
หลักการผู้ก่อมลพิษเป็นผู้จ่ายได้อย่างแท้จริง
     3.1 องค์กรปกครองส่วนท้องถิ่นส่วนใหญ่ยังไม่มีการจัดเก็บ
ค่าบริการบำบัดน้ำเสีย 
     3.2 รายได้จากการจัดเก็บค่าบริการบำบัดน้ำเส","สำนักงานการตรวจเงินแผ่นดินมีข้อเสนอแนะให้ปลัดกระทรวงทรัพยากรธรรมชาติและ
สิ่งแวดล้อมพิจารณาดำเนินการเพื่อให้กระทรวงทรัพยากรธรรมชาติและสิ่งแวดล้อม
เป็นหน่วยงานหลักในการดำเนินการเพื่อพิจารณาจัดทำแผนแม่บทการจัดการน้ำเสียของ
ประเทศ โดยนำเสนอรัฐบาลให้พิจารณา เห","ผลการตรวจสอบการดำเนินงานการป้องกันและแก้ไขปัญหาสิ่งแวดล้อมของประเทศไทยด้าน
น้ำเสีย ตามประเด็นข้อตรวจพบที่ 1 - 3 แสดงให้เห็นว่าการจัดการน้ำเสียของประเทศ
โดยเฉพาะอย่างยิ่งการดำเนินงานกิจกรรมการบำบัดน้ำเสียชุมชนที่ยังไม่เกิดผลสัมฤทธิ์ 
และไม่มีประสิทธิภาพ ส่"
FL-0042,การดำเนินงานไม่บรรลุวัตถุประสงค์เป้าหมายของโครงการ                                                  ,กรมส่งเสริมอุตสาหกรรม,การส่งเสริม สนับสนุน และพัฒนาวิสาหกิจขนาดกลางและขนาดย่อม,2562,,"สาเหตุสำคัญเกิดจากหน่วยงานเจ้าของโครงการไม่ได้กำหนดคุณสมบัติของผู้เข้าร่วมโครงการในข้อเสนอโครงการให้สอดคล้องกับกลุ่มเป้าหมายของแนวทางการดำเนินงานส่งเสริม 
SME กลุ่มทั่วไป (Regular) ไว้อย่างชัดเจน 
แต่จะกำหนดเพียงสาขาอุตสาหกรรมเป้าหมายเท่านั้น ทำให้ SMEs 
","จากการตรวจสอบโครงการภายใต้แนวทางการดำเนินงานส่งเสริมวิสาหกิจขนาดกลางและขนาดย่อมกลุ่มทั่วไป 
(Regular) แผนงานบูรณาการส่งเสริมวิสาหกิจขนาดกลางและขนาดย่อม ในปีงบประมาณ 
พ.ศ. 2560 - 2561 จำนวน 2 โครงการ เป็นเงิน 638.10 ล้านบาท ได้แก่ 
โครงการเพิ่มขีดความสามาร","ผู้ว่าการตรวจเงินแผ่นดินเห็นควรให้อธิบดีกรมส่งเสริมอุตสาหกรรมพิจารณาทบทวนการจัดทำข้อเสนอโครงการภายใต้แผนงานบูรณาการส่งเสริมวิสาหกิจขนาดกลางและขนาดย่อมในระยะต่อไป 
โดยให้หน่วยงานที่เกี่ยวข้องพิจารณากำหนดกลุ่มเป้าหมายของโครงการให้สอดคล้องกับกลุ่มเป้าหมายตาม","ผลกระทบจากกรณีดังกล่าวทำให้วิสาหกิจขนาดกลางและขนาดย่อมกลุ่มทั่วไปรายอื่นสูญเสียโอกาสในการได้รับการส่งเสริมและพัฒนาประสิทธิภาพและผลิตภาพด้านต่าง 
ๆ ของกิจการให้มีศักยภาพเพิ่มมากขึ้น อีกทั้งทำให้การส่งเสริม SMEs 
ในแต่ละกลุ่มภายใต้แผนงานบูรณาการส่งเสริมวิสา"
FL-0043,การดำเนินงานไม่บรรลุวัตถุประสงค์เป้าหมายของโครงการ                                                  ,สำนักงานคณะกรรมการการศึกษาขั้นพื้นฐาน,โครงการโรงเรียนดีใกล้บ้าน (แม่เหล็ก),2561,,"สาเหตุสำคัญที่ทำให้นโยบายโรงเรียนดีใกล้บ้าน (แม่เหล็ก) 
ยังไม่สามารถควบรวมหรือยุบเลิกโรงเรียนขนาดเล็กได้ตามเป้าหมายที่กำหนด
เกิดจากหน่วยงานที่รับผิดชอบ ได้แก่ สำนักงานคณะกรรมการการศึกษาขั้นพื้นฐาน 
สำนักงานเขตพื้นที่การศึกษา และโรงเรียนดีใกล้บ้าน (แม่เหล็","ข้อตรวจพบที่ 1 การดำเนินงานตามนโยบายโรงเรียนดีใกล้บ้าน (แม่เหล็ก) 
ต่ำกว่าเป้าหมาย
จากการสุ่มตรวจสอบโรงเรียนดีใกล้บ้าน (แม่เหล็ก) จำนวน 55 แห่ง 
และโรงเรียนเครือข่าย จำนวน 88 แห่ง ใน 13 จังหวัด พบว่า 
มีโรงเรียนเครือข่ายที่ต้องดำเนินการควบรวมหรือยุบเลิกตา","สำนักงานการตรวจเงินแผ่นดินมีข้อเสนอแนะให้เลขาธิการคณะกรรมการการศึกษา
ขั้นพื้นฐานพิจารณาดำเนินการสั่งการให้ผู้บังคับบัญชากำกับดูแลหน่วยงานที
รับผิดชอบทุกระดับให้ความสำคัญและปฏิบัติตามแนวทางที่กำหนดในคู่มือการดำเนินงาน
โรงเรียนดีใกล้บ้าน (แม่เหล็ก) อย่างเคร","โรงเรียนดีใกล้บ้าน (แม่เหล็ก) ที่ไม่สามารถดำเนินการได้ทำให้การใช้จ่ายงบประมาณ
ไม่บรรลุตามวัตถุประสงค์ของนโยบาย จำนวน 64.35 ล้านบาท และรัฐยังไม่สามารถ
ลดภาระค่าใช้จ่ายลงได้ จำนวน 782,500 บาท 
"
FL-0044,การดำเนินงานไม่บรรลุวัตถุประสงค์เป้าหมายของโครงการ                                                  ,เทศบาลนครนครศรีธรรมราช,การบริหารกิจการประปาสำนักการประปาเทศบาลนครศรีธรรมราช,2561,,"2.1 
การผลิตน้ำประปายังสะอาดไม่เพียงพอเพื่อใช้ในการอุปโภคและบริโภคได้อย่างปลอดภัยตามมาตรฐานน้ำบริโภค
1. 
การวิเคราะห์ทดสอบแหล่งน้ำเพื่อใช้ในการผลิตน้ำประปาไม่เป็นไปตามคู่มือการผลิตน้ำประปาของการประปาส่วนภูมิภาค 
สาเหตุจาก เจ้าหน้าที่สำนักการประปาฯ 
ขาดควา","ข้อตรวจพบที่ 2 การดำเนินงานไม่บรรลุวัตถุประสงค์หลักของการผลิตน้ำประปา
2.1 การผลิตน้ำประปายังสะอาดไม่เพียงพอเพื่อใช้ในการอุปโภคและบริโภคได้อย่าง
    ปลอดภัยตามมาตรฐานน้ำบริโภค
 2.2 น้ำประปาไม่เพียงพอต่อความต้องการของประชาชน 
ทำให้เกิดปัญหาการขาดแคลน น้ำประ","2.1 
การผลิตน้ำประปายังสะอาดไม่เพียงพอเพื่อใช้ในการอุปโภคและบริโภคได้อย่างปลอดภัยตามมาตรฐานน้ำบริโภค 
1. 
ให้มีการวิเคราะห์ทดสอบและกำหนดความถี่ในการทดสอบคุณภาพแหล่งน้ำที่ใช้ในการผลิตน้ำประปา 
น้ำในกระบวนการผลิต น้ำก่อนกรอง น้ำหลังกรอง น้ำประปา
2. 
ให้มีกา","2.1 การผลิตน้ำประปายังสะอาดไม่เพียงพอเพื่อใช้ในการอุปโภคและบริโภคได้อย่า
   ปลอดภัยตามมาตรฐานน้ำปบริโภค
1. ประชาชนอุปโภคและบริโภคน้ำประปาที่ไม่สะอาดส่งผลกระทบต่อสุขอนามัย
	2. ประชาชนขาดความเชื่อมั่นต่อผู้บริหารองค์กร 
และข้าราชการผู้รับผิดชอบที่ปล่อยปละละ"
FL-0045,การดำเนินงานไม่บรรลุวัตถุประสงค์เป้าหมายของโครงการ                                                  ,สำนักงานท้องถิ่นจังหวัดสุราษฎร์ธานี,การบริหารจัดการสถานีสูบน้ำด้วยไฟฟ้าขององค์กรปกครองส่วนท้องถิ่นในจังหวัดสุราษฎร์ธานี ปีงบประมาณ 2556-2559,2561,,,,,
FL-0046,การดำเนินงานไม่บรรลุวัตถุประสงค์เป้าหมายของโครงการ                                                  ,โครงการชลประทานจังหวัดสุราษฏร์ธานี,โครงการจัดหาและเพิ่มพื้นที่ชลประทาน(บ้านวังมะปรางและบ้านหงส์เจริญ),2561,,,,,
FL-0047,การดำเนินงานไม่บรรลุวัตถุประสงค์เป้าหมายของโครงการ                                                  ,สำนักงานพลังงานจังหวัดกาญจนบุรี,โครงการนำร่องการนำเทคโนโลยีพลังงานทดแทนมาใช้ในระบบสูบน้ำเพื่อผลิตน้ำประปาหมู่บ้านและผลิตไฟฟาสำหรับชุมชน,2560,,"การดำเนินงานโครงการนำร่องการนำเทคโนโลยีพลังงานทดแทนมาใช้ในระบบสูบน้ำเพื่อผลิตน้ำประปาหมู่บ้านและผลิตไฟฟ้าสำหรับชุมชน 
ไม่สามารถใช้ประโยชน์ให้บรรลุวัตถุประสงค์โครงการได้ 
เกิดจากสาเหตุสำคัญดังนี้
1. สำนักงานพลังงานจังหวัดกาญจนบุรี 
ขาดความพร้อมในการเตรียมพ","โครงการนำร่องการนำเทคโนโลยีพลังงานทดแทนมาใช้ในระบบสูบน้ำเพื่อผลิตน้ำประปาหมู่บ้านและผลิตไฟฟ้าสำหรับชุมชน 
ไม่สามารถใช้ประโยชน์ให้บรรลุวัตถุประสงค์โครงการได้
สำนักงานพลังงานจังหวัดกาญจนบุรี 
ได้จัดทำโครงการนำร่องการนำเทคโนโลยีพลังงานทดแทนมาใช้ในระบบสูบน้ำเ","เพื่อให้การดำเนินงานโครงการนำร่องการนำเทคโนโลยีพลังงานทดแทนมาใช้ในระบบสูบน้ำเพื่อผลิตน้ำประปาหมู่บ้านและผลิตไฟฟ้าสำหรับชุมชน 
มีประสิทธิภาพและเกิดประสิทธิผล สำนักงานการตรวจเงินแผ่นดินมีข้อเสนอแนะให้ 
สำนักงานพลังงานจังหวัดกาญจนบุรี ดำเนินการดังนี้
	๑. กรณ","การดำเนินงานโครงการนำร่องการนำเทคโนโลยีพลังงานทดแทนมาใช้ในระบบสูบน้ำเพื่อผลิตน้ำประปาหมู่บ้านและผลิตไฟฟ้าสำหรับชุมชน 
ไม่สามารถใช้ประโยชน์ให้บรรลุวัตถุประสงค์โครงการได้ ส่งผลกระทบดังนี้
 ๑. รัฐสูญเสียงบประมาณในการบริหารประเทศ เป็นจำนวนเงิน ๖,๓๕๐,๐๐๐.๐๐ บา"
FL-0048,การดำเนินงานไม่บรรลุวัตถุประสงค์เป้าหมายของโครงการ                                                  ,สำนักงานจังหวัดกำแพงเพชร,โครงการตามมาตรการสำคัญเร่งด่วนเพื่อช่วยเหลือเกษตรกรและคนยากในการเสริมสร้างความเข้มแข็งอย่างยั่งยืน (กยจ.) ของสำนักงานจัง,2561,,"1. คณะกรรมการกลั่นกรองโครงการ กยจ. ทั้งระดับจังหวัดและระดับอำเภอ 
ไม่ให้ความสำคัญในการพิจารณาทบทวน กลั่นกรองโครงการ 
ทั้งที่กระทรวงมหาดไทยได้มอบอำนาจให้ผู้ว่าราชการจังหวัดปฏิบัติราชการในการโอนเปลี่ยนแปลงรายการงบประมาณภายใต้วัตถุประสงค์ 
กลุ่มพื้นที่ดำเนิน","ข้อตรวจพบที่ 1 โครงการ กยจ. 
ที่ดำเนินการแล้วเสร็จส่วนใหญ่ไม่สามารถพัฒนาและเสริมสร้างความเข้มแข็งของกลุ่มเกษตรกรโดยการเพิ่มรายได้ให้แก่กลุ่มเกษตรกรได้อย่างยั่งยืน 
โดยพบว่า การดำเนินโครงการ กยจ. จำนวน 56 โครงการ คิดเป็นร้อยละ 65.12 
ของจำนวนที่สุ่มตรวจสอบ","ผู้ว่าการตรวจเงินแผ่นดินพิจารณาแล้วเห็นว่า เพื่อให้การดำเนินโครงการ กยจ. 
สามารถบรรลุวัตถุประสงค์ของโครงการ 
สามารถช่วยเหลือกลุ่มเกษตรกรและคนยากจนในการเสริมสร้างความเข้มแข็งได้อย่างยั่งยืน 
การดำเนินโครงการเป็นไปโดยประหยัด มีประสิทธิภาพ 
มีความคุ้มค่าของก","1. 
ทรัพย์สินที่เกิดจากงบประมาณแผ่นดินที่เมื่อดำเนินการแล้วไม่เป็นไปตามวัตถุประสงค์ของโครงการและหลักเกณฑ์ที่กำหนดทำให้เกิดความเสียหายและความไม่คุ้มค่าไม่ก่อให้เกิดประโยชน์เพื่อช่วยเหลือเกษตรกรและคนยากจนในการเสริมสร้างความเข้มแข็งอย่างยั่งยืน 
เป็นจำนวนเงิ"
FL-0049,การดำเนินงานไม่บรรลุวัตถุประสงค์เป้าหมายของโครงการ                                                  ,สำนักงานท้องถิ่นจังหวัดพิจิตร,การบริหารจัดการขยะมูลฝอยขององค์กรปกครองส่วนท้องถิ่นจังหวัดนครสวรรค์และจังหวัดพิจิตร ปีงบประมาณ 2559 - 2560,2561,,"1. 
องค์กรปกครองส่วนท้องถิ่นขาดงบประมาณในการก่อสร้างสถานที่กำจัดขยะมูลฝอยที่ถูกต้องตามหลักวิชาการรวมทั้งการหาพื้นที่เพื่อก่อสร้างสถานที่กำจัดขยะมูลฝอยที่เหมาะสม  
2. 
เจ้าหน้าที่ผู้รับผิดชอบงานด้านบริหารจัดการขยะมูลฝอยขององค์กรปกครองส่วนท้องถิ่นมี
ไม่เพีย","ข้อตรวจพบที่ 1การกำจัดขยะมูลฝอยไม่เป็นไปตามมาตรฐานการจัดการขยะมูลฝอยและ
สิ่งปฏิกูล ผลการตรวจสอบสรุปได้ ดังนี้
	1.1 องค์กรปกครองส่วนท้องถิ่นกำจัดขยะมูลฝอยแบบไม่ถูกต้อง
1.2 การคัดเลือกพื้นที่สถานที่กำจัดขยะมูลฝอยไม่เป็นไปตามหลักเกณฑ์ที่กำหนด 
	1) 
สถานที่ตั","สำนักงานการตรวจเงินแผ่นดินมีข้อเสนอแนะให้ นายกเทศมนตรีนคร / 
นายกเทศมนตรีเมือง / นายกเทศมนตรีตำบล / นายกองค์การบริหารส่วนตำบล 
และผู้ว่าราชการจังหวัด พิจารณาดำเนินการ ดังนี้ 
นายกเทศมนตรีนคร/นายกเทศมนตรีเมือง/นายกเทศมนตรีตำบล/นายกองค์การบริหารส่วนตำบล 
1.","1. ปริมาณขยะตกค้างในสถานที่กำจัดขยะมูลฝอย 
โดยเฉพาะอย่างยิ่งสถานที่กำจัดขยะมูลฝอยที่
ไม่ถูกต้องตามหลักวิชาการทำให้เกิดปัญหาการปนเปื้อนต่อสิ่งแวดล้อมและส่งกลิ่นเหม็นรบกวน 
สร้างความเดือดร้อนรำคาญและเกิดผลกระทบต่อสุขภาพอนามัยของประชาชนในพื้นที่
2. ระบบบำบัด"
FL-0050,การดำเนินงานไม่บรรลุวัตถุประสงค์เป้าหมายของโครงการ                                                  ,สำนักงานสหกรณ์จังหวัดอุตรดิตถ์,โครงการพัฒนาศักยภาพการผลิตและการตลาดผลิตผลการเกษตรโดยระบบสหกรณ์แบบครบวงจร,2561,,"1.เจ้าหน้าที่ผู้รับผิดชอบไม่นำข้อมูลและผลการดำเนินงานของสหกรณ์การเกษตรมาใช้ประกอบการพิจารณาจัดทำโครงการ
2.ไม่มีการติดตามประเมินผลโครงการ
","ผลการดำเนินงานไม่บรรลุตามเป้าหมาย
","1.กำชับให้เจ้าหน้าที่ที่เกี่ยวข้องนำข้อมูลและผลการดำเนินงานของสหกรณ์การเกษตรมาใช้ประกอบการพิจาณาจัดทำโครงการในครั้งต่อๆไป
2.แต่งตั้งคณะกรรมการติดตามประเมินผลโครงการ
","1.โครงการฯ ไม่สามารถบรรลุวัตถุประสงค์ของโครงการภายในระยะเวลาที่กำหนด
2.ไม่สามารถนำข้อมูลที่ได้จากการประเมินผลมาปรับใช้ในการบริหารจัดการโครงการได้อย่างมีประสิทธิภาพ
3.สมาชิกสหกรณ์การเกษตร กลุ่มเกษตรกร 
ประชาชนทั่วไปเสียโอกาสในการได้ใช้ประโยชน์จากอุปกรณ์การ"
FL-0051,การดำเนินงานไม่บรรลุวัตถุประสงค์เป้าหมายของโครงการ                                                  ,จังหวัดขอนแก่น,โครงการพัฒนาศักยภาพอุตสาหกรรมพืชอาหารและพืชพลังงานทดแทน ปีงบประมาณ พ.ศ.2559,2561,,"1.การดำเนินโครงการเป็นการบูรณาการร่วมกันของ 27 หน่วยงาน 
แต่ก่อนการจัดทำโครงการไม่มีการจัดประชุมเพื่อกำหนด วัตถุประสงค์ 
กลุ่มเป้าหมาย ทิศทางการดำเนินการ ตลอดจนการประเมินและกำหนดตัวชี้วัด
ผลการดำเนินการ ให้มีความสอดคล้อง และไปในทิศทางเดียวกัน 
จึงไม่เป็นไ","ข้อตรวจพบที่ 1 การดำเนินโครงการไม่บรรลุผลสำเร็จตามวัตถุประสงค์ของโครงการหลัก
  จังหวัดขอนแก่นจัดทำโครงการพัฒนาศักยภาพอุตสาหกรรมพืชอาหารและพลังงานทดแทน 
ปีงบประมาณ พ.ศ. 2559 เพื่อช่วยเหลือเกษตรกรที่ปลูกข้าวให้มีความรู้ 
ส่งเสริมการใช้เทคโนโลยีใหม่ ๆ ปรับปร","1.ในโอกาสต่อไปการจัดทำโครงการที่มีลักษณะบูรณาการร่วมกันหลายหน่วยงาน 
ทุกหน่วยงานควรประสานแผนการดำเนินการและข้อมูลที่เกี่ยวข้อง 
และสั่งกำชับเจ้าหน้าที ที่รับผิดชอบให้จัดทำข้อเสนอโครงการให้เป็นไปตามหลักการ
จัดทำโครงการที่ดี โดยต้องกำหนดวัตถุประสงค์และเป้าห","1.ทำให้สมาชิกข้าวศูนย์ชุมชน จำนวน 4,000 ราย ขาดโอกาสในการได้รับปัจจัยส่งเสริม
การปลูกข้าวจากหน่วยงานที่ร่วมบูรณาการ เพื่อนำมาพัฒนาการปลูกข้าวให้ได้เมล็ดพันธ
ที่มีคุณภาพและปริมาณมากกว่าที่เป็นอยู่และสามารถนำไปใช้เป็นเมล็ดพันธุ์สำหรับ
แจกจ่ายให้กับเกษตรกรรา"
FL-0052,การดำเนินงานไม่บรรลุวัตถุประสงค์เป้าหมายของโครงการ                                                  ,สำนักงานกองทุนหมู่บ้านและชุมชนเมืองแห่งชาติ สาขา6อุดรธานี,โครงการเพิ่มความเข้มแข็งของเศรษฐกิจฐานรากตามแนวทางประชารัฐ,2561,,"1.คณะกรรมการผู้รับผิดชอบโครงการขาดความรู้ความเข้าใจในการดำเนินกิจกรรม/โครงการที่ขอรับการสนับสนุนงบประมาณอย่างแท้จริง 
ไม่เข้าใจบทบาทหน้าที่ที่ได้รับแต่งตั้ง ขาดการวางแผนในการบริหารจัดการ 
ไม่ให้ความสำคัญของการจัดทำเอกสารหลักฐานการใช้จ่ายเงินตรงตามข้อเท็จจ","ข้อตรวจพบที่ 1 
การดำเนินโครงการมีความเสี่ยงต่อการบรรลุถึงผลสำเร็จของโครงการ
จากการตรวจสอบการดำเนินโครงการของกองทุนหมู่บ้านและชุมชนเมือง จำนวน 95 
กองทุน พบว่า 
การดำเนินโครงการมีความเสี่ยงต่อการบรรลุถึงผลสำเร็จของโครงการจำนวน 93 
กองทุน รายละเอียดดังนี้
","ผู้อำนวยการสำนักงานกองทุนหมู่บ้านและชุมชนเมืองแห่งชาติ
1.เพื่อเป็นการกระจายอำนาจในการบริหารงาน ควรออกคำสั่งมอบอำนาจให้ สทบ.สาขา 
สามารถฟ้องร้องเรียกร้องความเสียหายที่เกิดขึ้นกับกองทุนหมู่บ้านและชุมชนเมืองได้
2.แก้ไข ทบทวน ปรับปรุง คู่มือการดำเนินงานให้มีค","ทำให้โครงการเพิ่มความเข้มแข็งของเศรษฐกิจฐานรากตามแนวทางประชารัฐในภาพรวมไม่บรรลุวัตถุประสงค์ของโครงการตามเจตนารมณ์ 
การใช้จ่ายเงินไม่เกิดประสิทธิภาพ ไม่เกิดประสิทธิผล ไม่คุ้มค่า 
ไม่เกิดความยั่งยืน 
ประชาชนสูญเสียโอกาสในการได้รับการส่งเสริมศักยภาพในการประก"
FL-0053,การดำเนินงานไม่บรรลุวัตถุประสงค์เป้าหมายของโครงการ                                                  ,เทศบาลนครนครราชสีมา อำเภอเมือง จังหวัดนครราชสีมา,โครงการแก้ไขปัญหาการขาดแคลนน้ำในการอุปโภคบริโภค,2561,,,,,
FL-0054,การดำเนินงานไม่บรรลุวัตถุประสงค์เป้าหมายของโครงการ                                                  ,เทศบาลนครนครราชสีมา อำเภอเมือง จังหวัดนครราชสีมา,โครงการแก้ไขปัญหาการขาดแคลนน้ำในการอุปโภคบริโภค,2561,,,,,
FL-0055,การดำเนินงานไม่บรรลุวัตถุประสงค์เป้าหมายของโครงการ                                                  ,สำนักงานท้องถิ่นจังหวัดชลบุรี,โครงการป้องกันและแก้ไขปัญหายาเสพติดขององค์กรปกครองส่วนทองถิ่นจังหวัดชลบุรี,2561,,"1.กิจกรรมส่งเสริมการบำบัดฟื้นฟูให้แก่ผู้เสพ/ผู้ติดยาเสพติดยังไม่ส่งผลให้บรรลุวัตถุประสงค์ตามที่ตั้งไว้ 
ผู้ผ่านการบำบัดฟื้นฟูส่วนใหญ่ไม่ได้รับการติดตามดูแลช่วยเหลือ 
และบางส่วนยังไม่สามารถเลิกเสพได้ เนื่องจาก 
การบันทึกข้อมุลในระบบสารสนเทศยาเสพติด ไม่ครบถ","การดำเนินกิจกรรมส่งเสริมการบำบัดฟื้นฟูและฝึกอบรมอาชีพให้แก่ผู้เสพ/ผู้ติดยาเสพติดยังไม่ส่งผลให้บรรลุวัตถุประสงค์ตามที่ตั้งไว
1.กิจกรรมส่งเสริมการบำบัดฟื้นฟูให้แก่ผู้เสพ/ผู้ติดยาเสพติด พบว่า 
ผู้ผ่านการบำบัดฟื้นฟูส่วนใหญ่ไม่ได้รับการติดตามดูแลช่วยเหลือ 
และ","ผู้อำนวยการศูนย์ปฏิบัติการป้องกันและปราบปรามยาเสพติดอำเภอ
1.สั่งการให้มีการบันทึกข้อมูลรายชื่อและประวัติผู้เข้ารับการบำบัดฟื้นฟูทุกรายที่มีการเบิกจ่ายงบประมาณในระบบสารสนเทศยาเสพติด 
ให้ครบถ้วนถูกต้องและเป็นปัจจุบัน
2.ให้กำหนดสถานที่รับรายงานตัวผู้ผ่านการบ","1.สิ้นเปลืองทรัพยากร เวลา บุคลากร และงบประมาณ 
2.ส่งผลกระทบต่อเศรษฐกิจและสังคมของประเทศ
"
FL-0056,การดำเนินงานไม่บรรลุวัตถุประสงค์เป้าหมายของโครงการ                                                  ,กรุงเทพมหานคร,มหานครปลอดภัย ด้านปลอดมลพิษของกรุงเทพมหานคร,2562,,"1. 
กรุงเทพมหานครไม่สามารถดำเนินการจัดการคุณภาพแหล่งน้ำธรรมชาติให้บรรลุวัตถุประสงค์เป้าหมายที่กำหนดไว้ได้ 
เกิดจากสาเหตุสำคัญ 3 ประการ ดังนี้
1.1 
กรุงเทพมหานครโดยสำนักการระบายน้ำยังไม่สามารถรวบรวมน้ำเสียภายในพื้นที่บริการได้ครอบคลุมแหล่งกำเนิดน้ำเสียทั้ง","จากผลการตรวจสอบสามารถจำแนกข้อตรวจพบเป็น 3 ด้าน ดังนี้
1.. .ด้านการจัดการคุณภาพแหล่งน้ำธรรมชาติ ประกอบด้วย 3 ข้อตรวจพบ ดังนี้
ข้อตรวจพบที่ 1 
ปริมาณน้ำเสียที่เข้าสู่ระบบบำบัดไม่เป็นไปตามเป้าหมายที่กำหนด
กรุงเทพมหานครมีระบบบำบัดน้ำเสียที่มีขีดความสามารถในกา","1. 
เพื่อให้ดารจัดการคุณภาพแหล่งน้ำธรรมชาติของกรุงเทพมหานครบรรลุวัตถุประสงค์เป้าหมายที่กำหนดไว้ 
สำนักงานการตรวจเงินแผ่นดินมีข้อเสนอแนะให้ผู้ว่าราชการกรุงเทพมหานคร 
พิจารณาดำเนินการ ดังนี้
	1.1 พิจารณานำข้อมูลจุดน้ำเสียที่ยังไม่เข้าสู่ระบบบำบัดน้ำเสีย 
มา","ผลจากกรุงเทพมหานครไม่สามารถดำเนินการจัดการคุณภาพแหล่งน้ำ มูลฝอย 
และอากาศให้บรรลุวัตถุประสงค์เป้าหมายที่กำหนดไว้ได้นั้น 
ทำให้เกิดความไม่คุ้มค่าของงบประมาณที่ใช้ในการก่อสร้างโรงงานและจัดทำโครงการ 
ตลอดจนงบประมาณที่ใช้เป็นค่าใช้จ่ายในการรักษาสภาพโรงงานและเ"
FL-0057,การดำเนินงานไม่บรรลุวัตถุประสงค์เป้าหมายของโครงการ                                                  ,กรมส่งเสริมการปกครองท้องถิ่น,โครงการป้องกันและแก้ไขปัญหายาเสพติด,2561,,"  สิ่งก่อสร้างและอุปกรณ์ของโครงการป้องกันและแก้ไขปัญหายาเสพติดไม่ใช้ประโยชน์
ตามวัตถุประสงค์มีสาเหตุมาจาก
  1. อปท. ไม่มีการสำรวจความต้องการของประชาชนในพื้นที่เกี่ยวกับประเภทกีฬา
และอุปกรณ์ต่าง ๆ
  2. กรมส่งเสริมการปกครองท้องถิ่นไม่มีการกำหนดแนวทางการใช้ป","  สิ่งก่อสร้างและอุปกรณ์ของโครงการป้องกันและแก้ไขปัญหายาเสพติดไม่ใช้ประโยชน์
ตามวัตถุประสงค์
  จากการตรวจสอบพบว่า สิ่งก่อสร้างและอุปกรณ์ของโครงการป้องกันและแก้ไขปัญหา
ยาเสพติดไม่ใช้ประโยชน์ตามวัตถุประสงค์เพื่อป้องกันและเฝ้าระวังปัญหาของยาเสพติด
ในพื้นที่ข","   สำนักงานการตรวจเงินแผ่นดินมีข้อเสนอแนะให้อธิบดีกรมส่งเสริมการปกครองท้องถิ่น
พิจารณาดำเนินการดังนี้
   1. กำหนดแนวทางการบริหารจัดการและการใช้ประโยชน์กล้องโทรทัศน์วงจรปิด 
และลานกีฬา สนามกีฬา และซักซ้อมความเข้าใจให้กับ อปท. เพื่อการป้องกันและเฝ้าระวัง
ปั","  ส่งผลให้กิจกรรมด้านป้องกันและเฝ้าระวังปัญหาของยาเสพติดตามโครงการดังกล่าว 
ยังไม่บรรลุผลตามที่คาดว่าจะได้รับคือ เยาวชนและประชาชนกลุ่มเสี่ยงไม่สนใจในการ
ออกกำลังกาย เสริมสร้างสุขภาพในสนามกีฬา และลานกีฬาที่ อปท. จัดสร้าง 
รวมทั้งไม่สามารถป้องกันและเฝ้าระวั"
FL-0058,การดำเนินงานไม่บรรลุวัตถุประสงค์เป้าหมายของโครงการ                                                  ,กรมการปกครอง,โครงการยกระดับศักยภาพหมู่บ้านเพื่อขับเคลื่อนเศรษฐกิจฐานรากตามแนวทางประชารัฐ,2562,,"1. คณะกรรมการหมู่บ้านขาดความรู้ความเข้าใจในการดำเนินโครงการ
2. การจัดทำข้อมูลในแบบเสนอโครงการของหมู่บ้านให้รายละเอียดไม่เพียงพอ
สำหรับการตรวจสอบกลั่นกรองและอนุมัติโครงการ
3.ไม่มีการกำหนดให้ประเมินผลสัมฤทธิ์ของการดำเนินโครงการ


","ข้อตรวจพบ การดำเนินโครงการของหมู่บ้านเป็นโครงการที่ห้ามดำเนินการ 
และผลการดำเนินโครงการของหมู่บ้านไม่บรรลุวัตถุประสงค์และขาดความยั่งยืน
  1.การดำเนินโครงการของหมู่บ้านเป็นโครงการที่ห้ามดำเนินการ จำนวน 33 
โครงการหรือคิดเป็นร้อยละ 46.48 ของจำนวนโครงการที่ม","  สำนักงานการตรวจเงินแผ่นดินมีข้อเสนอแนะให้อธิบดีกรมการปกครองพิจารณาดำเนินการ
หากมีการดำเนินงานโครงการในลักษณะเช่นเดียวกันนี้อีก ดังนี้
  1. กำชับเจ้าหน้าที่ระดับอำเภอผู้ดูแลรับผิดชอบอนุมัติโครงการของหมู่บ้าน
ให้ชี้แจงทำความเข้าใจกับคณะกรรมการหมู่บ้านให้เ","  การใช้จ่ายงบประมาณของรัฐเกิดความสูญเปล่า ไม่คุ้มค่าเป็นเงิน 13.08 
ล้านบาท คิดเป็น ร้อยละ 43.52 ของงบประมาณโครงการที่สุ่มตรวจสอบทั้งหมด จำนวน 
148 โครงการ (30.05 ล้านบาท) ซึ่งในจำนวนนี้เป็นงบประมาณของโครงการที่ยกเลิก
หรือหยุดดำเนินการและโครงการที่ไม่ได้"
FL-0059,การดำเนินงานไม่บรรลุวัตถุประสงค์เป้าหมายของโครงการ                                                  ,กรมกิจการผู้สูงอายุ,โครงการศูนย์พัฒนาคุณภาพชีวิตและส่งเสริมอาชีพผู้สูงอายุ,2561,,"สาเหตุสำคัญที่ทำให้การดำเนินงานของ ศพอส. ส่วนใหญ่ไม่เป็นไปตามวัตถุประสงค์
ที่กำหนด มีดังนี้
1. คณะกรรมการและหน่วยงานที่เกี่ยวข้องยังไม่ให้ความสำคัญกับการดำเนินงานของ 
ศพอส. เท่าที่ควร กล่าวคือ
1.1 คณะกรรมการบริหารโครงการศูนย์พัฒนาคุณภาพชีวิตและส่งเสริมอาช","ข้อตรวจพบที่ 1การดำเนินงานของ ศพอส.ส่วนใหญ่ยังไม่เป็นไปตามวัตถุประสงค์ที่กำหนด
จากการสุ่มตรวจสอบ ศพอส. จำนวน 65 แห่ง ในพื้นที่ 11 จังหวัด พบว่า การดำเนินงาน
ของ ศพอส. ส่วนใหญ่ยังไม่เป็นไปตามวัตถุประสงค์ที่กำหนด และมีความถี่ในการ
จัดกิจกรรมต่ำกว่ามาตรฐานกา","เพื่อให้การดำเนินงานของ ศพอส. เป็นไปอย่างมีประสิทธิภาพ และเป็นไปตามวัตถุประสงค
ที่กำหนด สำนักงานการตรวจเงินแผ่นดินมีข้อเสนอแนะให้ปลัดกระทรวงการพัฒนาสังคม
และความมั่นคงของมนุษย์พิจารณาดำเนินการ ดังนี้
1.จัดให้มีการประเมินผลการดำเนินงานของ ศพอส. โดยเร็ว เพื","การดำเนินงานของ ศพอส.ส่วนใหญ่ที่ยังไม่เป็นไปตามวัตถุประสงค์ที่กำหนดส่งผลกระทบ
ดังนี้ 
1.ผู้สูงอายุอาจขาดโอกาสในการใช้ประโยชน์จากสถานที่ในการจัดกิจกรรม
และบริการ รวมทั้งโอกาสที่จะได้รับการส่งเสริมและพัฒนาศักยภาพในด้านต่าง ๆ 
ตามที่วัตถุประสงค์โครงการกำหนด "
FL-0060,การดำเนินงานไม่บรรลุวัตถุประสงค์เป้าหมายของโครงการ                                                  ,กรมปศุสัตว์,โครงการปรับเปลี่ยนพื้นที่ทำนาไม่เหมาะสม เพื่อส่งเสริมการเลี้ยงโคเนื้อ,2562,,"1. 
ระยะเวลาในการรับสมัครเกษตรกรไม่สอดคล้องกับระยะเวลาการปลูกข้าวในนาของเกษตรกร
การที่มีเกษตรกรสมัครเข้าร่วมโครงการต่ำกว่าเป้าหมายที่กำหนดเนื่องจากระยะเวลาในการรับสมัครไม่สอดคล้องกับระยะเวลาการปลูกข้าวของเกษตรกร 
โครงการกำหนดให้เริ่มรับสมัครเกษตรกรในระหว่","โครงการปรับเปลี่ยนพื้นที่ทำนาไม่เหมาะสม เพื่อส่งเสริมการเลี้ยงโคเนื้อ 
มีแนวคิดในการดำเนินโครงการโดยการจูงใจให้เกษตรกรที่ปลูกข้าวอยู่ในพื้นที่ไม่เหมาะสมหรือเหมาะสมน้อยสำหรับการปลูกข้าว 
(N, S3) 
เปลี่ยนมาเลี้ยงโคเนื้อและใช้พื้นที่ดังกล่าวเพื่อปลูกพืชอาหาร","1. 
หากในอนาคตกรมปศุสัตว์ได้รับมอบหมายให้ดำเนินโครงการเพื่อส่งเสริมให้เกิดการปรับเปลี่ยนการเพาะปลูกพืชไปเป็นพืชชนิดอื่น 
หรือเปลี่ยนการปลูกพืชเป็นการทำปศุสัตว์ 
ควรพิจารณากำหนดช่วงเวลาในการเริ่มดำเนินโครงการโดยคำนึงถึงความเหมาะสมและสอดคล้องกับระยะเวลาที่เ","1. 
การที่เกษตรกรเข้าร่วมโครงการและการปรับเปลี่ยนพื้นที่ไม่เหมาะสมสำหรับการปลูกข้าวเพื่อปลูกพืชอาหารสัตว์ดำเนินการได้ต่ำกว่าเป้าหมายทำให้ไม่สามารถลดพื้นที่ปลูกข้าวที่ไม่เหมาะสมหรือพื้นที่เหมาะสมน้อย 
(N, S3) ได้ตามวัตถุประสงค์ของโครงการ 
ซึ่งจะส่งผลต่อการ"
FL-0061,การดำเนินงานไม่บรรลุวัตถุประสงค์เป้าหมายของโครงการ                                                  ,สำนักงานจังหวัดสตูล,โครงการพัฒนาเมืองสตูล,2560,,"1.การส่งมอบและการรับมอบทรัพย์สินสิ่งปลูกสร้างของโครงการฯล่าช้า
2.ขาดการบูรณาการในการสร้างกิจกรรมการท่องเที่ยวที่เป็นรูปธรรม
3.โครงการพัฒนาเมืองสตูลอยู่ในสภาพที่มีความชำรุดบกพร่องอย่างชัดเจน
","การดำเนินโครงการยังไม่บรรลุวัตถุประสงค์อย่างมีนัยสำคัญในด้านการส่งเสริมการท่องเที่ยว
","ให้ ผวจ.สตูล พิจารณาดำเนินการ ดังนี้
1.จัดให้มีการจัดทำแผนการส่งเสริมการท่องเที่ยวในพื้นที่โครงการพัฒนาเมืองสตูลที่มีความชัดเจนโดยเร็ว
2.กำกับดูแลให้มีการซ่อมแซมสิ่งก่อสร้างของโครงการพัฒนาเมืองสตูล 
ซึ่งผู้รับจ้างยังมีพันธะในการประกันความชำรุดบกพร่อง 
ให้","การที่โครงการยังไม่สามารถบรรลุวัตถุประสงค์อย่างมีนัยสำคัญในด้านการส่งเสริมการท่องเที่ยวที่กำหนดไว้ได้ 
ส่งผลให้เกิดความเสี่ยงในการใช้จ่ายเงินงบประมาณแผ่นดินที่จะเป็นไปโดยไม่คุ้มค่า
"
FL-0062,การดำเนินงานไม่บรรลุวัตถุประสงค์เป้าหมายของโครงการ                                                  ,สำนักงานท้องถิ่นจังหวัดสุราษฎร์ธานี,เงินอุดหนุนสนับสนุนการแก้ไขปัญหาการขาดแคลนน้ำอุปโภคบริโภคให้แก่ประชาชน ปีงบประมาณ 2558,2560,,"การจัดจ้างล่าช้าโดยมีการประกาศจัดจ้างหลายครั้งเนื่องจากไม่มีผู้มาซื้อเอกสารหรือไม่มีผู้สนใจยื่นเอกสารทำให้ต้องประกาศหลายครั้ง 
รวมทั้ง 
อปท.ได้รับจัดสรรงบประมาณพร้อมกันในขณะที่มีผู้รับจ้างก่อสรา้งจำนวนน้อยรายแต่รับงานหลายสัญญา 
ฯลฯ

","การดำเนินการก่อสรา้งระบบประปาหมู่บ้านล่าช้าไม่เป็นไปตามแผน

",,
FL-0063,การดำเนินงานไม่บรรลุวัตถุประสงค์เป้าหมายของโครงการ                                                  ,สำนักงานจังหวัดสุราษฎร์ธานี,โครงการเพิ่มมูลค่าผลิตภัณฑ์ยางพารา ปีงบประมาณ 2558,2560,,,"โรงงานผลิตยางคอมปาวด์เพื่อป้อนสู่โรงงานผลิตสายพานลำเลียงไม่ได้เปิดดำเนินกิจการ

",,
FL-0064,การดำเนินงานไม่บรรลุวัตถุประสงค์เป้าหมายของโครงการ                                                  ,ศูนย์การศึกษานอกโรงเรียนจังหวัดกาญจนบุรี,โครงการศูนย์ฝึกอาชีพชุมชน,2559,,,"ข้อตรวจพบที่ 1 
การดำเนินงานโครงการศูนย์ฝึกอาชีพชุมชนไม่มีประสิทธิภาพและไม่เป็นไปตามวัตถุประสงค์โครงการ
จากการตรวจสอบการดำเนินการโครงการศูนย์ฝึกอาชีพชุมชนของ กศน.จังหวัดกาญจนบุรี 
ตั้งแต่ปีงบประมาณ 2555 - 2559 พบว่า 
การดำเนินการโครงการศูนย์ฝึกอาชีพชุมชนไ","เพื่อให้การดำเนินงานโครงการศูนย์ฝึกอาชีพชุมชนของการศึกษานอกระบบและการศึกษาตามอัธยาศัย 
มีประสิทธิภาพและเกิดประสิทธิผล สำนักงานการตรวจเงินแผ่นดิน มีข้อเสนอแนะให้ 
กศน.จังหวัดกาญจนบุรี ดำเนินการดังนี้
	1. ให้ทบทวนการดำเนินกิจกรรมต่าง ๆ 
ที่ไม่เป็นไปตามวิธีก",
FL-0065,การดำเนินงานไม่บรรลุวัตถุประสงค์เป้าหมายของโครงการ                                                  ,สำนักงานธนารักษ์พื้นที่กำแพงเพชร,การบริหารจัดการที่ราชพัสดุของสำนักงานธนารักษ์พื้นที่,2560,,"1. 
ธนารักษ์พื้นที่และเจ้าหน้าที่ไม่มีการประชาสัมพันธ์หรือแจ้งข้อมูลข่าวสารให้หน่วยงานขอใช้ทราบถึงกฎ 
ระเบียบ และหลักเกณฑ์การใช้ที่ราชพัสดุอย่างจริงจังและต่อเนื่อง 2. 
ส่วนราชการ/อปท. ผู้ขอใช้ที่ราชพัสดุไม่ทราบหลักเกณฑ์ 
และแนวทางปฏิบัติเกี่ยวกับการใช้ประ","2. 
การบริหารจัดการที่ราชพัสดุโดยการจัดให้เช่าของสำนักงานธนารักษ์พื้นที่บางส่วนไม่เป็นไปตาม 
ระเบียบ หลักเกณฑ์และหนังสือสั่งการที่กำหนด
","ธนารักษ์พื้นที่กำแพงเพชร/ธนารักษ์พื้นที่พิจิตร
1. ตรวจสอบและจัดเก็บค่าธรรมเนียมการจัดประโยชน์กรณีที่ส่วนราชการ/อปท. 
ผู้ขอใช้นำที่ราชพัสดุไปจัดประโยชน์ตามประเด็นข้อตรวจพบที่ 1 
ให้ถูกต้องครบถ้วนในเบื้องต้นที่ตรวจพบของ สธพ.กำแพงเพชร จำนวนเงิน 
3,198,287.00","ธนารักษ์พื้นที่ไม่สามารถบริหารจัดการที่ราชพัสดุด้านการปกครอง การดูแล 
การบำรุงรักษา จากกรณีตามข้อตรวจพบ 
เรื่องการจัดประโยชน์บนพื้นที่ครอบครองของส่วนราชการ/อปท. 
การจัดเก็บรายได้ไม่เป็นไปตามระเบียบ หลักเกณฑ์ 
และหนังสือสั่งการที่กรมธนารักษ์กำหนด  การบริหา"
FL-0066,การดำเนินงานไม่บรรลุวัตถุประสงค์เป้าหมายของโครงการ                                                  ,สำนักงานจังหวัดแพร่,โครงการตามมาตรการส่งเสริมความเป็นอยู่ระดับตำบล (ตำบลละ 5 ล้านบาท) จ.แพร่,2560,,"1.คณะกรรมการบูรณาการกลั่นกรองระดับอำเภอและจังหวัด ไม่ได้กลั่นกรอง 
ตรวจสอบโครงการตามหลักเกณฑ์ที่กำหนด และไม่ได้ติดตาม ควบคุม 
ดูแลการดำเนินการว่าเป็นไปตามหลักเกณฑ์แต่ละขั้นตอน
2.เจ้าหน้าที่ที่เกี่ยวข้องทุกระดับชั้นปฏิบัติหน้าที่ไม่เป็นไปตามระเบียบและหนังส","1.การดำเนินโครงการไม่เป็นไปตามหลักเกณฑ์และแนวทางที่กำหนด
  1.1 การพิจารณาและดำเนินการไม่เป็นไปตามแนวทางและหนังสือสั่งการที่กำหนด
  1.2 ดำเนินโครงการไม่เป็นไปตามหลักเกณฑ์การขอใช้สถานที่ 
  1.3 
ดำเนินโครงการซ้ำซ้อนกับแผนงาน/โครงการ/กิจกรรมของส่วนราชการ/หน่","ข้อตรวจพบที่1. 
1.สั่งการให้นายอำเภอทุกอำเภอ รายงานรายการครุภัณฑ์/สิ่งก่อสร้างให้สำนักงานจังหวัดทราบ
2.ตรวจสอบการใช้จ่ายเงินงบประมาณของ 
อปท.ในพื้นที่ว่ามีการดำเนินการและเบิกจ่ายซ้ำกับโครงการตำบลละ 5 ล้านหรือไม่
3.ติดตามใบเสร็จรับเงินจากเจ้าหนี้ เพื่อประก","1.ที่เป็นตัวเงิน 
  ทำใหราชการเสียหาย 249,224.370บาท
2.ที่ไม่เป็นตัวเงิน
  ไม่เกิดการจ้างงานในพื้นที่ ไม่ได้ช่วยเหลือประชาชนผู้มีรายได้น้อย 
ปัญหาหรือความต้องการความช่วยเหลือของประชาชนไม่ได้รับการแก้ไขอย่างแท้จริง 

"
FL-0067,การดำเนินงานไม่บรรลุวัตถุประสงค์เป้าหมายของโครงการ                                                  ,สำนักงานพัฒนาชุมชนจังหวัดเชียงใหม่,กองทุนหมู่บ้านและชุมชนเมืองแห่งชาติ,2561,,"กองทุนหมู่บ้านไม่ได้จัดทำบัญชี งบการเงิน 
และจัดทำบัญชีงบการเงินไม่ครบถ้วนหรือ     
ไม่ถูกต้องตามคู่มือบัญชีกองทุนหมู่บ้านและชุมชนเมือง 
และระเบียบคณะกรรมการกองทุนหมู่บ้านและชุมชนเมืองแห่งชาติ พ.ศ. 2551 จำนวน 33 
กองทุน สาเหตุส่วนใหญ่ เนื่องมาจาก
1.	
คณะก","ข้อตรวจพบ การบัญชีกองทุนหมู่บ้านและชุมชนเมือง  
การจัดทำบัญชี และการจัดทำงบการเงิน 
ของกองทุนหมู่บ้านในพื้นที่จังหวัดเชียงใหม่ ปี พ.ศ. 2557 - 2558 จำนวน 33 
กองทุน พบว่า กองทุนหมู่บ้านไม่ได้จัดทำบัญชี  งบการเงิน 
และจัดทำบัญชีงบการเงินไม่ครบถ้วนหรือไม่ถูก","ข้อเสนอแนะ
เพื่อให้การดำเนินงานกองทุนหมู่บ้านและชุมชนเมือง และการใช้เงินงบประมาณ 
เป็นไปอย่างมีประสิทธิภาพ ประสิทธิผล บรรลุวัตถุประสงค์ 
1. ให้ ผู้ว่าราชการจังหวัดเชียงใหม่ 
(ประธานคณะอนุกรรมการสนับสนุนและติดตามการดำเนินงานกองทุนหมู่บ้านและชุมชนเมืองระดับ","ผลกระทบ
1.	กองทุนหมู่บ้านที่ไม่ได้จัดทำบัญชี และไม่ได้จัดทำงบการเงิน 
ทำให้ไม่สามารถสะท้อน ผลการดำเนินงาน และฐานะการเงินของกองทุน 
ส่งผลต่อการบริหารกองทุนหมู่บ้านเป็นไปอย่างไม่มีประสิทธิภาพ และประสิทธิผล
2.	กองทุนหมู่บ้านที่ไม่ได้จัดทำบัญชีแต่จัดทำงบการเง"
FL-0068,การดำเนินงานไม่บรรลุวัตถุประสงค์เป้าหมายของโครงการ                                                  ,องค์การบริหารส่วนจังหวัดอุดรธานี,"โครงการ""ช่วยภัยหนาว เพื่อชาวอุดร"" ประจำปีงบประมาณ พ.ศ.2557",2560,,"องค์การบริหารส่วนจังหวัดอุดรธานีไม่มีข้อมูลรายละเอียดผู้ประสบภัยหนาวเพื่อนำมาจัดทำบัญชีรายชื่อประชาชนที่ได้รับความเดือดร้อนที่แท้จริงที่จะแจกผ้าห่มกันหนาวแยกเป็นรายอำเภอ 
ตำบล และหมู่บ้าน 
และไม่ได้ให้ประชาชนลงลายมือชื่อในขณะที่ได้รับแจกผ้าห่มกันหนาวเพื่อ","ข้อตรวจพบ การดำเนินงานไม่บรรลุวัตถุประสงค์ของโครงการ
องค์การบริหารส่วนจังหวัดอุดรธานี จัดซื้อผ้าห่มกันหนาวจำนวน 124,000 ผืน 
โดยมีกลุ่มเป้าหมายเป็นประชาชนผู้ด้อยโอกาส ครอบครัวยากจน 
และประชาชนที่ขาดแคลนผ้าห่มกันหนาว 
จากการสุ่มตรวจสอบบัญชีรายชื่อประชาชนจำ","1.ในโอกาสต่อไปหากมีการจัดทำโครงการเพื่อให้ความช่วยเหลือประชาชนที่เดือดร้อนในลักษณะเช่นนี้อีก 
ต้องมีการบูรณาการกับส่วนราชการ/หน่วยงานที่เกี่ยวข้องอย่างเป็นรูปธรรม 
ให้กำชับเจ้าหน้าที่ผู้รับผิดชอบจัดทำสรุปจำนวนประชาชนที่ได้รับความเดือดร้อนอย่างแท้จริงที่จะ","ทำให้การใช้จ่ายเงินงบประมาณไม่ประหยัด ไม่คุ้มค่า 
และไม่เกิดประโยชน์สูงสุดต่อประชาชน 
สูญเสียโอกาสในการนำเงินงบประมาณไปช่วยเหลือประชาชนที่ประสบภัยหนาวอย่างแท้จริง
"
FL-0069,การดำเนินงานไม่บรรลุวัตถุประสงค์เป้าหมายของโครงการ                                                  ,สำนักงานเกษตรจังหวัดอุดรธานี,โครงการสร้างรายได้และพัฒนาการเกษตรแก่ชุมชนเพื่อบรรเทาปัญหาภัยแล้ง,2560,,"สาเหตุเนื่องจากไม่มีการพัฒนาขุดลอกแหล่งน้ำเพื่อให้สามารถกักเก็บน้ำได้ 
ติดตั้งมิเตอร์ไฟฟ้าไม่เหมาะสมกับการใช้งาน 
เกษตรกรยังไม่มีการรวมกลุ่มเพื่อกำหนดอัตราค่าใช้จ่ายในการสูบน้ำ 
ติดตั้งกังหันลมในการสูบน้ำโดยไม่ได้สำรวจสภาพพื้นที่และอัตรากำลังลม 
นำผลผลิตท","ข้อตรวจพบที่ ๑ การดำเนินการบางโครงการไม่เป็นไปตามหลักเกณฑ์ค่าจ้างแรงงาน
และค่าวัสดุอุปกรณ และการจัดทำโครงการไม่เป็นไปตามคู่มือการดำเนินงานโครงการ 
เกณฑ์การให้การสนับสนุนโครงการของชุมชน
๑.๑ การจ้างแรงงานลดลงจากที่ได้รับอนุมัติในครั้งแรก 
จากการตรวจสอบการดำ","เพื่อให้การดำเนินโครงการสร้างรายได้และพัฒนาการเกษตรแก่ชุมชนเพื่อบรรเทาปัญหาภัยแล้งบรรลุตามวัตถุประสงค์ของโครงการ 
สำนักงานการตรวจเงินแผ่นดินมีข้อเสนอแนะให้
ผู้ว่าราชการจังหวัดอุดรธานีในฐานะประธานคณะกรรมการบริหารโครงการสร้างรายได้และพัฒนา
การเกษตรแก่ชุมชนเ","การที่มีการจ้างแรงงานการจัดซื้อวัสดุอุปกรณ์/ครุภัณฑ์และการจัดทำโครงการไม่เป็น
ไปตามคู่มือการดำเนินงานโครงการสร้างรายได้และพัฒนาการเกษตรแก่ชุมชนเพื่อบรรเทา
ปัญหาภัยแล้งและเมื่อดำเนินโครงการแล้วเสร็จบางโครงการไม่มีการใช้ประโยชน์และ
บางโครงการมีการใช้ประโยชน"
FL-0070,การดำเนินงานไม่บรรลุวัตถุประสงค์เป้าหมายของโครงการ                                                  ,สำนักงานจังหวัดมุกดาหาร,การบริหารจัดการกองทุนพัฒนาบทบาทสตรีจังหวัดมุกดาหาร,2560,,,"ข้อตรวจพบที่ 1  การบริหารจัดการกองทุนยังไม่บรรลุวัตถุประสงค์
1.1  
กลุ่มสตรีส่วนใหญ่ไม่นำเงินกองทุนไปดำเนินการตามโครงการที่ขอรับการสนับสนุน
สมาชิกกองทุนต้องนำเงินกองทุนไปดำเนินการตามแผนงานโครงการที่เสนอ 
เพื่อพัฒนาอาชีพ สร้างงาน สร้างรายได้ 
หรือสำหรับการ","ข้อเสนอแนะ
	สำนักงานการตรวจเงินแผ่นดิน 
มีข้อเสนอแนะให้ประธานอนุกรรมการบริหารกองทุนพัฒนาบทบาทสตรีระดับจังหวัด 
ดำเนินการดังนี้
	1.  ในโอกาสต่อไปการพิจารณาอนุมัติเงินทุนหมุนเวียน 
สั่งการให้คณะอนุกรรมการบริหารกองทุนพัฒนาบทบาทสตรีระดับจังหวัด 
คณะอนุกรรมการ",
FL-0071,การดำเนินงานไม่บรรลุวัตถุประสงค์เป้าหมายของโครงการ                                                  ,สถานีพัฒนาที่ดินจังหวัดบุรีรัมย์,โครงการแหล่งน้ำในไร่นานอกเขตชลประทาน,2560,,,"1.การดำเนินงานยังไม่บรรลวัตถุประสงค์ และเป้าหมายที่กำหนด
2.การคัดเลือกเกษตรกรไม่ตรงตามกลุ่มเป้าหมาย
3.การดำเนินการล่าช้าไม่ทันฤดูฝน

",,
FL-0072,การดำเนินงานไม่บรรลุวัตถุประสงค์เป้าหมายของโครงการ                                                  ,องค์การบริหารส่วนจังหวัดสุรินทร์,โครงการฝึกอบรมส่งเสริมอาชีพการเลี้ยงไก่พันธุ์ไข่,2559,,"ข้อตรวจพบที่ 1 การดำเนินโครงการไม่บรรลุวัตถุประสงค์และไม่เกิดความยั่งยืน
1. อบจ.สุรินทร์ไม่มีการกำหนดตัวชี้วัด
2. 
เกษตรกรไม่นำความรู้ที่ได้รับจากการฝึกอบรมมาเลี้ยงไก่ให้ถูกต้องตามหลักวิชาการ
2.1 ไม่มีหลักเกณฑ์/วิธีการคัดเลือกเกษตรกรกลุ่มเป้าหมายของโครงกา","การดำเนินโครงการไม่บรรลุวัตถุประสงค์
","1. ผลการตรวจสอบ 
พบสาเหตุแห่งการไม่บรรลุวัตถุประสงค์ให้ดำเนินการทางวินัยตามควรแก่กรณี
2. จัดให้มีการติดตามผล ปรับปรุง 
ประเมินผลการดำเนินโครงการฝึกอบรมส่งเสริมอาชีพ
3. ขอให้พิจารณาทบทวน ระงับ ยับยั้ง โครงการที่มีจุดอ่อน

","1. เงินงบประมาณจำนวน 143,048,845.00 บาท เกิดความสูญเปล่า
2. เงินค่าวิทยากร จำนวน 457,000 บาท เกิดความสูญเปล่า
3. 
อบจ.สุรินทร์เสียโอกาสในการนำเงินงบประมาณไปพัฒนาด้านอื่นที่จำเป็นและเหมาะสม

"
FL-0073,การดำเนินงานไม่บรรลุวัตถุประสงค์เป้าหมายของโครงการ                                                  ,องค์การบริหารส่วนจังหวัดชลบุรี,โครงการติดตั้งกล้องวงจรปิดของ อบจ. ชลบุรี,2559,,"1.กล้องจำนวนมากไม่สามารถใช้งานได้
1.1สถานีตำรวจที่ติดกล้องบางแห่งขาดการดูแลบำรุงรักษากล้องวงจรปิดตามโครงการเท่าที่ควร
1.2เจ้าหน้าที่ตำรวจที่ดูแลกล้องวงจรปิดบางส่วนขาดความรู้ความเข้าใจเกี่ยวกับระบบกล้องวงจรปิด
1.3นโยบายเรื่องการกำกับดูแล 
บำรุงรักษากล้องขอ","1.กล้องวงจรปิดส่วนใหญ่ไม่สามารถใช้ประโยชน์ได้ตามวัตถุประสงค์โครงการ 
โดยกล้องจำนวนมากไม่สามารถใช้งานได้ ภาพที่ได้จากกล้องตามโครงการบางภาพไม่ชัด 
การดูแลและบำรุงรักษาอุปกรณ์เป็นไปอย่างล่าช้า
","1.ควรมีการจัดทำข้อตกลงเป็นลายลักษณ์อักษรกับสถานีตำรวจภูธรต่างๆ 
ถึงแนวทางในการบริหารจัดการ ความรับผิดชอบในเรื่องค่าไฟฟ้าที่ห้องควบคุมกล้อง 
การควบคุมกำกับดูแลทรัพย์สินตามโครงการของเจ้าหน้าที่ผู้รับผิดชอบของสถานีตำรวจ
2จัดให้มีการอบรมให้ความรู้เจ้าหน้าที่ต","1.ทำให้เกิดความสูญเปล่าของงบประมาณ
2.ทำให้ขาดความต่อเนื่องในการใช้งาน
3.ทำให้ต้องมีการใช้งบประมาณในการซ่อมบำรุงกล้องที่ไม่สามารถใช้งานได้สูงกว่าที่ควร
"
FL-0074,การดำเนินงานไม่บรรลุวัตถุประสงค์เป้าหมายของโครงการ                                                  ,สำนักงานท้องถิ่นจังหวัดสระบุรี,โครงการถนนสายวัฒนธรรมไท-ยวน,2561,,"   
การที่สำนักงานส่งเสริมการปกครองท้องถิ่นจังหวัดสระบุรีไม่สามารถบริหารจัดการโครงการตามแนวทางที่กำหนดไว้ได้นั้น 
เกิดจากสาเหตุ ดังนี้
  1.สำนักงานฯ ไม่สามารถส่งมอบอาคารศูนย์ท่องเที่ยวพร้อมระบบสารสนเทศ 
รวมทั้งสิ่งก่อสร้างและทรัพย์สินอื่นๆ ของโครงการฯ ให้","ข้อตรวจพบ : การบริหารจัดการโครงการถนนสายวัฒนธรรมไท-ยวน 
ยังไม่เป็นไปตามแนวทางที่กำหนด
   จากการตรวจสอบ พบว่า สำนักงานส่งเสริมการปกครองท้องถิ่นจังหวัดสระบุรี 
ได้ดำเนินโครงการถนนสายวัฒนธรรมไท-ยวน 
โดยใช้จ่ายจากงบประมาณรายจ่ายประจำปีงบประมาณ พ.ศ.2556 งบกลาง","   
1.เร่งรัดให้บริษัทผู้รับจ้างดำเนินการซ่อมแซมแก้ไขทรัพย์สินของโครงการที่ชำรุด 
รวมทั้งตรวจสอบงานระบบข้อมูลสารสนเทศการจัดการท่องเที่ยวซึ่งยังไม่เคยเปิดใช้งานมาก่อน 
เพื่อให้อยู่ในสภาพที่สามารถใช้งานได้อย่างมีประสิทธิภาพ 
หากพบความชำรุดบกพร่องให้รีบแจ้งผ","   การที่สำนักงานฯ ยังไม่สามารถบริหารจัดการโครงการตามแนวทางที่กำหนดได้ 
ส่งผลกระทบ ดังนี้
   1.ผลการดำเนินงานโครงการฯ 
ยังไม่บรรลุวัตถุประสงค์และเป้าหมายของโครงการที่กำหนดไว้ 
โดยเฉพาะด้านการส่งเสริมให้ประชาชนเดินทางมาท่องเที่ยวในเส้นทางถนนสายวัฒนธรรมไท-ย"
FL-0075,การดำเนินงานไม่บรรลุวัตถุประสงค์เป้าหมายของโครงการ                                                  ,เทศบาลเมืองปราจีนบุรี อำเภอเมือง ปราจีนบุรี,โครงการระบบจัดการขยะมูลฝอยแบบผสมผสานของเทศบาลเมืองปราจีนบุรี,2560,,"การที่รูปแบบการจัดการขยะมูลฝอยของระบบจัดการมูลฝอยแบบผสมผสานเทคโนโลยีไม่เหมาะสม 
เกิดจากสาเหตุสำคัญ ดังนี้
  
1.ข้อจำกัดทางด้านงบประมาณที่จะนำมาดำเนินการให้รูปแบบการจัดการขยะมูลฝอยของระบบจัดการมูลฝอยแบบผสมผสานเทคโนโลยีเป็นไปอย่างเหมาะสม 
ทำให้ไม่สามารถจัดใ","รูปแบบการจัดการขยะมูลฝอยของระบบจัดการมูลฝอยแบบผสมผสานเทคโนโลยีไม่เหมาะสม 
เนื่องจากไม่มีระบบการคัดแยกขยะมูลฝอยและรูปแบบการรองรับปัญหากลิ่นเหม็นรบกวนจากการฝังกลบขยะมูลฝอย 
รายละเอียดดังนี้
  1.ระบบจัดการมูลฝอยแบบผสมผสานเทคโนโลยีไม่มีระบบการคัดแยกขยะมูลฝอย
","ให้นายกเทศมนตรีเมืองปราจีนบุรีพิจารณาจัดประชุมหารือร่วมกบคณะกรรมการจัดทำและติดตามประเมินผลแผนปฏิบัติการเพื่อการจัดการคุณภาพสิ่งแวดล้อมในระดับจังหวัด 
หรือคณะกรรมการบริหารจัดการขยะมูลฝอยของจังหวัด 
เพื่อกำหนดรูปแบบระบบการคัดแยกขยะมูลฝอย 
รูปแบบการรองรับปัญ","1.ทำให้เกิดปัญหาการปนเปื้อนต่อสิ่งแวดล้อมและส่งกลิ่นเหม็นรบกวน 
สร้างความเดือดร้อนรำคาญ และเกิดผลกระทบต่อสุขภาพอนามัยของประชาชนในพื้นที่ 
เนื่องจากไม่ได้มีการคัดแยกขยะที่ระบบจัดการมูลฝอยแบบผสมผสานเทคโนโลยีไม่สามารถกำจัดได้ออกไป 
และไม่มีรูปแบบการรองรับปัญ"
FL-0076,การดำเนินงานไม่บรรลุวัตถุประสงค์เป้าหมายของโครงการ                                                  ,สำนักนายกรัฐมนตรี,กองทุนหมู่บ้านและชุมชนเมืองแห่งชาติ,2561,,"1.กองทุนหมู่บ้านยังมีปัญหาหนี้ค้างชำระและ/หรือเงินขาดบัญชีในบัญชีที่ 
1 เป็นจำนวนมาก โดยเฉพาะกองทุนชุมชนเมือง

2.กองทุนหมู่บ้านส่วนใหญ่ไม่ทราบระยะเวลาการค้างชำระและ/หรือเงินขาดบัญชีที่ชัดเจน 
บางกองทุนหมู่บ้านที่ทราบระยะเวลาฯ ที่ชัดเจน 
มีระยะเวลาการค้างช","ข้อตรวจพบที่ 1กองทุนหมู่บ้านที่สุ่มตรวจสอบ (กองทุนหมู่บ้านที่ไม่เป็นนิติบุคคล 
เป็นนิติบุคคล และเป็นสถาบันการเงินชุมชน) 
ประสบปัญหาหนี้ค้างชำระและ/หรือเงินขาดบัญชีในบัญชีที่ 1 
บางกองทุนหมู่บ้านหยุดดำเนินกิจกรรม ซึ่งมีความเสี่ยงสูงมากที่จะล้มเหลวหรืออาจ
เ","ข้อเสนอแนะ
สำนักงานการตรวจเงินแผ่นดินมีข้อเสนอแนะให้คณะกรรมการกองทุนหมู่บ้านและชุมชนเมือง
แห่งชาตและผู้อำนวยการสำนักงานกองทุนหมู่บ้านและชุมชนเมืองแห่งชาติ 
พิจารณาดำเนินการดังนี้
1. คณะกรรมการกองทุนหมู่บ้านและชุมชนเมืองแห่งชาติ (กทบ.) 
ซึ่งมีบทบาทหน้าที่ต",
FL-0077,การดำเนินงานไม่บรรลุวัตถุประสงค์เป้าหมายของโครงการ                                                  ,กรมการพลังงานทหาร,การส่งเสริมสนับสนุนการผลิตและการใช้พลังงานทดแทน,2561,,"ไม่มีการใช้ประโยชน์
","เครื่องมืออุปกรณ์ระบบการผลิตและผลผลิตไม่มีการใช้ประโยชน์ตามวัตถุประสงค
์และขาดการดูแลบำรุงรักษา
","1. 
สั่งการให้มีการทบทวนและปรับปรุงกระบวนการสนับสนุนการผลิตและการใช้พลังงานทดแทน
ของกรมการพลังงานทหารให้เป็นไปในเชิงวิชาการ 
โดยคำนึงถึงการมีข้อมูลที่ถูกต้องและครบถ้วน 
มีการสอบทานข้อมูลให้สอดคล้องตรงตามข้อเท็จจริง 
และมีการวิเคราะห์ถึงศักยภาพในการดำเนินก",
FL-0078,การดำเนินงานไม่บรรลุวัตถุประสงค์เป้าหมายของโครงการ                                                  ,กรมศิลปากร,การพัฒนาและส่งเสริมงานพิพิธภัณฑสถานแห่งชาติเพื่อการอนุรักษ์ศิลปวัฒนธรรมและเพิ่มศักยภาพการท่องเที่ยว,2560,,"สาเหตุสำคัญที่ทำให้การใช้จ่ายเงินไม่เป็นไปตามวัตถุประสงค์ของกองทุนโบราณคดี 
เกิดจากความไม่ชัดเจนของระเบียบกระทรวงศึกษาธิการว่าด้วยการเก็บรักษาและการจ่ายเงินกองทุนโบราณคดี 
พ.ศ. 2534 กล่าวคือ 
1.ข้อกำหนดการจ่ายเงินกองทุนโบราณคดี ข้อ 6 ของระเบียบกระทรวงศึกษ","2.การใช้จ่ายเงินไม่เป็นไปตามวัตถุประสงค์ของกองทุนโบราณคดี
จากการตรวจสอบการใช้จ่ายเงินกองทุนโบราณคดี ในส่วนของรายจ่ายค่าจ้าง 
ค่าตอบแทน ค่าใช้สอย ค่าวัสดุ และเงินสนับสนุนจังหวัดประจำปี ในปีงบประมาณ 
พ.ศ. 2556 - 2559 พบว่า การใช้จ่ายเงินไม่เป็นไปตามวัตถุประ","เพื่อให้การใช้จ่ายเงินกองทุนโบราณคดีเป็นไปตามวัตถุประสงค์และมีประสิทธิภาพ 
สำนักงานการตรวจเงินแผ่นดินจึงมีข้อเสนอแนะให้อธิบดีกรมศิลปากรพิจารณาดำเนินการ 
ดังนี้
1.ให้ทบทวนระเบียบกระทรวงศึกษาธิการว่าด้วยการเก็บรักษาและการจ่ายเงินกองทุน
โบราณคดี พ.ศ. 2534 ข้","การใช้จ่ายเงินไม่เป็นไปตามวัตถุประสงค์ของกองทุนโบราณคดี 
ทำให้งาน/โครงการ/กิจกรรม ที่เกี่ยวกับกิจการด้านโบราณสถานหรือการพิพิธภัณฑ
เสียโอกาสในการได้รับจัดสรรเงินเพื่อนำไปใช้จ่ายในกิจการอันเป็นประโยชน์แก่
โบราณสถานหรือการพิพิธภัณฑ์ตามวัตถุประสงค์ของกองทุนโบ"
FL-0079,การดำเนินงานไม่บรรลุวัตถุประสงค์เป้าหมายของโครงการ                                                  ,กรมการข้าว,โครงการปรับโครงสร้างการผลิตข้าว,2562,,"ด้านการลดต้นทุนการผลิต
1. 
การส่งเสริมให้ชาวนารวมกลุ่มผลิตปัจจัยการผลิตไว้ใช้เองเพื่อลดต้นทุนการผลิต
1.1 
กลุ่มเกษตรกรยังไม่สามารถดำเนินการในรูปแบบธนาคารปุ๋ยอินทรีย์และปุ๋ยชีวภาพได้
1.2 
กลุ่มเกษตรกรผู้บริหารจัดการศัตรูข้าวยังไม่สามารถดำเนินการตามหลักการข","การดำเนินกิจกรรมในโครงการปรับปรุงประสิทธิภาพการผลิตและคุณภาพผลผลิตยังไม่เป็นไปตามเป้าหมายและความคาดหวังที่กำหนดไว้
","1. การดำเนินกิจกรรมในระยะต่อไปหรือโครงการอื่นที่มีลักษณะเดียวกัน 
ควรสั่งการหน่วยงานที่เกี่ยวข้องสำรวจความต้องการและสภาพพื้นที่ของการผลิตข้าวของเกษตรกร 
รวมถึงพิจารณาความสอดคล้องกับฤดูกาลในการเพาะปลูก
2. กำกับ ดูแลติดตาม 
ให้ความช่วยเหลือและเป็นที่ปรึกษาใ","1. 
การส่งเสริมให้ชาวนารวมกลุ่มผลิตปัจจัยการผลิตไว้ใช้เองเพื่อให้สามารถลดต้นทุนการผลิตยังไม่ประสบความสำเร็จ 
ทำให้ไม่สามารถบรรลุเป้าหมายการลดต้นทุนการผลิตต่อพื้นที่ 
และลดต้นทุนการผลิตต่อหน่วยผลผลิต 
รวมถึงการเพิ่มผลผลิตต่อพื้นที่ตามที่กำหนดไว้ได้
2. จากผ"
FL-0080,การดำเนินงานไม่บรรลุวัตถุประสงค์เป้าหมายของโครงการ                                                  ,สำนักงานสิ่งแวดล้อมที่ 16 สงขลา,โครงการภายใต้แผนแม่บทพัฒนาลุ่มน้ำทะเลสาบสงขลา,2558,,"1.ขาดการขับเคลื่อนในระดับนโยบาย
2.ขาดการบูรณาการระหว่างหน่วยงานในการดำเนินโครงการภายใต้แผนแม่บท
3.ไม่มีคณะกรรมการในระดับพื้นที่จังหวัด ทำหน้าที่ กำกับ ดูแล 
ติดตามประเมินผลการดำเนินการ 
รวมถึงประชุมร่วมกับหน่วยงานที่มีหน้าที่พัฒนาลุ่มน้ำทะเลสาบสงขลา 
เพื่","การดำเนินโครงการภายใต้แผนแม่บทการพัฒนาลุ่มน้ำทะเลสาบสงขลา
บางโครงการไม่เป็นไปตามเป้าหมาย
","คณะกรรมการพัฒนาลุ่มน้ำทะเลสาบสงขลา
 1.พิจารณาการจัดทำกรอบแผนงบประมาณและการจัดสรรงบประมาณให้สอดคล้องกัน
 2.กำหนดให้มีการประชุมคณะกรรมการฯ และคณะอนุกรรมการฯ อย่างต่อเนื่อง
 3.ให้ตั้งคณะกรรมการในระดับพื้นที่ 
ให้มีหน้าที่รวบรวมผลการดำเนินการของแต่ละโครงการย่","1.ทำให้การฟื้นฟูและพัฒนาพื้นที่ลุ่มน้ำทะเลสาบสงขลาไม่ประสบผลสำเร็จเท่าที่ควร
2.จากการที่สถานีสูบน้ำที่ 4 หม้อแปลงไฟฟ้าชำรุดเสียหาย 
ไมาสามารถสูบน้ำเข้าโรงสูบน้ำได้ ทำให้ต้องให้สถานีสูบน้ำที่ 3 การบำบัดแทน 
ทำให้ระบบบำบัดไม่ได้ใช้ประโยชน์เป็นระยะเวลา 5 เดื"
FL-0081,การดำเนินงานไม่บรรลุวัตถุประสงค์เป้าหมายของโครงการ                                                  ,สำนักงานปศุสัตว์จังหวัดนครศรีธรรมราช,โครงการนครเกษตรก้าวหน้าประจำปีงบประมาณ 2557,2559,,"1.พื้นที่ดำเนินการบางอำเภอได้รับพันธุ์ผักที่ไม่สมบูรณ์
2.กรณีแจกสารชีวภํณฑ์ไม่ตรงตามกลุ่มเป้าหมายเนื่องจากไม่มีเอกสารหลักฐานที่แสดงให้ทราบว่าวัสดุดังกล่าวเป็นของกิจกรรมใด 
จ่ายให้เกษตรกรรายใด จำนวนเท่าใด
3.ไม่ให้ความสำคัญในขบวนการคัดเลือกเกษตรกรที่มีคุณสม","1.การดำเนินงานตามโครงไม่บรรลุผลสำเร็จตามเป้าหมายและวัตถุประสงค์ที่กำหนด
1.1ผลการดำเนินงานไม่เป็นไปตามแผนงานที่กำหนด
สำนักงานเกษตรจังหวัดนครศรีธรรมราช
1.1.1กิจกรรมศูนย์พันธุ์ผักและพันธุ์ไม้ชุมชนจังหวัดนครศรีธรรมราชแจกจ่ายพันธุ์ผักไม่เป็นไปตามบัญชีจัดสรรและ","1.ให้สนับสนุนแจกจ่ายวัสดุให้ตรงตามกิจกรรม ชนิด จำนวนตามบัญชีจัดสรร
2.ทบทวนการแจกจ่ายพันธุ์พืชที่มีลักษณะอ่อนแอว่ามีความเหมาะสมหรือไม่
3.ให้คณะกรรมการตรวจรับพัสดุปฏิบัติหน้าทีี่ตรวจรับพัสดุให้เป็นไปตามคุณลักณณะอย่างเคร่งครัด
4.เร่งรัดและติดตามให้มีการปลูกต","1.ส่งมอบแปลงขุดคูยกร่องล่าช้าส่งผลกระทบให้ต้นส้มโอที่ได้รับแจกตายก่อนปลูก
2.ทำให้เกษตรที่มีความตั้งใจในการเข้าร่วมโครงการขาดโอกาสได้รับการช่วยเหลือสนับสนุนจากทางราชการ
3.ทำให้ราชการสุญเสียงบประมาณไม่คุ้มค่ากับผลที่คาดว่าจะได้รับ
"
FL-0082,การดำเนินงานไม่บรรลุวัตถุประสงค์เป้าหมายของโครงการ                                                  ,สำนักงานเขตพื้นที่การศึกษามัธยมศึกษา เขต 13,โครงการบริหารจัดการเงินรายได้สถานศึกษาของโรงเรียนในสังกัดสำนักงานเขตพื้นที่การศึกษามัธยมศึกษาเขต 12และเขต13,2559,,"1. โรงเรียนขาดระบบการควบคุมภายในที่ดี 
2. โรงเรียนขาดจิตสำนักในเรื่องการใช้จ่ายเงินรายได้
3. ผู้บริหารและข้าราชการ ขาดซึ่งความรับผิดชอบในการปฏิบัติตามระเบียบ 
กฎหมาย ข้อบังคับของทางราชการ
","2.การก่อหนี้ผูกพันและใช้จ่ายเงินรายได้สถานศึกษา ไม่เป็นไปตามระเบียบ
","สั่งการให้สถานศึกษาในสังกัดทั้งหมด 
ดำเนินการตามระเบียบสำนักงานคณะกรรมการการศึกษาขั้นพื้นฐานว่าด้วยการบริหารจัดการ
เกี่ยวกับเงินรายได้สถานศึกษาขั้นพื้นฐานที่เป็นนิติบุคคลในสังกัดเขตพื้นที่
การศึกษา พ.ศ. 2549 และดำเนินการตามระบเียบการเบิกจ่ายเงินจากคลัง 
ก","การบริหารจัดการเงินรายได้สถานศึกษาไ่เป็นไปตามกฎหมาย ระบเบียบ คำสั่ง และ
ประกาศที่เกี่ยวขัอง ทำให้เกิดการไม่ประหยัด ไม่คุ้มค่า  
ไม่เกิดประโยชน์เท่าที่ควร เกิดการสูญเปล่าและเสียโอกาสในการนำเงินดังกล่าว
ไปใช้ในการพัฒนาการศึกษา
"
FL-0083,การดำเนินงานไม่บรรลุวัตถุประสงค์เป้าหมายของโครงการ                                                  ,สำนักงานท้องถิ่นจังหวัดสุราษฎร์ธานี,การบริหารจัดการกำจัดขยะมูลฝอยขององค์กรปกครองส่วนท้องถิ่นจังหวัดสุราษฎร์ธานี ปีงบประมาณ 2557-2558,2559,,,"การบริหารจัดการขยะมลฝอยเป็นไปอย่างไม่มีประสิทธิภาพ

",,
FL-0084,การดำเนินงานไม่บรรลุวัตถุประสงค์เป้าหมายของโครงการ                                                  ,สำนักงานจังหวัดสุราษฎร์ธานี,โครงการการบริหารจัดการการผลิตปาล์มน้ำมันกลุ่มจังหวัดภาคใต้ฝั่งอ่าวไทย ประจำปีงบประมาณ 2557,2559,,,,,
FL-0085,การดำเนินงานไม่บรรลุวัตถุประสงค์เป้าหมายของโครงการ                                                  ,สำนักงานส่งเสริมการปกครองท้องถิ่นจังหวัดกำแพงเพชร,การดำเนินโครงการจัดฝึกอบรมและศึกษาดูงานขององค์กรปกครองส่วนท้องถิ่น ในจังหวัดกำแพงเพชร,2559,,"1. 
เจ้าหน้าที่จัดทำโครงการยังขาดความรู้ความเข้าใจในกระบวนการ/ขั้นตอนการจัดทำโครงการที่ดี 
ซึ่1.1 การกำหนดกลุ่มเป้าหมายโครงการที่มีความหลากหลายเกินไป 1.2. 
การกำหนดกิจกรรมการศึกษาดูงานโดยไม่พิจารณาถึงความสอดคล้องของเรื่องที่ฝึกอบรม1.3 
กรณี อปท. 
ส่วนใหญ่","ในการตรวจสอบกระบวนการขั้นตอนในการจัดทำโครงการฝึกอบรมและศึกษาดูงานพบว่ามีการดำเนินการไม่เป็นไปตามกระบวนการและหลักการที่ดีในการฝึกอบรมและศึกษาดูงาน 
ดังนี้
1.1 ไม่มีการสำรวจและวิเคราะห์สภาพปัญหา
1.2 การกำหนดกลุ่มเป้าหมายของโครงการไม่เหมาะสม1.3 
การประเมินผล","!""	
นายกองค์การบริหารส่วนจังหวัด/นายกเทศมนตรี/นายกองค์การบริหารส่วนตำบล1.1 
ให้มีการสำรวจสภาพปัญหาและความจำเป็นอย่างจริงจัง 1.2 
ต้องมีการกำหนดหลักสูตรที่มีการฝึกอบรมและกิจกรรมการศึกษาดูงานที่สอดคล้องกัน 
1.3 กำหนดเนื้อหาสาระของหลักสูตรให้เหมาะสมกับกลุ่มเ","1. 
ทำให้การดำเนินโครงการไม่บรรลุผลสำเร็จตามวัตถุประสงค์ที่ต้องการพัฒนาศักยภาพ/เพิ่มประสิทธิภาพเจ้าหน้าที่ท้องถิ่นหรือบุคลากรภายนอก 
2. การใช้จ่ายเงินงบประมาณไม่เกิดความคุ้มค่า 3. ทำให้ปัญหาต่างๆ 
ของหน่วยงานไม่ได้รับการแก้ไขปรับปรุงอย่างแท้จริง 4. 
ทำให้"
FL-0086,การดำเนินงานไม่บรรลุวัตถุประสงค์เป้าหมายของโครงการ                                                  ,สำนักงานทรัพยากรธรรมชาติและสิ่งแวดล้อมจังหวัดแพร่,โครงการส่งเสริมการปลูกไม้เศรษฐกิจที่มีศักยภาพและไผ่รวมทั้งพืชสมุนไพรระบบวนเกษตรอย่างมีส่วนร่วม,2558,,"""1.ผู้อนุมัติโครงการฯ ไม่ควบคุม

","""ข้อตรวจพบที่ 1 การกำหนดตัวชี้วัด

","1.ให้ผู้ว่าราชการจังหวัดแพร่

","1. ขาดตัวชี้วัด

"
FL-0087,การดำเนินงานไม่บรรลุวัตถุประสงค์เป้าหมายของโครงการ                                                  ,สำนักงานจังหวัดเชียงราย,โครงการพัฒนาเชียงรายให้เป็นแหล่งผลิตและจำหน่ายสินค้าเกษตรคุณภาพ,2559,,"ที่กิจกรรมไม่ประสบผลสำเร็จหรือประสบผลสำเร็จบางส่วน เกิดจากหลายปัจจัย เช่น 
ขั้นตอนการพิจารณากลั่นกรองโครงการโดยขาดความระมัดระวังรอบคอบไม่เป็นไปตามหลักเกณฑ์ที่กำหนดการกำหนดกิจรรมไม่สอดคล้องกับวัตถุประสงค์โครงการ 
การกำหนดกลุ่มเป้าหมายที่เข้าร่วมกิจกรรมอย่า","ข้อตรวจพบ 
การดำเนินงานโครงการพัฒนาเชียงรายให้เป็นแหล่งผลิตและจำหน่ายสินค้าเกษตรคุณภาพ 
ตามแผนปฏิบัติราชการประจำปีจังหวัดเชียงราย ประจำปีงบประมาณ 2557 
ไม่ประสบผลสำเร็จ
ผลการตรวจสอบจำแนกผลสำเร็จของการดำเนินกิจกรรมเป็น 2 ระดับ ดังนี้
1.	กิจกรรมที่ไม่ประสบผ","ข้อเสนอแนะ ให้หน่วยงานที่รับผิดชอบดำเนินการ ดังนี้
เกษตรจังหวัดเชียงราย
1.	กิจกรรมพัฒนาคุณภาพข้าวปลอดสารพิษเพื่อการตลาดอาหารสุขภาพและ
เพื่อเตรียมความพร้อมก้าวสู่ประชาคมอาเซียน 
	
สั่งกำชับให้ผู้รับผิดชอบโครงการและผู้ที่เกี่ยวข้องให้ความสำคัญในการจัดทำโครง","โครงการไม่ประสบผลสำเร็จหรือประสบผลสำเร็จบางส่วน 
มีการใช้จ่ายงบประมาณอย่างไม่คุ้มค่า ไม่มีประสิทธิภาพ และประสิทธิผล 
ตามวัตถุประสงค์ของโครงการที่กำหนดไว้!
"
FL-0088,การดำเนินงานไม่บรรลุวัตถุประสงค์เป้าหมายของโครงการ                                                  ,เทศบาลตำบลหัวช้าง,โครงการก่อสร้างลานกีฬา/สนามกีฬา ขององค์กรปกครองส่วนท้องถิ่นปีงบประมาณ พ.ศ.2555 - 2556,2559,,"  1.นโยบายและแนวทางการส่งเสริมกีฬา ผู้บริหารไม่ให้ความสำคัญจัดงบประมาณเพื่อการ
ส่งเสริมการกีฬาให้มากพอและสอดคล้องกันในทุกๆ ด้าน ตามมาตรฐานการส่งเสริมกีฬา
  2.การเปิดโอกาสให้ เด็ก เยาวชน และประชาชนทั่วไปมีส่วนร่วมไม่มากพอ
  3.ลานกีฬา/สนามกีฬาที่ก่อสร้างแล้","   การดำเนินโครงการไม่บรรลุวัตถุประสงค์ ลานกีฬา/สนามกีฬาได้รับการส่งเสริม
ด้านกีฬาไม่ได้ตามมาตรฐานการส่งเสริมกีฬาของกรมส่งเสริมการปกครองท้องถิ่น 
การใช้ประโยชน์ไม่คุ้มค่า ดังนี้
   1.ลานกีฬา/สนามกีฬาได้รับการส่งเสริมด้านกีฬาไม่ได้ตามมาตรฐานการส่งเสริมกีฬา","  1.ตรวจสอบความพร้อมของลานกีฬา/สนามกีฬาและอุปกรณ์ประกอบ ซ่อมแซมปรับปรุงให้
อยู่ในสภาพพร้อมใช้งานรวมทั้งกำหนดแนวทางต่อเติมส่วนประกอบที่สำคัญอื่นๆ เช่น 
ไฟส่องสว่างรั้วหรือตาข่ายกั้นลูกฟุตซอลและหลังคา เพื่อให้การใช้ประโยชน์เป็นไป
อย่างคุ้มค่าโดยพิจารณาจากคว","  1.ความไม่พร้อมของลาน/สนามกีฬา ทำให้เด็ก เยาวชน และประชาชนไม่สามารถใช้ลานกีฬา/
สนามกีฬา เพื่อเล่นกีฬาได้ตามวิธีการเล่นกีฬาแต่ละชนิดได้อย่างถูกต้อง และ
เกิดทักษะการเล่นที่ดี
  2.เด็ก เยาวชน และประชาชน ส่วนหนึ่งไม่ใช้ลานกีฬา/สนามกีฬา เนื่องจากไม่ม
ลานกีฬา/"
FL-0089,การดำเนินงานไม่บรรลุวัตถุประสงค์เป้าหมายของโครงการ                                                  ,จังหวัดขอนแก่น,โครงการเพิ่มมูลค่าเพิ่มการผลิตและแปรรูปสัตว์เศรษฐกิจ (โคเนื้อและไก่ลูกผสมพื้นเมือง) คุณภาพครบวงจรรองรับตลาดอาเซียน,2559,,"   1.สำนักงานปศุสัตว์จังหวัดขอนแก่น ไม่ปรับลดค่าเป้าหมายแม่พันธุ์โคเนื้อ
ที่กำหนดไว้ในโครงการจากการใช้ฐานข้อมูลที่สำรวจเมื่อปี พ.ศ. 2555 เพี่อประกอบ
การขอรับการจัดสรรงบประมาณ ซึ่งจากการสำรวจใหม่ในปีงบประมาณ 2557 จำนวน
แม่พันธุ์โคเนื้อลดลงเหลือเพียง 62,776","  การดำเนินงานไม่บรรลุวัตถุประสงค์ของโครงการ
    จากการตรวจสอบสรุปผลการดำเนินงานโครงการของสำนักงานปศุสัตว์จังหวัดขอนแก่น 
ตั้งแต่เดือนมีนาคม - เดือนกันยายน 2557 และการเปรียบเทียบเป้าหมายโครงการกับ
ผลการดำเนินงาน พบว่า จำนวนแม่พันธุ์โคที่ตั้งท้อง จำนวนไก่ล","  1.ให้สำรวจข้อมูลและทบทวนกลุ่มเป้าหมายก่อนดำเนินโครงการ เพื่อให้การดำเนินงาน
โครงการเป็นไปตามข้อมูลที่เป็นปัจจุบันหรือใกล้เคียงกับข้อมูลจริงให้มากที่สุด
  2.การจัดหาปัจจัยการผลิต ควรคำนึงถึงจำนวนพื้นที่ของเกษตรกร ความเหมาะสม
ในการจัดหาปัจจัยการผลิตในแต่ล","   1.จำนวนแม่พันธุ์โคเนื้อไม่ตั้งท้องเพื่อไว้ขยายพันธุ์ตามเป้าหมายที่กำหนด 
ส่งผลกระทบให้ปริมาณเนื้อโคลดลง เนื้อสัตว์ราคาแพง และไม่เพียงพอต่อความต้องการ
ของผู้บริโภค 
   2.เกษตรกรไม่มีอาหารสัตว์ที่เพียงพอในการเลี้ยงโคเนื้อ เนื่องจากได้รับ
เมล็ดพันธุ์ช่วงฤ"
FL-0090,การดำเนินงานไม่บรรลุวัตถุประสงค์เป้าหมายของโครงการ                                                  ,เทศบาลตำบลโคกสูง,โครงการป้องกันและแก้ไขปัญหายาเสพติด (ก่อสร้างลานกีฬา),2559,,"ลานกีฬาและอุปกรณ์ชำรุดเสียหาย ลานกีฬาอเนกประสงค์มีวัชพืชขึ้นปกคลุมจำนวนมาก 
สาเหตุเกิดจากองค์การบริหารส่วนตำบลนาม่วง ขาดการดูแลและซ่อมแซมอุปกรณ์ 
สิ่งก่อสร้างให้อยู่ในสภาพพร้อมใช้งาน และไม่มีการเผยแพร่ประชาสัมพันธ์ 
หรือจัดกิจกรรมเพื่อรณรงค์ให้ประชาชนและเ","สิ่งก่อสร้างหรืออุปกรณ์ ไม่มีการใช้ประโยชน์หรือมีการใช้ประโยชน์
แต่ไม่เป็นไปตามวัตถุประสงค์
	ลานกีฬาอเนกประสงค์ จากการตรวจสอบ พบว่า มีประชาชน/เยาวชน
เข้ามาเล่นกีฬาหรือออกกำลังกายจำนวนน้อยเฉลี่ยวันละ ๑๐-๑๕ คน ส่วนใหญ่
องค์การบริหารส่วนตำบลนาม่วงจะนำไปใช้ใน","1.ในโอกาสต่อไปหากมีการจัดทำโครงการหรือเสนอโครงการเพื่อขอรับการสนับสนุน
งบประมาณ ควรมีการสำรวจความต้องการ ความเหมาะสมของสภาพพื้นที่ และให้คำนึง
ถึงความปลอดภัยของประชาชน/เยาวชนที่จะเข้ามาเล่นอุปกรณ์เด็กเล่นหรือเล่น
เครื่องออกกำลังกายก่อนดำเนินการก่อสร้าง เพ","ทำให้ไม่สามารถลดพื้นที่เสี่ยงที่อาจเป็นแหล่งมั่วสุมของประชาชน และเยาวชน
ที่จะนำไปสู่ปัญหายาเสพติด ปัญหาอาญากรรม สิ่งก่อสร้างหรืออุปกรณ์สนาม
เด็กเล่น อุปกรณ์ออกกำลังกายเกิดความชำรุด เสียหาย หรือสูญหาย ทำให้เกิด
ความไม่คุ้มค่างบประมาณที่ใช้ในการดำเนินโครงกา"
FL-0091,การดำเนินงานไม่บรรลุวัตถุประสงค์เป้าหมายของโครงการ                                                  ,เทศบาลตำบลโคกสูง,โครงการป้องกันและแก้ไขปัญหายาเสพติด (ก่อสร้างลานกีฬา),2559,,"ลานกีฬาและอุปกรณ์ชำรุดเสียหาย ลานกีฬาอเนกประสงค์มีวัชพืชขึ้นปกคลุมจำนวนมาก 
สาเหตุเกิดจากองค์การบริหารส่วนตำบลบ้านม่วง ขาดการดูแลและซ่อมแซมอุปกรณ์ 
สิ่งก่อสร้างให้อยู่ในสภาพพร้อมใช้งาน และไม่มีการเผยแพร่ประชาสัมพันธ์ หรือจัด
กิจกรรมเพื่อรณรงค์ให้ประชาชนแล","ลานกีฬาหรืออุปกรณ์ ไม่มีการใช้ประโยชน์หรือมีการใช้ประโยชน์แต่ไม่เป็น
ไปตามวัตถุประสงค์
        ลานกีฬาอเนกประสงค์ องค์การบริหารส่วนตำบลบ้านม่วง 
ก่อสร้างลานกีฬาโดยมีสนามวอลเลย์บอล สนามตะกร้อ และสนามฟุตซอล 
ในพื้นที่เดียวกัน แยกสนามโดยการตีเส้นสีขาวและทาสี","1.ในโอกาสต่อไปหากมีการจัดทำโครงการหรือเสนอโครงการเพื่อขอรับการสนับสนุนงบประมาณ 
ควรมีการสำรวจความต้องการ ความเหมาะสมของสภาพพื้นที่ 
และให้คำนึงถึงความปลอดภัยของประชาชน/เยาวชนที่จะเข้ามาเล่นอุปกรณ์เด็กเล่นหรือเล่นเครื่องออกกำลังกายก่อนดำเนินการก่อสร้าง 
เพ","ทำให้ไม่สามารถลดพื้นที่เสี่ยงที่อาจเป็นแหล่งมั่วสุมของประชาชน และเยาวชน
ที่จะนำไปสู่ปัญหายาเสพติด ปัญหาอาญากรรม สิ่งก่อสร้างหรืออุปกรณ์สนาม
เด็กเล่น อุปกรณ์ออกกำลังกายเกิดความชำรุด เสียหาย หรือสูญหาย ทำให้เกิด
ความไม่คุ้มค่างบประมาณที่ใช้ในการดำเนินโครงกา"
FL-0092,การดำเนินงานไม่บรรลุวัตถุประสงค์เป้าหมายของโครงการ                                                  ,เทศบาลตำบลโคกสูง,โครงการป้องกันและแก้ไขปัญหายาเสพติด (ก่อสร้างลานกีฬา),2559,,"   เกิดจากเทศบาลขาดการดูแลและซ่อมแซมอุปกรณ์ สิ่งก่อสร้างให้อยู่ในสภาพพร้อมใช้งาน และไม่มีการเผยแพร่ประชาสัมพันธ์ 
หรือจัดกิจกรรมเพื่อรณรงค์ให้ประชาชนและเยาวชนรู้จักใช้เวลาว่างให้เกิดประโยชน์โดยการเล่นกีฬาและออกกำลังกาย 
ทำให้การดำเนินโครงการไม่สามารถป้องก","   ข้อตรวจพบ ลานกีฬาหรืออุปกรณ์ไม่มีการใช้ประโยชน์หรือมีการใช้ประโยชน์แต่ไม่เป็นไปตามวัตถุประสงค์
   ลานกีฬาอเนกประสงค์ เทศบาลตำบลน้ำโสม ก่อสร้างลานกีฬาโดยมีสนามวอลเลย์บอล 
สนามตะกร้อ และสนามฟุตซอลในพื้นที่เดียวกัน แยกสนามโดยการตีเส้นสีขาวและทาสีพื้นสนามต","   1.ในโอกาสต่อไปหากมีการจัดทำโครงการหรือเสนอโครงการเพื่อขอรับการสนับสนุนงบประมาณ 
ควรมีการสำรวจความต้องการ ความเหมาะสมของสภาพพื้นที่ 
และให้คำนึงถึงความปลอดภัยของประชาชน/เยาวชนที่จะเข้ามาเล่นอุปกรณ์เด็กเล่นหรือเล่นเครื่องออกกำลังกายก่อนดำเนินการก่อสร้าง ","   ทำให้ไม่สามารถลดพื้นที่อาจเป็นแหล่งมั่วสุมของประชาชนและเยาวชน 
ที่จะนำไปสู่ปัญหายาเสพติด ปัญหาอาชญากรรม 
สิ่งก่อสร้างหรืออุปกรณ์สนามเด็กเล่น 
อุปกรณ์ออกกำลังกายเกิดความชำรุดเสียหายหรือสูญหาย 
ทำให้เกิดความไม่คุ้มค่ากับงบประมาณที่ใช้ในการดำเนินโครงการ เ"
FL-0093,การดำเนินงานไม่บรรลุวัตถุประสงค์เป้าหมายของโครงการ                                                  ,เทศบาลตำบลโคกสูง,โครงการป้องกันและแก้ไขปัญหายาเสพติด (ก่อสร้างลานกีฬา),2559,,"ลานกีฬาและอุปกรณ์ชำรุดเสียหาย ลานกีฬาอเนกประสงค์มีวัชพืชขึ้นปกคลุมจำนวนมาก 
สาเหตุเกิดจากเทศบาลขาดการดูแลและซ่อมแซมอุปกรณ์ สิ่งก่อสร้างให้อยู่
ในสภาพพร้อมใช้งาน และไม่มีการเผยแพร่ประชาสัมพันธ์ หรือจัดกิจกรรม
เพื่อรณรงค์ให้ประชาชนและเยาวชนรู้จักใช้เวลาว่าง","ข้อตรวจพบ ลานกีฬาหรืออุปกรณ์ 
ไม่มีการใช้ประโยชน์หรือมีการใช้ประโยชน์แต่ไม่เป็นไปตามวัตถุประสงค์
	ลานกีฬาอเนกประสงค์ จากการตรวจสอบ พบว่า 
องค์การบริหารส่วนตำบลนิคมสงเคราะห์ ก่อสร้างลานกีฬาโดยมีสนามวอลเลย์บอล 
สนามตะกร้อ และสนามฟุตซอลในพื้นที่เดียวกัน 
แยก","๑.ในโอกาสต่อไปหากมีการจัดทำโครงการหรือเสนอโครงการเพื่อขอรับการสนับสนุนงบประมาณ 
ควรมีการสำรวจความต้องการ ความเหมาะสมของสภาพพื้นที่ และให้คำนึงถึงความปลอดภัย
ของประชาชน/เยาวชนที่จะเข้ามาเล่นอุปกรณ์เด็กเล่นหรือเล่นเครื่องออกกำลังกายก่อน
ดำเนินการก่อสร้าง เพ","ทำให้ไม่สามารถลดพื้นที่เสี่ยงที่อาจเป็นแหล่งมั่วสุมของประชาชน และเยาวชน
ที่จะนำไปสู่ปัญหายาเสพติด ปัญหาอาญากรรม สิ่งก่อสร้างหรืออุปกรณ์สนาม
เด็กเล่น อุปกรณ์ออกกำลังกายเกิดความชำรุด เสียหาย หรือสูญหาย ทำให้เกิด
ความไม่คุ้มค่างบประมาณที่ใช้ในการดำเนินโครงกา"
FL-0094,การดำเนินงานไม่บรรลุวัตถุประสงค์เป้าหมายของโครงการ                                                  ,เทศบาลตำบลโคกสูง,โครงการป้องกันและแก้ไขปัญหายาเสพติด (ก่อสร้างลานกีฬา),2559,,"     เกิดจากเทศบาลไม่ได้สำรวจความเหมาะสมของพื้นที่ก่อสร้างว่าอยู่ห่างไกลจากชุมชนหรือสถานที่ดังกล่าวมีความปลอดภัยในการมาเล่นกีฬาหรือออกำลังกายหรือไม่ 
ทำให้การดำเนินโครงการดังกล่าวไม่สามารถป้องกันและแก้ไขปัญหายาเสพติดตามวัตถุประสงค์และเป้าหมายของโครงการ
","   ข้อตรวจพบ ลานกีฬาหรืออุปกรณ์ไม่มีการใช้ประโยชน์หรือมีการใช้ประโยชน์แต่ไม่เป็นไปตามวัตถุประสงค์
    ลานกีฬาอเนกประสงค์ จากการตรวจสอบ พบว่า ลานกีฬาอเนกประสงค์ของเทศบาลตำบลหัวนาคำ 
ไม่มีประชาชนและเยาวชนเข้าไปเล่นกีฬาและออกกำลังกาย เนื่องจากตั้งอยู่ห่างไกล","     1.ในโอกาสต่อไปหากมีการจัดทำโครงการหรือเสนอโครงการเพื่อขอรับการสนับสนุนงบประมาณ 
ควรมีการสำรวจความต้องการ ความเหมาะสมของสภาพพื้นท และให้คำนึงถึงความปลอดภัยของประชาชน/เยาวชนที่จะเข้ามาเล่นอุปกรณ์เด็กเล่นหรือเล่นเครื่องออกกำลังกายก่อนดำเนินการก่อสร้าง 
","     
ทำให้ไม่สามารถลดพื้นที่เสี่ยงที่อจเป็นแหล่งมั่วสุมของประชาชนและเยาวชนที่จำไปสู่ปัญหายาเสพติด 
ปัญหาอาชญากรรม สิ่งก่อสร้างหรืออุปกรณ์ สนามเด็กเล่น 
อุปกรณ์ออกกำลังกายเกิดความชำรุดเสียหายหรือสูญหาย 
ทำให้เกิดความไม่คุ้มค่ากับงบประมาณที่ใช้ในการดำเนินโ"
FL-0095,การดำเนินงานไม่บรรลุวัตถุประสงค์เป้าหมายของโครงการ                                                  ,เทศบาลตำบลโคกสูง,โครงการป้องกันและแก้ไขปัญหายาเสพติด (ก่อสร้างลานกีฬา),2559,,"ลานกีฬาหรืออุปกรณ์ที่มีการใช้ประโยชน์แต่ไม่เป็นไปตามวัตถุประสงค์ 
สาเหตุเกิดจากขาดวัสดุอุปกรณ์กีฬา/อุปกรณ์เด็กเล่นและออกกำลังกาย 
และไม่มีการเผยแพร่ประชาสัมพันธ์ หรือจัดกิจกรรมเพื่อรณรงค์ให้ประชาชน
และเยาวชนรู้จักใช้เวลาว่างให้เกิดประโยชน์โดยการเล่นกีฬาแล","ข้อตรวจพบ สิ่งก่อสร้างหรืออุปกรณ์ 
ไม่มีการใช้ประโยชน์หรือมีการใช้ประโยชน์แต่ไม่เป็นไปตามวัตถุประสงค์
	ลานกีฬา/สนามกีฬา จากการตรวจสอบ พบว่า 
มีประชาชนและเยาวชนมาเล่นกีฬาหรือออกกำลังกายจำนวนน้อยเฉลี่ยวันละไม่เกิน 
๑๐-๒๐ คน ลานกีฬาจะนำไปใช้ในกิจกรรมอื่นซึ่ง","1.ในโอกาสต่อไปหากมีการจัดทำโครงการหรือเสนอโครงการเพื่อขอรับการสนับสนุนงบประมาณ 
ควรมีการสำรวจความต้องการ ความเพียงพอและความสะดวกในการให้บริการวัสดุกีฬา 
อุปกรณ์เด็กเล่นหรือออกกำลังกายก่อนดำเนินการก่อสร้าง เพื่อให้ลานกีฬา/สนามกีฬา 
มีการใช้ประโยชน์ตามวัตถุ","ทำให้ไม่สามารถลดพื้นที่เสี่ยงที่อาจเป็นแหล่งมั่วสุมของประชาชน และเยาวชน
ที่จะนำไปสู่ปัญหายาเสพติด ปัญหาอาญากรรม สิ่งก่อสร้างหรืออุปกรณ์สนาม
เด็กเล่น อุปกรณ์ออกกำลังกายเกิดความชำรุด เสียหาย หรือสูญหาย ทำให้เกิด
ความไม่คุ้มค่างบประมาณที่ใช้ในการดำเนินโครงกา"
FL-0096,การดำเนินงานไม่บรรลุวัตถุประสงค์เป้าหมายของโครงการ                                                  ,เทศบาลตำบลโคกสูง,โครงการป้องกันและแก้ไขปัญหายาเสพติด (ก่อสร้างลานกีฬา),2559,,"ลานกีฬาหรืออุปกรณ์ที่ไม่มีการใช้ประโยชน์หรือใช้ประโยชน์ไม่เป็นไปตามวัตถุประสงค์ 
สาเหตุเกิดจากองค์การบริหารส่วนตำบลบ้านชัย 
ไม่ได้สำรวจความเหมาะสมของพื้นที่ก่อสร้างว่าอยู่ห่างไกลจากชุมชนหรือสถานที่ดังกล่าวมีความปลอดภัยในการมาเล่นกีฬาหรือออกำลังกายหรือไม่ ","ข้อตรวจพบ ลานกีฬาหรืออุปกรณ์ 
ไม่มีการใช้ประโยชน์หรือมีการใช้ประโยชน์แต่ไม่เป็นไปตามวัตถุประสงค์
	ลานกีฬาอเนกประสงค์ จากการตรวจสอบ พบว่า 
มีประชาชนและเยาวชนเข้ามาเล่นกีฬาหรือออกกำลังกายจำนวนน้อยเฉลี่ยวันละไม่เกิน 
๑-๑๐ คน เนื่องจากตั้งอยู่ที่สาธารณประโยชน","1.ในโอกาสต่อไปหากมีการจัดทำโครงการหรือเสนอโครงการเพื่อขอรับการสนับสนุนงบประมาณ 
ควรมีการสำรวจความต้องการ ความเหมาะสมของสภาพพื้นที่ และให้คำนึงถึงความปลอดภัย
ของประชาชน/เยาวชนที่จะเข้ามาเล่นอุปกรณ์เด็กเล่นหรือเล่นเครื่องออกกำลังกายก่อน
ดำเนินการก่อสร้าง เพ","ทำให้ไม่สามารถลดพื้นที่เสี่ยงที่อาจเป็นแหล่งมั่วสุมของประชาชน และเยาวชน
ที่จะนำไปสู่ปัญหายาเสพติด ปัญหาอาญากรรม สิ่งก่อสร้างหรืออุปกรณ์สนาม
เด็กเล่น อุปกรณ์ออกกำลังกายเกิดความชำรุด เสียหาย หรือสูญหาย ทำให้เกิด
ความไม่คุ้มค่างบประมาณที่ใช้ในการดำเนินโครงกา"
FL-0097,การดำเนินงานไม่บรรลุวัตถุประสงค์เป้าหมายของโครงการ                                                  ,เทศบาลตำบลโคกสูง,โครงการป้องกันและแก้ไขปัญหายาเสพติด (ก่อสร้างลานกีฬา),2559,,"สาเหตุเกิดจากเทศบาลไม่ได้สำรวจพื้นที่ก่อสร้างว่ามีผลกระทบต่อประชาชนหรือสิ่งก่อสร้างบริเวณใกล้เคียงหรือไม่ 
และไม่มีการเผยแพร่ประชาสัมพันธ์หรือกิจกรรมเพื่อรณรงค์ให้ประชาชน/เยาวชนรู้จักใช้เวลาว่างให้เกิดประโยชน์ 
โดยการเล่นกีฬาหรือออกกำลังกาย
","ข้อตรวจพบ สิ่งก่อสร้างหรืออุปกรณ์ 
ไม่มีการใช้ประโยชน์หรือมีการใช้ประโยชน์แต่ไม่เป็นไปตามวัตถุประสงค์
สนามกีฬา จากการตรวจสอบ พบว่า สนามวอลเลย์บอล จำนวน ๒ สนาม 
ตั้งแต่ก่อสร้างแล้วเสร็จมีประชาชน/เยาวชนมาเล่นวอลเลย์บอลไม่กี่ครั้ง 
หลังจากนั้นไม่มีการเล่นวอล","1.	
ในโอกาสต่อไปหากมีการจัดทำโครงการหรือเสนอโครงการเพื่อขอรับการสนับสนุนงบประมาณ 
ควรสำรวจความเหมาะสมของสภาพพื้นที่ก่อสร้างเพื่อไม่ให้เป็นปัญหาอุปสรรคในการเล่นกีฬาหรือเป็นอันตรายแก่เด็ก/ประชาชนที่จะเข้ามาเล่นอุปกรณ์เด็กเล่นในบริเวณใกล้เคียง 
หรือทำให้สิ่ง","ผลกระทบ 
ทำให้ไม่สามารถลดพื้นที่เสี่ยงที่อาจเป็นแหล่งมั่วสุมของประชาชนและเยาวชนที่จะนำไปสู่ปัญหายาเสพติด 
ปัญหาอาชญากรรม 
และทำให้เกิดความไม่คุ้มค่ากับงบประมาณที่ใช้ในการดำเนินโครงการ เป็นเงิน 
1.999 ล้านบาท
"
FL-0098,การดำเนินงานไม่บรรลุวัตถุประสงค์เป้าหมายของโครงการ                                                  ,เทศบาลตำบลโคกสูง,โครงการป้องกันและแก้ไขปัญหายาเสพติด (ก่อสร้างลานกีฬา),2559,,"สาเหตุเกิดจากองค์การบริหารส่วนตำบลเชียงดา ขาดการดูแลและซ่อมแซมอุปกรณ์ 
สิ่งก่อสร้างให้อยู่ในสภาพพร้อมใช้งาน และไม่มีการเผยแพร่ประชาสัมพันธ์ 
หรือจัดกิจกรรมเพื่อรณรงค์ให้ประชาชนและเยาวชนรู้จักใช้เวลาว่างให้เกิดประโยชน์โดยการเล่นกีฬาและออกกำลังกาย 
ทำให้การ","ข้อตรวจพบ สิ่งก่อสร้างหรืออุปกรณ์ 
ไม่มีการใช้ประโยชน์หรือมีการใช้ประโยชน์แต่ไม่เป็นไปตามวัตถุประสงค์
ลานกีฬาจะนำไปใช้ในกิจกรรมอื่นซึ่งไม่เกี่ยวข้องกับการเล่นกีฬาและออกกำลังกาย 
โดยใช้เป็นสถานที่จัดกิจกรรมขององค์การบริหารส่วนตำบลเชียงดา เช่น งานวันเด็ก 
ง","1.ในโอกาสต่อไปหากมีการจัดทำโครงการหรือเสนอโครงการเพื่อขอรับการสนับสนุน
งบประมาณ ควรมีการสำรวจความต้องการ ความเหมาะสมของสภาพพื้นที่ และให้คำนึง
ถึงความปลอดภัยของประชาชน/เยาวชนที่จะเข้ามาเล่นอุปกรณ์เด็กเล่นหรือเล่นเครื่อง
ออกกำลังกายก่อนดำเนินการก่อสร้าง 
2","ทำให้ไม่สามารถลดพื้นที่เสี่ยงที่อาจเป็นแหล่งมั่วสุมของประชาชน
และเยาวชนที่จะนำไปสู่ปัญหายาเสพติด ปัญหาอาชญากรรม 
สิ่งก่อสร้างหรืออุปกรณ์สนามเด็กเล่น อุปกรณ์ออกกำลังกาย
ชำรุดเสียหายหรือสูญหาย ทำให้เกิดความไม่คุ้มค่ากับงบประมาณ
ที่ใช้ในการดำเนินโครงการ เป็น"
FL-0099,การดำเนินงานไม่บรรลุวัตถุประสงค์เป้าหมายของโครงการ                                                  ,เทศบาลตำบลโคกสูง,โครงการป้องกันและแก้ไขปัญหายาเสพติด (ก่อสร้างลานกีฬา),2559,,"     เกิดจากเทศบาลขาดการดูแลและซ่อมแซมอุปกรณ์ สิ่งก่อสร้างให้อยู่ในสภาพพร้อมใช้งาน และไม่มีการเผยแพร่ประชาสัมพันธ์ 
หรือจัดกิจกรรมเพื่อรณรงค์ให้ประชาชนและเยาวชนรู้จักใช้เวลาว่างให้เกิดประโยชน์โดยการเล่นกีฬาและออกกำลังกาย 
ทำให้การดำเนินโครงการไม่สามารถป้อ","     ข้อตรวจพบ ลานกีฬาหรืออุปกรณ์ไม่มีการใช้ประโยชน์หรือมีการใช้ประโยชน์แต่ไม่เป็นไปตามวัตถุประสงค์
     ลานกีฬาอเนกประสงค์ ก่อสร้างลานกีฬาโดยมีสนามวอลเลย์บอล สนามตะกร้อและสนามฟุตซอลในพื้นที่เดียวกัน 
แยกสนามโดยการตีเส้นสีขาวและทาสีพื้นสนามต่างกัน จากการต","     1.ในโอกาสต่อไปหากมีการจัดทำโครงการหรือเสนอโครงการเพื่อขอรับการสนับสนุนงบประมาณ 
ควรมีการสำรวจความต้องการ ความเหมาะสมของสภาพพื้นท และให้คำนึงถึงความปลอดภัยของประชาชน/เยาวชนที่จะเข้ามาเล่นอุปกรณ์เด็กเล่นหรือเล่นเครื่องออกกำลังกายก่อนดำเนินการก่อสร้าง 
","     
ทำให้ไม่สามารถลดพื้นที่เสี่ยงที่อาจเป็นแหล่งมั่วสุมของประชาชนและเยาวชนที่จะนำไปสู่ปัญหายาเสพติด 
ปัญหาอาชญากรรม สิ่งก่อสร้างหรืออุปกรณ์สนามเด็กเล่น อุปกรณ์ออกกำลังกายเกิดความชำรุดเสียหาย 
ทำให้เกิดความไม่คุ้มค่ากับงบประมาณที่ใช้ในการดำเนินโครงการ เป"
FL-0100,การดำเนินงานไม่บรรลุวัตถุประสงค์เป้าหมายของโครงการ                                                  ,เทศบาลตำบลโคกสูง,โครงการป้องกันและแก้ไขปัญหายาเสพติด (ก่อสร้างลานกีฬา),2559,,"ลานกีฬาและอุปกรณ์ชำรุดเสียหาย ลานกีฬาอเนกประสงค์มีวัชพืชขึ้นปกคลุมจำนวนมาก 
สาเหตุเกิดจากเทศบาลขาดการดูแลและซ่อมแซมอุปกรณ์ 
สิ่งก่อสร้างให้อยู่ในสภาพพร้อมใช้งาน และไม่มีการเผยแพร่ประชาสัมพันธ์ 
หรือจัดกิจกรรมเพื่อรณรงค์ให้ประชาชนและเยาวชนรู้จักใช้เวลาว่าง","ข้อตรวจพบ ลานกีฬาหรืออุปกรณ์ 
ไม่มีการใช้ประโยชน์หรือมีการใช้ประโยชน์แต่ไม่เป็นไปตามวัตถุประสงค์
	ลานกีฬาอเนกประสงค์ จากการตรวจสอบ พบว่า เทศบาลตำบลหนองแวงโนนสะอาด 
ก่อสร้างลานกีฬาโดยมีสนามวอลเลย์บอล สนามตะกร้อและสนามฟุตซอล 
ในพื้นที่เดียวกัน แยกสนามโดยการ","1.ในโอกาสต่อไปหากมีการจัดทำโครงการหรือเสนอโครงการเพื่อขอรับการสนับสนุนงบประมาณ 
ควรมีการสำรวจความต้องการ ความเหมาะสมของสภาพพื้นที่ 
และให้คำนึงถึงความปลอดภัยของประชาชน/เยาวชนที่จะเข้ามาเล่นอุปกรณ์เด็กเล่นหรือ
เล่นเครื่องออกกำลังกายก่อนดำเนินการก่อสร้าง เพ","ทำให้ไม่สามารถลดพื้นที่เสี่ยงที่อาจเป็นแหล่งมั่วสุมของประชาชน และเยาวชน
ที่จะนำไปสู่ปัญหายาเสพติด ปัญหาอาญากรรม สิ่งก่อสร้างหรืออุปกรณ์สนาม
เด็กเล่น อุปกรณ์ออกกำลังกายเกิดความชำรุด เสียหาย หรือสูญหาย ทำให้เกิด
ความไม่คุ้มค่างบประมาณที่ใช้ในการดำเนินโครงกา"
FL-0101,การดำเนินงานไม่บรรลุวัตถุประสงค์เป้าหมายของโครงการ                                                  ,เทศบาลตำบลโคกสูง,โครงการป้องกันและแก้ไขปัญหายาเสพติด (ก่อสร้างลานกีฬา),2559,,"ทำให้ไม่สามารถลดพื้นที่เสี่ยงที่อาจเป็นแหล่งมั่วสุมของประชาชน และเยาวชน
ที่จะนำไปสู่ปัญหายาเสพติด ปัญหาอาญากรรม สิ่งก่อสร้างหรืออุปกรณ์สนาม
เด็กเล่น อุปกรณ์ออกกำลังกายเกิดความชำรุด เสียหาย หรือสูญหาย ทำให้เกิด
ความไม่คุ้มค่างบประมาณที่ใช้ในการดำเนินโครงกา","ข้อตรวจพบ สนามกีฬาหรืออุปกรณ์ มีการใช้ประโยชน์แต่ไม่เป็นไปตามวัตถุประสงค์
	สนามบาสเกตบอลพร้อมหลังคา เทศบาลตำบลเมืองเพีย 
ก่อสร้างสนามบาสเกตบอลพร้อมหลังคา ภายในสนามบาสเกตบอลมีสนามวอลเลย์บอล 
สนามตะกร้อในพื้นที่เดียวกัน แยกสนามโดยการตีเส้นสีขาว จากการตรวจสอ","1.ในโอกาสต่อไปหากมีการจัดทำโครงการหรือเสนอโครงการเพื่อขอรับการสนับสนุนงบประมาณ 
ควรมีการสำรวจความต้องการประเภทกีฬาหรือออกกำลังกายโดยคำนึงถึงสถานที่ว่าเหมาะสม
กับการกีฬา/ออกกำลังกายประเภทใด เพื่อให้สนามกีฬามีการใช้ประโยชน์ตามวัตถุประสงค
และคุ้มค่ากับเงินงบ","ทำให้ไม่สามารถลดพื้นที่เสี่ยงที่อาจเป็นแหล่งมั่วสุมของประชาชน และเยาวชน
ที่จะนำไปสู่ปัญหายาเสพติด ปัญหาอาญากรรม สิ่งก่อสร้างหรืออุปกรณ์สนาม
เด็กเล่น อุปกรณ์ออกกำลังกายเกิดความชำรุด เสียหาย หรือสูญหาย ทำให้เกิด
ความไม่คุ้มค่างบประมาณที่ใช้ในการดำเนินโครงกา"
FL-0102,การดำเนินงานไม่บรรลุวัตถุประสงค์เป้าหมายของโครงการ                                                  ,เทศบาลตำบลโคกสูง,โครงการป้องกันและแก้ไขปัญหายาเสพติด (ก่อสร้างลานกีฬา),2559,,"     เกิดจากเทศบาลขาดการดูแลและซ่อมแซมอุปกรณ์ สิ่งก่อสร้างให้อยู่ในสภาพพร้อมใช้งาน และไม่มีการเผยแพร่ประชาสัมพันธ์ 
หรือจัดกิจกรรมเพื่อรณรงค์ให้ประชาชนและเยาวชนรู้จักใช้เวลาว่างให้เกิดประโยชน์โดยการเล่นกีฬาและออกกำลังกาย 
ทำให้การดำเนินโครงการไม่สามารถป้อ","     ข้อตรวจพบ สิ่งก่อสร้างหรืออุปกรณ์ ไม่มีการใช้ประโยชน์หรือมีการใช้ประโยชน์แต่ไม่เป็นไปตามวัตถุประสงค์
     อาคารพร้อมห้องน้ำ จากการตรวจสอบ พบว่า อาคารพร้อมห้องน้ำไม่ได้ใช้ประโยชน์ตามวัตถุประสงค์ 
สภาพภายในอาคารไม่มีการเก็บวัสดุ อุปกรณ์ พื้นอาคารและห้อ","     1.ในโอกาสต่อไปหากมีการจัดทำโครงการหรือเสนอโครงการเพื่อขอรับการสนับสนุนงบประมาณ 
ควรมีการสำรวจความต้องการ ความเหมาะสมของสภาพพื้นทและให้คำนึงถึงความปลอดภัยของประชาชน/เยาวชนที่จะเข้ามาเล่นอุปกรณ์เด็กเล่นหรือเล่นเครื่องออกกำลังกายก่อนดำเนินการก่อสร้าง 
เ","     
ทำให้ไม่สามารถลดพื้นที่เสี่ยงที่อาจเป็นแหล่งมั่วสุมของประชาชนและเยาวชนที่จะนำไปสู่ปัญหายาเสพติด 
ปัญหาอาชญากรรม สิ่งก่อสร้างหรืออุปกรณ์สนามเด็กเล่น อุปกรณ์ออกกำลังกาย 
เกิดความชำรุดเสียหายหรือสูญหาย ทำให้เกิดความไม่คุ้มค่ากับงบประมาณที่ใช้ในการดำเนิ"
FL-0103,การดำเนินงานไม่บรรลุวัตถุประสงค์เป้าหมายของโครงการ                                                  ,เทศบาลตำบลโคกสูง,โครงการป้องกันและแก้ไขปัญหายาเสพติด (ก่อสร้างลานกีฬา),2559,,"ลานกีฬาหรืออุปกรณ์ชำรุดเสียหาย ลานกีฬาอเนกประสงค์มีวัชพืชขึ้นปกคลุม มีขยะ 
สาเหตุเกิดจากองค์การบริหารส่วนตำบลนาทราย ขาดการดูแลและซ่อมแซมอุปกรณ์ 
สิ่งก่อสร้างให้อยู่ในสภาพพร้อมใช้งาน และไม่มีการเผยแพร่ประชาสัมพันธ์ 
หรือจัดกิจกรรมเพื่อรณรงค์ให้ประชาชนและเย","ข้อตรวจพบ ลานกีฬาหรืออุปกรณ์ ไม่มีการใช้ประโยชน 
หรือมีการใช้ประโยชน์แต่ไม่เป็นไปตามวัตถุประสงค์
	ลานกีฬาอเนกประสงค์ จากการตรวจสอบ พบว่า มีประชาชนและ
เยาวชนมาเล่นกีฬาหรือออกกำลังกายจำนวนน้อยเฉลี่ยวันละไม่เกิน 
๕-๑๕ คน 
ลานกีฬาจะนำไปใช้ในกิจกรรมอื่นซึ่งไม่","๑. ในโอกาสต่อไปหากมีการจัดทำโครงการหรือเสนอโครงการเพื่อขอรับการสนับสนุนงบประมาณ 
ควรมีการสำรวจความต้องการ ความเหมาะสมของสภาพพื้นที่ และให้คำนึงถึงความปลอดภัย
ของประชาชน/เยาวชนที่จะเข้ามาเล่นอุปกรณ์เด็กเล่นหรือเล่นเครื่องออกกำลังกายก่อน
ดำเนินการก่อสร้าง เ","ทำให้ไม่สามารถลดพื้นที่เสี่ยงที่อาจเป็นแหล่งมั่วสุมของประชาชน และเยาวชน
ที่จะนำไปสู่ปัญหายาเสพติด ปัญหาอาญากรรม สิ่งก่อสร้างหรืออุปกรณ์สนาม
เด็กเล่น อุปกรณ์ออกกำลังกายเกิดความชำรุด เสียหาย หรือสูญหาย ทำให้เกิด
ความไม่คุ้มค่างบประมาณที่ใช้ในการดำเนินโครงกา"
FL-0104,การดำเนินงานไม่บรรลุวัตถุประสงค์เป้าหมายของโครงการ                                                  ,สำนักงานส่งเสริมการปกครองท้องถิ่นจังหวัดอุบลราชธานี,โครงการป้องกันและแก้ไขปัญหายาเสพติดขององค์กรปกครองส่วนท้องถิ่นในเขตจังหวัดอุบลราชธานี ปีงบประมาณ 2555 - 2557,2559,,"1.  กิจกรรมการป้องกัน การเฝ้าระวังกลุ่มเสี่ยง การรณรงค์ 
และการมีส่วนร่วมของทุกภาคส่วนในการป้องกันและแก้ไขปัญหายาเสพติด
1.1  
การส่งเสริมสนับสนุนจัดตั้ง/ฟื้นฟูและดำเนินงานผู้ประสานงานพลังแผ่นดิน
(25ตาสับปะรด)
ด้านการเบิกจ่ายงบประมาณ
กรณีที่ อปท. เบิกจ่ายง","การดำเนินกิจกรรมโครงการไม่เป็นไปตามหลักเกณฑ์ที่กำหนด
1.  กิจกรรมการป้องกัน การเฝ้าระวังกลุ่มเสี่ยง การรณรงค์ 
และการมีส่วนร่วมของทุกภาคส่วนในการป้องกันและแก้ไขปัญหายาเสพติด
	1.1  
การส่งเสริมสนับสนุนจัดตั้ง/ฟื้นฟูและดำเนินงานผู้ประสานงานพลังแผ่นดิน 
(25ตา","ข้อเสนอแนะ
 ให้ ผู้ว่าราชการจังหวัดอุบลราชธานี พิจารณาดำเนินการ
1.  กิจกรรมการป้องกัน การเฝ้าระวังกลุ่มเสี่ยง การรณรงค์ 
และการมีส่วนร่วมของทุกภาคส่วนในการป้องกันและแก้ไขปัญหายาเสพติด	
	1.1 
การส่งเสริมสนับสนุนจัดตั้ง/ฟื้นฟูและดำเนินงานผู้ประสานงานพลังแผ่","1.  กิจกรรมการป้องกัน การเฝ้าระวังกลุ่มเสี่ยง การรณรงค์ 
และการมีส่วนร่วมของทุกภาคส่วนในการป้องกันและแก้ไขปัญหายาเสพติด
1.1  การส่งเสริมสนับสนุนจัดตั้ง/ฟื้นฟูและดำเนินงานผู้ประสานงานพลังแผ่นดิน 
(25ตาสับปะรด)
1.2  
การส่งเสริมสนับสนุนหน่วยเฉพาะกิจในระดับต"
FL-0105,การดำเนินงานไม่บรรลุวัตถุประสงค์เป้าหมายของโครงการ                                                  ,องค์การบริหารส่วนจังหวัดนครราชสีมา,การบริหารศูนย์ดาราศาสตร์เฉลิมพระเกียรติ 7 รอบ พระชนมพรรษา,2558,,,"ข้อตรวจพบที่ 1 การบริหารศูนย์ดาราศาสตร์ฯไม่มีประสิทธิภาพ
1.การดำเนินการไม่เป็นไปตามแผนบริหารศูนย์ดาราศาสตร์
2.ไม่ได้กำหนดแผนการบริหารจัดการให้ครอบคลุมการซ่อมบำรุงรักษา
3.ศูนย์ดาราศาสตร์มีความเสี่ยงที่จะเกิดอัคคีภัย
ข้อตรวจพบที่ 2 สิ่งก่อสร้างโครงการปรับภู","1.ต้องจัดให้มีแผนการติดตามผลการดำเนินงานตามแผนบริหารศูนย์ดาราศาสตร์
2.จัดให้มีการประชุมคณะกรรมการข้าราชการอบจ.นครราชสีมา(ก.จ.จ.นม.)
3.สั่งการให้เร่งรัดดำเนินการแก้ไข/ปรับปรุงห้องจัดแสดงการฉายดาวและภาพยนตร์ประกอบและอุปกรณ์จัดแสดงนิทรรศการ
4.สั่งการให้ซ่อมแ",
FL-0106,การดำเนินงานไม่บรรลุวัตถุประสงค์เป้าหมายของโครงการ                                                  ,สำนักงานสถิติจังหวัด ชลบุรี,การบริหารจัดการศูนย์การเรียนรู้ICTชุมชน ภาคตะวันออก,2559,,"อยู่ในข้อตรวจพบที 1
","ศูนย์การเรยนรู้ฯ 
ยังไม่สามารถบริหารจัดการให้เป็นไปตามวัตถุประสงค์และจุดมุ่งหมายของการจัดตั้ง
","อยู่ในข้อตรวจพบที่ 1
","อยู่ในข้อตรวจพบที่ 1

"
FL-0107,การดำเนินงานไม่บรรลุวัตถุประสงค์เป้าหมายของโครงการ                                                  ,สำนักงานเกษตรและสหกรณ์จังหวัด,โครงการส่งเสริมการผลิตอาหารปลอดภัย,2559,,"    การที่เกษตรกรมีรายได้จากการจำหน่ายผลผลิตต่ำกว่าเป้าหมาย 
รวมทั้งเมล็ดพันธุ์ผักบางชนิด และกล่องบรรจุภัณฑ์ไม่ได้นำไปใช้ประโยชน์ 
เกิดจากสาเหตุ ดังนี้
    1. การปลูกพืชของเกษตรกรขาดความตอ่เนื่อง 
และเกษตรกรใช้โรงเรือนเพาะชำปลูกพืชเพียงบางส่วนจงทำให้ได้ผล","ข้อตรวจพบที่ 2 ผลการดำเนินงานไม่เป็นไปตามเป้าหมายของโครงการ
    จากการตรวจสอบเอกสารและสัมภาษณ์เกษตรกร จำนวน 130 ราย พบว่า 
ผลการดำเนินงานไม่เป็นไปตามเป้าหมายของโครงการ ดังนี้
    1. เกษตรกรที่เข้าร่วมโครงการ จำนวน 118 ราย คิดเป็นร้อยละ 90.77 
ของเกษตรกรที","  1. 
ประสานงานกับหน่วยงานที่ได้รับการแต่งตั้งให้เป็นคณะทำงานบริหารโครงการส่งเสริมการผลิตอาหารปลอดภัย 
ตามคำสั่งจังหวัดอ่างทอง ที่ 1879/2557 ลงวันที่ 3 ตุลาคม 2557 
โดยเฉพาะสหกรณ์บริการการตลาดสินค้าเกษตรปลอดภัยชาวอ่างทอง จำกัด 
ซึ่งได้รับการแต่งตั้งให้เป็","    การที่เกษตรกรมีรายได้จากการจำหน่ายผลผลิตต่ำกว่าเป้าหมาย 
รวมทั้งเมล็ดพันธุ์ผักบางชนิดและกล่องบรรจุภัณฑ์ไม่ได้นำไปใช้ประโยชน์ 
ส่งผลกระทบ ดังนี้
    1. 
การที่เกษตรกรเพาะปลูกพืชในโรงเรือนเพาะชำแล้วมีรายได้เพิ่มขึ้นไม่เป็นไปตามเป้าหมายที่กำหนดไว้ 
ส่งผล"
FL-0108,การดำเนินงานไม่บรรลุวัตถุประสงค์เป้าหมายของโครงการ                                                  ,กรมที่ดิน,การบริหารจัดการระบบเทคโนโลยีสารสนเทศและการสื่อสาร,2560,,"1.การดำเนินโครงการพัฒนาระบบสารสนเทศที่ดิน (ระยะที่ 1) และโครงการศูนย์ข้อมูล
ที่ดินและแผนที่แห่งชาติ (ระยะที่ 1) ไม่เป็นไปตามแผนงานที่กำหนด
2.การดำเนินโครงการศูนย์ข้อมูลที่ดินและแผนที่แห่งชาติ ของกรมที่ดินยังไม่สามารถ
นำระบบงานข้อมูลที่ดินและแผนที่ที่อยู่ใ","การดำเนินการพัฒนาระบบเทคโนโลยีสารสนเทศและการสื่อสารไม่เป็นไปตามวัตถุประสงค์ 
และเป้าหมายที่กำหนด
","1.เร่งรัดและกำชับ ควบคุมหน่วยงานที่เกี่ยวข้องดำเนินการให้เป็นไปตามแผนงานโดยเร็ว 
2.มอบหมายให้สำนักเทคโนโลยีสารสนเทศ เป็นหน่วยงานเจ้าภาพหลัก 
ทำหน้าที่เป็นหน่วยงานในการประสานงานกับหน่วยงานอื่น ในการกำหนดนโยบาย 
วัตถุประสงค์ และเป้าหมาย รวมทั้งวางแผนการ
3.จ","1.การดำเนินโครงการพัฒนาระบบสารสนเทศที่ดิน (ระยะที่ 1) และโครงการศูนย์ข้อมูล
ที่ดินและแผนที่แห่งชาติ (ระยะที่ 1) ไม่เป็นไปตามแผนงานที่กำหนด 
2.การดำเนินโครงการศูนย์ข้อมูลที่ดินและแผนที่แห่งชาติ ของกรมที่ดิน ยังไม่สามารถ
นำระบบงานข้อมูลที่ดินและแผนที่ที่อยู"
FL-0109,การดำเนินงานไม่บรรลุวัตถุประสงค์เป้าหมายของโครงการ                                                  ,กรมโรงงานอุตสาหกรรม,โครงการอุตสาหกรรมสีเขียว,2560,,"   สาเหตุที่ทำให้การดำเนินงานโครงการส่งเสริมและพัฒนาสถานประกอบการ
สู่อุตสาหกรรมสีเขียวไม่บรรลุผลสำเร็จตามวัตถุประสงค์ มีดังนี้
   1. สิทธิประโยชน์ตามโครงการส่งเสริมและพัฒนาสถานประกอบการ
สู่อุตสาหกรรมสีเขียวไม่จูงใจให้สถานประกอบการเข้าร่วมโครงการ
   2. เจ้"," ข้อตรวจพบ 
  การดำเนินงานโครงการส่งเสริมและพัฒนาสถานประกอบการสู่อุตสาหกรรมสีเขียว
ไม่บรรลุผลสำเร็จตามวัตถุประสงค์
 ข้อสังเกต 
  โครงการบริหารจัดการลุ่มน้ำและวางระบบธรรมาภิบาลสิ่งแวดล้อม 
และโครงการสร้างและพัฒนาเครือข่ายอุตสาหกรรมรักษ์			
สิ่งแวดล้อม ขาดก","    สำนักงานการตรวจเงินแผ่นดินมีข้อเสนอแนะให้ปลัดกระทรวงอุตสาหกรรม 
พิจารณาดำเนินการ ดังนี้
    1.สั่งการให้คณะอนุกรรมการส่งเสริมอุตสาหกรรมสีเขียวทบทวนสิทธิ
ประโยชน์สำหรับสถานประกอบการที่ได้รับการรับรองในแต่ละระดับ 
โดยเฉพาะระดับที่ 5 ซึ่งเป็นระดับการรับร","   การไม่รักษาความต่อเนื่องในการดำเนินกิจการที่เป็นมิตรต่อสิ่งแวดล้อม 
และการปฏิบัติตามเกณฑ์อุตสาหกรรมสีเขียวของสถานประกอบการที่ผ่าน
เกณฑ์อุตสาหกรรมสีเขียว จึงทำให้ไม่สามารถรักษามาตรฐานเดิมด้านการ
เป็นมิตรกับสิ่งแวดล้อม เมื่อหมดอายุการรับรองจึงต้องออกจากโ"
FL-0110,การดำเนินงานไม่บรรลุวัตถุประสงค์เป้าหมายของโครงการ                                                  ,กรุงเทพมหานคร,การบริหารจัดการหนี้ภาษีโรงเรือนและที่ดิน,2559,,"เกิดจากกองรายได้ สำนักการคลัง ไม่ดำเนินการใดๆ 
เพื่อใ้หสำนักงานเขตนำร่องเตรียมความพร้อมด้านข้อมูลทะเบียนทรัพย์สินไว้ก่อน 
รวมถึงกองรายได้ สำนักการคลัง 
ขาดการเตรียมความพร้อมด้านบุคลากรทางสารสนเทศให้สอดคล้องกับความต้องการและเพียงพอต่อการบริหารจัดการเมื่อมี","สำนักงานเขตนำร่อง 4 แห่ง 
ยังไม่สามารถนำระบบเทคโนโลยีสารสนเทศสำหรับการจัดเก็บรายได้ (Revenue 
Information System : RIS) มาทดลองใช้ในการจัดเก็บภาษีและรายได้
","1. ตรวจสอบ เร่งรัด และควบคุมให้มหาวิทยาลัยแม่โจ้ในฐานะผู้รับจ้าง 
ดำเนินการแก้ไขปัญหาข้อขัดข้องในการใช้งานระบบเทคโนโลยีสารสนเทศสำหรับการจัดเก็บรายได้ 
RIS ให้สามารถใช้งานได้ตามข้อกำหนดการจ้างและข้อสัญญาโดยเร็ว 
ทั้งนี้หากระยะเวลาในการดำเนินการแก้ไขปัญหาดั","1.ทำให้เกิดความไม่คุ้มค่าในการใช้จ่ายเงินงบประมาณในการจัดทำโครงการพัฒนาระบบเทคโนโลยีสารสนเทศสำหรับการจัดเก็บรายได้ของกรุงเทพมหานคร 
(Revenue Information System : RIS) 
และโครงการสำรวจและนำเข้าข้อมูลทรัพย์สินที่อยู่ในข่ายต้องเสียภาษี
2. ทำให้ไม่สามารถขยายผ"
FL-0111,การดำเนินงานไม่บรรลุวัตถุประสงค์เป้าหมายของโครงการ                                                  ,กรมพลศึกษา,แผนการก่อสร้างสนามกีฬาระดับอำเภอและตำบล ระยะเวลา 5 ปี (พ.ศ..555-2559) กรมพละศึกษา กระทรวงการท่องเที่ยวและกีฬา,2559,,"1.กรมพลศึกษา
  1.1 มีความล่าช้าของการดำเนินการเพื่อถ่ายโอนสนามกีฬาให้กับหน่วยงานท้องถิ่น
หรือหน่วยงานที่รับผิดชอบการบริหารจัดการสนามกีฬา ทำให้หน่วยงานท้องถิ่นไม่สามารถ
นำเข้าสู่กระบวนการเพื่อขอตั้งงบประมาณของท้องถิ่นในการดูแลสนามกีฬาให้เป็นไปตาม
ระเบียบที","สนามกีฬาระดับอำเภอและตำบลมีแนวโน้มที่จะเกิดความล้มเหลว และเกิดความ
ไม่คุ้มค่าของเงินงบประมาณจำนวนมาก

","1.ให้มีการเร่งรัด ติดตาม ทบทวน ปรับปรุง ซ่อมแซมแก้ไข ปัญหา อุปสรรค 
หรือข้อจำกัดที่เกิดขึ้นจากการดำเนินภารกิจของกรมพลศึกษา ตามแผนการก่อสร้าง
สนามกีฬาระดับอำเภอและตำบล ระยะเวลา 5 ปี (พ.ศ. 2555 - 2559) 
ในทุกโครงการ โดยใช้หลักการตามหนังสือสำนักงานการตรวจเงิ","1.อาคารและสิ่งก่อสร้างของสนามกีฬาที่ก่อสร้างเสร็จแล้วส่วนใหญ่ไม่ได้ใช้ประโยชน
หรือเคยใช้ประโยชน์น้อยมากเพียง 1 - 2 ครั้ง ทำให้เกิดความไม่คุ้มค่าของการ
ใช้จ่ายเงินงบประมาณแผ่นดิน เป็นเงินประมาณ 387.57 ล้านบาท หรือคิดเป็นร้อยละ 
63.33 ของงบประมาณการก่อสร้าง"
FL-0112,การดำเนินงานไม่บรรลุวัตถุประสงค์เป้าหมายของโครงการ                                                  ,สำนักงานหลักประกันสุขภาพแห่งชาติ,โครงการเจ็บป่วยฉุกเฉินถึงแก่ชีวิต ไม่ถามสิทธิ ใกล้ที่ไหนไปที่นั่น,2560,,"การดำเนินการตามนโยบาย ""เจ็บป่วยฉุกเฉิน"" ทั้งจากนโยบาย ""เจ็บป่วยฉุกเฉิน
ถึงแก่ชีวิต ไม่ถามสิทธิ ใกล้ที่ไหน ไปที่นั่น"" ซึ่งพบว่ายังไม่เป็นไปตามเป้า
ประสงค์ และตามนโยบาย""เจ็บป่วยฉุกเฉินวิกฤต มีสิทธิทุกที่"" (UCEP) 
ที่ยังไม่เป็นไปในแนวทางเดียวกันหรือไม่เป็นไป","ข้อตรวจพบ : การดำเนินการตามนโยบายเจ็บป่วยฉุกเฉินยังไม่เป็นไปตามเป้าประสงค์ 
และไม่เป็นไปในแนวทางเดียวกันหรือไม่เป็นไปตามหลักเกณฑ์ที่กำหนด 
           1.การดำเนินการตามนโยบาย ""เจ็บป่วยฉุกเฉินถึงแก่ชีวิต ไม่ถามสิทธิ 
ใกล้ที่ไหน ไปที่นั่น"" ไม่เป็นไปตามเป้าปร","สถาบันการแพทย์ฉุกเฉินแห่งชาติ
1.กำหนดหลักเกณฑ์ แนวทางการปฏิบัติในทุกขั้นตอนของการปฏิบัติงานให้ชัดเจน 
โดยเฉพาะการบันทึกข้อมูลผู้ป่วยฉุกเฉินในระบบ Preauthorization 
และการเบิกจ่ายค่าชดเชยรักษาพยาบาลที่เกิดขึ้นภายในระยะเวลา 72 ชั่วโมง 
และภายหลัง 72 ชั่วโมง","ผลกระทบต่อผู้ป่วย
1.การที่สถานพยาบาลเอกชนมีการบันทึกข้อมูลเพื่อคัดแยกระดับความฉุกเฉินและ
การเก็บเงินค่ารักษาพยาบาลภายหลังการพ้นภาวะวิกฤตยังไม่เป็นไปในแนวทางเดียวกัน 
ทำให้ผู้ป่วยบางรายไม่สามารถเข้าถึงสิทธิตามนโยบายได้ และต้องรับภาระค่ารักษาพยาบาล
2.ผู้ป่ว"
FL-0113,การดำเนินงานไม่บรรลุวัตถุประสงค์เป้าหมายของโครงการ                                                  ,ธนาคารเพื่อการเกษตรและสหกรณ์การเกษตร,โครงการบัตรสินเชื่อเกษตรกร,2559,,"1.สาเหตุสำคัญที่ทำให้การดำเนินงานโครงการบัตรสินเชื่อเกษตรกรยังไม่เป็นไปตาม
เป้าหมาย เนื่องจากไม่มีการสำรวจความต้องการการใช้บัตรสินเชื่อเกษตรกรก่อน
การดำเนินงานโครงการเกษตรกรลูกค้าขาดความเข้าใจในเงื่อนไขการใช้งานและประโยชน
ของบัตรสินเชื่อจึงไม่ใช้จ่ายผ่านบ","1.การดำเนินงานโครงการยังไม่เป็นไปตามเป้าหมายที่กำหนด จากการตรวจสอบ 
พบว่า ผลการดำเนินงานโครงการบัตรสินเชื่อเกษตรกรยังไม่เป็นไปตามเป้าหมายการดำเนิน
งานที่กำหนดในปีบัญชี 2555 - 2557 
สรุปได้ดังนี้
1.1การส่งมอบบัตรได้จริงยังไม่เป็นไปตามเป้าหมายที่กำหนด เนื่อ","1.ในการดำเนินโครงการอื่น ๆ ในอนาคตที่มีลักษณะเช่นเดียวกัน 
ควรมีการสำรวจความต้องการของเกษตรกรลูกค้าก่อนการดำเนินงานโครงการ
2.ควรมีการชี้แจงและทำความเข้าใจเกี่ยวกับประโยชน์ของบัตรสินเชื่อเกษตรกร 
โดยเฉพาะเกษตรกรลูกค้าที่ยังไม่มีการใช้บัตร 
เพื่อให้มีความรู","1.ทำให้ ธ.ก.ส.สูญเสียเงินในการจัดทำบัตรที่ไม่สามารถส่งมอบจำนวน402,281 บัตร 
คิดเป็นจำนวนเงินที่สูญเสียประมาณ 13.62 ล้านบาทและบัตรที่ส่งมอบให้เกษตรกรแล้ว
แต่บัญชีไม่เคลื่อนไหวจนต้องอายัดบัตรจำนวน1,629,795บัตร คิดเป็นจำนวนเงิน
ที่สูญเสียประมาณ 55.18 ล้านบาท"
FL-0114,การดำเนินงานไม่บรรลุวัตถุประสงค์เป้าหมายของโครงการ                                                  ,กรมทรัพยากรน้ำบาดาล,โครงการพัฒนาแหล่งน้ำบาดาลเพือสนับสนุนน้ำดื่มสะอาดให้กับโรงเรียนทัวประเทศ,2559,,"๑.กรมทรัพยากรน้ำบาดาลไม่ได้กำหนดแนวทางการพิจารณาคัดเลือกโรงเรียนที่จะเข้าร่วมโครงการตามลำดับความรุนแรงของสภาพปัหาการขาดแคลนน้ำอุปโภคบริโภค
๒.การจัดทำโครงการไม่ได้กำหนดให้มีกิจกรรมสำรวจและคัดเลือกโรงเรียนเข้าร่วมโครงการ
๓.กรมทรัพยากรน้ำบาดาลและสำนักงานคณะก","๑.โรงเรียนที่เข้าร่วมโครงการบางแห่งไม่ได้ประสบปัญหาขาดแคลนน้ำอุปโภคบริโภคอย่างรุนแรง 
โดยมีโรงเรียนที่ใช้น้ำประปาของการประปาส่วนภูมิภาคเพื่ออุปโภคบริโภคก่อนเข้าร่วมโครงการจำนวน 
๔๖ แห่ง คิดเป็นร้อยละ ๒๓.๐๐ ของโรงเรียนที่ตรวจสอบทั้งหมด 
ซึ่งส่วนใหญ่เข้าร่ว","อธิบดีกรมทรัพยากรน้ำบาดาล
๑.กำหนดแนวทางการพิจารณาคัดเลือกโรงเรียนเข้าร่วมโครงการในปีงบประมาณต่อไปให้ชัดเจนและสอดคล้องกับเป้าหมายการดำเนินโครงการ
๒.ประสานงานกับสำนักงานคณะกรรมการการศึกษาขั้นพื้นฐาน 
เพื่อร่วมกันจัดประชุมเพื่อพิจารณาทบทวนบทบาทหน้าที่ความรับ","๑.กรมทรัพยากรน้ำบาดาลสูญเสียโอกาสในการใช้จ่ายงบประมาณเพื่อแก้ไขปัญหาขาดแคลนน้ำอุปโภคบริโภคให้กับโรงเรียนที่มีสภาพปัญหารุนแรงมากกว่า 
จำนวน ๔๖ แห่ง เป็นเงิน ๕๙,๖๐๒,๐๐๐.๐๐ บาท
๒.การใช้จ่ายงบประมาณไม่คุ้มค่าและเกิดความสูญเปล่า 
รวมทั้งไม่เป็นไปตามวัตถุประสงค"
FL-0116,การดำเนินงานไม่บรรลุวัตถุประสงค์เป้าหมายของโครงการ                                                  ,สำนักงานพัฒนาชุมชนจังหวัดสุราษฎร์ธานี,โครงการบริหารจัดการที่ดินทำกิน : สุราษฎร์โมเดล ปีงบประมาณ 2556,2558,,"1. สำนักงานพัฒนาชุมชนจังหวัดสุราษฎร์ธานี 
ขาดการวางแผนและการเตรียมความพร้อมที่ดีในการดำเนินโครงการ 
จนนำไปสู่การเปลี่ยนแปลงพื้นที่เป้าหมาย
2.ผลจากการดำเนินงานของกิจกรรมโครงสร้างพื้นฐานล่าช้ากว่าแผนที่กำหนด
3.โครงการกลุ่มอาชีพส่วนใหญ่ไม่ได้มีการคิดวิเคราะห","1.การสนับสนุนปัจจัยการผลิตให้กับกลุ่มอาชีพไม่สามารถดำเนินการบรรลุตามวัตถุประสงค์

","1.ต้องมีการวางแผนและเตรียมความพร้อมที่ดีในการบริหารจัดการโครงการ 
และขั้นตอนในการดำเนินการอย่างไเป็นระบบ
2.ต้องกำกับและติดตามผลการดำเนิงานอย่างใกล้ชิด 
เพื่อให้โครงการกลุ่มอาชีพที่มีปัญหาและอุปสรรคในการดำเนินงานสามารถแก้ไขได้ทันท่วงที
3.ก่อนการดำเนินโครงก","1.สมาชีกในกลุ่มอาชีพสูญเสียโอกาสในการประกอบอาชีพเสริมและรายได้เสริม
2.การใช้จ่ายงบประมาณแผ่นดินไม่คุ้มค่า 
จากการสนับสนุนปัจจัยการผลิตให้กับกลุ่มอาชีพได้รับงบประมาณทั้งสิ้น 
2,928,620 บาท ผลการดำเนินงานไม่ประสบความสำเร็จในการพัฒนากลุ่มอาชีพจำนวน 
1,015,75"
FL-0117,การดำเนินงานไม่บรรลุวัตถุประสงค์เป้าหมายของโครงการ                                                  ,สำนักงานส่งเสริมการปกครองท้องถิ่นจังหวัดนครสวรรค์,โครงการป้องกันและแก้ไขปัญหายาเสพติด ปีงบประมาณ 2556,2558,,"ศพส.จ./ศพส.อ. 
ไม่มีข้อมูลรายชื่อกลุ่มเป้าหมายที่จะเข้ารับการบำบัดและผู้ปกครองบางส่วนไม่ให้ความร่วมมือที่จะส่งบุตรหลานเข้าร่วมบำบัด  
รวมถึง อปท. บางแห่งไม่ให้ความสำคัญกับการดำเนินการกิจกรรมบำบัดฯ 
ให้กับกลุ่มเป้าหมาย และไม่มีความพร้อม ทั้งในด้าน บุคลากร ","ข้อตรวจพบ  :  
การดำเนินโครงการป้องกันและแก้ไขปัญหายาเสพติดขององค์กรปกครองส่วนท้องถิ่น    
(อปท.) ไม่เป็นไปตามหลักเกณฑ์และแนวทางที่กำหนด
ข้อสังเกตอื่น : 
เบิกจ่ายเงินงบประมาณไม่เป็นไปตามระเบียบและหนังสือสั่งการที่เกี่ยวข้อง
","1. ต้องให้ความสำคัญในการกำหนดจำนวนเป้าหมายผู้ที่จะเข้ารับการบำบัด ฟื้นฟู 
ตามสถานการณ์จริงของพื้นที่ 
โดยการบูรณาการร่วมกันของหน่วยงานที่เกี่ยวข้องให้ค้นหากลุ่มเป้าหมายและจัดทำทะเบียนข้อมูลและส่งต่อให้ 
อปท.
2. 
ให้เจ้าหน้าที่ผู้รับผิดชอบการจัดทำค่ายปรับเ","ทำให้การดำเนินโครงการไม่บรรลุวัตถุประสงค์ในการแก้ไขปัญหายาเสพติดของประเทศและอาจก่อให้เกิดปัญหาอื่นๆ 
ทางสังคมตามมา เกิดการสูญเปล่าในการใช้จ่ายเงินอุดหนุนเฉพาะกิจ 
เกิดการขยายเครือข่ายหรือสร้างเครือข่ายใหม่ 
รวมถึงเป็นช่องทางการหลบเลี่ยงกฎหมายของกลุ่มผู้ติ"
FL-0118,การดำเนินงานไม่บรรลุวัตถุประสงค์เป้าหมายของโครงการ                                                  ,สำนักงานส่งเสริมการปกครองท้องถิ่นจังหวัดนครสวรรค์,โครงการป้องกันและแก้ไขปัญหายาเสพติด ปีงบประมาณ 2556,2558,,"1.สาเหตุเกิดจาก ศพส.จ./ศพส.อ. 
ไม่มีข้อมูลรายชื่อกลุ่มเป้าหมายที่จะเข้ารับการบำบัดและผู้ปกครองบางส่วนไม่ให้ความร่วมมือที่จะส่งบุตรหลานเข้าร่วมบำบัด  
รวมถึง อปท. บางแห่งไม่ให้ความสำคัญกับการดำเนินการกิจกรรมบำบัดฯ 
ให้กับกลุ่มเป้าหมาย และไม่มีความพร้อม ทั้","ข้อตรวจพบ  :  
การดำเนินโครงการป้องกันและแก้ไขปัญหายาเสพติดขององค์กรปกครองส่วนท้องถิ่น 
(อปท.) ไม่เป็นไป  
                      ตามหลักเกณฑ์และแนวทางที่กำหนด

ข้อสังเกตอื่น : 
เบิกจ่ายเงินงบประมาณไม่เป็นไปตามระเบียบและหนังสือสั่งการที่เกี่ยวข้อง
","1. ต้องให้ความสำคัญในการกำหนดจำนวนเป้าหมายผู้ที่จะเข้ารับการบำบัด ฟื้นฟู 
ตามสถานการณ์จริงของพื้นที่ 
โดยการบูรณาการร่วมกันของหน่วยงานที่เกี่ยวข้องให้ค้นหากลุ่มเป้าหมายและจัดทำทะเบียนข้อมูลและส่งต่อให้ 
อปท.
2. 
ให้เจ้าหน้าที่ผู้รับผิดชอบการจัดทำค่ายปรับเ","ทำให้การดำเนินโครงการไม่บรรลุวัตถุประสงค์ในการแก้ไขปัญหายาเสพติดของประเทศและอาจก่อให้เกิดปัญหาอื่นๆ 
ทางสังคมตามมา เกิดการสูญเปล่าในการใช้จ่ายเงินอุดหนุนเฉพาะกิจ 
เกิดการขยายเครือข่ายหรือสร้างเครือข่ายใหม่ 
รวมถึงเป็นช่องทางการหลบเลี่ยงกฎหมายของกลุ่มผู้ติ"
FL-0119,การดำเนินงานไม่บรรลุวัตถุประสงค์เป้าหมายของโครงการ                                                  ,สำนักงานเกษตรจังหวัดพะเยา,การส่งเสริมอาชีพใหม่เพื่อสนับสนุนฐานเศรษฐกิจ GMS(ส่งเสริมการปลูกยางพารา),2558,,"สาเหตุ
1.	
เจ้าหน้าที่ผู้รับผิดชอบกิจกรรมสนับสนุนกล้าพันธุ์ยางพาราไม่ตรวจสอบความพร้อมของเกษตรกรและสถานที่ปลูกกล้ายางพาราก่อนดำเนินการแจกจ่ายกล้าพันธุ์ยางพารา 
เพื่อทราบถึงความต้องการของเกษตรกร และความเหมาะสมของสถานที่ปลูกกล้าพันธุ์ยางพารา
2.	
เจ้าหน้าที่ผ","การปลูกกล้าพันธุ์ยางพาราไม่เป็นไปตามวัตถุประสงค์ เป้าหมาย เงื่อนไขและแนวทางที่ 
กำหนดไว้

ข้อตรวจพบ
จากการสุ่มตรวจสอบเอกสาร สัมภาษณ์และสังเกตการณ์ (ในช่วงเดือน เมษายน - กรกฎาคม 2557) 
พื้นที่ปลูกกล้าพันธุ์ยางพาราของเกษตรกรที่ได้รับการสนับสนุนกล้าพันธุ์ยาง","ข้อเสนอแนะ
สำนักงานการตรวจเงินแผ่นดิน โดยสำนักตรวจสอบพิเศษภาค 9 
มีข้อเสนอแนะให้เกษตรจังหวัดพะเยาพิจารณาดำเนินการ ดังนี้
1.	
กำชับให้เจ้าหน้าที่ผู้รับผิดชอบกิจกรรมสนับสนุนกล้าพันธุ์ยางพาราตรวจสอบความพร้อมของเกษตรกรและสถานที่ปลูกกล้ายางพาราก่อนดำเนินการแจก","ผลกระทบ
1.	
กรณีเกษตรกรที่ได้รับการสนับสนุนกล้าพันธุ์ยางพาราแล้วมิได้นำมาปลูกทันทีเมื่อได้รับแจกกล้าพันธุ์หรือปลูกกล้าพันธุ์ยางพาราไม่ครบถ้วนตามจำนวนที่ได้รับการสนับสนุน 
ทำให้ไม่สามารถทดแทนพื้นที่ปลูกพืชที่มีปัญหาด้านการตลาด 
รวมทั้งไม่สามารถเพิ่มพื้นที่"
FL-0120,การดำเนินงานไม่บรรลุวัตถุประสงค์เป้าหมายของโครงการ                                                  ,สถานีพัฒนาที่ดินจังหวัดแม่ฮ่องสอน,โครงการแหล่งน้ำในไร่นานอกเขตชลประทานประจำปีงบประมาณ 2556,2558,,"  สาเหตุ 
1.สถานีพัฒนาที่ดินเชียงใหมกำหนดระยะเวลาในการดำเนินการก่อสร้างตามสัญญาจ้างภาย
ใน 150 วันเท่ากันทุกโครงการ ไม่สัมพันธ์กับระยะเวลาการใช้ประโยชน์ของสระน้ำ 
และใช้ระยะเวลาในการส่งแผนการก่อสร้างรายอำเภอ และรายชื่อเกษตรกร 
การขออนุมัติหลักการดำเนินการจ","ข้อตรวจพบที่ 1 ความล่าช้าของการดำเนินโครงการแหล่งน้ำในไร่นานอกเขตชลประทาน
จากการตรวจสอบการดำเนินการก่อสร้างสระน้ำตามโครงการของสถานีพัฒนาที่ดินเชียงใหม่ 
ลำพูน และแม่ฮ่องสอน จำนวน 2,665 บ่อ พบว่า มีการดำเนินงานโครงการล่าช้า 
ไม่แล้วเสร็จก่อนฤดูฝนจำนวน 2,39","ข้อเสนอแนะ
1.ผู้อำนวยการสำนักงานพัฒนาที่ดิน เขต 6 ควบคุม กำกับ ดูแล 
ให้สถานีพัฒนาที่ดินจังหวัดดำเนินงานโครงการแหล่งน้ำในไร่นานอกเขตชลประทาน 
โดย
1.1 ดำเนินการก่อสร้างสระน้ำให้แล้วเสร็จก่อนฤดูฝน 
และกำหนดระยะเวลาก่อสร้างแล้วเสร็จสัมพันธ์กับการใช้ประโยชน์ข","1.ทำให้เกษตรกรเสียโอกาสในการใช้ประโยชน์จากสระน้ำเพื่อบรรเทาปัญหาภัยแล้ง 
และการเพิ่มรายได้และผลผลิต อย่างน้อยเป็นระยะเวลา 1 ปี ก่อนที่จะถึงฤดูฝน
2.สถานีพัฒนาที่ดินเชียงใหมกำหนดระยะเวลาในการดำเนินการก่อสร้างตามสัญญาจ้าง
เท่ากันทุกโครงการแต่มีปริมาณงานจำนวน"
FL-0121,การดำเนินงานไม่บรรลุวัตถุประสงค์เป้าหมายของโครงการ                                                  ,องค์การบริหารส่วนจังหวัดมหาสารคาม,โครงการช่วยเหลือผู้ประสบภัยพิบัติกรณีฉุกเฉิน (ภัยแล้ง) ปีงบประมาณ 2556 : ขุดเจาะบ่อบาดาล,2558,,"   สาเหตุเนื่องจากการกำหนดแนวทางและวิธีการให้ความช่วยเหลือในลักษณะที่ไม่ครบถ้วน
ไม่สมบูรณ์แบบ ไม่สอดคล้องกับนโยบาย ทำให้บ่อบาดาลไม่สามารถใช้ประโยชน์ได้ 
เมื่อดำเนินการแล้วเสร็จ แบบรูปรายการที่กำหนดขาดความครบถ้วนสมบูรณ์ ไม่สามารถ
นำน้ำมาใช้ประโยชน์ได้ทันต่","ข้อตรวจพบ การดำเนินโครงการไม่บรรลุผลสำเร็จตามวัตถุประสงค์
     องค์การบริหารส่วนจังหวัดมหาสารคามดำเนินโครงการช่วยเหลือผู้ประสบภัยพิบัต
กรณีฉุกเฉิน (ภัยแล้ง) ปีงบประมาณ พ.ศ. ๒๕๕๖ : ขุดเจาะบ่อบาดาล โดยกำหนด
วัตถุประสงค์โครงการเพื่อช่วยเหลือและบรรเทาความเดือ","   ผู้ว่าการตรวจเงินแผ่นดิน อาศัยอำนาจตามนัยมาตรา ๔๔ แห่งพระราชบัญญัติประกอบ
รัฐธรรมนูญว่าด้วยการตรวจเงินแผ่นดิน พ.ศ. ๒๕๔๒ พิจารณาแล้วเห็นชอบกับผลการตรวจสอบ
ของสำนักงานการตรวจเงินแผ่นดินมีข้อเสนอแนะให้นายกองค์การบริหารส่วนจังหวัด
มหาสารคาม ดำเนินการดังนี้","   การดำเนินโครงการไม่บรรลุผลสำเร็จตามวัตถุประสงค์ส่งผลให้ประชาชนผู้ประสบ
ภัยแล้งไม่ได้รับการช่วยเหลือบรรเทาความเดือดร้อนจากการขาดแคลนน้ำอุปโภคบริโภค
ในช่วงเกิดสถานการณ์ภัยแล้ง ทำให้การใช้จ่ายเงินงบประมาณจำนวน ๒๔,๖๙๙,๙๒๘.๐๐ บาท 
จากบ่อบาดาลที่สำนักงานการต"
FL-0122,การดำเนินงานไม่บรรลุวัตถุประสงค์เป้าหมายของโครงการ                                                  ,องค์การบริหารส่วนจังหวัดอุดรธานี,โครงการป้องกันและแก้ไขปัญหาภัยแล้งในเขตพื้นที่จังหวัดอุดรธานี ประจำปีงบประมาณ พ.ศ. 2556,2558,,"1.เกิดจากองค์การบริหารส่วนจังหวัดอุดรธานี 
ไม่ได้สำรวจสภาพพื้นที่เพื่อรวบรวมข้อมูลเกี่ยวกับจำนวนประชากร ครัวเรือน 
จำนวนแหล่งน้ำทุกประเภท สภาพการใช้ประโยชน์ของแหล่งน้ำ           
เพื่อนำมาเป็นข้อมูลประกอบการวิเคราะห์สภาพปัญหาก่อนการให้ความช่วยเหลือ 
และไม","ข้อตรวจพบที่ ๑. การดำเนินงานไม่บรรลุวัตถุประสงค์ของโครงการ
๑.๑ บ่อน้ำบาดาลยังไม่มีการใช้ประโยชน์ จำนวน ๙๗ แห่ง จากการตรวจสอบพบว่า 
บ่อน้ำบาดาลที่ขุดเจาะแล้วเสร็จมีสภาพไม่พร้อมใช้งาน จำนวน ๗๑ แห่ง 
คิดเป็นร้อยละ ๗๓.๒๐ ของจำนวน        บ่อน้ำบาดาลยังไม่มีการ","ผู้ว่าการตรวจเงินแผ่นดินอาศัยอำนาจมาตรา ๔๔ 
แห่งพระราชบัญญัติประกอบรัฐธรรมนูญ      ว่าด้วยการตรวจเงินแผ่นดิน พ.ศ. ๒๕๔๒ 
พิจารณาแล้วเห็นชอบกับผลการดำเนินการของสำนักงาน          การตรวจเงินแผ่นดิน 
ให้นายกองค์การบริหารส่วนจังหวัดอุดรธานี 
พิจารณาดำเนินการตา","1.การที่บ่อน้ำบาดาลที่ขุดเจาะแล้วเสร็จไม่มีการใช้ประโยชน์ 
ใช้ประโยชน์น้อยหรือใช้ได้ไม่เต็มที่ 
ทำให้ประชาชนในพื้นที่ที่ประสบปัญหาการขาดแคลนน้ำอุปโภค บริโภค 
ไม่มีน้ำสำหรับอุปโภคบริโภค หรือมีแต่ไม่เพียงพอ 
ไม่สามารถแก้ไขปัญหาการขาดแคลนน้ำได้อย่างแท้จริง 
"
FL-0124,การดำเนินงานไม่บรรลุวัตถุประสงค์เป้าหมายของโครงการ                                                  ,ที่ทำการปกครอง อำเภอเมือง จังหวัดนครราชสีมา,โครงการก่อสร้างหอประชุมอเนกประสงค์ อำเภอเมืองนครราชสีมาจังหวัดนครราชสีมา,2558,,"ขาดแผนการบริหารจัดการที่มีประสิทธิภาพ
การดำเนินโครงการก่อสร้างหอประชุมไมเป็นไปตามระเบียบสำนักนายกรัฐมนตรีและไม่เป็นไปตามแผนการก่อสร้าง
การออกแบบหอประชุมไม่เหมาะกับการใช้ประโยชน์
","1.หอประชุมได้ใช้ประโยชน์เพียงบางวัตถุประสงค์
2. การบริหารจัดการแผนงานโครงการขาดประสิทธิภาพ
","
","หอประชุมมีความไม่เหมาะสมกับการใช้ประโยชน์ การแผนการบริหารจัดการ
"
FL-0125,การดำเนินงานไม่บรรลุวัตถุประสงค์เป้าหมายของโครงการ                                                  ,เทศบาลเมืองเสนา,โครงการก่อสร้างระบบกำจัดขยะมูลฝอย (เตาเผาขยะ) ของเทศบาลเมืองเสนา จังหวัดพระนครศรีอยุธยา,2558,,"	สาเหตุที่เทศบาลเมืองเสนาไม่สามารถบริหารจัดการระบบเตาเผาขยะมูลฝอย
ให้มีการใช้งานได้อย่างเต็มศักยภาพ เกิดจากขาดความพร้อมในการบริหารจัดการระบบเตาเผา
ขยะมูลฝอย โดยเฉพาะความพร้อมด้านบุคลากรสำหรับดำเนินการเผาขยะมูลฝอย 
ขาดบุคลากรด้านช่างเทคนิคที่มีความรู้ความเ","ข้อตรวจพบ :เทศบาลเมืองเสนาไม่สามารถบริหารจัดการระบบเตาเผาขยะมูลฝอยให้มีการ
ใช้งานได้อย่างเต็มศักยภาพ
	เทศบาลเมืองเสนา ได้จ้างห้างหุ้นส่วนจำกัด เอ็มเคแอล คอนสตรัคชั่น 
ก่อสร้างระบบเตาเผาขยะมูลฝอย พร้อมอาคารโรงงานเผาขยะ จำนวน 1 แห่ง 
ตามสัญญาจ้างเลขที่ 1/25","ให้นายกเทศมนตรีเมืองเสนาดำเนินการตามข้อเสนอแนะดังนี้
	1.จัดประชุมหารือร่วมกันเพื่อกำหนดแนวทางในการบริหารจัดการระบบเตาเผาขยะ
มูลฝอยให้เกิดประโยชน์สูงสูด โดยร่วมกันศึกษาและเปรียบเทียบผลดี ผลเสีย 
ของรูปแบบการบริหารจัดการระหว่างการให้เทศบาลดำเนินการเองทั้งหม","	การที่เทศบาลเมืองเสนาไม่สามารถบริหารจัดการระบบเตาเผาขยะมูลฝอยให้มีการ
ใช้งานได้อย่างเต็มศักยภาพ ส่งผลให้การใช้จ่ายงบประมาณเป็นไปอย่างไม่คุ้มค่า 
จำนวน 199 ลบ. หรือเกิดความสูญเปล่าหากไม่ซ่อมแซมระบบเตาเผาขยะให้สามารถใช้
ประโยชน์ได้ การดำเนินงานตามโครงการยั"
FL-0126,การดำเนินงานไม่บรรลุวัตถุประสงค์เป้าหมายของโครงการ                                                  ,กรมประมง,การบริหารจัดการบึงบอระเพ็ด จังหวัดนครสวรรค์,2560,,"ขาดการศึกษาความเป็นไปได้ ความเหมาะสม และผลกระทบสิ่งแวดล้อมในการดำเนินโครงการ 
และขาดการบริหารจัดการ ดูแลบำรุงรักษา และการวางแผนการใช้ประโยชน์ให้เป็นไปตาม
วัตถุประสงค์
","อาคารหรือสิ่งปลูกสร้างของหน่วยงานต่าง ๆ ที่ดำเนินการในพื้นที่บึงบอระเพ็ด 
ไม่มีการใช้ประโยชน์ตามวัตถุประสงค์ 
","ให้อธิบดีกรมประมง อธิบดีกรมอุทยานแห่งชาติ สัตว์ป่าและพันธุ์พืช และผู้ว่าราชการ
จังหวัดนครสวรรค์ พิจารณาดำเนินการดังนี้ 
	1.สั่งการให้หน่วยงานที่เกี่ยวข้องสำรวจอาคารหรือสิ่งปลูกสร้างของแต่ละ
หน่วยงานในพื้นที่บึงบอระเพ็ด โดยระบุประเภทและจำนวนอาคารหรือสิ่งปล","การใช้จ่ายงบประมาณแผ่นดินในการก่อสร้างอาคารหรือสิ่งปลูกสร้างเกิดความไม่คุ้มค่า  
นอกจากนี้ยังทำให้รัฐเสียโอกาสนำงบประมาณดังกล่าวไปใช้สำหรับงาน กิจกรรมหรือ
โครงการอื่นที่มีความจำเป็นเร่งด่วนมากกว่า และทำให้รัฐต้องใช้จ่ายงบประมาณเพื่อ
บำรุงรักษา ซ่อมแซมเป็น"
FL-0127,การดำเนินงานไม่บรรลุวัตถุประสงค์เป้าหมายของโครงการ                                                  ,กรมที่ดิน,การจัดการที่ดินของรัฐ,2558,,"กรมที่ดินไม่มีการกำหนดตัวชี้วัดและเป้าหมายจำนวนแปลงที่ดินของรัฐที่ออก นสล. 
และขาดการติดตามเร่งรัดการดำเนินการของหน่วยงานที่เกี่ยวข้อง 
","มีที่ดินสาธารณประโยชน์ที่รังวัดแล้วเป็นส่วนใหญ่ค้างออกหนังสือสำคัญสำหรับที่หลวง 
(นสล.) นานเกิน 5 ปีขึ้นไป 
   มีที่ดินสาธารณประโยชน์ที่รังวัดแล้วค้างออก นสล. 
(ก่อนและหลังขั้นตอนการประกาศการออก นสล.) เกิน 5 ปีขึ้นไป เป็นจำนวน 52 แปลง 
คิดเป็นร้อยละ 73.24","1.	กำหนดตัวชี้วัดและเป้าหมายจำนวนแปลงที่ดินของรัฐที่ออก นสล. 
2.	สั่งการให้เจ้าหน้าที่ผู้รับผิดชอบสำรวจ 
และติดตามเร่งรัดการดำเนินการของหน่วยงานที่เกี่ยวข้อง 
","ทำให้ไม่บรรลุวัตถุประสงค์การรังวัดเพื่อออก นสล. โดยยังไม่สามารถออก นสล. 
ไว้เป็นหลักฐานครบถ้วนทุกแปลง 
และทำให้รัฐมีภาระค่าใช้จ่ายเพิ่มขึ้นเนื่องจากการค้างออก นสล. นานเกิน 5 ปี 
ย่อมส่งผลให้หลักฐานการรังวัดและตรวจสอบที่แสดงแนวเขตที่ดินสาธารณประโยชน์
มีสภา"
FL-0128,การดำเนินงานไม่บรรลุวัตถุประสงค์เป้าหมายของโครงการ                                                  ,กรมการท่องเที่ยว,การพัฒนาแหล่งท่องเที่ยวของกรมการท่องเที่ยว,2558,,"1.หน่วยงานเจ้าของโครงการ
 1.1จัดทำรายละเอียดข้อเสนอโครงการไม่ชัดเจน/ไม่ครบถ้วน จึงไม่มีข้อมูล
ประกอบการพิจารณาได้อย่างชัดเจนถึงแผนการบริหารจัดการ และความจำเป็นที่แท้จริง
ของกิจกรรมที่เสนอขอรับการสนับสนุน 
 1.2มุ่งเน้นการขอรับการสนับสนุน 
โดยไม่ได้คำนึงถึง","โครงการพัฒนาแหล่งท่องเที่ยวที่ดำเนินการแล้วเสร็จบางส่วนไม่บรรลุผลสำเร็จ	
ตามวัตถุประสงค์ 
","1.กรมการท่องเที่ยว ให้อธิบดีกรมการท่องเที่ยว พิจารณาดำเนินการดังนี้
 1.1ปรับปรุง จัดทำฐานข้อมูลเกี่ยวกับการสนับสนุนโครงการพัฒนาแหล่งท่องเที่ยว
ให้มีข้อมูลที่ถูกต้อง ครบถ้วน และบันทึกข้อมูลให้เป็นปัจจุบัน 
 1.2ทบทวน ปรับปรุงเกี่ยวกับหลักเกณฑ์ เงื่อนไข/แนวท","1.การใช้จ่ายเงินงบประมาณไม่คุ้มค่า รวมทั้งสิ้น 312.01 ล้านบาท 
ในจำนวนนี้บางส่วนอาจเกิดการสูญเปล่าเนื่องจากอุปกรณ์สูญหายหรือต้นไม้ตาย 
รวมมูลค่าประมาณ 9.76 ล้านบาท
2.เสียโอกาสในการพัฒนาแหล่งท่องเที่ยวของพื้นที่เป้าหมายอื่น ๆ 
อีกมากที่ยังไม่ได้รับการสนับส"
FL-0130,การดำเนินงานไม่บรรลุวัตถุประสงค์เป้าหมายของโครงการ                                                  ,กรมเจ้าท่า,การพัฒนาและบำรุงรักษาโครงสร้างพื้นฐานด้านการขนส่งทางน้ำ,2559,,"1.กรมเจ้าท่ายังไม่ให้ความสำคัญกับรายละเอียดข้อมูลประกอบการพิจารณาจัดลำดับ
ความสำคัญของร่องน้ำที่จะดำเนินการขุดลอกในแต่ละปีงบประมาณ 
อาทิ สภาพปัญหา ความต้องการ และความจำเป็นตามความเหมาะสมของพื้นที่ 
ทำให้เมื่อได้รับอนุมัติงบประมาณบางร่องน้ำไม่สามารถดำเนินก","เครื่องจักร และอุปกรณ์ที่ใช้ในการปฏิบัติงานขุดลอกบางส่วนไม่พร้อมสำหรับการปฏิบัติงานขุดลอก 
หรือชำรุดเสียหาย
","2. การทิ้งดินหรือวัสดุที่ได้จากการขุดลอกร่องน้ำ
2.1 ให้ทบทวนการคิดคำนวณต้นทุนให้สอดคล้องตามข้อเท็จจริง เพื่อให้ผลการขุดลอก
ร่องน้ำมีประสิทธิภาพและประสิทธิผลมากยิ่งขึ้น ทั้งนี้ ให้มีการประสาน 
ทำความตกลงกับสำนักงบประมาณ 
เพื่อชี้แจงเหตุผลความจำเป็นในการคิด","ทำให้ร่องน้ำที่จะดำเนินการขุดลอกตามที่ขอตั้งงบประมาณในการขุดลอกร่องน้ำ
อาจไม่เหมาะสม หรือไม่เป็นไปตามลำดับความสำคัญของสภาพปัญหา 
เนื่องจากข้อมูลการสำรวจข้อมูลของร่องน้ำเบื้องต้นบางร่องน้ำมีรายละเอียดข้อมูล
ไม่ชัดเจน ไม่ได้มีการสำรวจออกแบบและคำนวณหาปริมาณด"
FL-0131,การดำเนินงานไม่บรรลุวัตถุประสงค์เป้าหมายของโครงการ                                                  ,กรมท่าอากาศยาน,การบริหารท่าอากาศยานภูมิภาค 28 แห่ง,2558,,"1.สำนักพัฒนาท่าอากาศยาน (สพท.) 
ซึ่งเป็นหน่วยงานหลักที่รับผิดชอบการสำรวจออกแบบ มีข้อจำกัดด้านบุคลากร 
โดยเฉพาะผู้ที่มีความรู้ ความชำนาญในการสำรวจออกแบบ 
ประกอบกับบุคลากรด้านการก่อสร้าง ช่าง หรือวิศวกรซึ่งมีเฉพาะหน่วยงานในส่วนกลาง 
มีจำนวนไม่เพียงพอ 
โดยมี","การลงทุนพัฒนาท่าอากาศยานภูมิภาคมีผลการดำเนินงานไม่เป็นไปตามแผนที่กำหนด
","ให้อธิบดีกรมท่าอากาศยาน พิจารณาดำเนินการดังนี้
1.เร่งรัดให้มีการสำรวจ ออกแบบ หรือกำหนดแบบรูปรายการที่ชัดเจน 
ประสานงานการเข้าใช้ประโยชน์ในพื้นที่กับหน่วยงานที่ใช้พื้นที่ร่วมกันให้แล้วเสร็จ
ก่อนเสนอขอรับการจัดสรรงบประมาณ รวมถึงเร่งรัดการดำเนินงานตามกระบวนก","การเบิกจ่ายงบประมาณด้านการลงทุนพัฒนาท่าอากาศยานภูมิภาคต่ำกว่าเป้าหมายที่กำหนด
ทุกปีงบประมาณ และการที่ผลการดำเนินงานตามสัญญา/โครงการลงทุนพัฒนาท่าอากาศยาน
ภูมิภาคส่วนใหญ่มีความล่าช้ากว่าแผนที่กำหนด จะส่งผลกระทบสำคัญคือ
1.การบริหารงบประมาณไม่มีประสิทธิภาพ รว"
FL-0133,การดำเนินงานไม่บรรลุวัตถุประสงค์เป้าหมายของโครงการ                                                  ,องค์การสวนยาง,โครงการพัฒนาศักยภาพสถาบันเกษตรกรเพื่อรักษาเสถียรภาพราคายาง,2559,,"1. การดำเนินโครงการมีการกำหนดวัตถุประสงค์ 
และวิธีการดำเนินงานไม่สอดคล้องกัน
	1.1 
การกำหนดวัตถุประสงค์ของโครงการในส่วนของการพัฒนาศักยภาพสถาบันเกษตรกรไม่ใช่วัตถุประสงค์ที่แท้จริง 
และไม่สัมพันธ์กับวิธีการดำเนินโครงการ
	1.2 
ระยะเวลาการดำเนินโครงการไม่สอดค","๑.การดำเนินโครงการไม่บรรลุวัตถุประสงค์ในการพัฒนาศักยภาพสถาบันเกษตรกรที่เข้าร่วมโครงการให้เป็นกลไกในการรักษาเสถียรภาพราคายางได้

๒.การดำเนินโครงการไม่บรรลุเป้าหมายในการทำให้ราคายางในตลาดมีเสถียรภาพในระดับประมาณ 
120 บาทต่อกิโลกรัมได้

","รัฐบาล เห็นควรกราบเรียนนายกรัฐมนตรีเพื่อพิจารณาดำเนินการ ดังนี้
	1. การดำเนินงานเพื่อช่วยเหลือเกษตรกรชาวสวนยางในระยะต่อไป 
หากจำเป็นต้องมีมาตรการระยะสั้นเพื่อแก้ไขปัญหาอย่างเร่งด่วนในกรณีเกิดปัญหายางพาราตกต่ำ 
ให้พิจารณาหลีกเลี่ยงการแก้ไขปัญหาโดยใช้วิธีกา","1. ภายหลังสิ้นสุดโครงการ 
รัฐบาลยังคงต้องจัดสรรงบประมาณเพื่อช่วยเหลือเกษตรกรชาวสวนยางจากปัญหาราคายางตกต่ำและมีแนวโน้มรุนแรงขึ้นอย่างต่อเนื่อง
2. การดำเนินโครงการต้องมีรายจ่ายเพิ่มขึ้นจากที่ได้กำหนดไว้
3. ผลการดำเนินโครงการมีแนวโน้มขาดทุนมากกว่าที่ควร
4. ส"
FL-0134,การดำเนินงานไม่บรรลุวัตถุประสงค์เป้าหมายของโครงการ                                                  ,สำนักเลขาธิการนายกรัฐมนตรี,กองทุนพัฒนาบทบาทสตรี,2558,,"1.การจัดทำโครงการของกลุ่มสมาชิกสตรีซึ่งได้รับการพิจารณาและ
อนุมัติเงินสนับสนุน ส่วนใหญ่ไม่สอดคล้องหรือเชื่อมโยงกับวัตถุประสงค์
ของกองทุนฯ อย่างชัดเจน 
2.ระเบียบที่ใช้ในการบริหารจัดการกองทุนพัฒนาบทบาทสตรีขาดความชัดเจน 
3.ขาดระเบียบหรือหลักเกณฑ์กลางที่ใช้เป","การดำเนินโครงการที่ผ่านการพิจารณาและอนุมัติจ่ายเงินสนับสนุน
จากคณะกรรมการกองทุนพัฒนาบทบาทสตรีจังหวัด (คกส.จ.) 
ส่วนใหญ่ไม่ประสบผลสำเร็จตามวัตถุประสงค์ในการจัดตั้งกองทุนฯ
","1. ทบทวนการพิจารณาจัดสรรและใช้จ่ายเงินงบประมาณที่อุดหนุนให้
กองทุนพัฒนาบทบาทสตรี โดยต้องให้สอดคล้องตอบสนอง 
การแก้ไขปัญหาสตรีตามเหตุผลความจำเป็นในการจัดตั้งเป็นอันดับแรก 
2.สั่งการให้หน่วยงานที่เกี่ยวข้อง ควบคุม กำกับ 
และติดตามดูแลการใช้จ่ายเงินทั้งประเภ","1.ส่งผลให้สมาชิกที่ได้รับเงินสนับสนุนมีภาระหนี้สินเพิ่มขึ้น
2.ทำให้การใช้จ่ายเงินงบประมาณเกิดความสูญเปล่าทำให้การใช้จ่ายเงิน
งบประมาณเกิดความสูญเปล่า
3.เป็นการใช้จ่ายเงินงบประมาณแผ่นดินที่ผิดวัตถุประสงค์และไม่เกิด
ประโยชน์อย่างคุ้มค่า

"
FL-0142,การดำเนินงานไม่บรรลุวัตถุประสงค์เป้าหมายของโครงการ                                                  ,สำนักงานจังหวัดเชียงใหม่,"โครงการตามแผนปฏิบัติราชการประจำปีงบประมาณ 2555 ""แผนพัฒนาจังหวัดเชียงใหม่""",2559,,"สาเหตุที่ทำให้โครงการประสบผลสำเร็จบางส่วนหรือไม่ประสบผลสำเร็จ
ประกอบด้วยหลายสาเหตุแตกต่างกันในแต่ละโครงการ เช่น
 - ผู้บังคับบัญชาแต่ละระดับชั้นไม่ให้ความสำคัญเกี่ยวกับการดำเนินงานโครงการ 
ได้แก การปฏิบัติตามหลักเกณฑ์และวิธีปฏิบัติในการบริหารงบประมาณจังหวั","สำนักงานการตรวจเงินแผ่นดินได้ตรวจสอบการดำเนินงานโครงการตามแผนปฏิบัติราชการประจำปีงบประมาณ 
2555 ""แผนพัฒนาจังหวัดเชียงใหม่"" วงเงินงบประมาณ 215.27 ล้านบาท 
โดยประเมินผลสำเร็จจำนวน 10 โครงการ จากโครงการตามแผนจำนวน 24 โครงการ 
ผลการตรวจสอบพบประเด็นข้อตรวจพบ ด","ข้อเสนอแนะให้หน่วยงานที่รับผิดชอบแต่ละโครงการ ดำเนินการดังนี้
1. โครงการสร้างนวัตกรรมผลิตภัณฑ์ภูมิปัญญาท้องถิ่นสู่สากล (Creative OTOP) 
ให้ เกษตรจังหวัดเชียงใหม่ และ พัฒนาชุมชนจังหวัดเชียงใหม่ 
สั่งกำชับให้เจ้าหน้าที่ผู้รับผิดชอบโครงการให้ความสำคัญเกี่ยวก","ใช้จ่ายเงินงบประมาณไม่มีประสิทธิภาพ
"
FL-0472,การดำเนินงานล่าช้ากว่าแผน                                                                           ,สำนักงานเกษตรจังหวัดขอนแก่น,โครงการพัฒนาคุณภาพการผลิตและเพิ่มมูลค่าผลผลิตข้าวครบวงจร ประจำปีงบประมาณ พ.ศ.2561 ของกลุ่มจังหวัดภาคตะวันออกเฉียงเหนือตอนกลาง,2562,,"สาเหตุเนื่องจากมีความล่าช้าในกระบวนการจัดหา 
บางกิจกรรมครุภัณฑ์ที่จัดซื้อต้องมีการติดตั้งและทดสอบเครื่องจักรก่อนการใช้งาน  
มีการขอเปลี่ยนแปลงงบประมาณ ซึ่งต้องผ่านกระบวนการพิจารณาหลายขั้นตอน 
ทำให้ต้องรอการอนุมัติการโอนเปลี่ยนแปลงงบประมาณก่อนจึงจะดำเนินกา","ข้อตรวจพบที่ 3  การดำเนินงานของโครงการไม่เป็นไปตามแผนปฏิบัติงานที่กำหนด
จากการตรวจสอบผลการดำเนินงานของโครงการ พบว่า การดำเนินโครงการส่วนใหญ่
ไม่เป็นไปตามแผนปฏิบัติงานที่กำหนดไว้ในข้อเสนอโครงการ 
โดยล่าช้ากว่าแผนและไม่ได้ดำเนินการตามแผน หน่วยดำเนินการ จำนว","1.สั่งกำชับให้หน่วยงานที่รับผิดชอบดำเนินกิจกรรมตามโครงการให้เป็นไปตาม
แผนปฏิบัติงานที่กำหนด และเป็นไปตามกรอบระยะเวลาของโครงการ 
รวมทั้งเร่งรัดและติดตามผลการดำเนินงานเพื่อให้การดำเนินงานเป็นไปตามแผน
ปฏิบัติราชการประจำปีของกลุ่มจังหวัดภาคตะวันออกเฉียงเหนือต","การดำเนินงานของโครงการไม่เป็นไปตามแผนปฏิบัติงานที่กำหนด 
ทำให้กลุ่มเกษตรกรได้รับประโยชน์จากวัสดุ 
ครุภัณฑ์ที่ได้รับสนับสนุนจากโครงการล่าช้า 
รวมทั้งได้รับความรู้จากการฝึกอบรมและศึกษาดูงานล่าช้า 
ส่งผลให้กลุ่มเกษตรกรเสียโอกาสในการนำความรู้และวัสดุ 
ครุภัณฑ"
FL-0473,การดำเนินงานล่าช้ากว่าแผน                                                                           ,กรมป่าไม้,การอนุรักษ์ ฟื้นฟู และป้องกันทรัพยากรป่าไม้ ของกรมป่าไม้,2562,,,"ข้อสังเกตการถ่ายโอนภารกิจควบคุมไฟป่าให้แก่องค์กรปกครองส่วนท้องถิ่น
			
 จากการตรวจสอบข้อมูลการส่งมอบและรับมอบภารกิจควบคุมไฟป่าให้แก่องค์กรปกครองส่วนท้องถิ่น 
จำนวน 2,629 แห่ง พบว่า เพียงวันที่ 11 กันยายน 2562 กรมป่าไม้ได้ถ่ายโอนภารกิจควบคุมไฟป่าให้กับองค์","สำนักงานการตรวจเงินแผ่นดินมีข้อเสนอแนะให้อธิบดีกรมป่าไม้พิจารณาสั่งการให้สำนักจัดการทรัพยากรป่าไม้ที่ส่งมอบภารกิจควบคุมไฟป่าให้แก่องค์กรปกครองส่วนท้องถิ่นยังไม่แล้วเสร็จ 
เร่งรัดติดตาม และสอบถามถึงสาเหตุที่ยังไม่รับมอบ เพื่อจะได้ชี้แจงทำความเข้าใจ หรือแก้"," ส่งผลให้องค์กรปกครองส่วนท้องถิ่นขาดส่วนร่วมในการตัดสินใจกำหนดนโยบาย และแนวทางการบริหารจัดการพื้นที่รับผิดชอบของตนเองให้สอดคล้องกับความต้องการของชุมชน 
รวมทั้งไม่ได้รับการฝึกอบรมหลักสูตรการควบคุมไฟป่าจากกรมป่าไม้ เพื่อเตรียมความพร้อมและใช้เป็นแนวทางในการป"
FL-0474,การดำเนินงานล่าช้ากว่าแผน                                                                           ,สำนักงานจังหวัดนราธิวาส,โครงการจัดตั้งอาคารศูนย์จำหน่ายผลิตภัณฑ์ชุมชนและอาคารศูนย์บริการนักท่องเที่ยว,2561,,"1.ขาดการเตรียมความพร้อมด้านพื้นที่สำหรับก่อสร้างโครงการอาคารศูนย์จำหน่ายผลิตภัณฑ์ชุมขนและอาคารศูนย์บริการนักท่องเที่ยว
2.การขออนุญาตใช้พื้นที่และอัตราค่าเช่าที่ไม่ถูกต้องเหมาะสม
3.การเปลี่ยนแปลงวัตถุประสงค์โครงการ
","การดำเนินโครงการก่อสร้างอาคารศูนย์จำหน่ายผลิตภัณฑ์ชุมชน(OTOP)และโครงการก่อสร้างศูนย์บริการนักท่องเที่ยวมีความล่าช้า
","1.เร่งติดตามผลการอนุมัติมอบอาคารให้เทศบาลเมืองสุไหงโก-ลกใช้ประโยชน์จากกรมธนารักษ์
2.หลังมอบอาคาร 
จังหวัดนราธิวาสควรเข้าไปมีส่วนร่วมในคณะทำงานร่วมกับทม.สุไหงโก-ลกในการกำกับ 
ดูแล รักษาอาคารฯ 
โดยควรคำนึงถึงวัตถุประสงค์เดิมในการจำหน่ายผลิตภัณฑ์ชุมชนควบคู่ไ","1.ประชาชนได้ใช้ประโยขน์ล่าช้า
2.สูญเสียโอกาสจาการใช้ประโยชน์จากงบประมาณที่ลงทุนในโครงการเพื่อไปลงทุนโครงการอื่น 
47,177,000 บาท
3.กลุ่มผลิตภัณฑ์ชุมขน ได้ใช้ประโยชน์จากโครงการช้าลง 
ทำให้สูญเสียโอกาสในการสร้างรายได้
4.อาคารที่ก่อสร้างแล้วเสร็จแต่ยังไม่ได้ใ"
FL-0475,การดำเนินงานล่าช้ากว่าแผน                                                                           ,สำนักงานจังหวัดสุราษฎร์ธานี,โครงการพัฒนาและปรับปรุงภูมิทัศน์บึงขุนทะเล,2562,,,,,
FL-0476,การดำเนินงานล่าช้ากว่าแผน                                                                           ,สำนักบริหารยุทธศาสตร์กลุ่มจังหวัดภาคเหนือตอนบน 2,โครงการยกระดับกาแฟภาคเหนือตอนบน 2 มาตรฐานสากลก้าวไกลไปตลาดโลก,2562,,"1. ครุภัณฑ์ที่จัดซื้อล่าช้าไม่ได้ใช้ประโยชน์ภายในปีงบประมาณ 
เนื่องจากมีการเปลี่ยนแปลงหน่วยงานผู้รับผิดชอบโครงการ 
โดยกลุ่มจังหวัดภาคเหนือตอนบน 2 
กำหนดให้มหาวิทยาลัยแม่ฟ้าหลวงเป็นผู้รับผิดชอบโครงการ 
โดยมหาวิทยาลัยแม่ฟ้าหลวงไม่สามารถดำเนินการจัดซื้อจัดจ้","ข้อตรวจพบที่ 3 
การดำเนินกิจกรรมล่าช้าและไม่สามารถบรรลุวัตถุประสงค์ของกิจกรรม
จากการตรวจสอบกิจกรรมส่งเสริมและพัฒนาผลิตภัณฑ์เครื่องสำอางเชียงรายจากเศษวัสดุกาแฟ 
งบประมาณ 15,000,000 บาท เดือน มกราคม - กันยายน 2561 พบว่า 
การดำเนินกิจกรรมจัดซื้อครุภัณฑ์ล่าช้","ให้ผู้ว่าราชการจังหวัดเชียงราย(หัวหน้ากลุ่มจังหวัดภาคเหนือตอนบน 2) 
ดำเนินการดังนี้
1. ให้มหาวิทยาลัยแม่ฟ้าหลวง
1.1 
นำครุภัณฑ์ตามกิจกรรมโครงการใช้ให้เกิดประโยชน์ในการส่งเสริมและพัฒนาผลิตภัณฑ์ 
ให้เป็นไปตามวัตถุประสงค์โครงการ
1.2 
หลังจากดำเนินกิจกรรมวิจั","การดำเนินการจัดซื้อครุภัณฑ์ล่าช้าและไม่สามารถบรรลุวัตถุประสงค์ของกิจกรรมได้ 
ส่งผลให้การใช้จ่ายเงินงบประมาณขาดประสิทธิภาพ และไม่คุ้มค่า จำนวนเงิน 
10,721,985 บาท ดังนี้
1. มหาวิทยาลัยแม่ฟ้าหลวงเสียโอกาสในการใช้ประโยชน์จากครุภัณฑ์ตามกิจกรรม 
นับจากวันสิ้นส"
FL-0477,การดำเนินงานล่าช้ากว่าแผน                                                                           ,สำนักงานจังหวัดอุบลราชธานี,โครงการเพิ่มศักยภาพความเข้มแข็งในการผลิตข้าวหอมมะลิอินทรีย์ของกลุ่มจังหวัดภาคตะวันออกเฉียงเหนือตอนล่าง 2 งบประมาณ(เพิ่มเติม) ปี พ.ศ.2560,2562,,"1. กรณีการดำเนินโครงการก่อสร้างบ่อกักเก็บน้ำธนาคารน้ำไม่มีประสิทธิภาพ 
เมื่อเปรียบเทียบกับแผน และโครงการอื่นซึ่งมีการดำเนินการอยู่ก่อนแล้ว 
มีสาเหตุ ดังนี้
	1.1 
ไม่ได้สำรวจสภาพของชั้นดินพื้นที่ทำการขุดบ่อกักเก็บน้ำตามรูปแบบของบ่อธนาคารน้ำ 
เนื่องจากลักษณ","ข้อสังเกตที่ 1 
การก่อสร้างบ่อกักเก็บน้ำธนาคารน้ำและฝายกักเก็บน้ำของจังหวัดอำนาจเจริญไม่มีประสิทธิภาพ
1. โครงการขุดบ่อกักเก็บน้ำตามรูปแบบธนาคารน้ำ กำหนดให้ขุดบ่อกักเก็บน้ำ 
จำนวน 56 บ่อ ระยะเวลาดำเนินโครงการ 1 ปี ให้แล้วเสร็จภายใน 30 กันยายน 2560 
โดยได้ก","สำนักงานการตรวจเงินแผ่นดินภูมิภาคที่ 5 (จังหวัดอุบลราชธานี) พิจารณาแล้ว 
เห็นควรให้หัวหน้ากลุ่มจังหวัดภาคตะวันออกเฉียงเหนือตอนล่าง 2 
ดำเนินการดังนี้ 
	1. 
กรณีการดำเนินโครงการก่อสร้างบ่อกักเก็บน้ำธนาคารน้ำไม่มีประสิทธิภาพ 
	1.1 พิจารณาทบทวนโครงการก่อสร้า",
FL-0478,การดำเนินงานล่าช้ากว่าแผน                                                                           ,สำนักงานบริหารยุทธศาสตร์กลุ่มจังหวัด กลุ่มจังหวัดภาคตะวันออก(ชลบุรี),โครงการตามแนวทางการสร้างความเข้มแข็งและยั่งยืนให้กับเศรษฐกิจภายในประเทศ(Local Economy)แนวทางเพิ่มศักยภาพภาคการท่องเที่ยวและบริการ กลุ่มจังหวัดภาคตะวันออก งปม.รายจ่ายเพิ่มเติม 2560,2562,,"1. ความไม่พร้อมของหน่วยงานที่รับผิดชอบโครงการ 
โดยเฉพาะความไม่พร้อมในด้านพื้นที่ดำเนินการ แบบรูปรายการ 
และด้านบุคลากรเครื่องมือและเทคนิคการดำเนินการ 
ซึ่งหน่วยงานที่รับผิดชอบโครงการขาดการเตรียมความพร้อมให้แล้วเสร็จก่อนขอรับการสนับสนุนงบประมาณ 
ทั้งนี้พบว","การดำเนินงานมีความล่าช้าและไม่แล้วเสร็จภายในระยะเวลาที่กำหนด
","1. เพื่อแก้ไขปัญหาความล่าช้าที่เกิดขึ้นให้การดำเนินกิจกรรมต่าง ๆ 
เป็นไปด้วยความเรียบร้อยตามวัตถุประสงค์ 
และสามารถตอบสนองแนวทางการพัฒนากลุ่มจังหวัดได้ตามเป้าหมายในระยะเวลาที่กำหนด 
สำนักงานการตรวจเงินแผ่นดินมีข้อเสนอแนะให้กลุ่มจังหวัดภาคตะวันออก 
พิจารณา","การดำเนินกิจกรรมต่าง ๆ 
ที่ล่าช้าไม่แล้วเสร็จภายในระยะเวลาที่กำหนดส่งผลให้ประชาชนกลุ่มเป้าหมายของกิจกรรมต่าง 
ๆ ได้รับประโยชน์หรือได้รับการแก้ไขปัญหาล่าช้ากว่าที่ควรจะเป็น 
อีกทั้งยังกระทบต่อชีวิตความเป็นอยู่ของประชาชนไม่ได้รับความสะดวกสบาย 
โดยเฉพาะกิจกร"
FL-0479,การดำเนินงานล่าช้ากว่าแผน                                                                           ,ที่ทำการปกครองอำเภอบางซ้าย,โครงการนวัตกรรม วัฒนธรรมสายน้ำเจ้าพระยา-ป่าสัก เพื่อการท่องเที่ยว,2562,,"    
หน่วยงานที่รับผิดชอบการดำเนินโครงการขาดการเตรียมความพร้อมในการดำเนินงานโครงการ

","     โครงการนวัตกรรมสายน้ำฯ มีกำหนดระยะเวลาการดำเนินโครงการ 1 ปี 
โดยเริ่มตั้งแต่เดือนกุมภาพันธ์ 2560 ถึง กุมภาพันธ์ 2561 แต่จากการตรวจสอบ 
พบว่า 
มีหน่วยงานที่ไม่สามารถดำเนินงานโครงการให้แล้วเสร็จภายในเดือนกุมภาพันธ์ 
2561 จำนวน 5 หน่วยงาน คิดเป็นร้อยละ ","  1.การดำเนินโครงการในโอกาสต่อไป ควรมีการประเมินความพร้อม 
รวมทั้งศึกษาความเป็นไปได้และความเหมาะสมของสภาพพื้นที่ดำเนินการ 
เพื่อให้ทราบถึงปัญหาอุปสรรคที่อาจทำให้ไม่สามารถปฏิบัติงานได้ 
  2.กิจกรรมปรับปรุงภูมิทัศน์ Landmark Cowboy City 
ที่อยู่ระหว่างการดำ","  1.ทำให้เกิดปัญหาอุปสรรคในระหว่างการก่อสร้าง 
ทำให้ผู้รับจ้างไม่สามารถปฏิบัติงานได้ 
จึงต้องมีการขยายระยะเวลาการส่งมอบงานให้แก่ผู้รับจ้างเพื่อทำการปรับปรุงแก้ไขพื้นที่ดำเนินการ 
ส่งผลให้ไม่สามารถดำเนินงานโครงการให้แล้วเสร็จภายในระยะเวลาที่กำหนดไว้ตามแผนง"
FL-0480,การดำเนินงานล่าช้ากว่าแผน                                                                           ,กรมพัฒนาฝีมือแรงงาน,โครงการพัฒนาศักยภาพแรงงานรองรับภาคอุตสาหกรรมและบริการเพื่อการแข่งขัน,2562,,"กรมพัฒนาฝีมือแรงงานได้รับมอบหมายให้ดำเนินการตามภารกิจเร่งด่วนของรัฐบาล 
","การจัดทำหลักสูตรกลางในการฝึกยกระดับฝีมือแรงงานตามความสามารถไม่เป็นไปตามแผนงาน
ที่กำหนด 
     จากการตรวจสอบเอกสารรายงานผลการดำเนินการจัดทำหลักสูตรกลางภายใต้โครงการ
จ้างที่ปรึกษาพัฒนาหลักสูตรการฝึกยกระดับฝีมือตามความสามารถ ในปีงบประมาณ พ.ศ. 
2561 พบว่า ยังไ","เร่งรัด กำชับ และควบคุมสำนักพัฒนาผู้ฝึกฯ ให้ดำเนินการจัดทำหลักสูตรกลาง
ในการฝึกยกระดับฝีมือแรงงานตามความสามารถให้แล้วเสร็จโดยเร็ว 
","อาจจะส่งผลให้แรงงานไทยสูญเสียโอกาสในการฝึกยกระดับฝีมือ และไม่สามารถทำงาน
กับเทคโนโลยีชั้นสูงได้อย่างมีประสิทธิภาพ
"
FL-0481,การดำเนินงานล่าช้ากว่าแผน                                                                           ,สำนักงานทางหลวงชนบทจังหวัดสตูล,โครงการพัฒนาเส้นทางเข้าสู่แหล่งท่องเที่ยวเชิงนิเวศ,2560,,"เกิดจากระยะเวลาที่ใช้ในการก่อสร้างโครงการพัฒนาเส้นทางเข้าสู่แหล่งท่องเที่ยวเชิงนิเวศของทั้งสองกิจกรรมความล่าช้าในการก่อสร้างเกิดจากผู้รับจ้างหยุดงานหรือมิได้ปฏิบัติงานเป็นสาเหตุหลัก
","การก่อสร้างโครงการแล้วเสร็จล่าช้ามาก คิดเป็นสัดส่วนร้อยละ 133.33 
ของระยะเวลาก่อสร้างตามสัญญา
","ข้อเสนอแนะต่อผวจ.สตูล
ควรกำชับให้น่วยงานรับผิดชอบ 
กำหนดให้มีระบบการควบคุมภายในขึ้นเพื่อลดความเสี่ยงจากการปฏิบัติงานก่อสร้างล่าช้าไม่เป็นไปตามแผนที่กำหนดไว้ในสัญญาจ้าง 
เช่น ก.บ.จ.สตูล อาจวางแนวปฏิบัติ หรือ กำกับ ให้คำแนะนำ 
ติดตามผลตามแนวทางในพระราชกฤษฎี","1.ทำให้ประชาชนในพื้นที่สูญเสียโอกาสที่จะได้ใช้ประโยชน์จากโครงการตามที่วัตถุประสงค์กำหนดไว้
2.โครงการปรับปรุงหรือก่อสร้างถนน 
โดยสภาพมีลักษณะที่กระทบกับวิถีชีวิตของประชาชนโดยตรง กล่าวคือ 
ในระหว่างการก่อสร้างต้องมีการรื้อผิวจราจรบางส่วน 
ตัดดินและขุดดินบริ"
FL-0482,การดำเนินงานล่าช้ากว่าแผน                                                                           ,สำนักงานทางหลวงชนบทจังหวัดสตูล,โครงการพัฒนาเส้นทางชายฝั่งทะเลจังหวัดสตูล,2560,,"1.กิจกรรมปรับปรุงถนนลาดยางแอสฟัลติกคอนกรีต สาย สต.3040 แยก 
ทล.4051-บ้านหาดทรายยาว อ.เมือง จ.สตูล 
เกิดจากการรอย้ายเสาไฟฟ้าแรงสูงของการไฟฟ้าส่วนภูมิภาคที่กีดขวางการติดตั้งป้ายจราจร 
Overhead แบบโครงถัก จำนวน 4 ชุด ในช่วงระหว่างวันที่ 29มิ.ย.59 ถึงวันที่ 
","การก่อสร้างโครงการแล้วเสร็จล่าช้ามาก
","เสนอแนะผวจ.สตูล ดังนี้
1.ในขั้นตอนการเสนอโครงการฯ 
ควรกำชับให้หน่วยงานที่รับผิดชอบต้องตรวจสอบพื้นที่ดำเนินโครงการให้ชัดเจนว่ามีสิ่งกีดขวาง 
เช่น เสาไฟฟ้าแรงสูง เป็นต้น 
อยู่ในเขตพื้นที่อันจะเป็นอุปสรรคต่อการก่อสร้างหรือไม่ 
และจัดทำหนังสือรับรองแสดงการตรว","1.ทำให้ประชาชนในพื้นที่สูญเสียโอกาสที่จะได้ใช้ประโยชน์จากโครงการตามที่วัตถุประสงค์กำหนดไว้ 
อันได้แก่ 
เพื่อให้นักท่องเที่ยวเดินทางได้สะดวกปลอดภัยและประหยัดเวลาในการเดินทาง 
เป็นระยะเวลาทั้งสิ้น 151 วัน หรือคิดเป็นสัดส่วนร้อยละ 125.83 
ของระยะเวลาก่อสร้าง"
FL-0483,การดำเนินงานล่าช้ากว่าแผน                                                                           ,โครงการชลประทานนครราชสีมา,โครงการพัฒนาลุ่มน้ำลำเชียงไกร (ตอนล่าง),2561,,"1. 
การแต่งตั้งผู้ควบคุมงานหลายจุดในช่วงเวลาเดียวกันทำให้ไม่สามารถควบคุมงานได้อย่างทั่วถึง
2.งานจัดซื้อตามงบประมาณที่ได้ประมาณการ 

","1. การดำเนินโครงการไม่เป็นไปตามแผนที่กำหนด
2. การจัดซื้อวัสดุเกินความจำเป็น

","1.ให้พิจารณาความพร้อมในการดำเนินการเอง หากไม่พร้อมให้ดำเนินการแบบจ้างเหมา
2. พิจารณาถึงความเหมาะสมในการจัดซื้อวัสดุ

","1.การดำเนินโครงการในปีแรกล่าช้า ส่งผลให้ปีต่อๆไปมีความล่าช้าตามไปด้วย
2.การจัดซื้อเกินความจำเป็นส่งผลให้สิ้นเปลืองงบประมาณ


"
FL-0484,การดำเนินงานล่าช้ากว่าแผน                                                                           ,สำนักงานจังหวัดสตูล,โครงการพัฒนาเมืองสตูล,2560,,"1.การเสนอและการอนุมัติโครงการเป็นไปโดยขาดความพร้อมด้านพื้นที่ก่อสร้าง
2.ขาดการติดตามอย่างต่อเนื่องในการขออนุญาตก่อสร้างสิ่งล่วงล้ำลำน้ำ
","การก่อสร้างโครงการแล้วเสร็จล่าช้ามาก
","1.กำชับให้หน่วยงานที่รับผิดชอบต้องตรวจสอบพื้นที่ดำเนินโครงการให้ชัดเจนว่าอยู่ในเขตที่มีกฎหมายควบคุมเฉพาะหรือไม่
2.กำชับให้ที่ประชุมให้ความสำคัญต่อการตรวจสอบพื้นที่ดำเนินโครงการว่าอยู่ในเขตที่มีกฎหมายควบคุมเฉพาะหรือไม่ 
ต้องมีการขออนุญาตใช้พื้นที่หรือไม่ แ","ทำให้ประชาชนในพื้นที่สูญเสียโอกาสที่จะได้ใช้ประโยชน์จากโครงการตามที่วัตถุประสงค์กำหนดไว้
"
FL-0485,การดำเนินงานล่าช้ากว่าแผน                                                                           ,สำนักงานจังหวัดพัทลุง,โครงการพัฒนาอุตสาหกรรมการท่องเที่ยวเชิงอนุรักษ์เข้มแข็งเพื่อเข้าสู่ประชาคมอาเซียนปีงบประมาณพ.ศ.2557-2558จังหวัดพัทลุง,2560,,"จากการบริหารจัดการการจัดซื้อจัดจ้างตามระเบียบนายกรัฐมนตรีว่าด้วยการพัสดุฯใช้ระ
ยะเวลานาน 6-11 เดือน ทำให้การก่อหนี้ผูกพันหรือลงนามสัญญาในไตรมาส 3-4 
ของปลายปีงบประมาณ 
","ผลการดำเนินงานล่าช้ากว่าแผนปฏิบัติราชการประจำปี 
 การดำเนินโครงการล่าช้าไม่เป็นไปตามแผนปฏิบัติราชการประจำปีงบประมาณและมาตรการเร่ง
รัดการใช้จ่ายเงินงบประมาณของภาครัฐที่เป็นนโยบายสำคัญที่จะกระตุ้น
ให้ระบบเศรษฐกิจในปัจจุบันขับเคลื่อนไปได้
","ในโอกาสต่อไป ขอให้ผู้ว่าราชการจังหวัดพัทลุง สั่งการเร่งรัด 
ติดตามผลการดำเนินงาน เพื่อให้แล้วเสร็จตามแผนปฏิบัติราชการประจำปีที่กำหนด 
และสั่งการให้หัวหน้าหน่วยงานรายงานผลการดำเนินงานให้จังหวัดได้ทราบถึงความก้าวหน้าของการดำเนินงาน 
บรรลุเป้าหมาย หรือไม่

","การใช้จ่ายเงินในภาพรวมของหน่วยงานที่ประเทศต้องการกระตุ้นการใช้จ่ายเงินภาครัฐ 
การจ้างงาน การหมุนเวียนในระบบเศรษฐกิจของประเทศ

"
FL-0486,การดำเนินงานล่าช้ากว่าแผน                                                                           ,กรมที่ดิน,การดูดทรายในที่ดินของรัฐ แม่น้ำโขง,2560,,"การพิจารณาของ อพด. และ กพด. มีความล่าช้า รวมทั้ง กพด. ไม่ให้ความสำคัญในการ
พิจารณาอนุญาตดูดทราย โดยที่ผ่านมาตั้งแต่ปี พ.ศ. 2555-2559 (รวมระยะเวลา 5 ปี) 
กพด. มีการประชุมน้อยมาก เฉลี่ยปีละ 1-2 ครั้งเท่านั้น ซึ่งไม่สอดคล้องกับที่ อพด. 
ยื่นเรื่องให้พิจารณา ","กระบวนการพิจารณาอนุญาตดูดทรายในที่ดินของรัฐมีความล่าช้า
","1.ให้รัฐมนตรีว่าการกระทรวงมหาดไทย ดังนี้
	1.1 พิจารณาทบทวนปรับปรุงระเบียบกระทรวงมหาดไทย ว่าด้วยการอนุญาตให้
ดูดทราย พ.ศ. 2546 ให้สอดคล้องกับสถานการณ์ปัจจุบัน โดยกำหนดระยะเวลาแล้วเสร็จ
ของกระบวนการพิจารณาอนุญาตดูดทรายให้ชัดเจน เพื่อให้ทันกับรอบระยะเวลาการข","ส่งผลต่อการจัดเก็บค่าตอบแทนของรัฐ
"
FL-0487,การดำเนินงานล่าช้ากว่าแผน                                                                           ,องค์การบริหารส่วนจังหวัดเชียงใหม่,โครงการครุภัณฑ์ทางการศึกษาสื่อการเรียนการสอนระบบมัลติมีเดียพร้อมระบบทดสอบอิเล็กทรอนิกส์,2559,,"1. 
การกำหนดระยะเวลาการดำเนินงานโครงการไม่สอดคล้องกับระยะเวลาการใช้ประโยชน์ของภาคเรียนที่ 
1 (วันที่ 16 พฤษภาคม) ในแต่ละปีการศึกษา
	2. เจ้าหน้าที่ของสำนักการศึกษา ศาสนา และวัฒนธรรม 
และกองพัสดุทรัพย์สิน 
ใช้ระยะเวลาในการดำเนินการขอความเห็นชอบโครงการและจัด","ข้อตรวจพบที่ 1 ความล่าช้าของการดำเนินงานโครงการจัดซื้อครุภัณฑ์ทางการศึกษา
องค์การบริหารส่วนจังหวัดเชียงใหม่ 
มีการดำเนินงานโครงการจัดซื้อครุภัณฑ์ทางการศึกษา 
สื่อการเรียนการสอนระบบมัลติมีเดียพร้อมระบบทดสอบอิเล็กทรอนิกส์ 
(คลังข้อสอบออนไลน์) ปีงบประมาณ 255","ให้นายกองค์การบริหารส่วนจังหวัดเชียงใหม่ ดำเนินการดังนี้
1. สั่งกำชับให้เจ้าหน้าที่ผู้รับผิดชอบโครงการ และเจ้าหน้าที่ที่เกี่ยวข้อง 
กำหนดระยะเวลาในการดำเนินงานโครงการให้สอดคล้องกับระยะเวลาการใช้ประโยชน์ 
โดยกำหนดระยะเวลาแล้วเสร็จก่อนการเปิดเรียนภาคเรียนที","1. 
โรงเรียนที่เข้าร่วมโครงการสูญเสียโอกาสในการใช้ประโยชน์จากครุภัณฑ์ทางการศึกษา 
ในการพัฒนานักเรียนและพัฒนากิจกรรมการเรียนการสอนตามวัตถุประสงค์โครงการ
2. การดำเนินงานโครงการในปีงบประมาณ 2556 ล่าช้า ไม่แล้วเสร็จภายในปีงบประมาณ 
ส่งผลกระทบต่อการดำเนินงานโค"
FL-0529,ขาดการติดตามประเมินผล                                                                               ,สำนักงานปลัดกระทรวงเทคโนโลยีและสารสนเทศ,โครงการเน็ตประชารัฐ,2563,,"1.กระทรวงดิจิทัลเพื่อเศรษฐกิจและสังคม ในฐานะเจ้าของโครงข่ายเน็ตประชารัฐ
 ซึ่งเป็นทรัพย์สินของรัฐไม่ได้กำหนดแนวทางหรือหลักเกณฑ์ที่ชัดเจนในการตรวจสอบ 
ติดตามการใช้งานโครงข่ายเน็ตประชารัฐภายหลังจากที่ บริษัท ทีโอที จำกัด 
(มหาชน) ดำเนินการวางโครงข่ายและติดตั","การตรวจสอบและติดตามการใช้ทรัพย์สินของโครงการเน็ตประชารัฐ ยังไม่รัดกุม 
เพียงพอ
","1.สั่งการให้มีการตรวจสอบ ติดตามการเชื่อมต่อโครงข่ายแบบเปิด (Open 
Access Network) ทั้งหมด หากพบว่ามีการดำเนินการไม่เป็นไปตามกฎหมาย 
ระเบียบที่เกี่ยวข้อง จากผู้ประกอบกิจการโทรคมนาคม 
แล้วทำให้รัฐไม่ได้รับสิทธิหรือผลประโยชน์ที่รัฐควรได้รับ 
ให้ดำเนินการตามส","จากการที่กระทรวงดิจิทัลเพื่อเศรษฐกิจและสังคม ยังไม่สามารถควบคุม ตรวจสอบ 
และติดตามการเชื่อมต่อโครงข่ายเน็ตประชารัฐให้เป็นไปตามหลักเกณฑ์การให้บริการ
โครงข่ายแบบเปิด (Open Access Network) ส่งผลกระทบต่อการดำเนินโครงการ กล่าวคือ 
ทำให้มีผู้ประกอบกิจการโทรคมนา"
FL-0530,ขาดการติดตามประเมินผล                                                                               ,กรมอุทยานแห่งชาติ สัตว์ป่าและพันธุ์พืช,การป้องกันและแก้ปัญหาสิ่งแวดล้อมของประเทศไทย(ครั้งที่1 ด้านอากาศ),2562,,"1. การติดตามและประเมินผลเครือข่ายความร่วมมือในการดับไฟป่า
ของกรมป่าไม้ยังขาดการกำหนดให้มีระบบการติดตามและประเมินผล
2. กรมอุทยานแห่งชาติ สัตว์ป่า และพันธุ์พืช
ยังขาดการกำหนดแนวทางที่ชัดเจนในการจัดทำสรุปผลภาพรวม
จากรายงานการติดตามและประเมินผลเครือข่ายแก้ไขป","หน่วยงานในสังกัดกระทรวงทรัพยากรธรรมชาติและสิ่งแวดล้อมยังขาดการติดตาม
และประเมินผลการดำเนินงานของชุมชนหรือเครือข่ายที่ได้รับงบประมาณสนับสนุน 
เพื่อดำเนินการตามภารกิจด้านการป้องกันและแก้ไขปัญหาไฟป่าและหมอกควัน 
","1.อธิบดีกรมป่าไม้ พิจารณากำหนดให้มีการจัดทำระบบการติดตาม
และประเมินผลการดำเนินงานของเครือข่ายที่ได้รับงบประมาณ
สนับสนุนจากกรมป่าไม้ เพื่อให้หน่วยงานที่เกี่ยวข้องทั้งในระดับพื้นที่
และในส่วนกลางใช้เป็นเครื่องมือในการติดตามและประเมินผลการดำเนินการ
ป้องกันแล","ไม่ทราบถึงปัญหา อุปสรรค และความสำเร็จจากการใช้จ่ายเงินงบประมาณ
ในแต่ละปีงบประมาณ ตลอดจนไม่มีข้อมูลที่จะนำไปสู่การปรับปรุงแผนการ
ดำเนินงานในระยะต่อ ๆ ไปให้เป็นไปในทิศทางที่เหมาะสมได้


"
FL-0531,ขาดการติดตามประเมินผล                                                                               ,กรมโยธาธิการและผังเมือง,การจัดการภัยพิบัติ,2560,,"รัฐบาลและหน่วยงานที่เกี่ยวข้องยังไม่ให้ความสำคัญกับการวางและจัดทำ
ผังเมืองเพื่อป้องกันและบรรเทาปัญหาอุทกภัย 
โดยการจัดหาข้อมูลและเครื่องมือเพื่อสนับสนุนการวางและจัดทำผังเมือง
ยังไม่เพียงพอ นอกจากนี้ การบังคับใช้กฎหมายยังไม่เคร่งครัดในหลายพื้นที่ 
ทำให้ไม่","องค์กรปกครองส่วนท้องถิ่นขาดการติดตามตรวจสอบการก่อสร้างและการใช้
ประโยชน์ที่ดินให้เป็นไปตามกฎหมาย
","1. กรมโยธาธิการและผังเมือง กรุงเทพมหานคร เมืองพัทยา 
และองค์กรปกครองส่วนท้องถิ่น 
ต้องดำเนินการวางและจัดทำผังเมืองรวมที่แสดงขอบเขตพื้นที่เสี่ยงภัย 
และกำหนดการใช้ประโยชน์ที่ดินให้สอดคล้องและเหมาะสมกับสภาพพื้นที่เสี่ยงภัย 
เพื่อให้ประชาชนได้รับทราบข้อมูลขอ","รัฐบาลและหน่วยงานที่เกี่ยวข้องยังไม่ให้ความสำคัญกับการวางและจัดทำ
ผังเมืองเพื่อป้องกันและบรรเทาปัญหาอุทกภัย 
โดยการจัดหาข้อมูลและเครื่องมือเพื่อสนับสนุนการวางและจัดทำผังเมือง
ยังไม่เพียงพอ นอกจากนี้ การบังคับใช้กฎหมายยังไม่เคร่งครัดในหลายพื้นที่ 
ทำให้ไม่"
FL-0571,ความสัมฤทธิ์ผลของโครงการ                                                                            ,สำนักงานจังหวัดสงขลา,โครงการเพิ่มประสิทธิภาพการผลิตยางพาราเพื่อสร้างมูลค่าเพิ่ม,2562,,"1.การสนับสนุนอุปกรณ์ให้แก่ดรงงานแปรรูปผลิตภัณฑ์จากยางพาราของสหกรณ์การเกษตร
รัตภูมิ จำกัด มีข้อจำกัดในด้านต่างๆดังนี้
  1.1ข้อจำกัดในการออกแบบผลิตภัณฑ์
  1.2ข้แจำกัดในการออกแบบและจัดทำแม่พิมพ์ผลิตภัณฑ์
  1.3ข้อจำกัดด้านการตลาด
2.การก่อสร้างโรงงานผลิตน้ำยาง","โครงการมีความเสี่ยงสูงต่อการไม่เกิดผลสัมฤทธิ์จากการใช้จ่ายเงินงบประมาณ
","ผู้ว่าราชการจังหวัดสงขลา ในฐานะหัวหน้าส่วนราชการภูมิภาค 
เห็นควรพิจารณาดำเนินการดังนี้
  1.ควรพิพิจารณาแต่งตั้งบุคคลหรือกลุ่มบุคคลที่มีความรู้ ความสามารถ และ
ประสบการณ์จากหน่วยงานต่างๆที่เกี่ยวข้องกับการดำเนินกิจการของสหกรณ์การเกษตร
ทั้ง 3 แห่ง เพื่อให้คำ","จากการดำเนินงานโครงการเพิ่มประสิทธิภาพการผลิตยางพาราเพื่อสร้างมูลค่าเพิ่ม
ในพื้นที่จังหวัดสงขลามาช่วงระยะเวลาหนึ่งหลังจากที่โครงการฯก่อสร้างแล้วเสร็จนั้น
แต่ยังไม่สามารถบรรลุผลลัพธ์ของโครงการฯได้นั้น 
ส่งผลกระทบโดยตรงกับเกษตรกรชาวสวนยางที่เป็นเป้าหมายของโ"
FL-0572,ความสัมฤทธิ์ผลของโครงการ                                                                            ,สำนักงานส่งเสริมการปกครองท้องถิ่นจังหวัดศรีสะเกษ,โครงการบริหารจัดการระบบประปาขององค์กรปกครองส่วนท้องถิ่นจังหวัดศรีสะเกษ,2562,,"เนื่องจากขาดการเตรียมความพร้อมเรื่องพื้นที่ก่อสร้างระบบประปา
และไม่สามารถหาผู้รับจ้างได้ทันตามกำหนดเวลา 
เนื่องจากผู้ควบคุมงานและกรรมการตรวจการจ้างปฏิบัติหน้าที่บกพร่อง 
ขาดความรู้ความสามารถในการควบคุมงานและตรวจรับงานจ้าง 
แต่ไม่พบเจตนาทุจริตซึ่งเจ้าหน้าท","การดำเนินการก่อสร้างระบบประปาล่าช้าและไม่เป็นไปตามสัญญา
    จากการตรวจสอบ ระบบประปา จำนวน 132 แห่ง พบว่า 
	1. ระบบประปามีการก่อสร้างแล้วเสร็จล่าช้ากว่าที่กำหนดไว้ในสัญญา 
การดำเนินการก่อสร้างระบบประปาที่ได้รับการจัดสรรเงินงบประมาณส่วนใหญ่แล้วเสร็จล่าช้ามา","สำนักงานการตรวจเงินแผ่นดินมีข้อเสนอแนะ ให้ ผู้ว่าราชการจังหวัดศรีสะเกษ 
ดำเนินการ ดังนี้
สั่งกำชับ อปท. ในโอกาสต่อไปการดำเนินการก่อสร้างระบบประปา ให้ควบคุม ดูแล     
การดำเนินการก่อสร้างให้เป็นไปตามสัญญา และเป็นไปตามระเบียบ กฎหมาย ข้อบังคับ 
หนังสือ     ส","1.  การดำเนินการก่อสร้างประปาล่าช้า 
ส่งผลให้การแก้ไขปัญหาขาดแคลนน้ำเพื่อการอุปโภค บริโภค แก่ประชาชน 
ไม่ได้ถูกแก้ไขโดยทันที
	2.  การส่งคืนงบประมาณ ทำให้ประชาชน จำนวน 12 หมู่บ้าน 
ไม่มีระบบประปาที่มีมาตรฐานใช้ส่งผลให้คุณภาพชีวิตและความเป็นอยู่ของประชาชนไม"
FL-0573,ความสัมฤทธิ์ผลของโครงการ                                                                            ,องค์การบริหารส่วนจังหวัดระยอง,การบริหารจัดการศูนย์กำจัดขยะมูลฝอยรวมแบบครบวงจร จังหวัดระยอง,2562,,,"ผลสัมฤทธิ์ของการบริหารจัดการศูนย์กำจัดขยะมูลฝอยรวมแบบครบวงจรจังหวัดระยอง 
1.1อปท. บางแห่งไม่ได้ส่งขยะมากำจัดและมีการบริหารจัดการที่ไม่ถูกสุขลักษณะ อปท. 
ในจังหวัดระยองให้ความร่วมมือส่งขยะมูลฝอยชุมชนมากำจัดที่ศูนย์ฯ จำนวน 59 
แห่ง และมี อปท.จำนวน 8 แห่งที่","ผู้ว่าราชการจังหวัดระยอง (ในฐานะประธานกรรมการจัดการสิ่งปฏิกูลและมูลฝอย 
จังหวัดระยอง)
1.  ติดตามเร่งรัดการแก้ไขปัญหากรณีอปท.ที่ไม่ได้จัดส่งขยะมากำจัดที่ศูนย์ฯ 
และยังมีการบริหารจัดการขยะที่ไม่ถูกสุขลักษณะ
2. พิจารณากำหนดแนวทางหรือมาตรการในการเก็บรวบรวมข้อ",
FL-0574,ความสัมฤทธิ์ผลของโครงการ                                                                            ,สำนักงานเกษตรจังหวัดกระบี่,โครงการ9101ตามรอยเท้าพ่อภายใต้ร่มพระบารมีเพื่อการพัฒนาการเกษตรอย่างยั่งยืนสำนักงานเกษตรจังหวัดนครศรีฯกระบี่ตรังและพัทลุง,2562,,"1. ระยะเวลาดำเนินงานโครงการมีจำกัด
2. คณะกรรมการฯ ระดับอำเภอ พิจารณาอนุมัติโครงการโดยไม่ให้ความสำคัญต่อแผน
   การบริหารจัดการและการใช้ประโยชน์หลังสิ้นสุดโครงาร
3. กลุ่มสมาชิกในชุมชนขาดประสบการณ์และการวางแผนการบริหารจัดการที่ดี 
   ขาดความร่วมมือและความใส่","2. โครงการขาดการบริหารจัดการเพื่อให้เกิดความยั่งยืน
","1. ควรกำหนดระยะเวลาในการดำเนินงานขั้นตอนต่าง ๆ อย่างเหมาะสมและเพียงพอ
   ในการจัดทำโครงารลักษระเดียวกันในโอกาสต่อไป
2. สั่งการ กำชับ ให้ผู้มีหน้าที่พิจารณากลั่นกรองและอนุมัติโครงการคำนึงถึง
   ความเหมาะสมกับบริบทของพื้นที่ ความต้องการของสมาชิกในชุมชน ต้อม","1. ดำเนินโครงการด้วยความเร่งรีบ ลุ่มวางแผนเสนอโครงการไม่รอบคอบ ไม่เสนอ
   โครงการที่เกิดจากสภาพปัญหาหรือความต้องการอย่างแท้จริงของคนในชุมชน
2. ผู้พิจารณาอนุมัติโครงการไม่สามารถศึกษาหรือเก็บข้อมูลในด้านต่าง ๆ 
   เพื่อนำมาใช้ประกอบการพิจารณาโครงการได้อย่าง"
FL-0575,ความสัมฤทธิ์ผลของโครงการ                                                                            ,สำนักงานจังหวัดเชียงราย,โครงการพัฒนาพืชเฉพาะถิ่นตามภูมิศาสตร์ (ชา กาแฟ),2562,,"โรงเรือนและครุภัณฑ์แปรรูปกะลากาแฟที่กลุ่มวิสาหกิจชุมชนเป้าหมายได้รับสนับสนุนตามกิจกรรมโครงการ 
ส่วนใหญ่ไม่ได้ใช้ประโยชน์ เนื่องจาก 
สำนักงานเกษตรจังหวัดเชียงรายดำเนินโครงการโดยไม่ตระหนักถึงประสิทธิภาพ 
และความคุ้มค่าของการใช้จ่ายเงินงบประมาณ 
ขาดการกำหนดแ","ข้อตรวจพบที่ 1 โรงเรือนแปรรูปกะลากาแฟพร้อมอุปกรณ์ไม่ได้ใช้ประโยชน์
จากการตรวจสอบการใช้ประโยชน์โรงเรือนและอุปกรณ์แปรรูปกะลากาแฟของกลุ่มวิสาหกิจชุมชนเป้าหมายทั้ง 
8 กลุ่ม พบว่า 
- โรงเรือนแปรรูปกะลากาแฟ ไม่ได้ใช้ประโยชน์เพื่อการแปรรูปกะลากาแฟ 7 แห่งจาก 
8 แ","ข้อเสนอแนะ ให้ เกษตรจังหวัดเชียงราย ดำเนินการ ดังนี้
	
1.กลุ่มวิสาหกิจชุมชนที่ไม่สามารถใช้ประโยชน์โรงเรือนแปรรูปกะลากาแฟพร้อมอุปกรณ์เนื่องจากขาดความพร้อมด้านพื้นที่เป้าหมาย 
ได้แก่ ความพร้อมด้านระบบไฟฟ้า ความพร้อมด้านระบบน้ำ 
และความพร้อมของโรงเรือนแปรรูป","ผลกระทบ 
	1.การใช้จ่ายเงินงบประมาณ จำนวน 11,840,000 บาท 
เป็นไปอย่างไม่มีประสิทธิภาพ และไม่คุ้มค่า 
โรงเรือนแปรรูปกะลากาแฟและอุปกรณ์ไม่ได้ใช้ประโยชน์ 
ทำให้กลุ่มวิสาหกิจชุมชนเป้าหมายเสียโอกาสในการเพิ่มมูลค่าผลผลิตกาแฟ 
จากการแปรรูปเชอรี่กาแฟเป็นกะลากาแฟ 
"
FL-0576,ความสัมฤทธิ์ผลของโครงการ                                                                            ,สำนักบริหารยุทธศาสตร์กลุ่มจังหวัดภาคเหนือตอนบน 2,โครงการยกระดับกาแฟภาคเหนือตอนบน 2 มาตรฐานสากลก้าวไกลไปตลาดโลก,2562,,"โรงเรือนและครุภัณฑ์แปรรูปกะลากาแฟที่กลุ่มวิสาหกิจชุมชนเป้าหมายได้รับสนับสนุนตามกิจกรรมโครงการ 
ส่วนใหญ่ไม่ได้ใช้ประโยชน์ เนื่องจาก 
สำนักงานเกษตรจังหวัดเชียงรายดำเนินโครงการโดยไม่ตระหนักถึงประสิทธิภาพ 
และความคุ้มค่าของการใช้จ่ายเงินงบประมาณ 
ขาดการกำหนดแ","ข้อตรวจพบที่ 1 ปัญหาการใช้ประโยชน์โรงเรือนและครุภัณฑ์แปรรูปกะลากาแฟ
จากการตรวจสอบโรงเรือนแปรรูปกะลากาแฟของกลุ่มวิสาหกิจชุมชน จำนวน 7 แห่ง 
และครุภัณฑ์แปรรูปกะลากาแฟ จำนวน 28 เครื่อง 
ของกิจกรรมส่งเสริมการแปรรูปและผลิตภัณฑ์กาแฟ งบประมาณ 13,001,000 บาท พบว่","ให้ผู้ว่าราชการจังหวัดเชียงราย (หัวหน้ากลุ่มจังหวัดภาคเหนือตอนบน 2) 
ดำเนินการดังนี้
1. ให้เกษตรจังหวัดเชียงรายและหน่วยงานผู้รับผิดชอบโครงการอื่น ๆ 
ที่สำนักงานการตรวจเงินแผ่นดินภูมิภาคที่ 8 (จังหวัดเชียงใหม่) ไม่ได้ตรวจสอบ 
การดำเนินโครงการต้องตระหนักถึง","1. การใช้จ่ายเงินงบประมาณ จำนวน 7,248,224 บาท เป็นไปอย่างไม่มีประสิทธิภาพ      
และไม่คุ้มค่า โรงเรือนแปรรูปกะลากาแฟและอุปกรณ์ไม่ได้ใช้ประโยชน์ 
ทำให้กลุ่มวิสาหกิจชุมชนเป้าหมายเสียโอกาสในการเพิ่มมูลค่าผลผลิตกาแฟ 
จากการแปรรูปเชอรี่กาแฟเป็นกะลากาแฟ       
"
FL-0577,ความสัมฤทธิ์ผลของโครงการ                                                                            ,สำนักงานจังหวัดอุบลราชธานี,โครงการบริหารจัดการเกษตรแบบผสมผสาน กล่มจังหวัดภาคตะวันออกเฉียงเหนือตอนล่าง 2,2562,,"1.โครงการขาดฐานข้อมูลความต้องการเกษตรกรที่ต้องการทำการเกษตรผสมผสาน 	
2.ไม่มีแผนงานในการดำเนินงานโครงการที่ชัดเจน
3.ไม่มีการประชาสัมพันธ์รายละเอียดและเงื่อนไขการเข้าร่วมโครงการให้เกษตรกรในพื้นที่เข้าใจและทั่วถึง 
4.กลุ่มจังหวัดได้รับจัดสรรงบประมาณล่าช้ากว่","การดำเนินงานโครงการบริหารจัดการเกษตรแบบผสมผสานไม่เป็นไปตามวัตถุประสงค์   
และไม่มีประสิทธิภาพ 
1.เกษตรกรเข้าร่วมโครงการต่ำกว่าเป้าหมายที่กำหนดและขาดคุณสมบัติที่จะเข้าร่วมโครงการ
2.การดำเนินงานแต่ละกิจกรรมล่าช้ากว่าแผนที่กำหนดไว้
3.เกษตรกรไม่นำปัจจัยการผลิ","1.  สั่งการให้หน่วยดำเนินการโครงการ 
ติดตามการบริหารจัดการปัจจัยด้านพืชของเกษตรกรทุกราย 
หากพบว่าเกษตรกรรายใดมีปัจจัยด้านพืช (ไม่รวมเมล็ดพันธุ์ผัก) 
คงเหลือมากกว่าร้อยละ 50 ของปัจจัยการผลิตที่รับทั้งหมด 
ให้จัดทำแนวทางการส่งเสริมเพื่อให้เกษตรกรสามารถดำเนิ","1.  
เกษตรกรเสียโอกาสที่จะได้รับการสนับสนุนงบประมาณเพื่อส่งเสริมให้เกษตรกรปรับเปลี่ยนการทำเกษตรเชิงเดี่ยวเป็นเกษตรแบบผสมผสานจำนวน 
1,202 ราย คิดเป็นมูลค่า 40,838,130.30 บาท (271,801,200 บาท หาร 8,000 ราย 
คูณ 1,202 ราย) เนื่องจากเกษตรกรเข้าร่วมโครงการต่ำก"
FL-0578,ความสัมฤทธิ์ผลของโครงการ                                                                            ,สำนักงานบริหารยุทธศาสตร์กลุ่มจังหวัด กลุ่มจังหวัดภาคตะวันออก(ชลบุรี),โครงการตามแนวทางการสร้างความเข้มแข็งและยั่งยืนให้กับเศรษฐกิจภายในประเทศ(Local Economy)แนวทางเพิ่มศักยภาพภาคการท่องเที่ยวและบริการ กลุ่มจังหวัดภาคตะวันออก งปม.รายจ่ายเพิ่มเติม 2560,2562,,"1. 
กรณีผลการดำเนินงานในภาพรวมไม่เป็นไปตามเป้าหมายโดยมีกิจกรรมที่ไม่สามารถก่อหนี้ผูกพันได้จำนวน 
13 กิจกรรม 
เนื่องจากจังหวัดที่รับผิดชอบดำเนินกิจกรรมและกลุ่มจังหวัดภาคตะวันออกดำเนินการเกี่ยวกับการเบิกจ่ายงบประมาณไม่เป็นไปตามหลักเกณฑ์วิธีปฏิบัติในการเบิกจ","การดำเนินงานโครงการบางส่วนยังไม่เกิดผลสัมฤทธิ์

","เพื่อแก้ไขปัญหาที่เกิดขึ้นแล้ว พิจารณาดำเนินการดังนี้
	1. 
กรณีผลผลิตของบางกิจกรรมไม่เป็นไปตามเป้าหมายที่กำหนดและบางกิจกรรมมีสภาพชำรุดบกพร่องไม่เหมาะต่อการใช้ประโยชน์ 
ให้แจ้งหน่วยงานที่รับผิดชอบโครงการหรือหน่วยงานที่ต้องบริหารจัดการสำรวจความเสียหายและดำเ","1. กรณีไม่สามารถก่อหนี้ผูกพันได้จำนวน 13 กิจกรรม 
ส่งผลให้เสียโอกาสในการนำงบประมาณกว่า 42.98 
ล้านบาทมาใช้ในการพัฒนาศักยภาพด้านการท่องเที่ยวและบริการของกลุ่มจังหวัดภาคตะวันออก

	2. 
กรณีดำเนินกิจกรรมจัดทำระบบฐานข้อมูลเพื่อสนับสนุนการบริหารจัดการตามยุทธศาส"
FL-0579,ความสัมฤทธิ์ผลของโครงการ                                                                            ,กรมกิจการผู้สูงอายุ,ตามแผนผู้สูงอายุแห่งชาติ ฉบับที่ 2,2562,,"สาเหตุหลักเนื่องจากคณะกรรมการผู้สูงอายุแห่งชาติยังไม่ให้ความสำคัญ
ในการแปลงแผนผู้สูงอายุแห่งชาติไปสู่การปฏิบัติเท่าที่ควร โดยคณะกรรมการ
ยังไม่มีการกำหนดแนวทางและผู้รับผิดชอบในการแปลงแผนไปสู่การปฏิบัต
ที่ชัดเจนเป็นรูปธรรม และหน่วยงานที่เกี่ยวข้องซึ่งปรากฏใ","ข้อตรวจพบที่ 1 การแปลงแผนผู้สูงอายุแห่งชาติฉบับที่ 2 (พ.ศ. 2545-2564) 
ไปสู่การปฏิบัติยังไม่เป็นไปตามเงื่อนไขจำเป็นของแผน
    แผนผู้สูงอายุแห่งชาติ ฉบับที่ 2 (พ.ศ. 2545-2564) ฉบับปรับปรุง ครั้งที่ 1 
พ.ศ. 2552 ได้กำหนดเงื่อนไขจำเป็นของแผน ไว้ว่า ""การแปลงแ","เพื่อให้การขับเคลื่อนแผนผู้สูงอายุแห่งชาติฉบับที่ 2 (พ.ศ. 2545-2564) 
ไปสู่การปฏิบัติเป็นไปอย่างมีประสิทธิภาพและประสิทธิผล สำนักงานการตรวจเงินแผ่นดิน
มีข้อเสนอแนะให้อธิบดีกรมกิจการผู้สูงอายุในฐานะเลขานุการ
คณะกรรมการผู้สูงอายุแห่งชาติ เสนอให้ประธานกรรมการ","ส่งผลกระทบต่อการบรรลุวัตถุประสงค์ของแผน ขาดรายละเอียด
ระดับแผนงาน/งาน/โครงการเพื่อใช้ในการติดตามและประเมินผล 
ส่งผลต่อความน่าเชื่อถือในการวัดผลสัมฤทธิ์ของแผน เนื่องจากไม่มีแผนปฏิบัติการ
ในภาพรวมเพื่อใช้เป็นแนวทางในการวางแผนติดตามและประเมินผลอย่างเป็นระบบ "
FL-0580,ความสัมฤทธิ์ผลของโครงการ                                                                            ,สำนักงานคณะกรรมการสุขภาพแห่งชาติ,การดำเนินงานสำนักงานคณะกรรมการสุขภาพแห่งชาติ,2559,,"เนื่องจากการติดตามและประเมินผลโครงการเพื่อให้ทราบปัญหาอุปสรรคและแนวทางการแก้ไข 
ยังไม่เป็นไปตามระบบที่ดี โดยไม่มีการกำหนดแนวทางในการติดตามเร่งรัดการดำเนินงาน
ให้เป็นไปตามแผนหรือเงื่อนไขข้อตกลงและกรณีการดำเนินงานโครงการสมัชชาสุขภาพจังหวัด 
ผู้รับการสนับสนุ","ข้อตรวจพบที่ 1 ผลการดำเนินงานของโครงการที่ได้รับการสนับสนุนไม่เป็นไปตามระยะเวลา 
หรือไม่ครบถ้วนสมบูรณ์ตามกิจกรรมที่กำหนด
","1.จัดให้มีการติดตามประเมินผลการดำเนินงานอย่างเป็นระบบ เพื่อเร่งรัดและแก้ไข
ปัญหาการดำเนินงานของโครงการที่รับการสนับสนุน ให้เป็นไปตามแผนและเงื่อนไข
ของข้อตกลงและคู่มือแนวทางการสนับสนุนหรือดำเนินโครงการ 
2.ทบทวนหลักเกณฑและวิธีการพิจารณาให้การสนับสนุนโครงการ","1.โครงการที่มีการดำเนินงานล่าช้าจะส่งผลต่อการพัฒนาและขับเคลื่อนข้อเสนอ
เชิงนโยบายไปสู่การปฏิบัติ เพื่อให้เกิดผลที่เป็นรูปธรรมแก่ประชาชนและสังคมจะ
ล่าช้าออกไป และอาจไม่ทันกาลกับสถานการณ์ของประเด็นปัญหาเกี่ยวกับสุขภาพที่เกิดขึ้น
2.โครงการสมัชชาสุขภาพจังหวัด"
FL-0581,ความสัมฤทธิ์ผลของโครงการ                                                                            ,สำนักบริหารยุทธศาสตร์กลุ่มจังหวัดภาคเหนือตอนบน 1,โครงการกลุ่มจังหวัดภาคเหนือตอนบน 1 ตามแผนปฏิบัติราชการประจำปีงบประมาณ 2556,2561,,"1.โครงการที่ประสบผลสำเร็จบางส่วน และมีปัญหาอุปสรรคน้อย
1.1	โครงการหัตถศิลป์ ถิ่นนวัตกรรมไม้แกะสลักล้านนา 
สู่เวทีท่องเที่ยวสากล (บ้านถวาย บ้านทา บ้านหลุก บ้านสบเมย)
สาเหตุ
1.	
การจัดกิจกรรมการฝึกอบรมไม่ได้พิจารณาคุณสมบัติของผู้เข้ารับการอบรมทำให้ผู้เข้ารั","ข้อตรวจพบ	
ผลสำเร็จของการดำเนินงานโครงการตามแผนปฏิบัติราชการประจำปีของกลุ่มจังหวัดภาคเหนือตอนบน 
1 ประจำปีงบประมาณ พ.ศ.2556
ผลการตรวจสอบแบ่งผลสำเร็จของโครงการเป็น 4 ระดับ ดังนี้
1.	โครงการที่ประสบผลสำเร็จ จำนวน 0 โครงการ คิดเป็นร้อยละ 0
2.	โครงการที่ประสบ","ข้อเสนอแนะเพื่อให้การดำเนินงานโครงการเป็นไปอย่างมีประสิทธิภาพ ประสิทธิผล 
บรรลุตามวัตถุประสงค์ 
ให้ผู้ว่าราชการจังหวัดเชียงใหม่(หัวหน้ากลุ่มจังหวัดภาคเหนือตอนบน 1) 
ดำเนินการดังนี้
1. สั่งกำชับให้หน่วยงานผู้รับผิดชอบโครงการต่างๆ 
ของกลุ่มจังหวัดภาคเหนือตอ","1.โครงการที่ประสบผลสำเร็จบางส่วน และมีปัญหาอุปสรรคน้อย
1.1	โครงการหัตถศิลป์ ถิ่นนวัตกรรมไม้แกะสลักล้านนา 
สู่เวทีท่องเที่ยวสากล (บ้านถวาย บ้านทา บ้านหลุก บ้านสบเมย)
ผลกระทบ
1. ผู้ประกอบการบางรายที่เข้าร่วมกิจกรรมที่ 1 ไม่ได้รับประโยชน์ หรือ 
ได้รับประโยชน"
FL-0614,เครื่องมือเครื่องใช้ไม่มีคุณภาพ                                                                     ,สำนักงานท้องถิ่นจังหวัดเชียงราย,ระบบการจัดการขยะมูลฝอยในพื้นที่จังหวัดเชียงราย,2561,,"สาเหตุ
1. โครงการก่อสร้างศูนย์กำจัดขยะมูลฝอยแบบครบวงจรเทศบาลนครเชียงราย 
อาคารสิ่งก่อสร้างและเครื่องจักรอุปกรณ์ไม่ได้ใช้ประโยชน์เนื่องจาก
1.1 ผู้บริหารเทศบาลนครเชียงราย 
ไม่ได้ให้ความสำคัญเร่งรัดการดำเนินการและไม่มีแผนงานบริหารจัดการเพื่อให้มีการใช้ประโยช","ข้อตรวจพบที่ 3 การบริหารจัดการศูนย์กำจัดขยะมูลฝอย ในพื้นที่จังหวัดเชียงราย
ศูนย์กำจัดขยะมูลฝอยของ อปท. ในพื้นที่จังหวัดเชียงรายมีจำนวน 3 แห่ง 
ได้รับเงินงบประมาณจากภาครัฐและอปท.สมทบ จำนวนเงิน 520.42 ล้านบาท ได้แก่ 
เทศบาลนครเชียงราย จำนวน 322.21 ล้านบาท  ","ข้อเสนอแนะ
ผู้ว่าราชการจังหวัดเชียงราย 
ในฐานะประธานคณะกรรมการจัดการสิ่งปฏิกูลและมูลฝอยจังหวัดเชียงราย 
ดำเนินการดังนี้
1.	
สั่งกำชับให้เทศบาลนครเชียงรายและเทศบาลตำบลแม่สายบริหารการใช้ประโยชน์จากทรัพย์สินให้มีประสิทธิภาพเกิดประโยชน์สูงสุดเป็นไปตามหนังสือก","ผลกระทบ
1. โครงการก่อสร้างศูนย์กำจัดขยะมูลฝอยแบบครบวงจรเทศบาลนครเชียงราย 
ก่อสร้างแล้วเสร็จอาคารสิ่งก่อสร้างและเครื่องจักรอุปกรณ์ไม่ได้ใช้ประโยชน์ 
จำนวนเงิน 205,640,257.42 บาท และค่าใช้จ่ายค่าไฟฟ้าเพื่อบำรุงรักษา 
จำนวนเงิน 1,081,316.88 บาท ทำให้การใช้จ่"
FL-0660,ด้านการควบคุมภายใน อื่น ๆ                                                                           ,กรมป้องกันและบรรเทาสาธารณภัย,การบริหารจัดการเครื่องจักรกล ยานพาหนะเพื่อใช้สนับสนุนการปฏิบัติงานบรรเทาและฟื้นฟูสาธารณภัย,2560,,"เจ้าหน้าที่ผู้รับผิดชอบไม่ให้ความสำคัญ
ในการจัดทำทะเบียนประวัติเครื่องจักรกลไม่เข้าใจในการจัดทำรหัสควบคุมสำหรับเครื่องมือและอุปกรณ์ที่มาพร้อมกับยานพาหนะ 
ไม่ดูแล จัดเก็บ เครื่องมือ และอุปกรณ์ให้เหมาะสม 
เป็นระเบียบเรียบร้อยเป็นหมวดหมู่ 
รวมทั้งการไม่ให้คว","การควบคุมการใช้เครื่องจักรกล ยานพาหนะ และเครื่องมืออุปกรณ์ที่มา
พร้อมกับเครื่องจักรกล ยานพาหนะไม่เป็นไปตามระเบียบ และแนวทางที่กำหนด
3.1 ศูนย์ ปภ. เขตจัดทำทะเบียนประวัติเครื่องจักรกล (แบบ สก. 1) ไม่ครบถ้วน 
โดยศูนย์ ปภ. เขต
ทั้ง 10 เขต ไม่จัดทำทะเบียนประวั","1. กำหนดแนวทางในการควบคุมเครื่องมือ และอุปกรณ์ 
ที่มาพร้อมกับยานพาหนะ เพื่อให้
ศูนย์ ปภ. เขต มีแนวทางในการควบคุมที่เป็นมาตรฐานเดียวกัน
2. กำหนดให้มีการติดตาม ตรวจสอบ 
การบริหารจัดการเครื่องจักรกลยานพาหนะที่จัดสรรให้กับ
ศูนย์ ปภ. เขต โดยเฉพาะเครื่องจักรกล ","ทำให้การวางแผนบริหารเครื่องจักรกลยานพาหนะที่ไม่มีประสิทธิภาพ เครื่องมือ 
และอุปกรณ์ขาดการควบคุม ตรวจสอบ อาจสูญหายและเสื่อมสภาพเร็วกว่ากำหนด 
"
FL-0678,ด้านความสัมฤทธิ์ผลของโครงการ อื่นๆ                                                                  ,สำนักงานมาตรฐานผลิตภัณฑ์อุตสาหกรรม,การคุ้มครองผู้บริโภคของสำนักงานมาตรฐานผลิตภัณฑ์อุตสาหกรรม,2562,,"1.โครงการพัฒนาผู้ประกอบการเพื่อการรับรองคุณภาพผลิตภัณฑ์ (มอก.) รายสาขา
   การที่โครงการพัฒนาผู้ประกอบการเพื่อการรับรองคุณภาพผลิตภัณฑ์ (มอก.) รายสาขา 
ยังไม่เกิดผลสัมฤทธิ์เกิดจากสาเหตุหลายประการ ดังนี้
   1.เกณฑ์การคัดเลือกขาดความชัดเจนในเรื่องความพร้อมด้า","ข้อตรวจพบที่ 3 การพัฒนาศักยภาพผู้ทำ ผู้นำเข้า ผู้จำหน่าย และการสร้างความ
ตระหนักรู้แก่ประชาชน ยังไม่เกิดประสิทธิผล

","1.โครงการพัฒนาผู้ประกอบการเพื่อการรับรองคุณภาพผลิตภัณฑ์ (มอก.) รายสาขา
  1.ปรับปรุงเกณฑ์การคัดเลือกให้มีความชัดเจน โดยต้องกำหนดตัวชี้วัดที่สามารถวัด
ค่าออกมาได้ 
  2.ปรับปรุงวิธีการคัดเลือกผู้ประกอบการเข้าร่วมโครงการให้เหมาะสม 
  3.เ พิ่มรูปแบบการประชาสัม","1.โครงการพัฒนาผู้ประกอบการเพื่อการรับรองคุณภาพผลิตภัณฑ์ (มอก.) รายสาขา 
  เกิดค่าเสียโอกาสในการนำเงินงบประมาณไปใช้ในการพัฒนาศักยภาพของผู้ประกอบการ
รายอื่น อีกทั้งผู้ประกอบการที่เข้าร่วมโครงการยังคงไม่สามารถพัฒนาผลิตภัณฑ์
ให้ได้มาตรฐานและได้รับการรับรองเคร"
FL-0679,ด้านความสัมฤทธิ์ผลของโครงการ อื่นๆ                                                                  ,ที่ทำการปกครองอำเภอบางซ้าย,โครงการนวัตกรรม วัฒนธรรมสายน้ำเจ้าพระยา-ป่าสัก เพื่อการท่องเที่ยว,2562,,"1.สำนักงานส่งเสริมการปกครองท้องถิ่นจังหวัดสระบุรี 
ขาดการเตรียมความพร้อมในการดำเนินงานโครงการ  
โดยไม่สำรวจสภาพพื้นที่ที่จะดำเนินโครงการ 
รวมทั้งไม่ติดตามผลการดำเนินงานหลังจากดำเนินโครงการแล้วเสร็จ 
2.ที่ทำการปกครองอำเภอบางปะอิน 
เนื่องจากไม่มีหน่วยงานหลั","สิ่งก่อสร้าง วัสดุครุภัณฑ์ของโครงการบางรายการไม่มีการใช้ประโยชน์
หรือใช้ประโยชนไม่ตรงตามวัตถุประสงค์ของโครงการ ดังนี้
   1.จังหวัดสระบุรี มีจำนวน 2 กิจกรรม ที่ดำเนินการแล้วเสร็จ 
แต่ยังไม่มีการใช้ประโยชน์ ได้แก่
     1.1 งานปรับปรุงภูมิทัศน์และส่งเสริมการ","ควรเร่งหาแนวทางการดำเนินการเพื่อให้มีการใช้ประโยชน์จากทรัพย์สินหรือวัสดุ 
ครุภัณฑ์นั้น ๆ 
เพื่อให้การใช้จ่ยเงินงบประมาณเกิดความคุ้มค่าและเกิดประโยชน์สูงสุด

"," 
1.ผลการดำเนินงานโครงการยังไม่บรรลุวัตถุประสงค์และเป้าหมายของโครงการที่กำหนดไว้ 
โดยเฉพาะด้านการเพิ่มจำนวนนักท่องเที่ยวและการเพิ่มขึ้นของรายได้จากการท่องเที่ยว 
 2.การใช้จ่ายงบประมาณการดำเนินโครงการเป็นไปอย่างไม่คุ้มค่า 
เนื่องจากอาคารศูนย์ท่องเที่ยวฯ แล"
FL-0680,ด้านความสัมฤทธิ์ผลของโครงการ อื่นๆ                                                                  ,องค์การบริหารส่วนจังหวัดสระบุรี,โครงการจัดซื้อวัสดุครุภัณฑ์ทางการแพทย์ในการเฝ้าระวังและคัดกรองโรควิถีชีวิตมอบให้อาสาสมัครสาธารณสุขจังหวัดสระบุรี,2561,,"1.ผู้ที่ได้รับวัสดุครุภัณฑ์ฯ 
ขาดความรู้ความเข้าใจในการใช้เครื่องมือที่ได้รับ 
และขาดความมั่นใจในการใช้วัสดุอุปกรณ์
2.ผู้ที่ได้รับวัสดุครุภัณฑ์ฯ ไม่ให้ความสำคัญในการดูแลรักษาวัสดุครุภัณฑ์ฯ 
โดยปล่อยให้ชำรุดและสูญหาย
3.ขาดงบประมาณในการจัดซื้อเข็มเจาะเลือดแ","ข้อตรวจพบที่ 3 
วัสดุครุภัณฑ์ทางการแพทย์บางรายการไม่มีการใช้ประโยชน์หรือใช้ประโยชน์ไม่คุ้มค่า
  จากการตรวจสอบการใช้ประโยชน์จากวัสดุครุภัณฑ์ฯ 
โดยการตรวจสังเกตการณ์และสัมภาษณ์ผู้ที่ได้รับวัสดุครุภัณฑ์ฯ พบว่า 
  1) มีวัสดุครุภัณฑ์ฯ ที่ไม่นำไปใช้ประโยชน์ เช่","1.มีการประสานงานหรือบูรณาการร่วมกันกับหน่วยงานสาธารณสุขในระดับตำบล 
และระดับอำเภอในการกำหนดแนวทางการปฏิบัติงานของ 
อสม.เพื่อให้สามารถนำวัสดุครุภัณฑ์ที่ได้รับตามโครงการไปใช้ให้เกิดประโยชน์สูงสุดตามวัตถุประสงค์ของโครงการ 
โดย
  1.1 ส่งเสริมให้ความรู้เกี่ยวก","1.การใช้จ่ายงบประมาณจำนวน 148.50 ล้านบาท เป็นไปอย่างไม่คุ้มค่า และหาก 
อสม.และหน่วยงานที่มีหน้าที่กำกับดูแลการปฏิบัติงานของ 
อสม.ยังไม่มีการปรับปรุงแก้ไขแนวทางการดำเนินงานเพื่อให้วัสดุครุภัณฑ์ฯ 
ทุกประเภทได้ใช้ประโยชน์หรือได้ใช้งานอย่างต่อเนื่อง 
จะส่งผลใ"
FL-0681,ด้านความสัมฤทธิ์ผลของโครงการ อื่นๆ                                                                  ,สำนักงานเกษตรและสหกรณ์จังหวัด,โครงการส่งเสริมการผลิตอาหารปลอดภัย,2559,,"    
การคัดเลือกเกษตรกรเพื่อเข้าร่วมโครงการซึ่งมีคุณสมบัติไม่เป็นไปตามหลักเกณฑ์เงื่อนไขที่กำหนดไว้ 
เกิดจากสาเหตุ ดังนี้
    1. 
คณะกรรมการคัดเลือกเกษตรกรเพื่อเข้าร่วมโครงการไม่มีการตรวจสอบหลักเกณฑ์และเอกสารของผู้สมัครเข้าร่วมโครงการอย่างเคร่งครัด 
และไม่","ข้อตรวจพบที่ 1 
การคัดเลือกเกษตรกรเพื่อเข้าร่วมโครงการไม่เป็นไปตามหลักเกณฑ์เงื่อนไขที่กำหนดไว้
    จากการตรวจสอบการดำเนินงานโครงการส่งเสริมการผลิตอาหารปลอดภัย ปีงบประมาณ 
2555-2557 ได้รับงบประมาณการดำเนินโครงการทั้ง 3 ปี เป็นจำนวนเงิน 36,515,200 
บาท โดยต","    ในโอกาสต่อไปหากมีการดำเนินโครงการที่มีลักษณะเดียวกัน 
หรือมีการดำเนินโครงการที่ต้องกำหนดคุณสมบัติและหลักเกณฑ์เงื่อนไขการคัดเลือกผู้เข้าร่วมโครงการหรือคัดเลือกกลุ่มเป้าหมาย 
โดยมีธรรมาภิบาลการคัดเลือกแบบสมัคประกอบการพิจารณา 
ให้กำชับเจ้าหน้าที่และผู้เก","    
การคัดเลือกเกษตรกรเพื่อเข้าร่วมโครงการซึ่งมีคุณสมบัติไม่เป็นไปตามหลักเกณฑ์เงื่อนไขที่กำหนดไว้ 
ส่งผลกระทบ คือ
    1. 
ทำให้เกษตรกรที่สมัครเข้าร่วมโครงการรายอื่นที่มีคุณสมบัติตรงตามหลักเกณฑ์เงื่อนไขที่กำหนดและเป็นผู้ที่มีความพร้อมและมีความตั้งใจที่จะด"
FL-0689,ด้านประสิทธิผล                                                                                      ,ที่ทำการปกครองอำเภอเมืองตาก,ตรวจสอบการดำเนินงานตามแผนบูรณาการส่งเสริมการพัฒนาจังหวัด และกลุ่มจังหวัดประจำปีงบประมาณ พ.ศ. 2560,2562,,,,,
FL-0690,ด้านประสิทธิผล                                                                                      ,อบต.ยางซ้าย,ตรวจสอบการดำเนินงานระบบประปาหมู่บ้านขนาดใหญ่ ขององค์กรปกครองส่วนท้องถิ่นในจังหวัดสุโขทัย,2562,,,,,
FL-0691,ด้านประสิทธิผล                                                                                      ,สำนักงานประมงจังหวัดหนองคาย,โครงการเสริมสร้างความโดดเด่นของผลผลิตและผลิตภัณฑ์จากภาคการเกษตรและประมง กิจกรรมการเลี้ยงปลานิลแบบครบวงจร,2562,,"ข้อตรวจพบที่ 1	การดำเนินกิจกรรมส่งเสริมการเลี้ยงปลานิลแบบครบวงจร 
ไม่บรรลุวัตถุประสงค์ที่กำหนด

1. เจ้าหน้าที่ผู้รับผิดชอบโครงการ 
ไม่มีความรู้ความชำนาญในด้านการบริหารจัดการตลาด 
จึงไม่มีการจัดหาตลาดรองรับผลผลิต การดำเนินโครงการ/กิจกรรม 
ไม่มีการบูรณาการก","ข้อตรวจพบที่ 1	การดำเนินกิจกรรมส่งเสริมการเลี้ยงปลานิลแบบครบวงจร 
ไม่บรรลุวัตถุประสงค์ที่กำหนด
1.1 กิจกรรมย่อย ส่งเสริมการเพาะพันธุ์ปลานิลแปลงเพศสายพันธุ์ดี 
ตรวจสอบเกษตรกร จำนวน 5 ราย พบว่า เกษตรกร 1 ราย 
ไม่ได้อาศัยอยู่ในพื้นที่จังหวัดอุดรธานี เกษตรกร 3",,"ข้อตรวจพบที่ 1	การดำเนินกิจกรรมส่งเสริมการเลี้ยงปลานิลแบบครบวงจร 
ไม่บรรลุวัตถุประสงค์ที่กำหนด
การดำเนินโครงการ/กิจกรรมไม่บรรลุวัตถุประสงค์ตามที่กำหนดไว้ 
ส่งผลให้ไม่สามารถแก้ไขปัญหาการนำเข้าลูกพันธ์ปลานิลจากจังหวัดในภูมิภาคอื่น 
ๆ ไม่สามารถเพิ่มรายได้ให้"
FL-0692,ด้านประสิทธิผล                                                                                      ,สำนักงานประมงจังหวัดหนองคาย,โครงการเสริมสร้างความโดดเด่นของผลผลิตและผลิตภัณฑ์จากภาคการเกษตรและประมง กิจกรรมการเลี้ยงปลานิลแบบครบวงจร,2562,,"ข้อตรวจพบที่ 1	การดำเนินกิจกรรมส่งเสริมการเลี้ยงปลานิลแบบครบวงจร 
ไม่บรรลุวัตถุประสงค์ที่กำหนด
1. เจ้าหน้าที่ผู้รับผิดชอบโครงการ 
ไม่มีความรู้ความชำนาญในด้านการบริหารจัดการตลาด 
จึงไม่มีการจัดหาตลาดรองรับผลผลิต การดำเนินโครงการ/กิจกรรม 
ไม่มีการบูรณาการกั","ข้อตรวจพบที่ 1	การดำเนินกิจกรรมส่งเสริมการเลี้ยงปลานิลแบบครบวงจร 
ไม่บรรลุวัตถุประสงค์ที่กำหนด
1.1กิจกรรมย่อย ส่งเสริมการเพาะพันธุ์ปลานิลแปลงเพศสายพันธุ์ดี 
เกษตรกร จำนวน 2 ราย 
มอบพ่อพันธุ์แม่พันธุ์พร้อมวัสดุอุปกรณ์ให้กับเกษตรกรรายอื่น 
ภายหลังจากที่เข้า","ข้อตรวจพบที่ 1	การดำเนินกิจกรรมส่งเสริมการเลี้ยงปลานิลแบบครบวงจร 
ไม่บรรลุวัตถุประสงค์ที่กำหนด
1. จัดทำโครงการหรือกิจกรรมย่อยโดยการบูรณาการกับส่วนราชการ ภาคเอกชน 
ที่เกี่ยวข้องเพื่อจัดฝึกอบรมให้ความรู้ จัดหาช่องทางการจำหน่าย 
ส่งเสริมด้านการตลาดให้เกิดตลา","ข้อตรวจพบที่ 1	การดำเนินกิจกรรมส่งเสริมการเลี้ยงปลานิลแบบครบวงจร 
ไม่บรรลุวัตถุประสงค์ที่กำหนด
การดำเนินโครงการ/กิจกรรมไม่บรรลุวัตถุประสงค์ตามที่กำหนดไว้ 
ส่งผลให้ไม่สามารถแก้ไขปัญหาการนำเข้าลูกพันธ์ปลานิลจากจังหวัดในภูมิภาคอื่น 
ๆ ไม่สามารถเพิ่มรายได้ให้"
FL-0693,ด้านประสิทธิผล                                                                                      ,สำนักงานจังหวัดอุบลราชธานี,โครงการพัฒนาและส่งเสริมการเกษตรในกลุ่มจังหวัดภาคตะวันออกเฉีย1,2562,,"หน่วยงานดำเนินโครงการขาดความรู้ 
ความเข้าใจและประสบการณ์ในการบริหารจัดการโครงการด้านการแปรรูปสินค้าเกษตร 
และกลุ่มเกษตรกรที่เข้าร่วมโครงการ 
ขาดความพร้อมในการบริหารจัดการและความเป็นไปได้ในการดำเนินงานของกลุ่มให้เกิดผลตอบแทนที่คุ้มค่าต่อการลงทุน
","ข้อตรวจพบที่ 1 
กลุ่มเกษตรกรที่เข้าร่วมโครงการส่งเสริมการแปรรูปสินค้าเกษตรเพิ่มมูลค่าในกลุ่มเกษตรกรและวิสาหกิจขาดศักยภาพการบริหารจัดการให้ประสบผลสำเร็จ     
จากการตรวจสอบกลุ่มเกษตรกรที่เข้าร่วมโครงการ จำนวน 35 กลุ่ม พบว่า 
ขาดศักยภาพการบริหารจัดการให้ประส","1. แจ้งให้สำนักงานเกษตรจังหวัดอุบลราชธานี ศรีสะเกษ อำนาจเจริญ 
และจังหวัดยโสธร ดำเนินการและติดตามผลรายละเอียดตามภาคผนวก 1ดังนี้
1.1 
ดำเนินการประชุมร่วมกับกลุ่มเกษตรกรที่เข้าร่วมโครงการเพื่อส่งเสริมเพิ่มพูนความรู้ให้ประธานและกรรมการบริหารกลุ่ม 
ในเรื่องกา","1. ผลกระทบต่อกลุ่ม 
ทำให้กลุ่มเกษตรกรที่เข้าร่วมโครงการสูญเสียรายได้จากการบริหารจัดการกลุ่ม 
และบริหารจัดการเงินทุนตามเป้าหมายของโครงการและทำให้สมาชิกของกลุ่มขาดแรงจูงใจที่จะเข้าร่วมกลุ่มเพื่อพัฒนากลุ่มให้ประสบผลสำเร็จจำนวน 
32กลุ่ม 
2. 
ผลต่องบประมาณทำให"
FL-0694,ด้านประสิทธิผล                                                                                      ,สำนักงานประมงจังหวัดฉะเชิงเทรา,โครงการการยกระดับคุณภาพและการแปรรูปสินค้าเกษตร งบประมาณจังหวัด ปีงบประมาณ 2560 - 2562,2562,,"สาเหตุ 
ดำเนินโครงการไม่บรรลุวัตถุประสงค์เรื่องการรวบรวมองค์ความรู้เพื่อใช้ในการส่งเสริมเกษตรกร 
มีดังนี้ 
1. เจ้าหน้าที่ต้องจัดทำรายงานการติดตามประเมินผลให้แล้วเสร็จภายในสิ้นเดือนสิงหาคมซึ่งโครงการดำเนินการยังไม่สิ้นสุดรอบการเลี้ยงสัตว์น้ำ 
ทำให้ยังไม่ได","การดำเนินการตามวัตถุประสงค์ของโครงการ
","ให้ประมงจังหวัดฉะเชิงเทรา พิจารณาดำเนินการ ดังนี้
1. 
ให้เจ้าหน้าที่ผู้รับผิดชอบโครงการเร่งรัดกระบวนการถอดบทเรียนเพื่อสรุปเป็นองค์ความรู้ 
โดยการถอดบทเรียนต้องแสดงให้เห็นถึงความโดดเด่น 
และมีการปฏิบัติที่ดีในการเลี้ยงกุ้งขาวปลานิลร่วมกัน 
หรือเป็นเทคนิคเฉ","การดำเนินโครงการพัฒนาการเลี้ยงสัตว์น้ำในพื้นที่ที่มีความเหมาะสมการเลี้ยงกุ้งขาวร่วมกับปลาน้ำจืดที่มีคุณค่าทางเศรษฐกิจในบ่อดิน 
ปีงบประมาณ 2561 
ไม่บรรลุวัตถุประสงค์ในเรื่องการรวบรวมองค์ความรู้เพื่อใช้ในการส่งเสริมเกษตรกรส่งผลกระทบทำให้หน่วยงานไม่มีข้อมูลอ"
FL-0695,ด้านประสิทธิผล                                                                                      ,สำนักงานประมงจังหวัดฉะเชิงเทรา,โครงการการยกระดับคุณภาพและการแปรรูปสินค้าเกษตร งบประมาณจังหวัด ปีงบประมาณ 2560 - 2562,2562,,"สาเหตุ 
	1. กรณีไม่บรรลุเป้าหมายจำนวนเกษตรที่เข้าร่วมประชุมชี้แจง การทำ QR 
Code ทุเรียนระยอง และเกษตรกรส่วนใหญ่ที่เข้าร่วมประชุมไม่ขอรับแจกสติกเกอร์ 
มีสาเหตุ ดังนี้
		1.1 
สำนักงานสหกรณ์จังหวัดระยองไม่มีข้อมูลเกี่ยวกับเกษตรกรผู้ปลูกทุเรียนในจังหวัดระยอง","ข้อตรวจพบที่ 1 การดำเนินการตามเป้าหมายของโครงการ 
","ข้อเสนอแนะ 
	1.  ให้ผู้ว่าราชการจังหวัดระยอง พิจารณาดำเนินการ 
          
มอบหมายให้สำนักงานเกษตรจังหวัดระยองและหน่วยงานที่เกี่ยวข้องสำรวจความต้องการของเกษตรกรผู้ปลูกทุเรียนระยอง 
ศึกษาวิเคราะห์ช่องทางการจำหน่ายทุเรียน 
เพื่อหาแนวทางในการส่งเสริมการจำหน่า","ผลกระทบ 
	1. การจัดประชุมเกษตรกรไม่ครบตามเป้าหมายที่กำหนด 
ในกิจกรรมการสร้างมูลค่าเพิ่มและความเชื่อมั่นให้กับทุเรียนระยอง 
ส่งผลกระทบให้เกษตรกรผู้ปลูกทุเรียนที่มีการขึ้นทะเบียนเกษตรกรกับสำนักงานเกษตรจังหวัดระยอง 
ตามเป้าหมายในปี 2562 จำนวน 3,000 ราย ผ่านก"
FL-0696,ด้านประสิทธิผล                                                                                      ,สำนักงานมาตรฐานผลิตภัณฑ์อุตสาหกรรม,การคุ้มครองผู้บริโภคของสำนักงานมาตรฐานผลิตภัณฑ์อุตสาหกรรม,2562,,"1. อัตรากำลังเจ้าหน้าที่มีจำกัด โดยกองกำหนดมาตรฐานมีกรอบอัตรากำลังจำนวน 41 
อัตรา รับผิดชอบกว่า 3,200 มาตรฐาน ประกอบกับนโยบายด้านการกำหนดมาตรฐานผู้บริหาร
ให้ความสำคัญกับผลิตภัณฑ์อุตสาหกรรมที่ยังไม่มีการกำหนดมาตรฐาน และอุตสาหกรรม
เป้าหมาย (S-curve) 
2. ขาด","ข้อตรวจพบที่ 1 	
การกำหนดและทบทวนมาตรฐานผลิตภัณฑ์อุตสาหกรรมประเภทมาตรฐานบังคับ
เพื่อการคุ้มครองผู้บริโภค
","1. กำชับเจ้าหน้าที่ให้ดำเนินการทบทวนมาตรฐานตามหลักเกณฑ์ โดยจัดทำหนังสือขอความ
เห็นจากผู้มีส่วนเกี่ยวข้องอย่างรอบด้านเพื่อนำข้อมูลมาสู่การพิจารณาทบทวนมาตรฐาน 
2. เร่งรัดการถ่ายโอนงานกำหนดมาตรฐานให้แก่องค์กรเครือข่ายด้านการกำหนดมาตรฐาน 
(Standard Developmen","การที่มาตรฐานผลิตภัณฑ์อุตสาหกรรมประเภทมาตรฐานบังคับไม่ได้รับการทบทวนตาม
หลักเกณฑ์ที่กำหนด ทำให้ผลิตภัณฑ์อุตสาหกรรมบางประเภทมีข้อกำหนดไม่ครอบคลุม
ปัจจัยเสี่ยงที่เกิดขึ้นในปัจจุบัน และการที่ผลิตภัณฑ์อุตสาหกรรมที่มีผลกระทบต่อ
ความปลอดภัยยังไม่ได้รับการกำหนดเ"
FL-0697,ด้านประสิทธิผล                                                                                      ,กรมอุทยานแห่งชาติ สัตว์ป่าและพันธุ์พืช,การอนุรักษ์ฟื้นฟูและป้องกันทรัพยากรป่าไม้,2562,,"1. การเดินลาดตระเวนป้องกันรักษาป่ายังไม่สามารถดำเนินการได้อย่างทั่วถึง 
และครอบคลุมได้ทุกพื้นที่
2. การสร้างความรู้ ความเข้าใจแก่ประชาชน สนับสนุน 
และส่งเสริมให้เกิดการมีส่วนร่วมของประชาชนและชุมชนในพื้นที่ 
ยังไม่เกิดผลสัมฤทธิ์ในทุกพื้นที่อย่างยั่งยืน
3. ","การดำเนินกิจกรรมการป้องกันการบุกรุกป่า

","
1. 
กำหนดให้ทุกหน่วยงานที่ทำหน้าที่ในการลาดตระเวนป้องกันการบุกรุกป่าใช้แนวทางการลาดตระเวนเชิงคุณภาพ 
(Smart Patrol) ในการดำเนินการลาดตระเวน 
รวมทั้งพัฒนาศักยภาพของบุคลากรและเครื่องมืออุปกรณ์ให้สามารถเพื่อเพิ่มประสิทธิภาพในการลาดตระเวน 
นอกจากนี้ 
อาจพิจา","การที่ยังมีการบุกรุกพื้นที่ป่าอย่างต่อเนื่อง 
นอกจากส่งผลโดยตรงต่อเป้าหมายในการเพิ่มพื้นที่ป่าอนุรักษ์ของประเทศแล้ว 
การดำเนินการฟื้นฟูให้ป่ากลับมามีสภาพดังเดิมมีความยากยิ่งกว่าโดยรัฐต้องใช้จ่ายงบประมาณในการดำเนินการฟื้นฟูจำนวนมาก 
และใช้ระยะเวลานานกว่าสภ"
FL-0698,ด้านประสิทธิผล                                                                                      ,กรมป่าไม้,การอนุรักษ์ ฟื้นฟู และป้องกันทรัพยากรป่าไม้ ของกรมป่าไม้,2562,,"     1.1 ในการสำรวจและคัดเลือกพื้นที่ป่าเสื่อมโทรมเพื่อดำเนินการปลูกป่าของสำนักจัดการทรัพยากรป่าไม้ท้องที่ 
ไม่ปรากฏอย่างชัดเจนว่าได้มีการคำนึงถึงความเหมาะสมของสภาพพื้นที่เป้าหมายปลูกป่า 
ขาดการสอบทานความเหมาะสมของพื้นที่เป้าหมายปลูกป่าโดยหน่วยงานที่รับผิ","การดำเนินกิจกรรมฟื้นฟูป่าไม้
   1.1 การปลูกและบำรุงป่า
	จากการตรวจสอบแปลงปลูกและบำรุงป่า จำนวน 57 แปลง โดยการตรวจนับอัตราการรอดตายของกล้าไม้และการสังเกตการณ์สภาพภายในแปลงปลูกป่า 
ปรากฏผลการตรวจสอบ ดังนี้
	1.1.1 แปลงปลูกที่สุ่มตรวจสอบส่วนใหญ่มีอัตราการรอดต","สำนักงานการตรวจเงินแผ่นดินมีข้อเสนอแนะให้อธิบดีกรมป่าไม้พิจารณาดำเนินการ ดังนี้
	1. ปรับปรุงแนวทางปฏิบัติงานฟื้นฟูป่าไม้ให้สอดคล้องกับขั้นตอน วิธีการ และเงื่อนไขพื้นที่ที่ต้องดำเนินการในปัจจุบัน 
และกำหนดให้มีการรวบรวมข้อมูลเชิงลึกของพื้นที่ให้มีรายละเอีย","    1.1 ทำให้ป่ายังคงมีสภาพเป็นป่าเสื่อมโทรมไม่อาจฟื้นตัวให้มีโครงสร้างและองค์ประกอบได้อย่างสมบูรณ์ตามวัตถุประสงค์ของการฟื้นฟูป่าไม้ 
และการดำเนินการปลูกป่าในแปลงที่มีพื้นที่มิได้มีสภาพเป็นป่าเสื่อมโทรม หรือพื้นที่ที่มิได้กำหนดให้เป็นพื้นที่ต้องฟื้นฟูโดยก"
FL-0699,ด้านประสิทธิผล                                                                                      ,สำนักงานเขตพื้นที่การศึกษาสงขลา เขต 1,โครงการพัฒนาคุณภาพการศึกษาด้วยเทคโนโลยีสารสนเทศ(DLIT),2561,,"สาเหตุเกิดจากการใช้งานผ่านอุปกรณ์กระจายสัญญาณแบบไร้สายเป็นหลัก 
ซึ่งมีข้อจำกัดเรื่องระยะทางและความเปลี่ยนแปลงของสภาพแวดล้อมและอุปกรณ์ไร้สายดังกล่าวติดตั้งไม่ครอบคลุมจุดติดตั้งอุปกรณ์DLITของโรงเรียน
","โรงเรียนบางแห่งยังไม่สามารถใช้ประโยชน์อุปกรณ์DLITได้อย่างต่อเนื่อง
","1.ควรจัดให้มีการประเมินหรือศึกษา
1.1ความเร็วของอินเทอร์เน็ตที่เหมาะสมกับโรงเรียนแต่ละขนาด
1.2ความเหมาะสมของระบบเครือข่ายกระจายสัญญาณอินเทอร์เน็ตภายในโรงเรียนโดยใช้งานได้อย่างต่อเนื่องไม่ติดขัด
2.เมื่อได้ผลการศึกษาแล้วควรแจ้งให้โรงเรียนพิจารณาดำเนินการปรับ","ส่งผลโดยตรงต่อการพัฒนาคุณภาพการศึกษา 
ที่มุ่งหวังจะใช้เทคโนโลยีในการยกระดับผลสัมฤทธิ์ในการเรียนรู้ 
นอกจากนี้ยังจะส่งผลต่อความไม่คุ้มค่าจากการใช้จ่ายเงินงบประมาณในการจัดหาอุปกรณ์DLIT
"
FL-0700,ด้านประสิทธิผล                                                                                      ,สำนักบริหารพื้นที่อนุรักษ์ที่3,โครงการพัฒนาแหล่งท่องเที่ยวเชิงธรรมชาติในอุทยานแห่งชาติจังหวัดกาญจนบุรี,2561,,"ข้อตรวจพบที่ 1 สาเหตุคือ
1. บริเวณน้ำพุร้อนไม่มีสิ่งอำนวยความสะดวกด้านสาธารณูปโภค ได้แก่ ไฟฟ้า 
และน้ำที่ใช้ในการอาบน้ำหรือชำระล้าง
	2. 
ขาดการประชาสัมพันธ์เชิญชวนให้นักท่องเที่ยวเข้ามาท่องเที่ยวในบริเวณแหล่งน้ำพุร้อน

ข้อตรวจพบที่ 2 สาเหตุ คือ
เนื่องจากไ","ข้อตรวจพบที่ 1 โครงการก่อสร้างห้องอาบน้ำแร่พร้อมปรับปรุงภูมิทัศน์ 
สำนักงานทรัพยากรธรรมชาติและสิ่งแวดล้อมจังหวัดกาญจนบุรี 
ได้ทำการก่อสร้างห้องอาบน้ำแร่พร้อมปรับปรุงภูมิทัศน์บริเวณน้ำพุร้อนจุดที่สองบริเวณข้างลำห้วยน้ำพุร้อน 
ตามสัญญาเลขที่ 235/2558 ลงวันท","ข้อตรวจพบที่ 1 ข้อเสนอแนะคือ
ดำเนินการจัดหาสิ่งอำนวยความสะดวก ได้แก่ ไฟฟ้า และน้ำ 
เพื่อให้บริการแก่นักท่องเที่ยว 
และดำเนินการประชาสัมพันธ์สถานที่ท่องเที่ยวแหล่งน้ำพุร้อนธรรมชาติและห้องอาบน้ำแร่บริเวณน้ำพุร้อนในอุทยานแห่งชาติเขื่อนศรีนครินทร์ 
ผ่านช่องทา","ทำให้เกิดค่าเสียโอกาสในการนำเงินงบประมาณไปใช้ประโยชน์อื่น จำนวน 4,985,000 
บาท
"
FL-0701,ด้านประสิทธิผล                                                                                      ,สำนักงานเกษตรจังหวัดประจวบคีรีขันธ์,โครงการส่งเสริมและพัฒนาสับปะรดครบวงจร,2562,," 	1. กิจกรรมสร้างสระน้ำนอกเขตชลประทาน 
             สถานีพัฒนาที่ดินจังหวัดประจวบคีรีขันธ์ 
ไม่มีการสำรวจพื้นที่สำหรับขุดสระน้ำว่ามีความเหมาะสมและสามารถเก็บกักน้ำได้หรือไม่ 
รวมทั้งการพิจารณาคัดเลือกกลุ่มเป้าหมาย 
เจ้าหน้าที่ที่ได้รับมอบหมายไม่ได้ตรวจสอบว","ข้อตรวจพบที่ 1 
เกษตรกรบางส่วนไม่ได้ใช้ประโยชน์จากสระน้ำและน้ำหมักชีวภาพในการพัฒนา                                       
                     แหล่งน้ำและพัฒนาดินเพื่อการผลิตสับปะรด
	สถานีพัฒนาที่ดินจังหวัดประจวบคีรีขันธ์ 
ได้รับมอบหมายให้ดำเนินกิจกรรมการ","สำนักงานการตรวจเงินแผ่นดิน โดยสำนักงานการตรวจเงินแผ่นดินภูมิภาคที่ 12 
(จังหวัดเพชรบุรี) มีข้อเสนอแนะให้สถานีพัฒนาที่ดินจังหวัดประจวบคีรีขันธ์ 
ดำเนินการดังนี้ 
	1. กิจกรรมสร้างสระน้ำนอกเขตชลประทาน 
   ในโอกาสต่อไปหากมีการดำเนินโครงการในลักษณะเช่นนี้อีก 
","1. กิจกรรมสร้างสระน้ำนอกเขตชลประทาน ขนาดความจุ 1,260 ลบ.ม.
 	   1.1 กรณีสระน้ำที่ไม่ได้ประโยชน์ตามวัตถุประสงค์ 
โดยไม่สามารถกักเก็บน้ำได้ จำนวน 10 สระ 
ทำให้เกิดความสูญเปล่าในการใช้เงินงบประมาณแผ่นดิน เป็นจำนวนเงิน 198,620.00 
บาท  
     	     1.2 กรณีสระ"
FL-0702,ด้านประสิทธิผล                                                                                      ,สำนักงานการท่องเที่ยวและกีฬาจังหวัดพิษณุโลก,โครงการตามแผนปฏิบัติราชการจังหวัด/กลุ่มจังหวัดภาคเหนือตอนล่าง 1 ยุทธศาสตร์ด้านการท่องเที่ยว,2561,,"เกิดจากการที่ไม่ได้วิเคราะห์ข้อมูลจากสภาพปัญหาหรือข้อเท็จจริง 
เพื่อนำไปกำหนดกิจกรรม/โครงการในการพัฒนาด้านการท่องเที่ยว 
ไม่ได้ศึกษาความจำเป็นและความเหมาะสมในการดำเนินโครงการ 
การดำเนินโครงการไม่ได้กำหนดหลักเกณฑ์ในการคัดเลือกกลุ่มเป้าหมาย 
หรือไม่ได้ดำเนิ","1) โครงการพัฒนาศักยภาพท่องเที่ยวและบริการแบบบูรณาการ : 
พัฒนาสมรรถนะการจัดการแหล่งท่องเที่ยวชุมชน 
แหล่งท่องเที่ยวนิเวศและเชิงประวัติศาสตร์ ของกลุ่มจังหวัดภาคเหนือตอนล่าง 1 
รับผิดชอบดำเนินการโดยมหาวิทยาลัยนเรศวร งบประมาณ ๑๘,๐๐๐,๐๐๐.-บาท
	ข้อตรวจพบที่ 2 ก","

ให้มหาวิทยาลัยนเรศวร สำนักงานการท่องเที่ยวและกีฬาจังหวัดพิษณุโลก 
สำนักงานการท่องเที่ยวและกีฬาจังหวัดเพชรบูรณ์ 
สำนักงานวัฒนธรรมจังหวัดพิษณุโลก สำนักงานวัฒนธรรมจังหวัดตาก 
สำนักงานวัฒนธรรมจังหวัดสุโขทัย สำนักงานวัฒนธรรมจังหวัดเพชรบูรณ์ 
และสำนักงานเกษตร","การดำเนินโครงการตามแผนปฏิบัติราชการประจำปีงบประมาณ พ.ศ. 2560 
ของจังหวัด/กลุ่มจังหวัดภาคเหนือตอนล่าง 1 ยุทธศาสตร์ด้านการท่องเที่ยว 
ไม่มีประสิทธิภาพ ประสิทธิผล มีผลกระทบต่อการดำเนินโครงการ 
โดยบางโครงการผลการดำเนินการไม่เป็นไปตามตัวชี้วัดด้านรายได้ 
ไม่สา"
FL-0703,ด้านประสิทธิผล                                                                                      ,สำนักงานการท่องเที่ยวและกีฬาจังหวัดพิษณุโลก,โครงการตามแผนปฏิบัติราชการจังหวัด/กลุ่มจังหวัดภาคเหนือตอนล่าง 1 ยุทธศาสตร์ด้านการท่องเที่ยว,2561,,"เกิดจากการที่ไม่ได้วิเคราะห์ข้อมูลจากสภาพปัญหาหรือข้อเท็จจริง 
เพื่อนำไปกำหนดกิจกรรม/โครงการในการพัฒนาด้านการท่องเที่ยว 
ไม่ได้ศึกษาความจำเป็นและความเหมาะสมในการดำเนินโครงการ 
การดำเนินโครงการไม่ได้กำหนดหลักเกณฑ์ในการคัดเลือกกลุ่มเป้าหมาย 
หรือไม่ได้ดำเนิ","1) โครงการพัฒนาศักยภาพท่องเที่ยวและบริการแบบบูรณาการ : 
พัฒนาสมรรถนะการจัดการแหล่งท่องเที่ยวชุมชน 
แหล่งท่องเที่ยวนิเวศและเชิงประวัติศาสตร์ ของกลุ่มจังหวัดภาคเหนือตอนล่าง 1 
รับผิดชอบดำเนินการโดยมหาวิทยาลัยนเรศวร งบประมาณ ๑๘,๐๐๐,๐๐๐.-บาท
	ข้อตรวจพบที่ 2 ก","ให้มหาวิทยาลัยนเรศวร สำนักงานการท่องเที่ยวและกีฬาจังหวัดพิษณุโลก 
สำนักงานการท่องเที่ยวและกีฬาจังหวัดเพชรบูรณ์ 
สำนักงานวัฒนธรรมจังหวัดพิษณุโลก สำนักงานวัฒนธรรมจังหวัดตาก 
สำนักงานวัฒนธรรมจังหวัดสุโขทัย สำนักงานวัฒนธรรมจังหวัดเพชรบูรณ์ 
และสำนักงานเกษตรจั","การดำเนินโครงการตามแผนปฏิบัติราชการประจำปีงบประมาณ พ.ศ. 2560 
ของจังหวัด/กลุ่มจังหวัดภาคเหนือตอนล่าง 1 ยุทธศาสตร์ด้านการท่องเที่ยว 
ไม่มีประสิทธิภาพ ประสิทธิผล มีผลกระทบต่อการดำเนินโครงการ 
โดยบางโครงการผลการดำเนินการไม่เป็นไปตามตัวชี้วัดด้านรายได้ 
ไม่สา"
FL-0704,ด้านประสิทธิผล                                                                                      ,สำนักงานการท่องเที่ยวและกีฬาจังหวัดพิษณุโลก,โครงการตามแผนปฏิบัติราชการจังหวัด/กลุ่มจังหวัดภาคเหนือตอนล่าง 1 ยุทธศาสตร์ด้านการท่องเที่ยว,2561,,"เกิดจากการที่ไม่ได้วิเคราะห์ข้อมูลจากสภาพปัญหาหรือข้อเท็จจริง 
เพื่อนำไปกำหนดกิจกรรม/โครงการในการพัฒนาด้านการท่องเที่ยว 
ไม่ได้ศึกษาความจำเป็นและความเหมาะสมในการดำเนินโครงการ 
การดำเนินโครงการไม่ได้กำหนดหลักเกณฑ์ในการคัดเลือกกลุ่มเป้าหมาย 
หรือไม่ได้ดำเนิ","1) โครงการพัฒนาศักยภาพท่องเที่ยวและบริการแบบบูรณาการ : 
พัฒนาสมรรถนะการจัดการแหล่งท่องเที่ยวชุมชน 
แหล่งท่องเที่ยวนิเวศและเชิงประวัติศาสตร์ ของกลุ่มจังหวัดภาคเหนือตอนล่าง 1 
รับผิดชอบดำเนินการโดยมหาวิทยาลัยนเรศวร งบประมาณ ๑๘,๐๐๐,๐๐๐.-บาท
	ข้อตรวจพบที่ 2 ก","ให้มหาวิทยาลัยนเรศวร สำนักงานการท่องเที่ยวและกีฬาจังหวัดพิษณุโลก 
สำนักงานการท่องเที่ยวและกีฬาจังหวัดเพชรบูรณ์ 
สำนักงานวัฒนธรรมจังหวัดพิษณุโลก สำนักงานวัฒนธรรมจังหวัดตาก 
สำนักงานวัฒนธรรมจังหวัดสุโขทัย สำนักงานวัฒนธรรมจังหวัดเพชรบูรณ์ 
และสำนักงานเกษตรจั","การดำเนินโครงการตามแผนปฏิบัติราชการประจำปีงบประมาณ พ.ศ. 2560 
ของจังหวัด/กลุ่มจังหวัดภาคเหนือตอนล่าง 1 ยุทธศาสตร์ด้านการท่องเที่ยว 
ไม่มีประสิทธิภาพ ประสิทธิผล มีผลกระทบต่อการดำเนินโครงการ 
โดยบางโครงการผลการดำเนินการไม่เป็นไปตามตัวชี้วัดด้านรายได้ 
ไม่สา"
FL-0705,ด้านประสิทธิผล                                                                                      ,สำนักงานการท่องเที่ยวและกีฬาจังหวัดพิษณุโลก,โครงการตามแผนปฏิบัติราชการจังหวัด/กลุ่มจังหวัดภาคเหนือตอนล่าง 1 ยุทธศาสตร์ด้านการท่องเที่ยว,2561,,"เกิดจากการที่ไม่ได้วิเคราะห์ข้อมูลจากสภาพปัญหาหรือข้อเท็จจริง 
เพื่อนำไปกำหนดกิจกรรม/โครงการในการพัฒนาด้านการท่องเที่ยว 
ไม่ได้ศึกษาความจำเป็นและความเหมาะสมในการดำเนินโครงการ 
การดำเนินโครงการไม่ได้กำหนดหลักเกณฑ์ในการคัดเลือกกลุ่มเป้าหมาย 
หรือไม่ได้ดำเนิ","1) โครงการพัฒนาศักยภาพท่องเที่ยวและบริการแบบบูรณาการ : 
พัฒนาสมรรถนะการจัดการแหล่งท่องเที่ยวชุมชน 
แหล่งท่องเที่ยวนิเวศและเชิงประวัติศาสตร์ ของกลุ่มจังหวัดภาคเหนือตอนล่าง 1 
รับผิดชอบดำเนินการโดยมหาวิทยาลัยนเรศวร งบประมาณ ๑๘,๐๐๐,๐๐๐.-บาท
	ข้อตรวจพบที่ 2 ก","ให้มหาวิทยาลัยนเรศวร สำนักงานการท่องเที่ยวและกีฬาจังหวัดพิษณุโลก 
สำนักงานการท่องเที่ยวและกีฬาจังหวัดเพชรบูรณ์ 
สำนักงานวัฒนธรรมจังหวัดพิษณุโลก สำนักงานวัฒนธรรมจังหวัดตาก 
สำนักงานวัฒนธรรมจังหวัดสุโขทัย สำนักงานวัฒนธรรมจังหวัดเพชรบูรณ์ 
และสำนักงานเกษตรจั","การดำเนินโครงการตามแผนปฏิบัติราชการประจำปีงบประมาณ พ.ศ. 2560 
ของจังหวัด/กลุ่มจังหวัดภาคเหนือตอนล่าง 1 ยุทธศาสตร์ด้านการท่องเที่ยว 
ไม่มีประสิทธิภาพ ประสิทธิผล มีผลกระทบต่อการดำเนินโครงการ 
โดยบางโครงการผลการดำเนินการไม่เป็นไปตามตัวชี้วัดด้านรายได้ 
ไม่สา"
FL-0706,ด้านประสิทธิผล                                                                                      ,สำนักงานการท่องเที่ยวและกีฬาจังหวัดพิษณุโลก,โครงการตามแผนปฏิบัติราชการจังหวัด/กลุ่มจังหวัดภาคเหนือตอนล่าง 1 ยุทธศาสตร์ด้านการท่องเที่ยว,2561,,"เกิดจากการที่ไม่ได้วิเคราะห์ข้อมูลจากสภาพปัญหาหรือข้อเท็จจริง 
เพื่อนำไปกำหนดกิจกรรม/โครงการในการพัฒนาด้านการท่องเที่ยว 
ไม่ได้ศึกษาความจำเป็นและความเหมาะสมในการดำเนินโครงการ 
การดำเนินโครงการไม่ได้กำหนดหลักเกณฑ์ในการคัดเลือกกลุ่มเป้าหมาย 
หรือไม่ได้ดำเนิ","1) โครงการพัฒนาศักยภาพท่องเที่ยวและบริการแบบบูรณาการ : 
พัฒนาสมรรถนะการจัดการแหล่งท่องเที่ยวชุมชน 
แหล่งท่องเที่ยวนิเวศและเชิงประวัติศาสตร์ ของกลุ่มจังหวัดภาคเหนือตอนล่าง 1 
รับผิดชอบดำเนินการโดยมหาวิทยาลัยนเรศวร งบประมาณ ๑๘,๐๐๐,๐๐๐.-บาท
	ข้อตรวจพบที่ 2 ก","

ให้มหาวิทยาลัยนเรศวร สำนักงานการท่องเที่ยวและกีฬาจังหวัดพิษณุโลก 
สำนักงานการท่องเที่ยวและกีฬาจังหวัดเพชรบูรณ์ 
สำนักงานวัฒนธรรมจังหวัดพิษณุโลก สำนักงานวัฒนธรรมจังหวัดตาก 
สำนักงานวัฒนธรรมจังหวัดสุโขทัย สำนักงานวัฒนธรรมจังหวัดเพชรบูรณ์ 
และสำนักงานเกษตร","การดำเนินโครงการตามแผนปฏิบัติราชการประจำปีงบประมาณ พ.ศ. 2560 
ของจังหวัด/กลุ่มจังหวัดภาคเหนือตอนล่าง 1 ยุทธศาสตร์ด้านการท่องเที่ยว 
ไม่มีประสิทธิภาพ ประสิทธิผล มีผลกระทบต่อการดำเนินโครงการ 
โดยบางโครงการผลการดำเนินการไม่เป็นไปตามตัวชี้วัดด้านรายได้ 
ไม่สา"
FL-0707,ด้านประสิทธิผล                                                                                      ,สำนักงานปศุสัตว์จังหวัดแพร่,โครงการสร้างความเข้มแข็งและยั่งยืนของกลุ่มอาชีพการเลี้งโคเนื้อ สนง.ปศุสัตว์ จ.แพร่,2561,,"1.เจ้าหน้าที่ผู้รับผิดชอบไม่ตระหนักถึงความสำคัญในการคัดเลือกเกษตรให้เป็นไปตามหลักเกณฑ์
2.เกษตรกรขาดความพร้อมในการบริหารจัดการ
3.เกษตรกรที่เข้าร่วมโครงการไม่ได้รับการฝึกอบรมและศึกษาดูงาน
4.เจ้าหน้าที่ผู้รับผิดชอบไม่ตระหนักถึงความสำคัญในการตรวจสอบข้อมูลตามบ","1 ผลการดำเนินการไม่เป็นไปตามเป้าหมายของโครงการ
2.การบริหารจัดการโครงการไม่มีประสิทธิภาพ
ข้อสังเกต
1.บัตรประจำตัวสัตว์ไม่เป็นไปตามหลักเกณฑ์ที่กำหนด
2.แม่โคเนื้อมีลักษณะไม่ตรงตามข้อมูลตามที่ปรากฎในบัตร
3.กสนดำเนินการตามโครงการไม่เป็นไปตามกฎหมาย
","1.ให้กำหนดแนวทางในการให้ความรู้แก่เกษ๖รกร
2.ให้คัดเลือกเกษตรกรที่มีคุณสมบัติตามหลักเกณฑ์กำหนด
3.ดำเนินการติดตามและประเมินผลโครงการ
","1.เกษตรกรไม่สามารถดูแลโคและแปลงพืชอาหารได้ตลอดเวลา
2.ผลการดำเนินงานไม่บรรลุวัตถุประสงค์และเป้าของโครง
3.เกษตรกรเสียเวลาและโอกาสที่จะมีรายได้เพิ่ม
"
FL-0708,ด้านประสิทธิผล                                                                                      ,สำนักงานจังหวัดอุตรดิตถ์,โครงการส่งเสริมและพัฒนาผลผลิตการเกษตรแบบบูรณาการและการเกษตรที่มีผลตอบแทนสูง ของสำนักงานเกษตรจังหวัดอุตรดิตถ์,2562,,"เจ้าหน้าที่ไม่ปฏิบัติตามหลักเกณฑ์
","1.การดำเนินโครงการบางส่วนไม่บรรลุวัตถุประสงค์ของโครงการ
",,
FL-0709,ด้านประสิทธิผล                                                                                      ,สำนักงานจังหวัดพะเยา,โครงการเพิ่มผลิตภาพและคุณภาพการผลิตข้าวปลอดภัยที่ดำเนิการโดยจังหวัดพะเยา,2561,,"ในการทำบันทึกข้อตกลง กำหนดหน่วยงานที่จำเป็นต้องใช้ทรัพย์สินไม่ชัดเจน
","ทรัพย์สินไม่ได้ใช้ประโยชน์ หรือใช้ประโยชน์ไม่ตรงตามวัตถุประสงค์
","กำชับให้หน่วยงานกำหนดความจำเป็นในการใช้ประโยชน์อย่างชัดเจน
","เสียโอกาสในการใช้ทรัพย์สินอย่างคุ้มค่า
"
FL-0710,ด้านประสิทธิผล                                                                                      ,กลุ่มจังหวัดภาคกลางตอนบน 1,แผนพัฒนากลุ่มจังหวัดภาคกลางตอนบน 1,2562,,"1. พัสดุของกิจกรรมเกิดการชำรุด และปัญหาด้านการบริหารจัดการ
ของหน่วยงานที่รับผิดชอบการใช้ประโยชน์และดูแลรักษากิจกรรม
2. หน่วยดำเนินการไม่ทราบว่าต้องทำการประเมินความสำเร็จ ตามตัวชี้วัด
ที่กำหนดไว้ในข้อมูลพื้นฐานโครงการ/กิจกรรม
3. กลุ่มจังหวัดภาคกลางตอนบน 1 ","ข้อตรวจพบที่ 1 ปัญหาด้านผลสัมฤทธิ์ในการดำเนินงาน ดังนี้
1. กิจกรรมภายใต้โครงการไม่ได้ประโยชน์ตามวัตถุประสงค์ 
หรือใช้ประโยชน์น้อย/ไม่เต็มศักยภาพ
2. กิจกรรมภายใต้โครงการไม่ได้มีการประเมินความสำเร็จ
ตามตัวชี้วัดที่กำหนดไว้
3. พัสดุของกิจกรรมภายใต้โครงการไม่","ให้ผู้ว่าราชการจังหวัดพระนครศรีอยุธยา ในฐานะหัวหน้ากลุ่มจังหวัด
ภาคกลางตอนบน พิจารณาสั่งการกลุ่มงานบริหารยุทธศาสตร์
กลุ่มจังหวัดภาคกลางตอนบน ดังนี้
1. ประสานงานกับหน่วยดำเนินการที่เป็นผู้รับผิดชอบกิจกรรมที่
ไม่ได้ใช้ประโยชน์หรือใช้ประโยชน์น้อย ให้กำหนดแนว","1. ทำให้การดำเนินงานไม่บรรลุผลสำเร็จตามเป้าหมาย และกิจกรรม
มีความเสี่ยงที่จะเกิดความไม่คุ้มค่า หรือเกิดความสูญเปล่าหากไม่สามารถแก้ไข
ให้กลับมาใช้ประโยชน์ได้
2. ทำให้ไม่มีข้อมูลที่จะใช้เชื่อมโยงและสนับสนุนตัวชี้วัดในระดับโครงการ
และประเด็นยุทธศาสตร์
3. ทำใ"
FL-0711,ด้านประสิทธิผล                                                                                      ,กรมควบคุมมลพิษ,การป้องกันและแก้ไขปัญหาสิ่งแวดล้อมของประเทศไทย (ครั้งที่ 3 ด้านน้ำเสีย),2562,,"การดำเนินงานกิจกรรมการบำบัดน้ำเสียชุมชนยังไม่เกิดผลสัมฤทธิ์ 
และไม่มีประสิทธิภาพ มีสาเหตุที่สำคัญ เนื่องจากองค์กรปกครองส่วนท้องถิ่นขาด
ความพร้อมในการจัดการน้ำเสียให้เกิดผลสัมฤทธิ์และมีประสิทธิภาพ โดยมีข้อจำกัด
ทั้งด้านงบประมาณในการดำเนินการจัดการน้ำเสียชุ","ข้อตรวจพบที่ 1	ระบบบำบัดน้ำเสียรวมของชุมชนที่ก่อสร้างแล้วเสร็จยังไม่เพียงพอ
สำหรับการจัดการน้ำเสียของประเทศ
     1.1 ระบบบำบัดน้ำเสียรวมของชุมชนจำนวน 105 แห่งทั่วประเทศ 
มีศักยภาพรวมกันในการบำบัดน้ำเสียได้น้อยกว่าร้อยละ 32.83 ของปริมาณน้ำเสียชุมชน
ทั้งประ","สำนักงานการตรวจเงินแผ่นดินมีข้อเสนอแนะให้ปลัดกระทรวงทรัพยากรธรรมชาติและ
สิ่งแวดล้อมพิจารณาดำเนินการเพื่อให้กระทรวงทรัพยากรธรรมชาติและสิ่งแวดล้อม
เป็นหน่วยงานหลักในการดำเนินการเพื่อพิจารณาจัดทำแผนแม่บทการจัดการน้ำเสียของ
ประเทศ โดยนำเสนอรัฐบาลให้พิจารณา เห","ผลการตรวจสอบการดำเนินงานการป้องกันและแก้ไขปัญหาสิ่งแวดล้อมของประเทศไทย
ด้านน้ำเสีย ตามประเด็นข้อตรวจพบที่ 1 - 3 แสดงให้เห็นว่าการจัดการน้ำเสีย
ของประเทศโดยเฉพาะอย่างยิ่งการดำเนินงานกิจกรรมการบำบัดน้ำเสียชุมชนที่ยังไม่เกิด
ผลสัมฤทธิ์ และไม่มีประสิทธิภาพ ส่"
FL-0712,ด้านประสิทธิผล                                                                                      ,กรมควบคุมมลพิษ,การป้องกันและแก้ไขปัญหาสิ่งแวดล้อมของประเทศไทย (ครั้งที่ 3 ด้านน้ำเสีย),2562,,"การดำเนินงานกิจกรรมการบำบัดน้ำเสียชุมชนยังไม่เกิดผลสัมฤทธิ์ และไม่มีประสิทธิภาพ
 มีสาเหตุที่สำคัญ เนื่องจากองค์กรปกครองส่วนท้องถิ่นขาดความพร้อมในการจัดการ
น้ำเสียให้เกิดผลสัมฤทธิ์และมีประสิทธิภาพ โดยมีข้อจำกัดทั้งด้านงบประมาณในการ
ดำเนินการจัดการน้ำเสียชุ","ข้อตรวจพบที่ 1	ระบบบำบัดน้ำเสียรวมของชุมชนที่ก่อสร้างแล้วเสร็จยังไม่เพียงพอ
สำหรับการจัดการน้ำเสียของประเทศ
     1.1 ระบบบำบัดน้ำเสียรวมของชุมชนจำนวน 105 แห่งทั่วประเทศ 
มีศักยภาพรวมกันในการบำบัดน้ำเสียได้น้อยกว่าร้อยละ 32.83 ของปริมาณน้ำเสียชุมชน
ทั้งประ","สำนักงานการตรวจเงินแผ่นดินมีข้อเสนอแนะให้ปลัดกระทรวงทรัพยากรธรรมชาติและ
สิ่งแวดล้อมพิจารณาดำเนินการเพื่อให้กระทรวงทรัพยากรธรรมชาติและสิ่งแวดล้อม
เป็นหน่วยงานหลักในการดำเนินการเพื่อพิจารณาจัดทำแผนแม่บทการจัดการน้ำเสียของ
ประเทศ โดยนำเสนอรัฐบาลให้พิจารณา เห","ผลการตรวจสอบการดำเนินงานการป้องกันและแก้ไขปัญหาสิ่งแวดล้อมของประเทศไทย
ด้านน้ำเสีย ตามประเด็นข้อตรวจพบที่ 1 - 3 แสดงให้เห็นว่าการจัดการน้ำเสียของ
ประเทศโดยเฉพาะอย่างยิ่งการดำเนินงานกิจกรรมการบำบัดน้ำเสียชุมชนที่ยังไม่เกิด
ผลสัมฤทธิ์ และไม่มีประสิทธิภาพ ส่"
FL-0713,ด้านประสิทธิผล                                                                                      ,กรมควบคุมมลพิษ,การป้องกันและแก้ไขปัญหาสิ่งแวดล้อมของประเทศไทย (ครั้งที่ 3 ด้านน้ำเสีย),2562,,"การดำเนินงานกิจกรรมการบำบัดน้ำเสียชุมชนยังไม่เกิดผลสัมฤทธิ์ 
และไม่มีประสิทธิภาพ มีสาเหตุที่สำคัญ เนื่องจากองค์กรปกครองส่วนท้องถิ่น
ขาดความพร้อมในการจัดการน้ำเสียให้เกิดผลสัมฤทธิ์และมีประสิทธิภาพ 
โดยมีข้อจำกัดทั้งด้านงบประมาณในการดำเนินการจัดการน้ำเสียชุ","ข้อตรวจพบที่ 1	ระบบบำบัดน้ำเสียรวมของชุมชนที่ก่อสร้างแล้วเสร็จยังไม่เพียงพอ
สำหรับการจัดการน้ำเสียของประเทศข้อตรวจพบที่ 
     1.1 ระบบบำบัดน้ำเสียรวมของชุมชนจำนวน 105 แห่งทั่วประเทศ มีศักยภาพรวมกัน
ในการบำบัดน้ำเสียได้น้อยกว่าร้อยละ 32.83 ของปริมาณน้ำเสีย","สำนักงานการตรวจเงินแผ่นดินมีข้อเสนอแนะให้ปลัดกระทรวงทรัพยากรธรรมชาติและ
สิ่งแวดล้อมพิจารณาดำเนินการเพื่อให้กระทรวงทรัพยากรธรรมชาติและสิ่งแวดล้อม
เป็นหน่วยงานหลักในการดำเนินการเพื่อพิจารณาจัดทำแผนแม่บทการจัดการน้ำเสียของ
ประเทศ โดยนำเสนอรัฐบาลให้พิจารณา เห","ผลการตรวจสอบการดำเนินงานการป้องกันและแก้ไขปัญหาสิ่งแวดล้อมของประเทศไทย
ด้านน้ำเสีย ตามประเด็นข้อตรวจพบที่ 1 - 3 แสดงให้เห็นว่าการจัดการน้ำเสียของ
ประเทศโดยเฉพาะอย่างยิ่งการดำเนินงานกิจกรรมการบำบัดน้ำเสียชุมชนที่ยังไม่เกิด
ผลสัมฤทธิ์ และไม่มีประสิทธิภาพ ส่"
FL-0714,ด้านประสิทธิผล                                                                                      ,กรมควบคุมมลพิษ,การป้องกันและแก้ไขปัญหาสิ่งแวดล้อมของประเทศไทย (ครั้งที่ 3 ด้านน้ำเสีย),2562,,"การดำเนินงานกิจกรรมการบำบัดน้ำเสียชุมชนยังไม่เกิดผลสัมฤทธิ์ และไม่มีประสิทธิภาพ
 มีสาเหตุที่สำคัญ เนื่องจากองค์กรปกครองส่วนท้องถิ่นขาดความพร้อมในการจัดการ
น้ำเสียให้เกิดผลสัมฤทธิ์และมีประสิทธิภาพ โดยมีข้อจำกัดทั้งด้านงบประมาณในการ
ดำเนินการจัดการน้ำเสียชุ","ข้อตรวจพบที่ 1	ระบบบำบัดน้ำเสียรวมของชุมชนที่ก่อสร้างแล้วเสร็จยังไม่เพียงพอ
สำหรับการจัดการน้ำเสียของประเทศ
     1.1 ระบบบำบัดน้ำเสียรวมของชุมชนจำนวน 105 แห่งทั่วประเทศ 
มีศักยภาพรวมกันในการบำบัดน้ำเสียได้น้อยกว่าร้อยละ 32.83 ของปริมาณน้ำเสียชุมชน
ทั้งประ","สำนักงานการตรวจเงินแผ่นดินมีข้อเสนอแนะให้ปลัดกระทรวงทรัพยากรธรรมชาติและ
สิ่งแวดล้อมพิจารณาดำเนินการเพื่อให้กระทรวงทรัพยากรธรรมชาติและสิ่งแวดล้อม
เป็นหน่วยงานหลักในการดำเนินการเพื่อพิจารณาจัดทำแผนแม่บทการจัดการน้ำเสีย
ของประเทศ โดยนำเสนอรัฐบาลให้พิจารณา เห","ผลการตรวจสอบการดำเนินงานการป้องกันและแก้ไขปัญหาสิ่งแวดล้อมของประเทศไทย
ด้านน้ำเสีย ตามประเด็นข้อตรวจพบที่ 1 - 3 แสดงให้เห็นว่าการจัดการน้ำเสียของ
ประเทศโดยเฉพาะอย่างยิ่งการดำเนินงานกิจกรรมการบำบัดน้ำเสียชุมชนที่ยังไม่เกิด
ผลสัมฤทธิ์ และไม่มีประสิทธิภาพ ส่"
FL-0715,ด้านประสิทธิผล                                                                                      ,กรมควบคุมมลพิษ,การป้องกันและแก้ไขปัญหาสิ่งแวดล้อมของประเทศไทย (ครั้งที่ 3 ด้านน้ำเสีย),2562,,"การดำเนินงานกิจกรรมการบำบัดน้ำเสียชุมชนยังไม่เกิดผลสัมฤทธิ์ 
และไม่มีประสิทธิภาพ มีสาเหตุที่สำคัญ 
เนื่องจากองค์กรปกครองส่วนท้องถิ่นขาดความพร้อมในการจัดการน้ำเสียให้เกิด
ผลสัมฤทธิ์และมีประสิทธิภาพ โดยมีข้อจำกัดทั้งด้านงบประมาณในการดำเนินการจัดการ
น้ำเสียช","ข้อตรวจพบที่ 1	ระบบบำบัดน้ำเสียรวมของชุมชนที่ก่อสร้างแล้วเสร็จยังไม่เพียงพอ
สำหรับการจัดการน้ำเสียของประเทศ
     1.1 ระบบบำบัดน้ำเสียรวมของชุมชนจำนวน 105 แห่งทั่วประเทศ 
มีศักยภาพรวมกันในการบำบัดน้ำเสียได้น้อยกว่าร้อยละ 32.83 
ของปริมาณน้ำเสียชุมชนทั้งประ","สำนักงานการตรวจเงินแผ่นดินมีข้อเสนอแนะให้ปลัดกระทรวงทรัพยากรธรรมชาติและ
สิ่งแวดล้อมพิจารณาดำเนินการเพื่อให้กระทรวงทรัพยากรธรรมชาติและสิ่งแวดล้อม
เป็นหน่วยงานหลักในการดำเนินการเพื่อพิจารณาจัดทำแผนแม่บทการจัดการน้ำเสียของ
ประเทศ โดยนำเสนอรัฐบาลให้พิจารณา เห","ผลการตรวจสอบการดำเนินงานการป้องกันและแก้ไขปัญหาสิ่งแวดล้อมของประเทศไทย
ด้านน้ำเสีย ตามประเด็นข้อตรวจพบที่ 1 - 3 แสดงให้เห็นว่าการจัดการน้ำเสียของ
ประเทศโดยเฉพาะอย่างยิ่งการดำเนินงานกิจกรรมการบำบัดน้ำเสียชุมชนที่ยังไม่เกิด
ผลสัมฤทธิ์ และไม่มีประสิทธิภาพ ส่"
FL-0716,ด้านประสิทธิผล                                                                                      ,กรมส่งเสริมอุตสาหกรรม,การส่งเสริม สนับสนุน และพัฒนาวิสาหกิจขนาดกลางและขนาดย่อม,2562,,"สาเหตุเกิดจากการกำหนดตัวชี้วัดเป้าหมาย แผน 
และแนวปฏิบัติในการพัฒนาวิสาหกิจขนาดกลางและขนาดย่อมยังไม่ครอบคลุมการประเมินผลการนำผลผลิตไปใช้ประโยชน์จริงของวิสาหกิจขนาดกลางและขนาดย่อมเป็นรายโครงการภายหลังสิ้นสุดโครงการมาระยะหนึ่งแล้ว 
รวมทั้งการกำหนดรายละเอียด","จากการตรวจสอบการดำเนินการส่งเสริม สนับสนุน 
และพัฒนาวิสาหกิจขนาดกลางและขนาดย่อม ในสาขาอุตสาหกรรมเกษตรแปรรูป 
และอุตสาหกรรมอาหารแปรรูป ผ่านกิจกรรมต่าง ๆ 
ของโครงการภายใต้แผนงานบูรณาการส่งเสริมวิสาหกิจขนาดกลางและขนาดย่อม 
ในปีงบประมาณ พ.ศ. 2559 - 2561 จำนวน","1. 	กำหนดตัวชี้วัดเป้าหมาย แผน 
และแนวปฏิบัติเกี่ยวกับการประเมินผลการนำผลผลิตไปใช้ประโยชน์จริงของวิสาหกิจขนาดกลางและขนาดย่อม 
(SMEs) ภายหลังสิ้นสุดโครงการมาระยะหนึ่งแล้ว 
เพื่อให้สามารถสะท้อนถึงความสำเร็จที่ได้จากผลผลิตและศักยภาพที่เพิ่มขึ้นของกิจการที่เข","ส่งกระทบให้ไม่สามารถช่วยผลักดันส่งเสริมให้วิสาหกิจขนาดกลางและขนาดย่อมพัฒนาศักยภาพในการดำเนินธุรกิจจนสามารถแข่งขันได้ในระบบเศรษฐกิจ 
โดยการพัฒนาผลิตภัณฑ์และผลิตภาพให้กับวิสาหกิจขนาดกลางและขนาดย่อม 
ซึ่งบางกิจการไม่ได้นำผลผลิตที่ได้รับไปใช้ประโยชน์
"
FL-0717,ด้านประสิทธิผล                                                                                      ,กรุงเทพมหานคร,"มหานครปลอดภัย ""ด้านปลอดโรคคนเมือง อาหารปลอดภัย ปลอดอาชญากรรมและยาเสพติด"" ของกรุงเทพมหานคร",2562,,"1.การที่กรุงเทพมหานครบริหารจัดการระบบกล้องโทรทัศน์วงจรปิดเพื่อความปลอดภัยในพื้นที่ไม่บรรลุวัตถุประสงค์ที่กำหนดไว้ 
มีสาเหตุสำคัญมาจากขั้นตอนวิธีการควบคุม ตรวจสอบการปฏิบัติงานบำรุงรักษากล้องโทรทัศน์วงจรปิดไม่รัดกุม เพียงพอ 
และการกำหนดรูปแบบการรายงานผลการใ","จากภายใต้กลยุทธ์ด้านปลอดอาชญากรรมและยาเสพติด 
และด้านปลอดโรคคนเมือง อาหารปลอดภัย พบประเด็นข้อตรวจพบที่สำคัญ 3 
ประเด็นดังนี้
     1.การดำเนินงานเพื่อเพิ่มความปลอดภัยในพื้นที่สาธารณะและลดจุดเสี่ยงอาชญากรรม 
โดย","1.เพื่อให้การบริหารจัดการระบบกล้องโทรทัศน์วงจรปิดเพื่อความปลอดภัยในพื้นที่กรุงเทพมหานครบรรลุวัตถุประสงค์ที่กำหนดไว้ 
สำนักงานการตรวจเงินแผ่นดินมีข้อเสนอแนะให้ผู้ว่าราชการกรุงเทพมหานคร 
พิจารณาดำเนินการ ดังน
   1.1 พิจารณาทบทวน ปรับปรุงขั้นตอนวิธีการควบคุม","1.การที่กรุงเทพมหานครบริหารจัดการระบบกล้องโทรทัศน์วงจรปิดเพื่อความปลอดภัยในพื้นที่ไม่บรรลุวัตถุประสงค์ที่กำหนดไว้ 
ทำให้ประชาชนผู้ขอรับบริการสืบค้นข้อมูลภาพสูญเสียโอกาสในการนำข้อมูลภาพเหตุการณ์ไปใช้เป็นหลักฐานสำคัญ 
และส่งผลให้ประชาชนขาดความมั่นใจในความปล"
FL-0718,ด้านประสิทธิผล                                                                                      ,สำนักงานคณะกรรมการการศึกษาขั้นพื้นฐาน,โครงการโรงเรียนดีใกล้บ้าน (แม่เหล็ก),2561,,"สาเหตุมาจากขั้นตอนการพิจารณาคัดเลือกโรงเรียนตามเป้าหมาย
ของนโยบายที่สำนักงานเขตพื้นที่การศึกษาคัดเลือกและเสนอรายชื่อ
โรงเรียนที่มีความพร้อมและมีศักยภาพที่จะเป็นโรงเรียนดีใกล้บ้าน (แม่เหล็ก) 
และโรงเรียนเครือข่ายเข้ามาที่ส่วนกลางเพื่อพิจารณา 
แต่สำนักนโยบา","ข้อตรวจพบที่ 2 การคัดเลือกโรงเรียนที่เข้าร่วมตามนโยบายไม่เป็นไปตามวัตถุประสงค
ที่กำหนด
จากการตรวจสอบการควบรวมหรือยุบเลิกโรงเรียนเครือข่าย ตามเป้าหมายที่กำหนด
จำนวน 88 แห่ง พบว่า โรงเรียนเครือข่ายเป้าหมายที่กำหนดเป็นโรงเรียนที่มีการควบรวม
หรือยุบเลิกมาก่อน","สำนักงานการตรวจเงินแผ่นดินมีข้อเสนอแนะให้เลขาธิการคณะกรรมการการศึกษา
ขั้นพื้นฐาน พิจารณาดำเนินการกำชับและ/หรือสั่งการให้สำนักนโยบายและแผนการศึกษา
ขั้นพื้นฐานสำรวจโรงเรียนขนาดเล็กที่อยู่ใกล้เคียงกับโรงเรียนดีใกล้บ้าน 
(แม่เหล็ก) ที่มีการกำหนดเป้าหมายเป็นโร","การที่โรงเรียนดีใกล้บ้าน (แม่เหล็ก) มีการกำหนดเป้าหมายเป็นโรงเรียนเครือข่าย
ที่มีการควบรวมหรือยุบเลิกมาก่อนมีนโยบายทั้งหมด ทำให้การใช้จ่ายงบประมาณไม่เป็น
ไปตามวัตถุประสงค์ที่กำหนด จำนวน 23.65 ล้านบาท

"
FL-0719,ด้านประสิทธิผล                                                                                      ,สำนักงานท้องถิ่นจังหวัดสุราษฎร์ธานี,การบริหารจัดการสถานีสูบน้ำด้วยไฟฟ้าขององค์กรปกครองส่วนท้องถิ่นในจังหวัดสุราษฎร์ธานี ปีงบประมาณ 2556-2559,2561,,,,,
FL-0720,ด้านประสิทธิผล                                                                                      ,สำนักงานทรัพยากรธรรมชาติและสิ่งแวดล้อม จังหวัดน่าน,โครงการส่งเสริมการทำนาขั้นบันไดบนพื้นที่สูง,2561,,"1.เจ้าหน้าที่ไม่ปฏิบัติตามหลักเกณพ์ที่กำหนด
","1.การจัดทำนาขั้นบันไดไม่เป็นไปตามเป้าหมายที่กำหนด
2.การดำเนินการด้านพัสดุ และการเบิกจ่ายงบประมาณไม่เป็นไปตามกฎหมาย ระเบียบ 
และหนังสือสั่งการที่เกี่ยวข้อง

","1.กรณีจัดทำสัญญาในลักษณะแบ่งจ้างให้ตั้งกรรมการสอบข้อเท็จจริง
2.กำชับเจ้าหน้าที่ให้ปฏิบัติตามหลักเกณฑ์ กฎหมาย ระเบียบ ที่กำหนด 
ให้เคร่งครัดและรอบคอบ
3.ให้มีการติดตามประเมินผลโครงการ
4.แจ้งรายชื่อและข้อมูลผู้รับจ้างตามสัญญาให้สำนักงานสรรพากรพื้นที่น่าน
","1.ทำให้งบประมาณสูญเปล่า  ทำให้ราชการเสียหาย จำนวนเงินเบิกจ่าย 3,133,190.61 บาท

"
FL-0721,ด้านประสิทธิผล                                                                                      ,สำนักงานเกษตรจังหวัดแพร่,โครงการส่งเสริมการเกษตรตามแนวทฤษฎีใหม่ตามแนวพระราชดำริ,2561,,"ข้อตรวจพบที่1. 
สาเหตุ1.กลุ่มงานที่รับผิดชอบโครงการไม่ประสานงานกับเจ้าหน้าที่ที่คัดเลือกเกษตรกร
      2.ไม่ควบคุมตรวจสอบและติดตามการพิจารณาเกษตรกรเพื่อเข้าร่วมโครงการ
      3.ไม่มีการรายงานปัญหาอุปสรรคที่แท้จริงให้ผู้ว่าราชการจังหวัด 
ข้อตรวจพบที่2
สาเหตุ","1.เกษตรกรที่เข้าร่วมโครงการมีคุณสมบัติไม่สอดคล้องตามหลักการเกษตรทฤษฎีใหม่ตามแนวพระราชดำริ
  1.1 เกษตรกรที่เข้าร่วมโครงการมีพื้นที่การเกษตรน้อยกว่า 15 ไร่
  1.2
เกษตรกรที่เข้าร่วมโครงการไม่ดำเนินการปรับเปลี่ยนพื้นที่การเกษตรให้เป็นไปตามอัตราส่วนตามแนวทางที","1.กำชับให้มีการรายงานสภาพปัญหาที่แท้จริง
2.แต่งตั้งกรรมการสอบข้อเท็จจริงกรณีการคัดเลือกเกษตรเข้าร่วมโครงการไม่เป็นไปตามเงื่อนไข
3.กำชับให้มีการประสานงานทุกระดับชั้นเป็นลายลักษณ์อักษร
4.กำชับให้มีการตรวจสอบเอกสารสิทธิ์ในที่ดินของเกษตรกรที่เข้าร่วมโครงการ
5","1.ปัจัยการผลิตที่ได้รับการสนับสนุนไม่ได้ถูกนำมาใช้ประโยชน์อย่างคุมค่า
2.โครงการไม่บรรลุวัตถุประสงค์
3.การดำเนินโครงการไม่บรรุเป้าหมายของโครงการ
4.ทำให้เกษตรกรที่มีคุณสมบัติแต่ไม่ได้รับการคัดเลือกเสียโอกาส
5.รัฐสูญเสียเงินงบประมาณจากความไม่พร้อมของเกษตรที่"
FL-0722,ด้านประสิทธิผล                                                                                      ,สำนักงานสหกรณ์จังหวัดพะเยา,บริหารจัดการทรัพย์สินของรัฐที่ดำเนิการโดยสำนักงานสหกร์จังหวัด,2561,,"1.ผู้รับผิดชอบโครงการไม่พิจารณาถึงความเหมาะสมของโครงการกับความพร้อมในการใช้ประโยชน์
2.ขาดการวางแผนด้านการส่งเสริม ให้สหกรณืใช้ทรัพย์สินของรัฐให้เกิดประโยชน์สูงสุด
3.ขาดการตรวจสอบ ติดตามประเมินผลการใช้ประโยชน์รวมทั้งการดูแลรักษา
","1.ทรัพย์สินไม่ได้ใช้ประโยชน์ หรือใช้ประโยชน์ไม่ตรงตามวัตถุประสงค์
2.การบริหารทรัพย์สินไม่เป็นไปตามขั้นตอนที่กำหนด
","1.ในโกาสต่อไปให้พิจารณาความพร้อมก่อนเสนอโครงการ
2.สั่งการให้สหกรณ์จังหวัดวางแผนการบริหารจัดการทรัพย์สินของรัฐ
3.แต่งตั้งกรรมการสอบข้อเท็จจริงกรณีที่ทำให้เกิดการสูญเปล่าจากการไม่ได้ใช้ทรัพย์สินของรัฐ
","1.เกิดการสูญเปล่าในการกระตุ้นเศรษฐกิจระดับจังหวัดจากโครงการ/งบประมาณตาม พรบ 
งบประมาณรายจ่าย ประจำปี แผนงานบูรณาการ 
ส่งเสริมการพัฒนาจังหวัดและกลุ่มจังหวัดแบบบูรณาการ แยกเป็นจังหวัด
จังหวัดลำปาง  เงิน 2,702,000 บาท 
จังหวัดน่าน ร้อยละ 83.33  เงิน 13,531,5"
FL-0723,ด้านประสิทธิผล                                                                                      ,สำนักงานปศุสัตว์จังหวัดพะเยา,โครงการเพิ่มประสิทธิภาพการแปรรูปสินค้าปศุสัตว์ปลอดภัย,2561,,"1.ส่งมอบอาคารโรงฆ่าสัตว์ฯ ล่าช้า
2.การประมาณการงบประมาณก่อสร้างไม่ครอบคลุมระบบสาธารณูปโภค
3.เจ้าหน้าที่ขาดการศึกษาด้านระเบียบกฎหมาย
","1.ผลการดำเนินการตามโครงการเพิ่มประสิทธิภาพการแปรรูปสินค้าปศุสัตว์ปลอดภัยไม่บรรลุวัตถุประสงค์โครงการ
","1.ควรจัดทำงบประมาณให้ครอบคลุระบบสาธารณูปโภค
2.กำชับให้เจ้าหน้าที่ที่รับผิดชอบศึกษา กฎหมายที่เกี่ยวข้อง 
","ผู้ประกอบการยังต้องฆ่าสัตว์นอกอาคารโรงฆ่าสัตว์โดยไม่ได้รับอนุญาต เป็นการฝ่าฝืน 
พรบ.ควบคุมการฆ่าสัตว์ฯ มีความเสี่ยงต่อโรคระบาด
"
FL-0724,ด้านประสิทธิผล                                                                                      ,สำนักงานท้องถิ่น จังหวัดลำปาง,โครงการป้องกันและแก้ไขปัญหายาเสพติด,2561,,"1.อปท.ไม่ให้ความสำคัญต่อการส่งเสริมการจัดกิจกรรมออกกำลังกาย
2.เยาวชน และประชาชนไม่ให้ความสำคัญต่อการออกกำลังกายอย่างสม่ำเสมอ
","ข้อตรวจพบที่ 2 กิจกรรมก่อสร้างลานกีฬาใช้ประโยชน์ไม่คุ้มค่า
","1.กำชับให้อปท.จัดกิจกรรมส่งเสริมให้ประชาชนออกกำลังกาย
2.นำข้อมูลลานกีฬามาร่วมพิจารณาดำเนินการให้เกิดประโยชน์
","1.งบประมาณในการก่อสร้างลานกีฬา/สนามกีฬา 
ไม่ก่อให้เกิดประโยชน์ในการป้องกันและแก้ไขปัญหายาเสพติด
2.โครงการไม่บรรลุวัตถุประสงค์
"
FL-0725,ด้านประสิทธิผล                                                                                      ,สำนักงานส่งเสริมการศึกษานอกระบบและการศึกษาตามอัธยาศัยจังหวัดอุดรธานี,การบริหารจัดการการศึกษานอกระบบและการศึกษาตามอัธยาศัย ของสนง.ส่งเสริมการศึกษานอกระบบและการศึกษาตามอัธยาศัยจังหวัดอุดรธานี,2561,,"1.ไม่ได้กำหนดเป้าหมายการจบของนักศึกษาแต่ละภาคเรียน
2.ครู กศน.ตำบลหรือครู ศรช.บางรายรับผิดชอบจำนวนนักศึกษาสูงกว่าหลักเกณฑ์กำหนด และครู กศน.หรือครู 
ศรช.มีการโยกย้ายบางรายมีการโอนนักศึกษาที่รับผิดชอบในพื้นที่เดิมติดตามตัวไปด้วย
3.มีการกำหนดวิธีการจัดการเรีย","ข้อตรวจพบ การบริหารจัดการการศึกษานอกระบบและการศึกษาตามอัธยาศัย 
ไม่มีประสิทธิภาพ
	1.1 การจัดการศึกษานอกระบบระดับการศึกษาขั้นพื้นฐาน 
ไม่บรรลุตามวัตถุประสงค์ พบว่า 
นักศึกษาจบน้อยเมื่อเทียบกับจำนวนนักศึกษาที่ขึ้นทะเบียนเป็นนักศึกษา 
การจัดการเรียนการสอน ไม","1. ให้กำหนดเป้าหมายการจบของนักศึกษาให้เหมาะสม เช่น 
ตั้งเป้าหมายการจบของนักศึกษา ร้อยละ 60 
ของจำนวนนักศึกษาที่ขึ้นทะเบียนเป็นนักศึกษา 
	2. 
ให้พิจารณาทบทวนวิธีการจัดการเรียนการสอนให้สอดคล้องกับสถานะภาพของนักศึกษา 
โดยอาจกำหนดตามการแบ่งกลุ่มนักศึกษาตามข้อ","1.ทำให้การใช้งบประมาณไม่บรรลุวัตถุประสงค์ ทิศทางการพัฒนาประเทศ 
นโยบายของรัฐบาล 
ที่ไม่สามารถสนับสนุนส่งเสริมและพัฒนาคุณภาพชีวิตให้นักศึกษาหรือผู้เรียนหรือผู้พลาดและขาดโอกาสทางการศึกษาได้รับการศึกษาที่สูงขึ้นอย่างมีคุณภาพ 
ทั่วถึง และเพียงพอ 
และทำให้งบปร"
FL-0726,ด้านประสิทธิผล                                                                                      ,สำนักงานจังหวัดสุพรรณบุรี,โครงการตามแผนแม่บทและแผนปฏิบัติการพื้นที่พิเศษเพื่อการท่องเที่ยวอย่างยั่งยืนเมืองโบราณอู่ทอง จังหวัดสุพรรณบุรี,2560,,,"ข้อตรวจพบที่ ๑	การดำเนินโครงการตามแผนแม่บทและแผนปฏิบัติการฯ 
ยังไม่เป็นไปตามแผนที่กำหนดไว้ โดยพบว่า 
มีผลการดำเนินโครงการต่ำกว่าเป้าหมายที่กำหนดไว้ 
และโครงการตามแผนแม่บทและแผนปฏิบัติการฯ 
ที่ยังไม่ได้ดำเนินการบางส่วนมีแนวโน้มจะไม่สามารถดำเนินการตามแผนที่",,
FL-0727,ด้านประสิทธิผล                                                                                      ,ที่ทำการปกครองจังหวัดลพบุรี,โครงการยกระดับศักยภาพหมู่บ้านเพื่อขับเคลื่อนเศรษฐกิจฐานรากตามแนวทางประชารัฐ,2561,,"   
การดำเนินงานโครงการขาดแนวทางการแก้ไขปัญหากรณีโครงการชำรุดไม่สามารถใช้งานได้ 
เกิดจากการจัดทำคู่มือและหลักเกณฑ์การดำเนินงานโครงการ 
ไม่ได้กำหนดให้มีแนวทางการแก้ไขปัญหากรณีโครงการชำรุดดังกล่าวไว้ 
โดยจะกำหนดให้มีเฉพาะแนวทางการดำเนินงานและการเบิกจ่ายเงิน","การดำเนินงานโครงการขาดแนวทางการแก้ไขปัญหากรณีโครงการชำรุดไม่สามารถใช้งานได้ 
ทำให้การใช้ประโยชน์โครงการมีความเสี่ยงที่จะเกิดความไม่คุ้มค่า
  จากการตรวจสอบคู่มือการดำเนินงานโครงการ คำสั่ง 
และหนังสือสั่งการที่เกี่ยวข้อง 
รวมทั้งเอกสารประกอบการดำเนินงานโครง","สตพ.1 มีข้อเสนอแนะให้ปลัดกระทรวงมหาดไทย 
ในฐานะประธานกรรมการบริหารโครงการยกระดับศักยภาพหมู่บ้านเพื่อขับเคลื่อนเศรษฐกิจฐานรากตามแนวทางประชารัฐระดับกระทรวง 
พิจารณาสั่งการหน่วยงานที่รับผิดชอบจัดทำหลักเกณฑ์การดำเนินงานโครงการ 
ให้กำหนดแนวทางและขั้นตอนการปฏิบ","1.ทำให้โครงการที่เกิดปัญหาการชำรุดไม่สามารถใช้งานได้ 
ไม่ได้มีการใช้ประโยชน์ 
และมีความเสี่ยงที่จะเกิดความไม่คุ้มค่าในการใช้จ่ายงบประมาณแผ่นดิน 
หรืออาจเกิดความสูญเปล่าหากไม่สามารถแก้ไขให้โครงการกลับมาใช้ประโยชน์ได้ 
โดยเฉพาะโครงการด้านสาธารณประโยชน์อื่นๆ"
FL-0728,ด้านประสิทธิผล                                                                                      ,สำนักงานปลัดกระทรวงพลังงาน,โครงการสูบน้ำพลังงานแสงอาทิตย์สู้ภัยแล้ง,2562,,"1. การติดตั้งระบบสูบน้ำพลังงานแสงอาทิตย์ยังไม่เป็นไปตามเป้าหมายของโครงการ 
เกิดจากสำนักงานพลังงานจังหวัด (สพจ.) 
มีระยะเวลาเตรียมการด้านการประชาสัมพันธ์ชี้แจงโครงการให้กับประชาชนหรือเกษตรกรในพื้นที่เป้าหมาย 
และการรวบรวมเอกสารประกอบการจัดทำข้อเสนอโครงการจ","ผลการดำเนินโครงการไม่เป็นไปตามเป้าหมายที่กำหนด
1.1.1	
การติดตั้งระบบสูบน้ำพลังงานแสงอาทิตย์ไม่เป็นไปตามเป้าหมายของโครงการ 
			จากการตรวจสอบรายงานผลการดำเนินโครงการ พบว่า 
มีผลการติดตั้งระบบสูบน้ำพลังงานแสงอาทิตย์ให้แก่กลุ่มผู้ใช้น้ำที่เข้าร่วมโครงการ 
จำน","สำนักงานการตรวจเงินแผ่นดินมีข้อเสนอแนะให้ปลัดกระทรวงพลังงานพิจารณาดำเนินการ 
ดังนี้
	1.	
ในอนาคตหากมีการดำเนินโครงการในลักษณะเดียวกับโครงการดังกล่าว 
ควรพิจารณาดำเนินการ ดังนี้
		1.1 
การกำหนดระยะเวลาเปิดรับสมัครโครงการควรพิจารณาถึงความเหมาะสมและเพียงพอสำ","การที่ผลการดำเนินโครงการไม่เป็นไปตามเป้าหมายที่กำหนด 
ส่งผลทำให้ราษฎรในพื้นที่ประสบปัญหาภัยแล้งที่มีคุณสมบัติตรงตามเงื่อนไขเสียโอกาสในการได้รับการสนับสนุนระบบสูบน้ำพลังงานแสงอาทิตย์ 
และยังคงได้รับความเดือดร้อนจากการขาดแคลนน้ำ 
รวมทั้งทำให้การใช้จ่ายเงินง"
FL-0729,ด้านประสิทธิผล                                                                                      ,กรมการค้าภายใน,การคุ้มครองผู้บริโภคของกรมการค้าภายใน,2562,,"   การที่กรมการค้าภายในไม่สามารถกำกับดูแลผู้ประกอบการให้ปฏิบัติตามมาตรการ
กำกับดูแลราคาและปริมาณสินค้าควบคุม และไม่สามารถติดตามเฝ้าระวังสถานการณ์ราคา
สินค้าและบริการที่จำเป็นต่อการดำรงชีพตามกลไกที่กำหนด เกิดจากสาเหตุดังนี้
   1.สำนักงานพาณิชย์จังหวัดไม่มี","ข้อตรวจพบที่ 1 การกำกับดูแลราคาและปริมาณสินค้าและบริการไม่เป็นไปตามมาตรการและ
กลไกที่กำหนด

","   
สำนักงานการตรวจเงินแผ่นดินมีข้อเสนอแนะให้ปลัดกระทรวงพาณิชย์และอธิบดีกรมการค้า
ภายในพิจารณา ดำเนินการดังนี้
   1.กรมการค้าภายในควรเร่งหาวิธีการ/แนวทางที่จะส่งเสริมให้สำนักงานพาณิชย์
จังหวัดทุกแห่งใช้งานระบบแจ้งการขนย้ายทางอิเล็กทรอนิกส์ 
   2.กรมการค้า","   การที่กรมการค้าภายในไม่สามารถติดตามเฝ้าระวังสถานการณ์ราคาสินค้าและบริการที่
จำเป็นต่อการดำรงชีพตามกลไกที่กำหนด ส่งผลให้ผู้บริโภคยังคงถูกเอารัดเอาเปรียบ
จากการฉวยโอกาสปรับขึ้นราคาสินค้าและบริการของผู้ประกอบการ โดยเฉพาะงานบริการที่
กรมการค้าภายในยังไม่มี"
FL-0730,ด้านประสิทธิผล                                                                                      ,สำนักงานท้องถิ่นจังหวัดสุราษฎร์ธานี,เงินอุดหนุนสนับสนุนการแก้ไขปัญหาการขาดแคลนน้ำอุปโภคบริโภคให้แก่ประชาชน ปีงบประมาณ 2558,2560,,"ขาดข้อมูลประกอบการพิจารณาคัดเลือกโครงการ 
ขาดการตรวจสอบข้อเท็จจริงของข้อมูลและขาดการเตรียมความพร้อมในด้านสถานที่และขาดความพร้อมด้านแหล่งน้ำ 
ฯลฯ

","ระบบประปาหมู่บ้านบางแห่งไม่ได้ใช้ประโยชน์ตามวัตถุประสงค์

",,"เกิดความสูญเปล่าของงบประมาณ คิดเป็นวงเงินค่าก่อสร้างจำนวน 43,503,000.00 
บาท และเสียโอกาสในการนำเงินงบประมาณเพื่อพัฒนาด้านอื่นๆ 
ที่มีความจำเป็นเร่งด่วนมากกว่า

"
FL-0731,ด้านประสิทธิผล                                                                                      ,สำนักงานเขตพื้นที่การศึกษาเพชรบุรี เขต 2,โครงการพัฒนาคุณภาพการศึกษาทางไกลผ่านเทคโนโลยีสารสนเทศ(DLIT),2559,,"ผู้บริหารระดับเขตพื้นที่และสถานศึกษา ไม่ได้ให้ความสำคัญ 
ในเรื่องดังต่อไปนี้
 	1. ในด้านการกำหนดนโยบายของสถานศึกษา 
 	    เมื่อผู้บริหารสถานศึกษารับนโยบายจากพื้นที่เขตการศึกษาแล้ว 
ผู้บริหารสถานศึกษาจะนำมาเข้าที่ประชุมประจำเดือน 
โดยแจ้งให้ที่ประชุมทราบจำ","ครุภัณฑ์คอมพิวเตอร์และอุปกรณ์ต่อพ่วงที่ได้รับจัดสรรตามโครงการ DLIT ไม่ได้
                     นำไปใช้ประโยชน์ในด้านการเรียนการสอน

","เพื่อให้การพัฒนาคุณภาพการศึกษาในรูปแบบการศึกษาทางไกลผ่านเทคโนโลยีสารสนเทศโดยใช้คอมพิวเตอร์และอุปกรณ์ต่อพ่วงในการเรียนการสอนได้อย่างเต็มประสิทธิภาพและบรรลุวัตถุประสงค์ในการยกระดับคุณภาพการศึกษาในรูปแบบการศึกษาทางไกลผ่านเทคโนโลยีสารสนเทศ 
ขอให้ผู้อำนวยสำนัก"," 1.กรณีครูผู้สอนไม่มีการนำคอมพิวเตอร์และอุปกรณ์ต่อพ่วงที่ได้รับจัดสรร 
ไปใช้ประยุกต์ในการเรียนการสอน 
รวมถึงการชำรุดของครุภัณฑ์โดยไม่มีการส่งซ่อมเพื่อให้สามารถนำไปใช้งานได้นั้น  
ส่งผลให้มีการใช้งบประมาณในการจัดหาสื่อเทคโนโลยีสำหรับการเรียนการสอนอย่างไม่ค"
FL-0732,ด้านประสิทธิผล                                                                                      ,สำนักงานเขตพื้นที่การศึกษาเพชรบุรี เขต 2,โครงการพัฒนาคุณภาพการศึกษาทางไกลผ่านเทคโนโลยีสารสนเทศ(DLIT),2559,,"1. 
ผู้มีหน้าที่เกี่ยวข้องในการพัฒนาคุณภาพการศึกษาทางไกลผ่านเทคโนโลยีสารสนเทศ 
(DLIT) 
ขาดความรู้ความเข้าใจในการปฏิบัติตามกระบวนการดำเนินงานตามแนวทางการพัฒนาคุณภาพการศึกษาด้วยเทคโนโลยีการศึกษาทางไกล 
จึงไม่มีการกำหนดนโยบาย การสำรวจ วิเคราะห์ สภาพปัจจุบัน ","กระบวนการดำเนินงานในการพัฒนาคุณภาพการศึกษาทางไกลผ่านเทคโนโลยีสารสนเทศ DLIT 
ไม่มีประสิทธิภาพ
","เพื่อให้กระบวนการพัฒนาคุณภาพการศึกษา ในรูปแบบการศึกษาทางไกลผ่านเทคโนโลยี 
สารสนเทศ (DLIT) 
โดยใช้คอมพิวเตอร์และอุปกรณ์ต่อพ่วงในการเรียนการสอนเป็นไปอย่างมีประสิทธิภาพ    
บรรลุวัตถุประสงค์ในการยกระดับคุณภาพการศึกษา 
สำนักงานการตรวจเงินแผ่นดินมีข้อเสนอแนะ  ","การดำเนินงานในการพัฒนาคุณภาพการศึกษาไม่ครบถ้วนทุกองค์ประกอบ 
ทำให้การพัฒนาคุณภาพการศึกษาทางไกลผ่านเทคโนโลยีสารสนเทศ (DLIT)  
ไม่เป็นไปอย่างมีประสิทธิภาพ 
และไม่สามารถยกระดับคุณภาพการศึกษาโดยใช้เทคโนโลยีสารสนเทศทางไกลส่งผลทำให้การใช้จ่ายงบประมาณไม่คุ้มค่าต"
FL-0733,ด้านประสิทธิผล                                                                                      ,สำนักงานเขตพื้นที่การศึกษาเพชรบุรี เขต 2,โครงการพัฒนาคุณภาพการศึกษาทางไกลผ่านเทคโนโลยีสารสนเทศ(DLIT),2559,,"1. 
ผู้มีหน้าที่เกี่ยวข้องในการพัฒนาคุณภาพการศึกษาทางไกลผ่านเทคโนโลยีสารสนเทศ 
(DLIT) ทั้งในระดับ สพป.พบ.เขต 2 
และระดับสถานศึกษาขาดความรู้ความเข้าใจในการปฏิบัติตามกระบวนการดำเนินงานตามแนวทางการพัฒนาคุณภาพการศึกษาด้วยเทคโนโลยีการศึกษาทางไกล 
จึงไม่มีการกำ","กระบวนการดำเนินงานในการพัฒนาคุณภาพการศึกษาทางไกลผ่านเทคโนโลยี
ข้อตรวจพบ  สารสนเทศ (DLIT) ไม่มีประสิทธิภาพ

","เพื่อให้กระบวนการพัฒนาคุณภาพการศึกษา ในรูปแบบการศึกษาทางไกลผ่านเทคโนโลยี 
สารสนเทศ (DLIT) 
โดยใช้คอมพิวเตอร์และอุปกรณ์ต่อพ่วงในการเรียนการสอนเป็นไปอย่างมีประสิทธิภาพ 
บรรลุวัตถุประสงค์ในการยกระดับคุณภาพการศึกษา 
สำนักงานการตรวจเงินแผ่นดินมีข้อเสนอแนะให้ผู","สพป.พบ.เขต 2 มีการดำเนินงานในการพัฒนาคุณภาพการศึกษาไม่ครบถ้วนทุกองค์ประกอบ 
ทำให้การพัฒนาคุณภาพการศึกษาทางไกลผ่านเทคโนโลยีสารสนเทศ (DLIT)  
ไม่เป็นไปอย่างมีประสิทธิภาพ 
และไม่สามารถยกระดับคุณภาพการศึกษาโดยใช้เทคโนโลยีสารสนเทศทางไกลส่งผลให้การใช้จ่ายงบประม"
FL-0734,ด้านประสิทธิผล                                                                                      ,สำนักงานจังหวัดอุตรดิตถ์,โครงการตามมาตรการส่งเสริมความเป็นอยู่ระดับตำบล (ตำบลละ 5 ล้านบาท) จ.อุตรดิตถ์,2560,,"1.คณะกรรมการกลั่นกรองไม่ปฏิบัติตามหลักเกณฑ์ที่กำหนด
2.เจ้าหน้าที่ที่รับผิดชอบไม่ปฏิบัติตามกฎหมาย ระเบียบ ข้อบังคับที่กำหนด
","1.การดำเนินโครงการไม่เป็นไปตามหลัดเกณฑ์และแนวทางที่กำหนด
2.การดำเนินโครงการไม่บรรลุวัตถุประสงค์

","1.ให้แต่งตั้งกรรมการสอบข้อเท็จจริงและพิจารณาโทษตามควรแก่กรณี
2.ให้มีการประสานงานกับองค์กรปกครองส่วนท้องถิ่นเพื่อกำหนดแนวทางให้สามารถใช้ประโยชน์ได้สูงสุด
3.กำชับให้ทุกภาคส่วนปฏิบัติตามกฎหมาย ระเบียบ ข้อบังคับโดยเคร่งครัด
","ทำให้ราชการสูญเสียเงินงบประมาณและประชาชนไม่ได้รับประโยชน์ตามเป้าประสงค์ของโครงการ
"
FL-0735,ด้านประสิทธิผล                                                                                      ,โครงการชลประทานตราด,โครงการสถานีสูบน้ำด้วยไฟฟ้าพร้อมระบบส่งน้ำของโครงการชลประทานตราด และอปท.จังหวัดตราด,2560,,"1.การศึกษาเบื้องต้น สำรวจ ออกแบบ 
และการจัดทำคำของบประมาณไม่สอดคล้องกับสภาพปัญหาและข้อเท็จจริงของพื้นที่
1)ในการกำหนดจำนวนครัวเรือนที่ได้รับประโยชน์จากโครงการ 
ไม่ได้กำหนดจากครัวเรือนที่อยู่ในขอบเขตพื้นที่ให้บริการของสถานีสูบน้ำ
2)การกำหนดจุดจ่ายน้ำไม่มีห","สถานีสูบน้ำด้วยไฟฟ้า ที่ก่อสร้างแล้วเสร็จบางแห่งไม่มีการใช้ประโยชน์ 
หรือมีการใช้ประโยชน์ต่ำกว่าเป้าหมายที่กำหนด
","ผู้อำนวยการสำนักงานชลประทานที่ 9
1.กำหนดหลักเกณฑ์ วิธีการ 
หรือขั้นตอนในการดำเนินงานในขั้นตอนการศึกษาเบื้องต้น สำรวจออกแบบ 
และจัดทำคำของบประมาณให้ชัดเจน
2.ในขั้นตอนการเสนอของบประมาณ ให้กำหนดหลักเกณฑ์ ข้อกำหนด 
หรือข้อตกลงเกี่ยวกับการดำเนินงานของผู้ที่เกี","1.พื้นที่การเกษตรและเกษตรกรไม่ได้รับประโยชน์จากสถานีสูบน้ำด้วยไฟฟ้าตามวัตถุประสงคฺ์ของการจัดตั้ง 
พืชผลทางการเกษตรอาจได้รับความเสียหาย
2.เกิดความไม่คุ้มค่าจากงบประมาณในการก่อสร้าง
3.สำหรับสถานีสูบน้ำที่ไม่มีการใช้ประโยชน์ติดต่อกันเป็นระยะเวลานาน 
ส่งผลให้"
FL-0736,ด้านประสิทธิผล                                                                                      ,เทศบาลเมืองปราจีนบุรี อำเภอเมือง ปราจีนบุรี,โครงการระบบจัดการขยะมูลฝอยแบบผสมผสานของเทศบาลเมืองปราจีนบุรี,2560,,"1.การออกแบบสิ่งก่อสร้างและอุปกรณ์ไม่เหมาะสม/ไม่สอดคล้งกับสภาพพื้นที่และการใช้งาน 
เช่น 
การออกแบบก่อสร้างถนนทางเข้าไม่ครอบคลุมการแก้ไขปัญหาตลิ่งทรุดตัวที่มีผลทำให้ถนนทางเข้าชำรุดเสียหาย 
รางระบายน้ำรอบบ่อฝังกลบและแผ่นพลาสติกความหนาแน่นสูง (HDPE) 
ชำรุดเพร","สิ่งก่อสร้างและอุปกรณ์ของระบบจัดการมูลฝอยแบบผสมผสานเทคโนโลยีบางส่วนชำรุดเสียหาย 
และไม่สะดวกในการใช้งาน
   จากการตรวจสอบเอกสารสัญญาจ้างและหนังสือแจ้งซ่อมถึงผู้รับจ้าง 
รวมทั้งสังเกตการณ์สิ่งก่อสร้างและอุปกรณ์ของระบบจัดการมูลฝอยแบบผสมผสานเทคโนโลยี 
จำนวน 1","1.เร่งรัดผู้รับจ้างให้ดำเนินการซ่อมแซมสิ่งก่อสร้างและอุปกรณ์ของระบบจัดการมูลฝอยแบบผสมผสานเทคโนโลยีที่ชำรุดโดยเร็ว 
พร้อมทั้งให้ผู้รับจ้างดำเนินการป้องกันปัญหาการชำรุดดังกล่าวด้วย 
เพื่อไม่ให้ปัญหาเกิดซ้ำขึ้นอีก 
และให้พิจารณาขยายผลการดำเนินการป้องกันปัญหา","1.ทำให้สิ่งก่อสร้างและอุปกรณ์ที่ชำรุดเสียหาย และไม่สะดวกในการใช้งาน 
ไม่ได้มีการใช้ประโยชน์และใช้ประโยชน์น้อย จำนวน 8 รายการ คิดเป็นร้อยละ 
42.11 ของจำนวนสิ่งก่อสร้างและอุปกรณ์ทั้งหมด
2.ทำให้มีความเสี่ยงที่จะเกิดความไมคุ้มค่าในการใช้จ่ายเงินงบประมาณค่าก่อ"
FL-0737,ด้านประสิทธิผล                                                                                      ,กรมโยธาธิการและผังเมือง,การจัดการภัยพิบัติ,2560,,"การประเมินความเสี่ยงอุทกภัยเพิ่งเริ่มมีการกำหนดไว้ในขั้นตอนการออกแบบ
ผังเมือง ประกอบกับยังไม่มีการระบุข้อมูลความเสี่ยงอุทกภัยที่เพียงพอ
ไว้ในผังเมืองรวมซึ่งเป็นผังที่มีผลบังคับใช้ตามกฎหมาย 
อีกทั้งผังแสดงโครงการคมนาคมและขนส่งมิได้กำหนดคุณลักษณะเฉพาะ
เพื่อ","การวางและจัดทำผังเมืองยังคำนึงถึงการป้องกันและบรรเทาปัญหาอุทกภัยไม่เพียงพอ
","1. กรมโยธาธิการและผังเมือง กรุงเทพมหานคร เมืองพัทยา 
และองค์กรปกครองส่วนท้องถิ่น ต้องดำเนินการวางและจัดทำผังเมืองรวมที่
แสดงขอบเขตพื้นที่เสี่ยงภัย 
และกำหนดการใช้ประโยชน์ที่ดินให้สอดคล้องและเหมาะสมกับสภาพพื้นที่เสี่ยงภัย 
เพื่อให้ประชาชนได้รับทราบข้อมูลขอ","ทำให้ไม่สามารถควบคุมการใช้ประโยชน์ที่ดินของภาคเอกชนและไม่สามารถ
ควบคุมการดำเนินโครงการของภาครัฐได้ 
รวมทั้งขาดการติดตามตรวจสอบให้มีการดำเนินการตามผังเมืองที่กำหนด 
ความล้มเหลวเหล่านี้ส่งผลให้ปัญหาน้ำท่วมกลายเป็นปัญหาที่มีความซับซ้อน
ต่อการบริหารจัดการและแ"
FL-0738,ด้านประสิทธิผล                                                                                      ,สำนักงานคณะกรรมการคุ้มครองผู้บริโภค,การคุ้มครองผู้บริโภคของสำนักงานคณะกรรมการคุ้มครองผู้บริโภค,2560,,"1. ปัจจุบัน สคบ. ไม่มีการกำหนดกิจกรรมการส่งเสริมเครือข่ายภาคประชาชน
ในส่วนภูมิภาค
2. สคบ. ไม่มีฐานข้อมูลเครือข่ายการดำเนินงานภาคประชาชนในส่วนภูมิภาค 
รวมถึงไม่มีการบูรณาการข้อมูลร่วมกับหน่วยงานอื่นที่มีการส่งเสริม
กิจกรรมการคุ้มครองผู้บริโภคภาคประชาชน
3. ","การเสริมสร้างภาคีเครือข่ายคุ้มครองผู้บริโภคส่วนใหญ่ไม่ประสบผลสำเร็จ
","ตามประเด็นที่ 1
","การที่ สคบ. ยังไม่สามารถเสริมสร้างภาคีเครือข่ายคุ้มครองผู้บริโภคให้ครอบคลุม
ไปทั่วประเทศ รวมถึงไม่สามารถผลักดันให้เครือข่ายที่จัดตั้งขึ้นดำเนินการ
ได้ตามวัตถุประสงค์และขาดความต่อเนื่องในการดำเนินกิจกรรมเกี่ยวกับการคุ้มครอง
ผู้บริโภค ทำให้ สคบ. มีเครือข่าย"
FL-0739,ด้านประสิทธิผล                                                                                      ,สำนักงานเขตพื้นที่การศึกษามัธยมศึกษา เขต 13,โครงการบริหารจัดการเงินรายได้สถานศึกษาของโรงเรียนในสังกัดสำนักงานเขตพื้นที่การศึกษามัธยมศึกษาเขต 12และเขต13,2559,,"1. โรงเรียนมีทัศนะคติไม่ถูกต้องเกี่ยวกับเงินรายได้สถานศึกษา
2. โรงเรียนไม่มีความรู้ความเข้าใจในระเบียบฯ
3.
","1. การบริหารจัดการเงินรายได้สถานศึกษาของโรงเรียน ไม่เป็นไปตามกฎหมาย 
ระเบียบ มติคณะรัฐมนตรี คำสั่ง และประกาศที่เกี่ยวข้อง
","สั่งการให้สถานศึกษาในสังกัดทั้งหมด 
ดำเนินการตามระบเบียบสำนักงานคณะกรรมการการศึกษาขั้นพื้นฐาน 
ว่าด้วยการบริหารจัดการเกี่ยวกับเงินรายได้สถานศึกษาขั้นพื้นฐานที่เป็นนิติบุคคล
ในสักัดเขตพื้นที่การศึกษา พ.ศ.2542 และดำเนินการตามระบเบียบการเบิกจ่ายเงิน
จากคลับง","การบริหารจัดการเงินรายได้สถานศึกษาไม่เป็นไปตามกฎหมาย ระเบียบ คพสั่ง 
และประกาษที่เกี่ยวข้อง ทำให้เกิดการไม่ประหยัด ไม่คุ้มค่า 
ไม่เกิดประโยชน์เท่าที่ควร 
เกิดการสูญเปล่าและเสียโอกาสในการนำเงินดังกล่าวไปใช้ในการพัฒนาการศึกษา
"
FL-0740,ด้านประสิทธิผล                                                                                      ,สำนักงานจังหวัดพิษณุโลก,โครงการภายใต้ยุทธศาสตร์กลุ่มจังหวัดภาคเหนือตอนล่าง 1 โครงการส่งเสริมและพัฒนากลุ่มวิสาหกิจชุมชน สินค้าและบริการทางการเกษต,2558,,"เนื่องจาก การจัดทำโครงการขาดการบูรณาการแผนงานและงบประมาณ 
ไม่มีการวิเคราะห์และเชื่อมโยงปัญหาที่แท้จริงในพื้นที่ของกลุ่มจังหวัด 
แต่เป็นการรวบรวมโครงการของหน่วยงานต่างๆ 
ภายในกลุ่มจังหวัดที่มีลักษณะการดำเนินโครงการ/กิจกรรมคล้ายคลึงกันมาจัดทำเป็นโครงการของก","ข้อตรวจพบที่ 2 การดำเนินโครงการไม่บรรลุวัตถุประสงค์
 โครงการส่งเสริมและพัฒนาวิสาหกิจชุมชน สินค้า และบริการทางการเกษตร 
ของสำนักงานเกษตรจังหวัดตาก 
มีวัตถุประสงค์โครงการเพื่อเพิ่มศักยภาพกลุ่มวิสาหกิจชุมชนในด้านการผลิต 
การตลาดและการบริการ ให้สามารถแข่งขัน","1. กำชับให้คณะกรรมการบริหารงานกลุ่มจังหวัดแบบบูรณาการ (ก.บ.ก) 
ซึ่งมีอำนาจหน้าที่วิเคราะห์ บูรณาการ 
และให้ความเห็นชอบรายละเอียดการปฏิบัติตามแผนปฏิบัติราชการประจำปีของกลุ่มจังหวัดและคำของบประมาณกลุ่มจังหวัดให้ความสำคัญต่อการพิจารณากลั่นกรองโครงการและการบู","ส่งผลกระทบให้การขับเคลื่อนเศรษฐกิจและการส่งเสริมความเป็นอยู่ของประชาชนภายใต้ยุทธศาสตร์กลุ่มจังหวัดภาคเหนือตอนล่าง 
1 ไม่สามารถบรรลุผลสำเร็จตามเจตนารมณ์ของการจัดทำโครงการได้ 
กลุ่มวิสาหกิจชุมชนซึ่งเป็นกลุ่มเป้าหมายหลักของโครงการไม่ได้รับการพัฒนาศักยภาพ 
แล"
FL-0741,ด้านประสิทธิผล                                                                                      ,สำนักชลประทานที่ 7 จ.อุบลราชธานี,โครงการฝายลำเซบายของสำนักชลประทานที่ 7 จังหวัดอุบลราชธานปีงบประมาณ 2555 - 2557,2559,,"การดำเนินโครงการฝายลำเซบายไม่มีประสิทธิภาพ มีสาเหตุ ดังนี้
1. 
พนังดินกั้นน้ำและอาคารระบายน้ำไม่ได้ออกแบบเพื่อป้องกันปัญหาน้ำท่วมในฤดูน้ำหลาก 
จากรายงานการศึกษาความเหมาะสม ได้สรุปผลการศึกษาปัญหาน้ำท่วมว่าระดับน้ำที่ 
+121.00 เมตร.รทก. 
จะป้องกันไม่ให้น้ำไ","การตรวจสอบการดำเนินโครงการและและการบริหารจัดการโครงการฝายเซบาย พบว่า 
การบริหารโครงการฝายลำเซบายขาดประสิทธิภาพ ดังนี้
1. การดำเนินโครงการขาดประสิทธิภาพ ดังนี้ 
1.1 ไม่สามารถดำเนินโครงการได้ตามเป้าหมายที่กำหนด โดยระบบที่ยังไม่ดำเนินการ 
จำนวน 2 ระบบ จากเป้","1. อธิบดีกรมชลประทาน 
พิจารณาดำเนินการชลอการจัดสรรงบประมาณและการใช้จ่ายงบประมาณของโครงการฝายลำเซบายทั้งหมด 
และแต่งตั้งคณะกรรมการประเมินผลความคุ้มค่าของโครงการฝายลำเซบาย 
ว่ามีความคุ้มค่าที่จะดำเนินการใช้จ่ายงบประมาณเพื่อก่อสร้าง ปรับปรุง 
ซ่อมแซม และบริห","การบริหารโครงการฝายลำเซบายขาดประสิทธิภาพ มีผลกระทบ ดังนี้
1. ด้านงบประมาณ ทำให้การใช้จ่ายงบประมาณเพื่อดำเนินการก่อสร้าง 
ปรับปรุงซ่อมแซมและบริหารจัดการโดยไม่มีประสิทธิภาพ ประสิทธิผล และไม่คุ้มค่า 
จำนวน 1,169.00 ล้านบาท 
2. ผลกระทบต่อผลประโยชน์ของโครงการ "
FL-0742,ด้านประสิทธิผล                                                                                      ,สำนักงานอุตสาหกรรมจังหวัดระยอง,การบริหารจัดการกากอุตสาหกรรมที่เป็นอันตราย,2560,,"1.ผู้ประกอบกิจการโรงงานขาดจิตสำนึกและขาดความรู้ความเข้าใจที่ถูกต้อง
2.ขาดการติดตาม 
และบังคับใช้กฎหมายอย่างเข้มงวดกับผู้ฝ่าฝืนไม่ปฏิบัติตามกฎหมาย
3.สำนักงานอุตสาหกรรมจังหวัดมีข้อจำกัดทางด้านจำนวนบุคลากรในการติดตามตรวจสอบ 
และกำกับดูแลโรงงานให้ปฏิบัติตามกฎ","การดำเนินการเร่งรัดให้โรงงานอุตสาหกรรมเข้าสู่ระบบการจัดการกากของเสียอันตรายยังไม่สัมฤทธิ์ผล
1.กรมโรงงานอุตสาหกรรมยังไม่สามารถดำเนินการให้โรงงานอุตสาหกรรมเข้าสู่ระบบการจัดการกากของเสียอันตรายได้ตามเป้าหมายที่กำหนด
2.โรงงานอุตสาหกรรมในจังหวัดชลบุรี ระยองและ","กรมโรงงานอุตสาหกรรม
1.ให้เร่งรัดและติดตามโรงงานผู้ก่อกำเนิดอุตสาหกรรมในประเทศ 
เข้าสู่ระบบการจัดการกากอุตสาหกรรมให้ได้ตามเป้าหมายที่กำหนดไว้
2.เสริมสร้างความรู้ความเข้าใจที่ถูกต้องแก่ผู้ประกอบกิจการโรงงานในเรื่องการจัดการสิ่งปฏิกูลหรือวัสดุที่ไม่ใช้แล้วอย","จากข้อมูลกรมโรงงาน ได้คำนวณตัวเลขปริมาณกากอุตสาหกรรม ปี 2557 พบว่า 
ประเทศไทยควรมีกากอันตรายปีละ3.35 ล้านตัน 
และเมื่อเปรียบเทียบกับปริมาณกากอุตสาหกรรมที่โรงงานได้ขออนุญาตออกไปบำบัด/กำจัด/รีไซเคิลและแจ้งขนส่งจริงแล้ว 
พ.ศ.2557 สำหรับกากอันตราย มีเพียงจำนว"
FL-0743,ด้านประสิทธิผล                                                                                      ,กรมอุตุนิยมวิทยา,การพัฒนาและบำรุงรักษาเครื่องมือตรวจวัดและพยากรณ์อากาศ กรมอุตุนิยมวิทยา กระทรวงเทคโนโลยีสารสนเทศและการสื่อสาร,2560,,"1.กรมอุตุนิยมวิทยาไม่ได้ให้ความสำคัญต่อการจัดทำแผนการปฏิบัติงานด้านการซ่อมแซม 
ดูแลบำรุงรักษาเครื่องมือบางประเภทที่ใช้ในการปฏิบัติงานตามภารกิจหลักของหน่วยงาน 
โดยมุ่งเน้นหรือให้ความสำคัญเฉพาะแผนปฏิบัติงานด้านการจัดหาเครื่องมือตรวจวัด
และพยากรณ์อากาศที่ทัน","	
เครื่องมือตรวจวัดและพยากรณ์อากาศในภารกิจหลักสำคัญของกรมอุตุนิยมวิทยาจำนวนมาก
เกิดการชำรุดเสียหายไม่สามารถใช้งานได้ โดยมีจุดอ่อนอย่างมากเกี่ยวกับระบบ
การซ่อมแซม ดูแล บำรุงรักษาเครื่องมืออุปกรณ์
","1.ให้มีการจัดทำแผนการปฏิบัติงานประจำปีสำหรับการซ่อมแซม 
ดูแลบำรุงรักษาเครื่องมือ ที่ใช้ในการปฏิบัติงานตามภารกิจหลักของกรมอุตุนิยมวิทยา
ให้มีความชัดเจน ครอบคลุมรายการเครื่องมือและอุปกรณ์ และถือปฏิบัติโดยเคร่งครัด 
รวมถึงการวางแผนด้านการจัดหาอะไหล่สำรองตามค","
1.ทำให้เครื่องมือไม่สามารถใช้ประโยชน์ในภารกิจของกรมอุตุนิยมวิทยาได้
ตามวัตถุประสงค์ อีกทั้งยังเป็นการลงทุนโดยไม่เกิดความคุ้มค่าของเงินงบประมาณ 
หรือไม่เกิดประโยชน์ในภารกิจของรัฐอย่างเต็มที่ รวมมูลค่าประมาณของรายการ
เครื่องมือที่ลงทุนติดตั้งแล้วแต่ไม่ได้ร"
FL-0744,ด้านประสิทธิผล                                                                                      ,กรมอุทยานแห่งชาติ สัตว์ป่าและพันธุ์พืช,โครงการเร่งด่วนเพื่อแก้ไขปัญหาการบุกรุกทำลายทรัพยากรป่าไม้ของประเทศ,2561,,"1. แนวเขตทรัพยากรป่าไม้ของโครงการเร่งด่วนฯ ขาดความถูกต้อง 
เมื่อเปรียบเทียบกับแผนที่แนบท้ายกฎหมาย และแนวเขตทรัพยากรป่าไม้
ที่หน่วยงานที่ดูแลรับผิดชอบพื้นที่ป่าไม้ใช้ในการปฏิบัติงาน
2. หน่วยงานที่รับผิดชอบที่ดินของรัฐอื่น 
ไม่มีส่วนร่วมในกระบวนการดำเนินงาน","ผลผลิตของโครงการเร่งด่วนเพื่อแก้ไขปัญหาการบุกรุกทำลายทรัพยากรป่าไม้ของประเทศ
ยังไม่สามารถนำไปใช้ให้เกิดประโยชน์ตามผลลัพธ์ที่คาดหวังไว้

",,"

1. ปัญหาการบุกรุกทำลายทรัพยากรป่าไม้ยังคงอยู่และทวีความรุนแรงมากยิ่งขึ้น 
ส่งผลให้ผู้บุกรุกทำลายทรัพยากรป่าไม้ยังไม่ถูกดำเนินคดีหรือจับกุมและขยายพื้นที่
การบุกรุกเพิ่มมากขึ้น อีกทั้งอาจก่อให้เกิดพฤติกรรมเลียนแบบแก่ประชาชนหรือ
เกษตรกรรายอื่นเพื่อขยายที่อ"
FL-0745,ด้านประสิทธิผล                                                                                      ,สำนักงานพัฒนาชุมชนจังหวัดสุราษฎร์ธานี,โครงการบริหารจัดการที่ดินทำกิน : สุราษฎร์โมเดล ปีงบประมาณ 2556,2558,,"1.สำนักงานพัฒนาชุมชนฯ 
ไม่มีการติดตามเร่งรัดการดำเนินงนโครงสร้างพื้นฐานในพื้นที่ชุมชนสหกรณ์ร่วมใจพัฒนาไม่สามารถดำเนินการให้แล้วเสร็จตามแผน
2.สำนักงานพัฒนาชุมชนจังหวัดฯ 
ขาดการวางแผนและบริหารจัดการที่ดีโดยเแพาะการสำรวจข้อมูลความต้องการที่แท้จริงของชุมชน 
ก","โครงสร้างพื้นฐานไม่บรรลุผลสำเร็จตามที่กำหนดไว้

","1.ศึกษาถึงปัญหาและอุปสรรคในการดำเนินงานโครงสรา้งพื้นฐานที่ล่าช้ากว่าแผนและไม่ได้ใช้ประโยชน์อย่างคุ้มค่าเพื่อวิเคราะห์ถึงสาเหตุที่แท้จริงแล้วทำการแก้ไขปัญหา
2. 
เร่งสำรวจตรวจสอบความเสียหายของโครงสร้างพื้นฐานและดำเนินการให้สำเร็จเรียบร้อย 
เพื่อให้การดำเนิน","1. 
ทำให้ผลผลิตของกลุ่มอาชีพเกิดความเสียหายและเป็นอุปสรรคในการดำเนินงานของกลุ่มอาชีพ 
ทำให้การดำเนินงานของกลุ่มไม่สามารถดำเนินการบรรลุตามวัตถุประสงค์
2.ชุมชนเสียโอกาสในการใช้ประโยชน์จากกิจกรรมโครงสร้างพื้นฐาน 
3. ไม่สามารถดำเนินการให้เป็นไปตามเป้าหมายได้ต"
FL-0747,ด้านประสิทธิผล                                                                                      ,กรมที่ดิน,การจัดการที่ดินของรัฐ,2558,,,"ข้อสังเกต 
การบันทึกข้อมูลในแบบบันทึกถ้อยคำผู้ครอบครองที่ดินสาธารณประโยชน์ไม่ครอบถ้วนในสาระสำคัญ 
	
เจ้าหน้าที่ผู้ทำการสำรวจรังวัดทำการสอบสวนผู้ครอบครองที่ดินแต่ละรายไม่บันทึกข้อเท็จจริงรายละเอียดของรายได้และ
การครอบครองที่ดินในแบบบันทึกถ้อยคำผู้ครอบครองท","	
สั่งการให้เจ้าหน้าที่ผู้ทำการสำรวจรังวัดทำการสอบสวนผู้ครอบครองที่ดินสาธารณประโยชน์แต่ละราย 
และบันทึกข้อมูลรายละเอียดรายได้ 
และการครอบครองทำประโยชน์ในที่ดินอื่นตามหัวข้อที่ปรากฏในแบบบันทึกถ้อยคำผู้ครอบครองที่ดินสาธารณประโยชน์ให้ครบถ้วน 
และจัดให้มีการส","ส่งผลต่อการพิจารณาคัดเลือกบุคคลของคณะกรรมการพิจารณาเพื่ออนุญาตให้ประชาชนใช้ประโยชน์ในที่ดินของรัฐ 
เพื่อเข้าร่วมโครงการ ซึ่งอาจจะได้บุคคล
ที่คุณสมบัติไม่เป็นไปตามแนวทางที่กำหนด 
ส่งผลให้โครงการไม่บรรลุวัตถุประสงค์ในการเพิ่มโอกาสและศักยภาพให้แก่คนจน

"
FL-0748,ด้านประสิทธิผล                                                                                      ,กรมเจ้าท่า,การพัฒนาและบำรุงรักษาโครงสร้างพื้นฐานด้านการขนส่งทางน้ำ,2559,,"การที่กรมเจ้าท่ามีการประเมินผลกระทบ (Impact) 
เขื่อนกันทรายและคลื่นที่ดำเนินการแล้วเสร็จไม่ครบถ้วนตามวัตถุประสงค์ของ
การก่อสร้าง มีสาเหตุเกิดจาก
1. กรมเจ้าท่าไม่มีรูปแบบหรือแนวทางที่ชัดเจนในการประเมินผลกระทบ (Impact) 
เขื่อนกันทรายและคลื่น ให้ครอบคลุมตามว","การประเมินผลกระทบ (Impact)เขื่อนกันทรายและคลื่นที่ดำเนินการแล้วเสร็จ
ไม่ครบถ้วน
","สำนักงานการตรวจเงินแผ่นดินมีข้อเสนอแนะให้อธิบดีกรมเจ้าท่า 
พิจารณากำหนดให้มีการประเมินผลการดำเนินงานหลังการก่อสร้างเขื่อนกันทรายและคลื่น 
ให้ครบถ้วนตามวัตถุประสงค์ของการก่อสร้าง 
เพื่อได้ข้อมูลที่แท้จริงเกี่ยวกับการก่อสร้างเขื่อนกันทรายและคลื่นว่าได้ผล
ตา","การที่กรมเจ้าท่ามีการประเมินผลกระทบ (Impact) 
เขื่อนกันทรายและคลื่นที่ดำเนินการแล้วเสร็จไม่ครบถ้วน 
จะส่งผลให้กรมเจ้าท่าไม่มีข้อมูลที่จะชี้ให้เห็นถึงผลสำเร็จของการก่อสร้างเขื่อน
กันทรายและคลื่นที่ชัดเจนว่าการก่อสร้างเขื่อนกันทรายและคลื่นมีความคุ้มค่าหรือไ"
FL-0749,ด้านประสิทธิผล                                                                                      ,สำนักเลขาธิการนายกรัฐมนตรี,กองทุนพัฒนาบทบาทสตรี,2558,,"การจัดสรรวงเงินของกองทุนพัฒนาบทบาทสตรีไม่เหมาะสม 
กล่าวคือคณะกรรมการบริหารกองทุนพัฒนาบทบาทสตรีให้ความสำคัญกับ
การให้เงินกู้ยืมเพื่อการพัฒนาอาชีพ 
สร้างงาน สร้างรายได้ 
มากกว่าการพัฒนาศักยภาพและส่งเสริมบทบาทสตรีและเครือข่าย 
การแก้ไขปัญหาสิทธิสตรี การเฝ้าร","การจัดสรรเงินกองทุนพัฒนาบทบาทสตรีไม่ตอบสนองต่อสภาพปัญหา
ที่เป็นเหตุผลความจำเป็นในการจัดตั้งกองทุนฯ
","ทบทวนการพิจารณาจัดสรรและใช้จ่ายเงินงบประมาณที่อุดหนุนให้กองทุนพัฒนาบทบาทสตรี 
โดยต้องให้สอดคล้องตอบสนองการแก้ไขปัญหาสตรีตามเหตุผลความจำเป็น
ในการจัดตั้งเป็นอันดับแรก
","การจัดสรรเงินกองทุนพัฒนาบทบาทสตรีในสัดส่วนที่เป็นอยู่ซึ่ง
ไม่ตอบสนองต่อการแก้ไขปัญหาสตรีและองค์สตรีตามเหตุผลความจำเป็นที่จัดตั้ง 
โดยเน้นแต่การให้กู้ยืมไปลงทุนในอาชีพ ทำให้ปัญหาของสตรีและองค์กรสตรี เช่น 
การถูกเอารัดเอาเปรียบ การถูกกดขี่ข่มเหง ความไม่เสมอ"
FL-0836,ด้านประสิทธิผล อื่น ๆ                                                                               ,สำนักงานส่งเสริมการปกครองท้องถิ่นจังหวัดศรีสะเกษ,โครงการบริหารจัดการระบบประปาขององค์กรปกครองส่วนท้องถิ่นจังหวัดศรีสะเกษ,2562,,"1.  อปท. 
ไม่ได้ให้ความสำคัญในการสำรวจเพื่อเตรียมความพร้อมในการจัดหาระบบประปา 
แต่จะดำเนินการเมื่อมีหนังสือสั่งการแจ้งมาให้ดำเนินการเท่านั้น 
และไม่ได้มีการนำข้อมูลปัญหา   
ความต้องการของประชาชนที่ขาดแคลนน้ำเพื่อการอุปโภคบริโภคในพื้นที่จากแผนพัฒนาสามปีมาใ","อปท. ขาดการเตรียมความพร้อมก่อนการดำเนินงานโครงการ

จากการตรวจสอบ โครงการที่ขอรับการสนับสนุนงบประมาณ จำนวน 132 โครงการ ของอปท. 
จำนวน 32 แห่ง เกี่ยวกับการเตรียมความพร้อมก่อนการดำเนินการโครงการ พบว่า
1.  อปท. ขาดการเตรียมความพร้อมการสำรวจผู้ใช้น้ำ 
โครงการท","สำนักงานการตรวจเงินแผ่นดินมีข้อเสนอแนะ ให้ ผู้ว่าราชการจังหวัดศรีสะเกษ 
ดำเนินการ ดังนี้
1. 
สั่งกำชับให้คณะกรรมการพิจารณากลั่นกรองโครงการเพื่อขอรับการสนับสนุนงบประมาณเงินอุดหนุนเฉพาะกิจโครงการแก้ไขปัญหาการขาดแคลนน้ำอุปโภคบริโภคแก่ประชาชน   
ควบคุม ตรวจสอ","1.  อปท. ขาดการเตรียมความพร้อมการสำรวจจำนวนผู้ใช้น้ำ 
ความต้องการของประชาชนในพื้นที่ และสภาพปัญหาความเดือดร้อน 
ส่งผลให้การใช้งานไม่เหมาะสม 
และมีกลุ่มผู้ใช้น้ำน้อยกว่ากำลังการผลิตของระบบประปา 
ซึ่งการที่ระบบประปาถูกใช้งานไม่เหมาะสมกับครัวเรือนผู้ใช้น้ำ 
"
FL-0837,ด้านประสิทธิผล อื่น ๆ                                                                               ,สำนักงานประมงจังหวัดฉะเชิงเทรา,โครงการการยกระดับคุณภาพและการแปรรูปสินค้าเกษตร งบประมาณจังหวัด ปีงบประมาณ 2560 - 2562,2562,,"สาเหตุ 
การดำเนินโครงการตามขั้นตอนการคัดเลือกและการเตรียมความพร้อมยังไม่เหมาะสม 
มีดังนี้
1. การกำหนดหลักสูตรฝึกอบรมไม่เหมาะสม 
เนื่องจากในขั้นการเตรียมความพร้อมจัดทำโครงการ 
เจ้าหน้าที่ไม่ได้กำหนดเนื้อหาที่แตกต่างเพื่อให้เหมาะกับกลุ่มเป้าหมายที่มีศักยภาพ","ข้อตรวจพบที่ 2 การดำเนินโครงการตามขั้นตอนการบริหารโครงการภาครัฐ
","สำนักงานการตรวจเงินแผ่นดินพิจารณาแล้ว มีข้อเสนอแนะให้ดำเนินการ ดังนี้
1. ให้ผู้ว่าราชการจังหวัดฉะเชิงเทรา ดำเนินการควบคุม ติดตาม 
ให้หน่วยงานที่ได้รับการจัดสรรงบประมาณจัดทำรายงานผลสัมฤทธิ์ของโครงการให้เป็นไปตามวัตถุประสงค์โครงการ 
เป้าหมายและตัวชี้วัดที่ก","ผลกระทบ
"
FL-0838,ด้านประสิทธิผล อื่น ๆ                                                                               ,สำนักงานประมงจังหวัดฉะเชิงเทรา,โครงการการยกระดับคุณภาพและการแปรรูปสินค้าเกษตร งบประมาณจังหวัด ปีงบประมาณ 2560 - 2562,2562,,"สาเหตุ
	
เจ้าหน้าที่ผู้รับผิดชอบโครงการขาดการศึกษาและรวบรวมข้อมูลเกษตรกรในพื้นที่เพื่อใช้เป็นข้อมูลในการพิจารณากำหนดเกณฑ์การคัดเลือกเกษตรกรหรือเกณฑ์การจัดสรรบรรจุภัณฑ์ให้เหมาะสม 
จึงต้องใช้วิธีมอบหมายให้สำนักงานเกษตรอำเภอซึ่งทราบข้อมูลเกษตรกรในพื้นที่ได้ด","ข้อตรวจพบที่ 2 การดำเนินโครงการตามขั้นตอนการบริหารโครงการภาครัฐ
","สำนักงานการตรวจเงินแผ่นดินพิจารณาแล้ว มีข้อเสนอแนะให้ดำเนินการ  
   	1.  ให้ผู้ว่าราชการจังหวัดระยอง ดำเนินการดังนี้
         1.1 
มอบหมายให้สำนักงานเกษตรจังหวัดระยองและหน่วยงานที่เกี่ยวข้องสำรวจความต้องการของเกษตรกรผู้ปลูกทุเรียนระยอง 
ศึกษาวิเคราะห์ช่อง","1. 
การไม่กำหนดเกณฑ์ในการคัดเลือกเกษตรกรเข้ารับการอบรมทำให้อาจได้เกษตรกรที่เข้ารับการอบรมไม่ใช่กลุ่มเป้าหมายที่เหมาะสม 
และไม่ก่อให้เกิดการบรรลุวัตถุประสงค์ของโครงการในการยกระดับการพัฒนาเกษตรกรให้มีความรู้ความเข้าใจในการผลิตและเพิ่มมูลค่าผลไม้
2. การไม่มี"
FL-0839,ด้านประสิทธิผล อื่น ๆ                                                                               ,เทศบาลตำบลสวนดอกไม้,การบริหารจัดการรถยนต์ขององค์กรปกครองส่วนท้องถิ่นที่มีไว้เพื่อบริการสาธารณะ,2562,,"สาเหตุเกิดจาก อปท.ขาดระบบการควบคุมภายในที่ดี 
และเจ้าหน้าที่ทุกฝ่ายที่เกี่ยวข้องกับการใช้รถส่วนกลางไม่มีการตรวจสอบเอกสารการขอใช้รถส่วนกลางอย่างละเอียดรอบคอบ 
รวมทั้งเจ้าหน้าที่ของ อปท.ไม่ได้ศึกษาและทำความเข้าใจระเบียบกระทรวงมหาดไทย 
ว่าด้วยการใช้และรักษาร","ข้อตรวจพบที่ 1 การบริหารจัดการรถยนต์ของอปท.ไม่เป็นไปตามที่ระเบียบกำหนด
   1.1 อปท.ไม่ควบคุมและดูแลบำรุงรักษารถส่วนกลาง
  โดย อบจ.พระนครศรีอยุธยาจัดทำตราเครื่องหมายประจำ อบจ.ที่ตัวรถไม่ถูกต้อง 
โดยรถบรรทุกขยะมูลฝอยแบบอัดท้าย มีการพ่นตราเครื่องหมายประจำ 
อบ","1.สั่งการให้เจ้าหน้าที่ผู้รับผิดชอบจัดทำและบันทึกการใช้รถส่วนกลางให้ถูกต้องตามระเบียบกระทรวงมหาดไทย 
ว่าด้วยการใช้และรักษารถยนต์ขององค์กรปกครองส่วนท้องถิ่น พ.ศ.2548 
และบันทึกข้อมูลในแบบต่าง ๆ ให้ครบถ้วน ถูกต้อง และเป็นปัจจุบัน
2.สั่งการให้เจ้าหน้าที่ผู้ร","ทำให้ผู้บริหารไม่ทราบว่าผู้ขอใช้รถได้นำรถยนต์ส่วนกลางไปใช้ในลักษณะเพื่อประโยชน์ส่วนตัว 
หรือนำไปใช้ในกิจกรรมที่ไม่เป็นไปตามวัตถุประสงค์ของอปท.หรือไม่ อย่างไร 
รวมทั้งไม่มีหลักเกณฑ์สำหรับควบคุมการเบิกจ่ายค่าน้ำมันเชื้อเพลิง 
นอกจากนั้นการที่ไม่ดูแลและบำรุง"
FL-0840,ด้านประสิทธิผล อื่น ๆ                                                                               ,สำนักงานคณะกรรมการการศึกษาขั้นพื้นฐาน,การจัดการการศึกษาขั้นพื้นฐานในสังกัดสำนักงานคณะกรรมการการศึกษาขั้นพื้นฐาน,2562,,"สาเหตุสำคัญคือโรงเรียนและครูให้ความสำคัญและเน้นการจัดการเรียนการสอนเพื่อสอบ 
จึงยังใช้การสอนในรูปแบบเดิมมากกว่าเน้นทักษะด้านการสื่อสาร และสำนักงานเขตพื้นที่
การศึกษาประถมศึกษาไม่ได้ดำเนินการตามบทบาทหน้าที่ที่กำหนดตามแนวทางการดำเนินงาน
โครงการ รวมทั้งหน่วย","ข้อตรวจพบที่ 2 การดำเนินการตามแนวทางส่งเสริมการผลิตและพัฒนาคุณภาพครู คณาจารย์
และบุคลากรทางการศึกษายังไม่เป็นไปตามวัตถุประสงค์ที่กำหนด
สำนักงานคณะกรรมการการศึกษาขั้นพื้นฐานได้จัดทำโครงการพัฒนาครูแกนนำภาษาอังกฤษใน
ระดับภูมิภาค (Boot Camp) เพื่อขับเคลื่อนกา"," 1.หากมีการดำเนินการโครงการในระยะต่อไปหรือโครงการในลักษณะเดียวกัน 
ควรมีการศึกษาความเหมาะสมของรูปแบบและหลักสูตรการอบรมให้มีความสอดคล้องกับแนวทาง
การวัดและประเมินผลคุณภาพผู้เรียน พร้อมทั้งกำหนดให้หน่วยปฏิบัติในพื้นที่ ได้แก่ 
สำนักงานเขตพื้นที่การศึกษาประถ","จากการดำเนินงานที่ยังไม่เป็นไปตามวัตถุประสงค์ส่งผลให้ครูไม่ได้พัฒนากระบวนการ
หรือเทคนิควิธีการสอน ทำให้นักเรียนขาดโอกาสในการพัฒนาหรือฝึกทักษะการใช้ภาษาอังกฤษ
เพื่อการสื่อสาร รวมทั้งเกิดค่าเสียโอกาสในการจัดการอบรมจำนวน 23.42 ล้านบาท 
นอกจากนี้ ยังส่งผลให้ไ"
FL-0841,ด้านประสิทธิผล อื่น ๆ                                                                               ,สำนักงานมาตรฐานผลิตภัณฑ์อุตสาหกรรม,การคุ้มครองผู้บริโภคของสำนักงานมาตรฐานผลิตภัณฑ์อุตสาหกรรม,2562,,"1.สำนักงานมาตรฐานผลิตภัณฑ์อุตสาหกรรมยังดำเนินการตรวจติดตามภายหลังการออกใบอนุญาต
ได้ต่ำกว่าแผน โดยผลการตรวจติดตามภายหลังการออกใบอนุญาตมีรายละเอียดดังนี้
  1.1 การตรวจติดตามผลโรงงานต่ำกว่าแผนที่กำหนดไว้ และดำเนินการตรวจติดตามผลโรงงาน
ได้ในจำนวนที่น้อยเมื่อเ","ข้อตรวจพบที่ 2 การกำกับดูแลการทำ การนำเข้า การจำหน่ายผลิตภัณฑ์อุตสาหกรรม
","1.ผลักดันให้ระบบ E - Surveillance เพื่อให้สามารถเริ่มใช้งานและเพิ่มประสิทธิภาพ
ด้านการตรวจติดตามภายหลังการออกใบอนุญาต รวมทั้งกำกับควบคุมให้ผู้ได้รับอนุญาต
ปฏิบัติตามกฎหมายที่เกี่ยวข้อง อีกทั้งต้องบังคับใช้กฎหมายกับผู้ได้รับใบอนุญาต
ที่ไม่ปฏิบัติตามเงื่อนไ","   การที่ยังมีผลิตภัณฑ์อุตสาหกรรมที่เป็นมาตรฐานบังคับ แต่ได้รับการทำหรือนำเข้า
โดยผู้ที่ไม่ได้รับอนุญาต หรือมีลักษณะไม่เป็นไปตามข้อกำหนดมาตรฐาน และการที่
ผลิตภัณฑ์อุตสาหกรรมมีการแสดงเครื่องหมายมาตรฐานที่ไม่ถูกต้องและไม่ครบถ้วน 
หรือโดยไม่ได้รับอนุญาต ส่งผ"
FL-0842,ด้านประสิทธิผล อื่น ๆ                                                                               ,กรมอุทยานแห่งชาติ สัตว์ป่าและพันธุ์พืช,การอนุรักษ์ฟื้นฟูและป้องกันทรัพยากรป่าไม้,2562,,"1.	
การดำเนินกิจกรรมงานควบคุมไฟป่าของสถานีควบคุมไฟป่ายังไม่ครอบคลุมพื้นที่เขตป่าอนุรักษ์ได้ทั้งหมด
2.	กรมอุทยานฯ 
ยังไม่มีกิจกรรมหรือมาตรการที่ชัดเจนในการป้องกันหรือแก้ไขปัญหาไฟป่าอันมีสาเหตุอันเนื่องมาจากการหาของป่า 
และการล่าสัตว์ 
3.	กรมอุทยานฯ 
ยังไม่","การดำเนินกิจกรรมการป้องกันไฟป่า
","1.	ปรับโครงสร้างการบริหารจัดการของ สบอ. 
ที่เกี่ยวข้องกับการบริหารจัดการควบคุมไฟป่า เป็นการบริหารจัดการเชิงพื้นที่ 
(Area - Based Approach)  
ซึ่งเป็นการบริหารจัดการที่ลงไปทำกระบวนการในพื้นที่เป้าหมาย 
โดยอาศัยการมีส่วนร่วมจากทุกภาคส่วน ทั้งภาคประชาชน ภาค","การดำเนินกิจกรรมในการควบคุมไฟป่ายังไม่มีแนวโน้มลดลงอย่างต่อเนื่อง 
นอกจากทำให้มีพื้นที่ป่าไม้ได้รับความเสียหายแล้ว 
ยังก่อให้เกิดวิกฤติมลพิษหมอกควัน 
จนกลายเป็นปัญหาใหญ่ส่งผลกระทบต่อสุขภาพอนามัยของประชาชนเป็นวงกว้าง เช่น 
ทำให้เกิดการขาดช่วงของการสืบพันธุ"
FL-0843,ด้านประสิทธิผล อื่น ๆ                                                                               ,กรมป่าไม้,การอนุรักษ์ ฟื้นฟู และป้องกันทรัพยากรป่าไม้ ของกรมป่าไม้,2562,,"เกิดจากการดำเนินกิจกรรมการลาดตระเวนยังไม่สามารถดำเนินการได้อย่างทั่วถึงและครอบคลุมพื้นที่  
และการสร้างความมีส่วนร่วมกับผู้นำชุมชนและประชาชนในพื้นที่เพื่อสร้างเครือข่ายในการป้องกันรักษาป่ายังไม่เกิดผลสัมฤทธิ์ในทุกพื้นที่ที่กรมป่าไม้รับผิดชอบ 
บางพื้นที่ซึ","การดำเนินกิจกรรมป้องกันรักษาป่าและควบคุมไฟป่า
    2.1	พื้นที่ป่าไม้ยังคงมีการบุกรุกใหม่อย่างต่อเนื่องจากการตรวจสอบข้อมูลการบุกรุกพื้นที่ป่าไม้ ในปี 
พ.ศ. 2557 - 2561 พบว่า กรมป่าไม้ยังมีพื้นที่ป่าไม้ที่ถูกบุกรุกใหม่ในแต่ละปี 
ซึ่งพิจารณาได้จากข้อมูลการตรว","สำนักงานการตรวจเงินแผ่นดินมีข้อเสนอแนะให้อธิบดีกรมป่าไม้พิจารณาดำเนินการ 
ดังนี้  
   1. ควรเพิ่มประสิทธิภาพในการลาดตระเวนและป้องกันการบุกรุกป่าที่มีสภาพสมบูรณ์ 
โดยการประยุกต์เทคโนโลยีมาช่วยในการดำเนินกิจกรรมการลาดตระเวนที่ยังไม่สามารถดำเนินการได้อย่างทั","การที่กรมป่าไม้ยังไม่สามารถยับยั้งการบุกรุกป่าให้มีสถิติเป็นศูนย์ได้ย่อมส่งผลต่อเป้าหมายในการเพิ่มสัดส่วนของพื้นที่ป่า 
โดยเฉพาะหากเป็นการบุกรุกในพื้นที่ป่าต้นน้ำ จะส่งผลกระทบก่อให้เกิดปัญหาต่อระบบนิเวศของป่าและปัญหาต่าง ๆ ตามมา 
และยังทำให้สิ้นเปลืองงบปร"
FL-0844,ด้านประสิทธิผล อื่น ๆ                                                                               ,สำนักงานจังหวัดสุราษฎร์ธานี,โครงการพัฒนาประสิทธิภาพการแปรรูปผลิตภัณฑ์ การเกษตร ประมง และปศุสัตว์ในกลุ่มจังหวัดสุราษฎร์ธานีและจังหวัดชุมพร,2562,,,,,
FL-0845,ด้านประสิทธิผล อื่น ๆ                                                                               ,สำนักงานเกษตรจังหวัดประจวบคีรีขันธ์,โครงการส่งเสริมและพัฒนาสับปะรดครบวงจร,2562,,"1. การคัดเลือกกลุ่มเป้าหมายผู้เข้าร่วมโครงการ 
สำนักงานเกษตรจังหวัดประจวบคีรีขันธ์ดำเนินการโดยให้ประธานกลุ่มผู้ปลูกสับปะรดเป็นผู้คัดเลือกเกษตรกรที่มีความประสงค์เข้าร่วมโครงการ 
ซึ่งประธานกลุ่มผู้ปลูกสับปะรดส่วนใหญ่จะคัดเลือกจากเกษตรกรที่มีความใกล้ชิดและให","ข้อตรวจพบที่ 2 
การดำเนินกิจกรรมการจัดทำแปลงเรียนรู้การปลูกสับปะรดที่มีคุณภาพตาม
                    มาตรฐาน GAP บางส่วนไม่เกิดประโยชน์และไม่มีความยั่งยืน 
 	สำนักงานเกษตรจังหวัดประจวบคีรีขันธ์ 
ดำเนินการส่งเสริมให้เกษตรกรจัดทำแปลงเรียนรู้การผลิตสับปะรดที","1. ในโอกาสต่อไปหากมีการดำเนินการในลักษณะเช่นนี้อีก 
การคัดเลือกกลุ่มเป้าหมายควรมีการประชุมเกษตรกรเพื่อประชาสัมพันธ์ชี้แจงวัตถุประสงค์ของโครงการให้ทราบทั่วกัน 
เพื่อให้ได้เกษตรกรที่มีความต้องการและมีความพร้อมในการจัดทำแปลงเรียนรู้อย่างแท้จริง 
 	2. 
มอบหมา","1. การคัดเลือกแปลงเรียนรู้ที่มีการผลิตสับปะรดคุณภาพตามมาตรฐาน GAP 
อยู่ก่อนร่วมโครงการ 
ทำให้เกษตรกรรายอื่นที่มีความต้องการผลิตสับปะรดคุณภาพตามมาตรฐาน GAP 
เสียโอกาสในการได้รับการสนับสนุน
 	2. 
เกษตรกรบางส่วนไม่จัดทำแปลงเรียนรู้การปลูกสับปะรดคุณภาพตามมาตร"
FL-0846,ด้านประสิทธิผล อื่น ๆ                                                                               ,สำนักงานเกษตรจังหวัดกาฬสินธุ์,โครงการพัฒนาคุณภาพการผลิตและเพิ่มมูลค่าผลผลิตข้าวหอมมะลิคุณภาพสูงครบวงจร จังหวัดกาฬสินธุ์,2562,,"สาเหตุเนื่องจากไม่กำหนดหน่วยงานรับผิดชอบหลัก 
และไม่มีการบูรณาการของหน่วยงานที่ร่วมดำเนินการอย่างแท้จริง 
เพื่อร่วมกันกำหนดแนวทางในการดำเนินงานและการแก้ไขปัญหาตามโครงการ 
แต่เป็นการกำหนดกิจกรรมของโครงการตามภารกิจหลักของแต่ละหน่วยงาน รวมถึง 
ไม่จัดทำแผนการ","ข้อตรวจพบที่ 2 
ครุภัณฑ์ที่ได้รับการสนับสนุนตามโครงการไม่นำไปใช้ประโยชน์และไม่กำหนดแนวทางการบริหารจัดการทรัพย์สิน
โครงการพัฒนาคุณภาพการผลิตและเพิ่มมูลค่าผลผลิตข้าวหอมมะลิคุณภาพสูงครบวงจร 
กิจกรรมส่งเสริมการผลิตข้าวหอมมะลิ GAP/อินทรีย์แบบนาแปลงใหญ่ 
ประจำป","1.	
ให้เจ้าหน้าที่ผู้รับผิดชอบจัดทำแผนการบริหารจัดการครุภัณฑ์เครื่องจักรกลการเกษตร 
และที่ตัวครุภัณฑ์ต้องระบุหมายเลขครุภัณฑ์และหน่วยงานให้ชัดเจน 
เพื่อป้องกันการสูญหายหรือนำไปใช้ประโยชน์ด้านอื่น 
รวมทั้งการให้ความรู้ในการดูแลและบำรุงรักษาเครื่องจักรกลการเ","การที่หน่วยงานผู้รับผิดชอบจัดซื้อเครื่องจักรกลการเกษตร 
โดยไม่ได้สำรวจความต้องการของกลุ่มเกษตรกรเป้าหมายตามโครงการ 
ทำให้การใช้ประโยชน์จากครุภัณฑ์ไม่คุ้มค่ากับเงินงบประมาณที่จ่ายไปและเป็นการเพิ่มภาระให้กับทางกลุ่มที่ต้องซื้ออุปกรณ์เสริมเพื่อสามารถใช้งานได"
FL-0847,ด้านประสิทธิผล อื่น ๆ                                                                               ,สำนักงานเกษตรจังหวัดมหาสารคาม,โครงการ 9101 ตามรอยเท้าพ่อ ภายใต้ร่มพระบารมี เพื่อการฟื้นฟูอาชีพด้านการเกษตรแก่เกษตรกรผู้ประสบอุทกภัย ปี 2560 ของสำนักงานเกษตรจังหวัดมหาสารคาม,2562,,"     1.คณะทำงานตรวจรับวัสดุอุปกรณ์ทำหน้าที่ตรวจรับพัสดุโดยสุ่มตรวจชั่งน้ำหนัก
ถุงบรรจุเส้นไหมที่ผู้ขายแยกบรรจุให้กับสมาชิกแต่ละรายโดยไม่ได้ชั่งน้ำหนักทุกถุง 
และได้แจกจ่ายให้กับสมาชิกตามบัญชีรายชื่อการรับปัจจัยการผลิตที่ได้ระบุน้ำหนัก
จำนวน 2.50 กิโลกรัมไ","ข้อตรวจพบที่ 2 
สมาชิกกลุ่มได้รับปัจจัยการผลิตไม่ครบถ้วนและสมาชิกบางรายยังไม่ได้แปรรูป 
ผลิตภัณฑ์เป็นผ้าไหม
","     เพื่อให้การดำเนินงานโครงการเป็นไปตามวัตถุประสงค์ เกิดความโปร่งใส 
ตรวจสอบได  และเกิดความคุ้มค่า ให้สำนักงานเกษตรจังหวัดมหาสารคาม 
พิจารณาดำเนินการ ดังนี้
	1. ตรวจสอบข้อเท็จจริงกับเจ้าหน้าที่และผู้ที่เกี่ยวข้อง 
กรณีสมาชิกกลุ่มทอผ้าไหมได้รับปัจจัยการผ","สมาชิกกลุ่มได้รับปัจจัยการผลิตไม่ครบถ้วนและไม่เป็นไปตามนโยบายของรัฐ 
ทำให้เสียโอกาสจากการนำปัจจัยการผลิตที่ขาดไปแปรรูปเพื่อจำหน่ายเพิ่มรายได้ 
ซึ่งอาจส่งผลให้การดำเนินโครงการเพื่อฟื้นฟูและส่งเสริมอาชีพ 
ด้านการเกษตรให้แก่เกษตรกรที่ประสบอุทกภัยอาจไม่บรรลุว"
FL-0848,ด้านประสิทธิผล อื่น ๆ                                                                               ,สำนักงานคณะกรรมการการศึกษาขั้นพื้นฐาน,โครงการโรงเรียนดีใกล้บ้าน (แม่เหล็ก),2561,,"สาเหตุมาจากไม่มีการกำหนดตัวชี้วัดในการยกระดับคุณภาพของผู้เรียนให้ครอบคลุมทุกด้าน
อย่างชัดเจน ผู้บริหารและผู้ปฏิบัติงานของโรงเรียนดีใกล้บ้าน (แม่เหล็ก) 
ยังไม่มีการดำเนินการตามแนวทางการดำเนินงานที่กำหนดอย่างจริงจัง

","ข้อตรวจพบที่ 3 การดำเนินงานตามนโยบายโรงเรียนดีใกล้บ้าน (แม่เหล็ก) 
ยังไม่สามารถยกระดับคุณภาพการศึกษาของนักเรียนได้ตามวัตถุประสงค์
1.โรงเรียนดีใกล้บ้าน (แม่เหล็ก) ส่วนใหญ่ยังไม่สามารถยกระดับผลสัมฤทธิ์ทางการเรียน
ให้สูงขึ้นเมื่อเปรียบเทียบกับคะแนนระดับประเท","เพื่อให้การดำเนินการตามนโยบายโรงเรียนดีใกล้บ้าน (แม่เหล็ก) 
เป็นไปตามวัตถุประสงค์ในการยกระดับคุณภาพของผู้เรียน สำนักงานการตรวจเงินแผ่นดิน
มีข้อเสนอแนะให้เลขาธิการคณะกรรมการการศึกษาขั้นพื้นฐาน พิจารณาดำเนินการ ดังนี้
1.พิจารณาทบทวนการกำหนดตัวชี้วัดคุณภาพผู","การที่นโยบายโรงเรียนดีใกล้บ้าน (แม่เหล็ก) ยังไม่สามารถยกระดับคุณภาพการศึกษา
ของนักเรียนได้ตามวัตถุประสงค์ ย่อมส่งผลให้นักเรียนขาดโอกาสที่จะได้เรียนจาก
โรงเรียนที่มีคุณภาพทางวิชาการ ไม่สามารถดึงดูดโรงเรียนขนาดเล็กที่อยู่ใกล้เคียง
ให้มาเรียนรวมเพิ่มเติม และ"
FL-0849,ด้านประสิทธิผล อื่น ๆ                                                                               ,ที่ทำการปกครองจังหวัดราชบุรี,โครงการยกระดับศักยภาพหมู่บ้านเพื่อขับเคลื่อนเศรษฐกิจฐานรากตามแนวทางประชารัฐ,2561,,"ปัจจัยที่ 1 กระบวนการได้มาของโครงการ
1. คณะกรรมการหมู่บ้านและประชาชน ขาดความรู้ความเข้าใจที่ชัดเจนในหลักเกณฑ์ 
เงื่อนไข และแนวทางในการคัดเลือกโครงการที่ควรจะนำเสนอในการประชาคม 
โดยคัดเลือกโครงการตามความต้องการของประชาชนที่เข้าร่วมประชุมประชาคมเท่านั้น 
ไม","ปัจจัยแห่งความสำเร็จของโครงการยกระดับศักยภาพหมู่บ้านเพื่อขับเคลื่อนเศรษฐกิจฐานรากตามแนวทางประชารัฐ 
","ปัจจัยที่ 1 กระบวนการได้มาของโครงการ

1. ในโอกาสต่อไปหากมีการดำเนินโครงการในลักษณะเช่นนี้อีก 
ให้ที่ทำการปกครองจังหวัดประชุมชี้แจงเกี่ยวกับวัตถุประสงค์ของโครงการ 
หลักเกณฑ์และเงื่อนไขต่าง ๆ ให้คณะกรรมการทุกชุด 
เพื่อให้มีความเข้าใจไปในแนวทางเดียวกัน 
ในกา","ปัจจัยที่ 1 กระบวนการได้มาของโครงการ
1. โครงการที่ดำเนินการแล้วเสร็จไม่มีการใช้ประโยชน์ 
หรือไม่มีการบริหารจัดการที่ดีภายหลังสิ้นสุดโครงการ 
ส่งผลให้ไม่สามารถแก้ไขปัญหาความเดือดร้อนให้กับชุมชนได้ 
หรืออาจแก้ไขปัญหาได้เพียงระยะสั้นเท่านั้น 
เป็นการใช้จ่ายง"
FL-0850,ด้านประสิทธิผล อื่น ๆ                                                                               ,สำนักงานจังหวัดนครสวรรค์,การดำเนินงานด้านการดูแลรักษาและคุ้มครองป้องกันที่สาธารณประโยชน์ประเภทพลเมืองใช้ร่วมกันในพื้นที่จังหวัดนครสวรรค์,2561,,"1. 
หน่วยงานที่มีอำนาจหน้าที่โดยตรงในการดูแลรักษาคุ้มครองป้องกันที่สาธารณประโยชน์ 
เช่น นายอำเภอ และ อปท. ไม่ให้ความสำคัญกับการดูแลที่สาธารณประโยชน์ เช่น 
การไม่จัดทำทะเบียนที่สาธารณประโยชน์ในแปลงที่ยังไม่ได้ขึ้นทะเบียนเพื่อแสดงหลักเขตหรือจัดทำป้ายเพื่อแส","ข้อตรวจพบที่ 1 	นายอำเภอและองค์กรปกครองส่วนท้องถิ่น 
ส่วนใหญ่มีการดำเนินงานด้านการดูแลรักษาและคุ้มครองป้องกันที่สาธารณประโยชน์ประเภทพลเมืองใช้ร่วมกัน         
ไม่ครบถ้วนตามกฏหมาย ระเบียบ ประกาศและคู่มือมาตรฐานที่กำหนดไว้  
1.1 
ที่สาธารณประโยชน์ที่ตรวจสอบ","เพื่อให้การปฏิบัติงานของหน่วยงานภาครัฐที่มีหน้าที่และอำนาจบริหารจัดการ 
ดูแลรักษา สามารถปฏิบัติงานได้อย่างถูกต้อง ครบถ้วน ตามขั้นตอนของกฎหมาย 
และแสดงให้เห็นถึงความเสมอภาคกันในการดำเนินการให้ถูกต้องตามกฎหมายก่อนเข้าใช้ประโยชน์ 
รวมทั้งป้องกันพฤติกรรมเลียน","1. กรณีมีการบุกรุกที่สาธารณประโยชน์จะส่งผลกระทบต่อสภาพสังคม การเมือง 
การปกครอง 
รวมทั้งด้านเศรษฐกิจโดยส่วนรวมและอาจสูญหายความสมดุลทางนิเวศวิทยาทางธรรมชาติ 
เช่น ทำให้ที่สาธารณประโยชน์ที่ประชาชนใช้ร่วมกันไม่มีหรือมีน้อยลง 
การขาดแหล่งสร้างอาหารตามธรรมชาติ"
FL-0851,ด้านประสิทธิผล อื่น ๆ                                                                               ,สำนักงานจังหวัดลำพูน,โครงการตามแผนปฏิบัติราชการประจำปีงบประมาณ 2559 (แผนพัฒนาจังหวัดลำพูน) (โครงการติดตั้งระบบกล้องวงจรปิด (CCTV) IP CAMERA),2561,,"กรอกข้อมูลตามข้อตรวจพบที่ 1
","ข้อตรวจพบที่ 2 การใช้ประโยชน์ระบบกล้องวงจรปิด (CCTV)
จากการตรวจสอบการใช้ประโยชน์ 
โดยสังเกตการณ์สัญญาณภาพจากจอโทรทัศน์ซึ่งรับสัญญาณมาจากระบบกล้องวงจรปิด 
จำนวน 121 กล้อง พบว่า ระบบกล้องวงจรปิดใช้ประโยชน์ไม่เต็มประสิทธิภาพ
2.1 ไม่มีสัญญาณภาพแสดงบนหน้าจอโทร","กรอกข้อมูลตามข้อตรวจพบที่ 1
","กรอกข้อมูลตามข้อตรวจพบที่ 1
"
FL-0852,ด้านประสิทธิผล อื่น ๆ                                                                               ,เมืองพัทยา,โครงการพัฒนาประสิทธิภาพศูนย์ควบคุมความปลอดภัยทางทะเล เพื่อควบคุมกำกับดูแลการคมนาคมทางทะเลฯ เมืองพัทยา,2561,,"ข้อ 1 ขาดผังงานระบบ (System Flowchart) 
และผังงานโปรแกรม (Program Flowchart) 
ที่ใช้สำหรับการออกแบบระบบและการตรวจรับงานที่ชัดเจน 2) 
คณะกรรมการตรวจการจ้างขาดความรอบคอบในการตรวจรับงานจ้าง และ 3) 
การกำหนดคุณสมบัติอุปกรณ์ไม่สอดคล้องกับวัตถุประสงค์การใช้งาน ","ระบบและอุปกรณ์ต่างๆ ของศูนย์ฯ 
บางรายการยังมีคุณภาพไม่เพียงพอต่อการใช้ประโยชน์ตามวัตถุประสงค์
","1. ข้อเสนอแนะสำหรับการแก้ไขปัญหาที่เกิดขึ้น
1) แต่งตั้งคณะกรรมการตรวจสอบข้อเท็จจริง เพื่อตรวจสอบความครบถ้วน 
ความถูกต้อง คุณสมบัติและการทำงานของระบบและอุปกรณ์ต่าง ๆ 
และให้ดำเนินการแก้ไขให้เป็นไปตามที่กำหนด หาผู้รับผิดชอบความเสียหาย 
และดำเนินการตามระเบีย","ส่งผลให้ไม่สามารถนำไปใช้งานสนับสนุนภารกิจของศูนย์ฯ ได้อย่างเหมาะสม 
มีความเสี่ยงที่จะทำให้โครงการไม่บรรลุวัตถุประสงค์ 
ไม่เกิดความคุ้มค่าในการใช้จ่ายงบประมาณในการจัดหาอุปกรณ์และระบบต่าง ๆ 
เป็นเงินกว่า 184 ล้านบาท
"
FL-0853,ด้านประสิทธิผล อื่น ๆ                                                                               ,องค์การบริหารส่วนจังหวัดสระบุรี,โครงการจัดซื้อวัสดุครุภัณฑ์ทางการแพทย์ในการเฝ้าระวังและคัดกรองโรควิถีชีวิตมอบให้อาสาสมัครสาธารณสุขจังหวัดสระบุรี,2561,,"สาเหตุเกิดจากไม่มีการกำหนดหลักเกณฑ์ที่จะใช้ในการพิจารณาคัดเลือกผู้ที่สมควรได้รับวัสดุครุภัณฑ์ฯ 
ขาดระบบการควบคุมการจัดทำเอกสารหลักฐานการส่งมอบ-รับมอบ 
โดยผู้ที่มีรายชื่อได้รับวัสดุครุภัณฑ์ฯบางรายไม่ได้ลงลายมือชื่อผู้รับไว้ในเอกสารการส่งมอบ-รับมอบ 
และการด","ข้อตรวจพบที่ 1 การมอบวสดุครุภัณฑ์ทางการแพทย์มีความซ้ำซ้อน
  การจัดซื้อวัสดุครุภัณฑ์ทางการแพทย์ ปีงบประมาณ 2554 และ 2556 
เป็นการจัดซื้อเครื่องมือในการตรวจคัดกรองโรคความดันโลหิตสูง โรคเบาหวาน 
และหนังสือคู่มือต่างๆ ซึ่งวัสดุครุภัณฑ์ฯ ทั้ง 2 ปี 
เป็นประเภทเ","1.การดำเนินโครงการในโอกาสต่อไป 
หากมีการจัดทำโครงการที่มีลักษณะเป็นการช่วยเหลือหรือให้การสนับสนุนวัสดุครุภัณฑ์ประเภทต่างๆ 
แก่ประชาชนเช่นเดียวกับโครงการนี้ ควรปฏิบัติตามแนวทาง ดังนี้
  1.1 
ก่อนที่จะดำเนินโครงการต้องมีการศึกษาปัญหาความเดือนร้อนและความต้อง","อสม.ได้รับวัสดุครุภัณฑทางการแพทย์ไม่ทั่วถึง 
การใช้จ่ายงบประมาณไม่เกิดความคุ้มค่า

"
FL-0854,ด้านประสิทธิผล อื่น ๆ                                                                               ,กรมการค้าภายใน,การคุ้มครองผู้บริโภคของกรมการค้าภายใน,2562,,"   การที่ผู้บริโภคบางส่วนยังไม่ได้รับการแก้ไขปัญหาการถูกเอารัดเอาเปรียบ
ด้านราคา เกิดจากสาเหตุดังนี้
   1.กรมการค้าภายในไม่มีการกำหนดแนวทาง/วิธีการพิจารณารับเรื่องร้องเรียน 
การจำแนกประเภทของเรื่องร้องเรียน และไม่มีการกำหนดแนวทาง/วิธีการตรวจสอบเรื่อง
ร้อง","ข้อตรวจพบที่ 2 
การแก้ไขปัญหาเรื่องร้องเรียนเกี่ยวกับราคาสินค้าและบริการบางส่วนยังไม่เกิด
ประสิทธิผล

","   สำนักงานการตรวจเงินแผ่นดินมีข้อเสนอแนะให้อธิบดีกรมการค้าภายในพิจารณา
ดำเนินการดังนี้
   1. กำหนดแนวทาง/วิธีการพิจารณารับเรื่องร้องเรียน การจำแนกประเภทของเรื่อง
ร้องเรียน และกำหนดแนวทาง/วิธีการตรวจสอบเรื่องร้องเรียนโดยเฉพาะกรณีพฤติการณ์
จำหน่ายราคาแพง เ","   จากผลการตรวจสอบข้างต้นแสดงให้เห็นว่า กรมการค้าภายในและสำนักงานพาณิชย์จังหวัด
ที่สุ่มตรวจสอบมีการดำเนินการแก้ไขปัญหาเรื่องร้องเรียนกรณีจำหน่ายราคาแพง โดยส่วน
ใหญ่เป็นการตรวจสอบการปิดป้ายแสดงราคาจำหน่าย และตรวจสอบว่าร้านค้าจำหน่ายตรงตาม
ป้ายราคาที่แสดงไว"
FL-0855,ด้านประสิทธิผล อื่น ๆ                                                                               ,สำนักงานท้องถิ่นจังหวัดสุราษฎร์ธานี,เงินอุดหนุนสนับสนุนการแก้ไขปัญหาการขาดแคลนน้ำอุปโภคบริโภคให้แก่ประชาชน ปีงบประมาณ 2558,2560,,"ผู้รับจ้างที่มีความชำนาญมีจำนวนน้อยรายและไม่สนใจเสนอราคา 
และสนง.ส่งเสริมการปกครองท้องถิ่นจังหวัดสุราษฎร์ธานีพิจารณาอนุมัติโดยไม่คำนึงถึงความคุ้มค่า 
รวมทั้งอปท.บางแห่งมีบุคลากรไม่เพียงพอและไม่มีความรู้ความชำนาญ ฯลฯ

","การจัดจ้างไม่เป็นไปตามหลักเกณฑ์ที่กำหนด

",,"การใช้จ่ายงบประมาณค่าก่อสรา้งเกิดความไม่คุ้มค่า เกิดความไม่ประหยัด 
โดยคิดจากวงเงินที่มีการเปลี่ยนแปลงแบบแปลนจำนวน 26,573,400 บาท 
รวมทั้งเสียโอกาสในการนำงบประมาณไปใช้ประโยชน์ด้านอื่นๆ 
ที่ความจำเป็นเร่งด่วนมากกว่า
"
FL-0856,ด้านประสิทธิผล อื่น ๆ                                                                               ,สำนักงานเขตพื้นที่การศึกษาเพชรบุรี เขต 2,โครงการพัฒนาคุณภาพการศึกษาทางไกลผ่านเทคโนโลยีสารสนเทศ(DLIT),2559,,"เจ้าหน้าที่ผู้รับผิดชอบขาดความเข้าใจในวิธีการปฏิบัติเกี่ยวกับการจัดหาหลักประกันสัญญาและการรับประกันความชำรุดบกพร่อง 
ให้เป็นไปตามระเบียบสำนักนายกรัฐมนตรีว่าด้วยการพัสดุ พ.ศ. 2535 
และที่แก้ไขเพิ่มเติม 
","การดำเนินงานด้านพัสดุของสถานศึกษาไม่เป็นไปตามระเบียบสำนักนายกรัฐมนตรีว่าด้วยการพัสดุ 
พ.ศ. 2535 และที่แก้ไขเพิ่มเติม
","เพื่อให้เกิดประโยชน์สูงสุดต่อทางราชการ 
ขอให้ผู้อำนวยการสำนักงานเขตพื้นที่การศึกษามัธยมศึกษาเขต 10 จังหวัดเพชรบุรี 
ดำเนินการแจ้งเจ้าหน้าที่ผู้รับผิดชอบ 
ให้เรียกผู้ขายวางหลักประกันสัญญาเพิ่มเติม 
สำหรับสถานศึกษาที่มีระยะเวลารับประกันสัญญานับแต่วันรับมอบ ","การรับประกันความชำรุดบกพร่องที่ไม่เป็นไปตามเงื่อนไขแนบท้ายเอกสารสัญญา 
และการกำหนดระยะเวลาการบังคับใช้ในหลักประกันสัญญาไม่ครอบคลุมวันพ้นจากข้อผูกพันตามสัญญา 
ทำให้ทางราชการเสียประโยชน์เมื่อเกิดความชำรุดบกพร่องหรือความเสียหายใดๆ 
ที่เกิดขึ้นกับเครื่องคอมพิ"
FL-0857,ด้านประสิทธิผล อื่น ๆ                                                                               ,สำนักงานธนารักษ์พื้นที่กำแพงเพชร,การบริหารจัดการที่ราชพัสดุของสำนักงานธนารักษ์พื้นที่,2560,,"1. 
ธนารักษ์พื้นที่และเจ้าหน้าที่ไม่มีการประชาสัมพันธ์หรือแจ้งข้อมูลข่าวสารให้หน่วยงานขอใช้ทราบถึงกฎ 
ระเบียบ และหลักเกณฑ์การใช้ที่ราชพัสดุอย่างจริงจังและต่อเนื่อง 
2. ส่วนราชการ/อปท. ผู้ขอใช้ที่ราชพัสดุไม่ทราบหลักเกณฑ์ 
และแนวทางปฏิบัติเกี่ยวกับการใช้ประ","1. 
การบริหารที่ราชพัสดุด้านการให้ส่วนราชการ/องค์กรปกครองส่วนท้องถิ่นผู้ขอใช้ประโยชน์ในที่ราชพัสดุไม่มีประสิทธิภาพ 
และไม่เป็นไปตามระเบียบและหลักเกณฑ์ที่กำหนด
","1. 
เร่งรัดและกำชับให้สำนักงานธนารักษ์พื้นที่กำแพงเพชรและพิจิตรดำเนินการจัดเก็บค่าเช่าและค่าธรรมเนียมจากกรณีที่ส่วนราชการและองค์กรปกครองส่วนท้องถิ่นขอใช้และนำไปจัดประโยชน์ในเบื้องต้นเป็นเงินจำนวน 
10,466,112.00 บาท . 
ตรวจสอบและจัดเก็บค่าธรรมเนียมการจัดปร","กรณีการจัดทำทะเบียนที่ราชพัสดุจังหวัดไม่ถูกต้อง ครบถ้วน และเป็นปัจจุบัน 
ส่งผลให้ฐานข้อมูลจากทะเบียนที่ราชพัสดุจังหวัดอาจไม่สะท้อนข้อมูลทรัพย์สินที่มีอยู่จริง 
อันจะส่งผลให้การดำเนินการของสำนักงานธนารักษ์พื้นที่ที่เกี่ยวกับการปกครอง 
ดูแล การบำรุงรักษา แล"
FL-0858,ด้านประสิทธิผล อื่น ๆ                                                                               ,องค์การบริหารส่วนจังหวัดมหาสารคาม,โครงการพัฒนาและบริหารจัดการระบบบริการแพทย์ฉุกเฉินจังหวัดร้อยเอ็ด และจังหวัดมหาสารคาม,2560,,"   อบจ.ร้อยเอ็ด และ อบจ.มหาสารคาม ไม่มีการติดตามตรวจสอบ และควบคุมให้ อปท.
ที่ได้รับการสนับสนุนรถพยาบาลฉุกเฉินปฏิบัติตามประกาศของ สพฉ. 
และเจ้าหน้าที่ของ อปท.ได้รับการประสานหรือสั่งการโดยตรงจากผู้บังคับบัญชา
ให้นำรถไปใช้ไม่ตรงตามวัตถุประสงค์ของการแพทย์ฉุกเ","   องค์การบริหารส่วนจังหวัดร้อยเอ็ด 
ดำเนินการเช่ารถยนต์ดัดแปลงเป็นรถพยาบาลฉุกเฉิน พร้อมอุปกรณ์ช่วยชีวิต จำนวน 
40 คัน และได้ส่งมอบรถพยาบาลฉุกเฉินทั้ง 40 คัน ให้องค์กรปกครองส่วนท้องถิ่น 
ในพื้นที่จังหวัดร้อยเอ็ด จากการสุ่มตรวจสอบการใช้รถพยาบาลฉุกเฉิน จำนว","    1.แจ้งกำชับองค์กรปกครองส่วนท้องถิ่นที่ได้รับการสนับสนุนรถพยาบาลฉุกเฉิน
ให้นำรถไปใช้ให้ตรงตามวัตถุประสงค์ของระบบบริการการแพทย์ฉุกเฉิน 
หากพบองค์กรปกครองส่วนท้องถิ่นใดมีการนำรถพยาบาลฉุกเฉินไปใช้ไม่ตรง
ตามวัตถุประสงค์ของการแพทย์ฉุกเฉิน 
ให้ติดตามตรวจสอบ ","    1.อาจทำให้ประชาชนเสียโอกาสที่จะได้รับบริการด้านการแพทย์ฉุกเฉิน 
 หากเกิดเหตุฉุกเฉินหรือมีผู้ป่วยฉุกเฉินที่ควรได้รับบริการอย่างทันท่วงที
    2.อาจก่อให้เกิดความเสียหายต่อชีวิตและทรัพย์สิน
    3.อปท.อาจมีภาระค่าใช้จ่ายค่าน้ำมันที่เพิ่มขึ้น 
จากการให้บริ"
FL-0859,ด้านประสิทธิผล อื่น ๆ                                                                               ,เทศบาลเมืองปราจีนบุรี อำเภอเมือง ปราจีนบุรี,โครงการระบบจัดการขยะมูลฝอยแบบผสมผสานของเทศบาลเมืองปราจีนบุรี,2560,,"การที่ระบบจัดการมูลฝอยแบบผสมผสานเทคโนโลยีจัดทำแผนการเฝ้าระวังผลกระทบต่อสิ่งแวดล้อมและประชาชน 
และแผนการเตรียมความพร้อมในการรองรับภาวะฉุกเฉินไม่ครบถ้วน 
เกิดจากการจัดทำแผนไม่ได้ทบทวนคู่มือการเดินระบบและบำรุงรักษาระบบจัดการขยะมูลฝอยชุมชน 
รวมทั้งลักษณะปัญหา","การจัดทำแผนการเฝ้าระวังผลกระทบต่อสิ่งแวดล้อมและประชาชน 
และแผนการเตรียมความพร้อมในการรองรับภาวะฉุกเฉินของระบบจัดการมูลฝอยแบบผสมผสานเทคโนโลยีไม่ครบถ้วน
   
จากการตรวจสอบเอกสารเกี่ยวกับแผนการเฝ้าระวังผลกระทบต่อสิ่งแวดล้อมและประชาชน 
และแผนการเตรียมความพร้อม","ให้นายกเทศมนตรีเมืองปราจีนบุรีพิจารณาดำเนินการ ดังนี้
  
1.สั่งการให้หน่วยงานที่รับผิดชอบทบทวนคู่มือปฏิบัติการในการดูแลและเดินระบบฝังกลบขยะมูลฝอย 
ของกรมควบคุมมลพิษ 
รวมทั้งลักษณะปัญหาสิ่งแวดล้อมและความเสี่ยงที่สำคัญจากการดำเนินการกำจัดขยะมูลฝอยแบบฝังกลบ ","การที่ระบบจัดการมูลฝอยแบบผสมผสานเทคโนโลยีจัดทำแผนการเฝ้าระวังผลกระทบต่อสิ่งแวดล้อมและประชาชน 
และแผนการเตรียมความพร้อมในการรองรับภาวะฉุกเฉินไม่ครบถ้วน 
จะส่งผลทำให้ไม่มีข้อมูลลักษณะปัญหาสิ่งแวดล้อมที่สำคัญที่ส่งผลกระทบต่อสิ่งแวดล้อมและประชาชน 
และไม่มีแนว"
FL-0860,ด้านประสิทธิผล อื่น ๆ                                                                               ,สำนักนายกรัฐมนตรี,กองทุนหมู่บ้านและชุมชนเมืองแห่งชาติ,2561,,"1.	สถาบันการเงินชุมชนต้นแบบส่วนใหญ่ยังไม่เปิดดำเนินการ (บัญชีที่ 5) 
และมีสถาบันการเงินชุมชนต้นแบบและนำร่องบางแห่งหยุดดำเนินการ (บัญชีที่ 5) 

2.
สถาบันการเงินชุมชนบางแห่งอาจดำเนินการยังไม่เป็นไปตามมาตรฐานที่กำหนด 
รวมถึงยังไม่มีกฎหมายรองรับการดำเนินงานขอ","สถาบันการเงินชุมชนที่สุ่มตรวจสอบบางแห่งยังขาดศักยภาพและความพร้อมในการดำเนินงานให้เป็นไปตามวัตถุประสงค์ 
ส่วนใหญ่ไม่ได้เปิดดำเนินการ และบางแห่งหยุดดำเนินการ
","สำนักงานการตรวจเงินแผ่นดินมีข้อเสนอแนะให้ผู้อำนวยการสำนักงานกองทุนหมู่บ้านและชุมชนเมืองแห่งชาติ 
พิจารณาดำเนินการดังนี้
 1. ติดตาม ประเมินผลการดำเนินงานของสถาบันการเงินชุมชนที่จัดตั้ง 
โดยร่วมกับหน่วยงานภาคีที่เกี่ยวข้องโดยเฉพาะสถาบันการเงิน 
เพื่อให้ทราบ",
FL-0861,ด้านประสิทธิผล อื่น ๆ                                                                               ,กรมศิลปากร,การพัฒนาและส่งเสริมงานพิพิธภัณฑสถานแห่งชาติเพื่อการอนุรักษ์ศิลปวัฒนธรรมและเพิ่มศักยภาพการท่องเที่ยว,2560,,"สาเหตุสำคัญที่ทำให้พิพิธภัณฑสถานแห่งชาติมีการปฏิบัติไม่เป็นไปตามคู่มือการจัดทำทะเบียนโบราณวัตถุ 
ศิลปวัตถุ มีดังนี้
1.ภัณฑารักษ์หรือเจ้าหน้าที่ที่มีหน้าที่รับผิดชอบในการบันทึกข้อมูล 
การควบคุมการเคลื่อนย้าย และการตรวจสอบจำนวนโบราณวัตถุ ศิลปวัตถุ 
ในพิพิธภ","1.การบันทึกข้อมูล การควบคุมการเคลื่อนย้าย และการตรวจสอบจำนวนโบราณวัตถุ 
ศิลปวัตถุ ของพิพิธภัณฑสถานแห่งชาติ ในระหว่างปีงบประมาณ พ.ศ. 2556 - 2558 
ยังไม่เป็นไปตามคู่มือที่กำหนด สรุปสาระสำคัญดังนี้
1.1การบันทึกข้อมูลโบราณวัตถุ ศิลปวัตถุ
1.1.1พิพิธภัณฑสถานแห่","เพื่อให้การจัดทำทะเบียนโบราณวัตถุ 
ศิลปวัตถุของพิพิธภัณฑสถานแห่งชาติเป็นไปตามคู่มือจัดทำทะเบียนโบราณวัตถุ 
ศิลปวัตถุ อย่างมีประสิทธิภาพ ประสิทธิผล สำนักงานการตรวจเงินแผ่นดินจึงม
ข้อเสนอแนะให้อธิบดีกรมศิลปากรพิจารณาดำเนินการดังนี้
1.กำชับให้ผู้อำนวยการหรือ","จากการที่พิพิธภัณฑสถานแห่งชาติมีการบันทึกข้อมูล การควบคุมการเคลื่อนย้าย 
และการตรวจสอบจำนวนโบราณวัตถุ ศิลปวัตถุ 
ในพิพิธภัณฑสถานแห่งชาติยังไม่เป็นไปตามคู่มือการจัดทำทะเบียนโบราณวัตถุ 
ศิลปวัตถุ ที่กำหนด 
ส่งผลกระทบทำให้พิพิธภัณฑสถานแห่งชาติไม่มีหลักฐานทะเ"
FL-0862,ด้านประสิทธิผล อื่น ๆ                                                                               ,สำนักงานคณะกรรมการคุ้มครองผู้บริโภค,การคุ้มครองผู้บริโภคของสำนักงานคณะกรรมการคุ้มครองผู้บริโภค,2560,,"1. โครงสร้างของคณะอนุกรรมการคุ้มครองผู้บริโภคประจำจังหวัดไม่เหมาะสม
2. บทบาทของคณะอนุกรรมการคุ้มครองผู้บริโภคในส่วนภูมิภาคและส่วนท้องถิ่น
ทับซ้อนกับภารกิจของหน่วยราชการในส่วนภูมิภาคและองค์กรปกครองส่วนท้องถิ่น
3. สคบ. ไม่ได้กำหนดแผนการดำเนินงานของคณะอนุกรร","การส่งเสริมการดำเนินงานคุ้มครองผู้บริโภคในส่วนภูมิภาคและส่วนท้องถิ่น
ไม่ประสบผลสำเร็จ
","ตามข้อเสนอแนะข้อ 1
","1. ผู้บริโภคที่อยู่ในส่วนภูมิภาคยังไม่ได้รับการคุ้มครอง 
มีความเสี่ยงที่จะถูกเอาเปรียบจากผู้ประกอบการ 
รวมถึงไม่ได้รับการส่งเสริมประชาสัมพันธ์ให้รู้จักและตระหนักถึงสิทธิของผู้บริโภค
2. ส่งผลให้การใช้งบประมาณในการส่งเสริมการดำเนินงานคุ้มครองผู้บริโภค
ในส่ว"
FL-0863,ด้านประสิทธิผล อื่น ๆ                                                                               ,สำนักงานเขตพื้นที่การศึกษามัธยมศึกษา เขต 13,โครงการบริหารจัดการเงินรายได้สถานศึกษาของโรงเรียนในสังกัดสำนักงานเขตพื้นที่การศึกษามัธยมศึกษาเขต 12และเขต13,2559,,"1. โรงเรียนเก็บเงินนอกระบบเพื่อความสะดวก คล่องตัวในการเบิกจ่าย
2. โรงเรียนเก็บเงินนอกระบบเพื่อนำไปใช้ในรายการที่กฎหมาย ระเบียบ ข้อบังคับ
และหรือหนังหนังสือสั่งการไม่อนุญาติให้จ่ายได้
3. ผู้บริหารและข้าราชการขาดซึ่งความรับผิดชอบในการปฏิบัติตามระบเีบยบ
กฎหม","3.ข้อตรวจพบอื่นๆ 
","สั่งการให้สถานศึกษาในสังกัดทั้งหมดดำเนินการตามระเบียบที่เกี่ยข้อง
","การบริหารจัดการเงินรายได้สถานศึกษาไม่เป็นไปตามกฎหมาย ระเบียบ คำสั่ง 
และประกาศที่เกี่ยวข้อง ทำให้เกิดการไม่ประหยัด ไม่คุ้มค่า 
ไม่เกิดประโยชน์เท่าที่ควร 
เกิดการสูญเปล่าและเสียโอกาสในการนำงเินดังกล่าวไปใช้ในการพัฒนาการศึกษา
"
FL-0864,ด้านประสิทธิผล อื่น ๆ                                                                               ,สำนักชลประทานที่ 13 จังหวัดกาญจนบุรี,โครงการก่อสร้างสถานีสูบน้ำด้วยไฟฟ้าพร้อมระบบส่งน้ำ,2558,,"1. ภายหลังจาก อบต. ช่องสะเดา 
รับมอบสถานีสูบน้ำด้วยไฟฟ้าพร้อมระบบส่งน้ำบ้านหมอเฒ่า เมื่อปี พ.ศ. 2553 
และได้ทดสอบระบบส่งน้ำเพื่อให้มั่นใจว่าการส่งน้ำไม่มีปัญหาใด ๆ ในปี พ.ศ. 
2555 
กลุ่มสมาชิกผู้ใช้น้ำเริ่มรวมตัวกันขอให้เปิดเครื่องสูบน้ำเพื่อส่งน้ำเข้าพื้","ข้อตรวจพบที่ 1 
สถานีสูบน้ำด้วยไฟฟ้าพร้อมระบบส่งน้ำที่โครงการชลประทานกาญจนบุรีก่อสร้าง
                    แล้วเสร็จบางแห่งไม่ได้ใช้ประโยชน์ 
หรือใช้ประโยชน์อยู่ในเกณฑ์ต่ำ
		1. 
สถานีสูบน้ำด้วยไฟฟ้าพร้อมระบบส่งน้ำที่ก่อสร้างแล้วเสร็จบางแห่งไม่ได้ใช้ประโยช","เพื่อให้สถานีสูบน้ำด้วยไฟฟ้าที่โครงการชลประทานกาญจนบุรีก่อสร้าง 
มีความครบถ้วน ถูกต้อง สามารถใช้ประโยชน์ได้อย่างมีประสิทธิภาพ 
และการใช้จ่ายเงินงบประมาณเป็นไปอย่างคุ้มค่า 
รวมทั้งการบริการจัดการเป็นไปอย่างมีประสิทธิภาพ 
ตลอดจนการจ่ายเงินอุดหนุนเป็นไปอย่าง","ทำให้งบประมาณสูญเปล่า จำนวน 14,691,033.22 บาท ประกอบด้วย 
ค่าก่อสร้างสถานีสูบน้ำด้วยไฟฟ้า จำนวน 14,629,400.00 บาท และค่ากระแสไฟฟ้า 
จำนวน 61,633.22 บาท ในจำนวนนี้เป็นค่ารักษามิเตอร์ไฟฟ้า จำนวน 334.10 
บาท/เดือน ตั้งแต่เดือนมีนาคม 2556 - พฤษภาคม 2558 รวม 2"
FL-0865,ด้านประสิทธิผล อื่น ๆ                                                                               ,สำนักงานธนารักษ์พื้นที่นครสวรรค์,การบริหารการจัดเก็บรายได้ของสำนักงานธนารักษ์พื้นที่นครสวรรค์,2559,,"การบริหารการจัดเก็บรายได้ของสำนักงานธนารักษ์พื้นที่นครสวรรค์ไม่มีประสิทธิภาพและไม่เป็นไปตามกฎ 
ระเบียบ หลักเกณฑ์ และคำสั่ง เกิดจากสาเหตุสำคัญดังต่อไปนี้
1. ผู้บริหารไม่ให้ความสำคัญในการกำกับดูแลเจ้าหน้าที่ให้ปฏิบัติตามกฎ 
ระเบียบต่างๆ ของกรมธนารักษ์โดยเฉพ","ข้อตรวจพบ : 
การบริหารการจัดเก็บรายได้ของสำนักงานธนารักษ์พื้นที่นครสวรรค์ไม่มีประสิทธิภาพ
และไม่เป็นไปตามกฎ ระเบียบ หลักเกณฑ์และคำสั่งที่เกี่ยวข้อง 
1. 
การจัดหาประโยชน์โดยการจัดให้เช่าของสำนักงานธนารักษ์พื้นที่นครสวรรค์ยังไม่มีประสิทธิภาพ 
1. 
การจัดหาปร","1. ตรวจสอบข้อเท็จจริงในกรณีต่างๆ ที่เกิดขึ้นโดยเฉพาะกรณีตามภาคผนวกที่ 8 
หากเกิดจากเจ้าหน้าที่กระทำหรือละเว้นกระทำในลักษณะการฝ่าฝืนหรือหลีกเลี่ยงหรือละเลยการปฏิบัติหน้าที่ตามกฎหมายและระเบียบที่เกี่ยวข้องทำให้ราชการเสียหาย 
ขอให้หาผู้รับผิดชดใช้ทางละเมิดแล","1. สธพ.นครสวรรค์ ไม่สามารถบริหารจัดการที่ราชพัสดุด้านการปกครอง การดูแล 
การบำรุงรักษา 
จากกรณีตามข้อตรวจพบหากมีการดำเนินการอย่างครบถ้วนถูกต้องจะทำให้มีรายได้เพิ่มขึ้นอีกจำนวนมากและไม่สามารถพัฒนาศักยภาพที่ราชพัสดุโดยการสร้างรายได้เข้ารัฐและเพิ่มมูลค่าทรัพย"
FL-0866,ด้านประสิทธิผล อื่น ๆ                                                                               ,สำนักงานเกษตรและสหกรณ์จังหวัดสมุทรสาคร, การใช้จ่ายงบประมาณรายจ่ายประจำปีงบกลางรายการเงินสำรองจ่ายเพื่อกรณีฉุกเฉินหรือจำเป็น ของสำนักงานเก,2559,,"การดำเนินโครงการไม่บรรลุวัตถุประสงค์ที่กำหนดไว้ เกิดจากสาเหตุสำคัญ ดังนี้
๑.	
ขาดการเตรียมความพร้อมของสถานที่และเรือประมงที่จะใช้ในการดำเนินโครงการ 
โดยจากการตรวจสอบ พบว่า 
โครงการจัดตั้งนิคมการผลิตกล้วยไม้เพื่อการส่งออกสมุทรสาคร ประสบปัญหา 
ในการจัดหาสถา","การดำเนินโครงการทั้ง ๓ โครงการ มีวัตถุประสงค์หลักที่สำคัญเหมือนกันคือ 
ต้องการช่วยเหลือกลุ่มเกษตรกรในการพัฒนาอาชีพและส่งเสริมรายได้ 
โดยมีการวางรูปแบบการดำเนินโครงการคล้ายกัน คือ 
มีการส่งเสริมอาชีพให้กับกลุ่มเกษตรกรด้วยการสนับสนุน 
อาคารสิ่งก่อสร้างเครื่","เพื่อให้การดำเนินโครงการบรรลุวัตถุประสงค์ที่กำหนดไว้ 
สำนักงานการตรวจเงินแผ่นดิน
มีข้อเสนอแนะให้สำนักงานเกษตรและสหกรณ์จังหวัดสมุทรสาคร ดำเนินการดังนี้
๑.	
หาแนวทางในการใช้ประโยชน์จากสิ่งก่อสร้างตามโครงการให้เป็นไปตามวัตถุประสงค์          
ที่กำหนดไว้โดยเร","การดำเนินโครงการไม่บรรลุวัตถุประสงค์ที่กำหนดไว้ ส่งผลกระทบดังนี้
๑.	การใช้จ่ายงบประมาณรวมทั้งสิ้น จำนวน ๒๙,5๑3,933.22 บาท 
เป็นไปอย่างไม่คุ้มค่า 
ทั้งในส่วนโครงการจัดตั้งนิคมการผลิตกล้วยไม้เพื่อการส่งออกสมุทรสาคร 
จำนวนเงิน ๒๓,๘๘๘,๐๖8.๒๒ บาท ซึ่งใช้ในการก"
FL-0867,ด้านประสิทธิผล อื่น ๆ                                                                               ,สำนักงานสถิติจังหวัด ชลบุรี,การบริหารจัดการศูนย์การเรียนรู้ICTชุมชน ภาคตะวันออก,2559,,"1.สาเหตุในระดับพื้นที่จัดตั้งศูนย์ฯ
1.1 ชุมชนที่จัดตั้งศูนย์
1.1.1การดำเนินการจัดตั้งศูนย์ฯ ส่วนใหญ่ขาดการมีส่วนร่วมของประชาชน
1.1.2ชุมชนส่วนใหญ่ขาดการดำเนินกิจกรรมของกลุ่มอย่างต่อเนื่อง
1.2 หน่วยงานการบริหารจัดการ และศูนยฯ
1.2.1ศูนย์ฯ ที่บริหารจัดการโดยช","ศูนย์การเรียนรู้ ICT ชุมชนยังไม่สามารถบริหารจัดการให้เกิดความยั่งยืน
","สถิติจังหวัดพิจารณาดำเนินการ ดังนี้
1.1 
แจ้งให้หน่วยงานที่รับผิดชอบบริหารจัดการศูนย์ฯทราบถึงวัตถุประสงค์และจุดมุ่มหมายของการจัดตั้งศูนย์ฯ 
กลักการและแนวทางการบริหารจัดการที่กระทรวงเทคโนโลยีฯกำหนด
1.2ดำเนินการในส่วนที่เกี่ยวข้องตามแนวทางหรือปฏิบัติตามอำนา","1.ด้านงบประมาณ
1.1สูญเสียงบประมาณในการจัดตั้ง 
1.2ครุภัณฑ์คอมพิวเตอร์เสื่อมสภาพ ชำรุดเสียหายจากการไม่ได้ใช้งาน
1.3การบริหารจัดการที่ไม่สามารถพึ่งพาตนเองได้ทำให้เป็นภาระด้านงบประมาณให้กับหน่วยงานที่เกี่ยวข้อง
2.ด้านการพัฒนา
2.1 ประชาชนกลุ่มต่างๆ ในชุมชนเสี"
FL-0868,ด้านประสิทธิผล อื่น ๆ                                                                               ,สำนักงานคณะกรรมการสุขภาพแห่งชาติ,การดำเนินงานสำนักงานคณะกรรมการสุขภาพแห่งชาติ,2559,,"เนื่องจากในบางจังหวัดบุคลากรทุกภาคส่วนที่ได้รับมอบหมายหน้าที่ยังไม่มีความพร้อม
และไม่สามารถกำหนดหรือจัดกลุ่มบุคลากรเพื่อเข้ามาเป็นองค์ประกอบให้ครบตามระดับ
สมัชชาสุขภาพจังหวัดและนโยบายการสนับสนุนการจัดสมัชชาสุขภาพเฉพาะจังหวัดตามโครงการ
พัฒนาสมัชชาสุขภาพเฉพ","ข้อตรวจพบที่ 2 ผลการดำเนินงานการจัดกระบวนการสมัชชาสุขภาพพื้นที่ยังไม่เป็นไปตาม
เป้าหมายตัวชี้วัดของแผนงาน
","1.ทบทวนการสนับสนุนการจัดกระบวนการสมัชชาสุขภาพในระดับพื้นที่ให้มีความเหมาะสม 
สอดคล้องกับการดำเนินงานและศักยภาพในแต่ละพื้นที่ในกรณีจังหวัดที่ไม่สามารถ
สนับสนุนได้ โดยอาจพิจารณาถึงการพัฒนาระบบการจัดสมัชชาสุขภาพจังหวัดตามความพร้อม
ของกลุ่มบุคลากรที่จะเข้ามาม","1.การพัฒนาสมัชชาสุขภาพที่ยังไม่เป็นไปตามเป้าหมายและยังไม่ได้รับข้อเสนอ
เชิงนโยบายจะส่งผลต่อการยกระดับสมัชชาสุขภาพจังหวัดเพื่อพัฒนาให้ถึงระดับ
การเป็นเครื่องมือในการพัฒนานโยบายสาธารณะเพื่อสุขภาพแบบมีส่วนร่วมเพื่อนำ
ไปสู่การมีสุขภาพหรือสุขภาวะของประชาชนในระ"
FL-0870,ด้านประสิทธิผล อื่น ๆ                                                                               ,ที่ทำการปกครองจังหวัดพัทลุง,โครงการสนับสนุนการบูรณาการและการขับเคลื่อนนโยบายในระดับอำเภอปีงบประมาณ พ.ศ.2556,2558,,"1.ไม่กำหนดระยะเวลาเริ่มต้นปละส้ินสุดการรายงานให้ชัดเจน 
ทำให้ที่ทำการปกครองอำเภอมีการรายงานผลไม่เป็นไปในทิศทางเดียวกัน
2. การกำหนดประเภทของโครงการไม่มีความชัเจน
3. แนวทางปฏิบัติในการตรวจติดตาามให้คำแนะนำการดำเนินโครงการไม่ชัดเจน 
ไม่สามรถนำผลการตรวจติดตาม","การรายงานผลการดำเนินโครงการไม่เป็นไปตามหลักเกณฑ์ที่กำหนด
","1.ให้ ปลัดจังหวัดติดตามผลการดำเินนงานอย่างเคร่งครัด
2.ให้ อธิบดีกรมการปกครอง 
กำหนดระยะเวลาการรายงานผลการดำเนินโครงการให้มีความชัดเจน 
กำหนดหลักเกณฑ์การจัดประเภทโครงการให้ชัดเจน 
เพื่อประโยชน์ในการรายงานผลที่ถูกต้องครบถ้วน และเป็นไปในแนวทางเดียวกัน
3.กำหน","1. การรายงานผลไม่เป็นไปในทิศทางเดียวกัน 
ทำให้หน่วยงานที่เกี่ยวข้องไม่สามารถนำผลการดำนเนินงานไปใช้เป็นเครื่องมือในการ
วางแผนออกติดตามให้คำแนะนำได้อย่างเหมาะสม
2. การไม่รายงานผลตามระยะเวลาที่กำหนดและขาดความต่อเนื่อง 
ทำให้ไม่ทราบข้อมูลความก้าวหน้าของโครงกา"
FL-0871,ด้านประสิทธิผล อื่น ๆ                                                                               ,สำนักงานเกษตรจังหวัดพะเยา,การส่งเสริมอาชีพใหม่เพื่อสนับสนุนฐานเศรษฐกิจ GMS(ส่งเสริมการปลูกยางพารา),2558,,"สาเหตุ
1.	กรณีผลการตรวจสอบข้อที่ 1 
คุณสมบัติของเกษตรกรที่เข้าร่วมกิจกรรมสนับสนุนกล้าพันธุ์ยางพาราไม่เป็นไปตามหลักเกณฑ์เงื่อนไขที่กำหนดไว้ 
เกิดจากการที่เจ้าหน้าที่ผู้รับผิดชอบในการพิจารณาคัดเลือกเกษตรกรไม่ดำเนินการคัดเลือกเกษตรกรและตรวจสอบหลักฐานเอกสารปร","ประเด็นข้อตรวจพบที่ 1 
การพิจารณาคัดเลือกเกษตรกรเพื่อเข้าร่วมกิจกรรมสนับสนุนกล้าพันธุ์ยางพารา 
ไม่เป็นไปตามหลักเกณฑ์เงื่อนไขที่กำหนดไว้

ข้อตรวจพบ 
1. จากการสุ่มตรวจสอบเอกสารใบสมัครเข้าร่วมกิจกรรมสนับสนุนกล้าพันธุ์ยางพารา  จำนวน  
105 ราย พบว่ามีเกษตรกรจำ","ข้อเสนอแนะ
สำนักงานการตรวจเงินแผ่นดิน โดยสำนักตรวจสอบพิเศษภาค 9 มีข้อเสนอแนะให้
1.	เกษตรจังหวัดพะเยา พิจารณาดำเนินการดังนี้
1.1	กรณีผลการตรวจสอบข้อที่ 1 
กำชับให้เจ้าหน้าที่ผู้รับผิดชอบในการพิจารณาคัดเลือกเกษตรกรเพื่อเข้าร่วมกิจกรรม 
พิจารณาคุณสมบัติของเก","ผลกระทบ
1.	กรณีอนุมัติให้เกษตรกรซึ่งไม่มีเอกสารสิทธิ์มาสมัครเข้าร่วมโครงการ 
ทำให้โครงการไม่บรรลุวัตถุประสงค์ในการเพิ่มพื้นที่ป่าและเป็นเหตุให้เกษตรกรบุกรุกพื้นที่เพื่อปลูกยางพาราในเขตพื้นที่ป่าสงวนแห่งชาติ
2.	
กรณีอนุมัติให้เกษตรกรนำพื้นที่ที่มีเอกสารสิท"
FL-0872,ด้านประสิทธิผล อื่น ๆ                                                                               ,สำนักงานจังหวัด ชลบุรี,โครงการภายใต้แผนพัฒนาจังหวัดและกลุ่มจังหวัดภาคตะวันออกตามหลักธรรมาภิบาล,2558,,"1. หน่วยงานผู้รับผิดชอบโครงการ
   1) เจ้าหน้าที่ผู้รับผิดชอบโครงการหรือผู้ที่ได้รับมอบหมายกิจกรรมต่าง ๆ 
ยังขาดความเข้าใจในการนำหลักธรรมาภิบาลมาประยุกต์ใช้ในการดำเนินงานโครงการหรือ
ใช้ในการปฏิบัติหน้าที่ที่ได้รับมอบหมาย
   2) ขาดแนวทางหรือมาตรการส่งเสริมก","การดำเนินงานโครงการภายใต้แผนพัฒนาจังหวัดและกลุ่มจังหวัดภาคตะวันออกยัง
ไม่สอดคล้องตามหลักธรรมาภิบาล จำแนกรายโครงการดังนี้
1. โครงการเพิ่มประสิทธิภาพพื้นที่จัดการทรัพยากรน้ำและสิ่งแวดล้อม 
เพื่อแก้ไขปัญหาวิกฤตน้ำจากอุทกภัยและภัยแล้งลุ่มน้ำชายฝั่งทะเลตะวันออ","1. หน่วยงานผู้รับผิดชอบโครงการ ดำเนินการดังนี้
   1) แก้ไขปัญหาที่เกิดขึ้นทั้งเรื่องคุณภาพผลผลิต การใช้ประโยชน์และการบริหาร
จัดการเพื่อให้การดำเนินงานโครงการเป็นไปตามวัตถุประสงค์อย่างมีประสิทธิภาพและ
ประสิทธิผล
   2) สร้างความเข้าใจและค่านิยมในการนำหลักธร","1. การดำเนินงานที่ไม่สอดคล้องตามหลักประสิทธิภาพส่งผลกระทบต่อประสิทธิภาพ
การดำเนินงานโครงการโดยเฉพาะด้านความประหยัดในการใช้จ่ายงบประมาณ
2. การดำเนินงานที่ไม่สอดคล้องตามหลักประสิทธิผลส่งผลกระทบต่อการบรรลุเป้าหมาย 
วัตถุประสงค์ ทั้งเชิงปริมาณและเชิงคุณภาพ ดั"
FL-0873,ด้านประสิทธิผล อื่น ๆ                                                                               ,กรมที่ดิน,การจัดการที่ดินของรัฐ,2558,,"เจ้าหน้าที่ของ อปท. บางแห่ง ไม่เข้าใจวิธีการและขั้นตอนการจัดเก็บค่าตอบแทน 
และกรณีที่มีการเปลี่ยนแปลงเขตการปกครอง เจ้าหน้าที่ของ อปท. 
ไม่ได้ทำความเข้าใจกับประชาชน
ผู้ได้รับอนุญาต

","องค์กรปกครองส่วนท้องถิ่น (อปท.) 
ที่ดูแลที่ดินสาธารณประโยชน์ไม่เรียกเก็บค่าตอบแทนตามมาตรา 9/1 แห่ง	
ประมวลกฎหมายที่ดินและระเบียบที่เกี่ยวข้อง 
	อปท. 
ที่ดูแลที่ดินสาธารณประโยชน์ไม่เรียกเก็บค่าตอบแทนจากการอนุญาตใช้ประโยชน์ 
ซึ่งกำหนดต้องมีการออกข้อบัญญัติท","1.	แจ้ง อปท. ดำเนินการตามวิธีการและขั้นตอนในมาตรา 9/1 
แห่งประมวลกฎหมายที่ดินและระเบียบที่เกี่ยวข้องโดยเคร่งครัด 
2.	แจ้ง อปท. ทำความเข้าใจกับผู้ได้รับอนุญาตถึงวิธีการ 
 ขั้นตอนในการจัดเก็บค่าตอบแทน กรณีมีการเปลี่ยนแปลงเขตปกครอง 

","อปท. 
สูญเสียรายได้ค่าตอบแทนจากผู้ได้รับหนังสืออนุญาตให้ใช้ประโยชน์ในที่ดินสาธารณประโยชน์ 
เพื่อนำไปใช้ในกิจการตามอำนาจหน้าที่ และ อบจ. 
สูญเสียรายได้ค่าตอบแทนจากผู้ได้รับหนังสืออนุญาตให้ใช้ประโยชน์ในที่ดินสาธารณประโยชน์เพื่อนำไปพัฒนาและแก้ไขปัญหาให้กับปร"
FL-0975,ด้านประสิทธิภาพและความประหยัด                                                                       ,สำนักงานจังหวัดสงขลา,โครงการเพิ่มประสิทธิภาพการผลิตยางพาราเพื่อสร้างมูลค่าเพิ่ม,2562,,"1.แบบก่อสร้างไม่สมบูรณ์ กรณีการก่อสร้างโรงงานน้ำยางข้น 
ของสหกรณ์การเกษตรจะนะจำกัด
2.การขาดการประสานงานระหว่างการจัดหาครุภัณฑ์ที่จัดซื้อแยกกับสัญญาจ้างก่อสร้าง
3.การขาดการเร่งรัดติดตามอย่างต่อเนื่อง 
กรณีการก่อสร้างโรงเรือนและบ่อรวบรวมน้ำยางสดของสหกรณ์การ","การก่อสร้างโครงการเป็นไปอย่างไม่มีประสิทธิภาพเท่าที่ควร
","ข้อเสนอแนะต่อผู้ว่าราชการจังหวัดสงขลา ดังนี้
1.ในขั้นตอนการเสนอโครงการ ควรกำชับให้หน่วยงานที่รับผิดชอบจัดทำและตรวจสอบ
แบบก่อสร้างให้มีความสมบูรณ์สำหรับใช้ในการก่อสร้างโครงการ
2.กรณีโครงการมีสัญญาการจัดหาพัสดุมากกว่า 1 สัญญา 
ควรแต่งตั้งบุคคลหรือคณะบุคคลเพ","ส่งผลให้สถาบันเกษตรกรที่ได้รับการสนับสนุนสูญเสียโอกาสที่จะได้ใช้ประโยชน์
จากโครงการตามวัตถุประสงค์ภายในระยะเวลาที่กำหนด 
ทำให้การเบิกจ่ายงบประมาณล่าช้า 
และกระทบโดยตรงต่อการใช้จ่ายงบประมาณของภาครัฐที่มีวัตถุประสงค์หลักสำคัญประการหนึ่งคือ 
เพื่อให้เงินงบปร"
FL-0976,ด้านประสิทธิภาพและความประหยัด                                                                       ,สำนักงานท้องถิ่นจังหวัดสุราษฎร์ธานี,โครงการด้านเทคโนโลยีและการสื่อสารขององค์กรปกครองส่วนท้องถิ่นในจังหวัดสุราษฎร์ธานี,2562,,,,,
FL-0977,ด้านประสิทธิภาพและความประหยัด                                                                       ,เทศบาลเมืองกาญจนบุรี,การบริหารจัดการระบบบำบัดนำ้เสียรวมของชุมชนเทศบาลเมืองกาญจนบุรี,2562,,"1.
ปริมาณน้ำเสียที่เข้าสู่ระบบบำบัดน้ำเสียรวมของชุมชนที่มีปริมาณต่ำกว่าศักยภาพการเดินกำลัง 
ของเครื่องจักรมีสาเหตุส่วนหนึ่งมาจากท่อรวบรวมน้ำเสียอาจเกิดการชำรุด 
เสื่อมสภาพ 
หรือมีการรั่วซึมตามแนวรอยต่อของท่อที่ต่อเชื่อมกับท่อรวบรวมน้ำเสีย 
หรืออาจมีชุมชนใ","ประสิทธิภาพของการบริหารจัดการระบบบำบัดน้ำเสียรวมของชุมชนเทศบาล
 เมืองกาญจนบุรี

","1.1 
ปริมาณน้ำเสียเข้าสู่ระบบบำบัดน้ำเสียรวมของชุมชนเทศบาลเมืองกาญจนบุรีต่ำกว่ามาตรฐานศักยภาพการเดินกำลังของเครื่องจักร	
		1.1.1 
ให้เจ้าหน้าที่ผู้รับผิดชอบดำเนินการสำรวจตามแนวบริเวณท่อรวบรวมน้ำเสีย 
หากเกิดการชำรุดหรือรั่วซึมควรดำเนินการซ่อมแซมให้สามารถล","1.
ปริมาณน้ำเสียที่เข้าสู่ระบบบำบัดน้ำเสียรวมของชุมชนที่มีปริมาณต่ำกว่าศักยภาพการเดินกำลัง 
ของเครื่องจักร 
หรือกล่าวอีกนัยหนึ่งคือการสร้างระบบบำบัดน้ำเสียรวมของชุมชนเมืองเทศบาลเมืองกาญจนบุรีที่มีขนาดใหญ่เกินกว่าปริมาณน้ำเสียของชุมชนในเขตเทศบาลเมืองกาญจนบ"
FL-0978,ด้านประสิทธิภาพและความประหยัด                                                                       ,สำนักงานส่งเสริมการปกครองท้องถิ่นจังหวัดศรีสะเกษ,โครงการบริหารจัดการระบบประปาขององค์กรปกครองส่วนท้องถิ่นจังหวัดศรีสะเกษ,2562,,"การบริหารกิจการประปาไม่เป็นไปตามหลักเกณฑ์ที่กำหนด เนื่องจาก
1.  อปท. ไม่ให้ความสำคัญในศึกษาและปฏิบัติตามกฎหมาย 
ระเบียบที่เกี่ยวข้องกับการบริหารกิจการประปาและมาตรฐานระบบน้ำสะอาด 
กระทรวงมหาดไทย 
รวมทั้งมีความเข้าใจที่คลาดเคลื่อนเกี่ยวกับระบบประปาที่โอนให้","การบริหารกิจการประปาไม่เป็นไปตามหลักเกณฑ์ที่กำหนด
จากการตรวจสอบระบบประปาที่ก่อสร้างแล้วเสร็จ จำนวน 117 แห่ง ของ อปท. 30 แห่ง 
แยกเป็นระบบประปาที่ อปท. เป็นผู้บริหาร จำนวน 55 แห่ง 
และคณะกรรมการเป็นผู้บริหาร จำนวน 62 แห่ง พบว่า อปท. / คณะกรรมการ 
บริหารจัด","สำนักงานการตรวจเงินแผ่นดินมีข้อเสนอแนะ ให้ ผู้ว่าราชการจังหวัดศรีสะเกษ 
ดำเนินการ ดังนี้
1.  สั่งกำชับ อปท. 
ให้ถือปฏิบัติตามระเบียบกระทรวงมหาดไทยว่าด้วยการบริหารกิจการและบำรุงรักษาระบบประปาหมู่บ้าน 
พ.ศ. 2548 และมาตรฐานระบบน้ำสะอาดของกรมส่งเสริมการปกครอง","จากการดำเนินงานที่ไม่เป็นตามหลักเกณฑ์ที่กำหนด ส่งผลกระทบ ดังนี้
	1.  กลุ่มผู้ใช้น้ำที่ยังไม่มีการจัดตั้ง 
ทำให้ระบบประปาบางแห่งที่มีการเปิดใช้งานแล้ว มีผู้ใช้งานน้อย 
ต้นทุนการผลิตน้ำประปาสูง จัดเก็บค่าน้ำได้ไม่เพียงพอกับค่าใช้จ่าย 
ซึ่งจะเป็นภาระงบประมาณ"
FL-0979,ด้านประสิทธิภาพและความประหยัด                                                                       ,สำนักงานจังหวัดอุบลราชธานี,โครงการพัฒนาและส่งเสริมการเกษตรในกลุ่มจังหวัดภาคตะวันออกเฉีย1,2562,,"1.การกำหนดรายละเอียดและวิธีการฝึกอบรมไม่สอดคล้องกับความต้องการและความพร้อมของกลุ่มเกษตรกรเป้าหมาย 
ทำให้การใช้จ่ายงบประมาณเพื่อการฝึกอบรมไม่เกิดความคุ้มค่า
2.ความไม่พร้อมและไม่สมบูรณ์ของรายละเอียดการจัดซื้อจัดจ้างของโครงการที่ขอรับการจัดสรรงบประมาณ 
รวมทั","ตรวจพบที่ 3 การบริหารจัดการโครงการขาดประสิทธิภาพ 
3.1 
ผู้เข้าร่วมฝึกอบรมยังไม่สามารถนำความรู้ไปปฏิบัติได้และไม่สามารถยกระดับการผลิตสู่สากลได้ 
จากการตรวจสอบผู้เข้าฝึกอบรมโครงการส่งเสริมการแปรรูปสินค้าเกษตรเพิ่มมูลค่าในกลุ่มเกษตรกรและวิสาหกิจ 
จำนวน 33 กล","1.ให้หัวหน้ากลุ่มจังหวัดภาคตะวันออกเฉียงตอนล่าง 2 
พิจารณาสั่งการให้สำนักงานเกษตรจังหวัดเข้าไปให้คำแนะนำการดำเนินการเพิ่มเติมโครงการส่งเสริมการแปรรูปสินค้าเกษตรเพิ่มมูลค่าในกลุ่มเกษตรกรและวิสาหกิจเพื่อให้การใช้จ่ายงบประมาณในการฝึกอบรมของโครงการเกิดผลที่เป","1. โครงการส่งเสริมการแปรรูปสินค้าเกษตรเพิ่มมูลค่าในกลุ่มเกษตรกรและวิสาหกิจ 
การที่ผู้เข้าร่วมฝึกอบรมยังมีความรู้ไม่เพียงพอ 
และไม่สามารถนำความรู้ไปปฏิบัติได้มีผลทำให้การใช้จ่ายงบประมาณฝึกอบรมไม่เกิดความคุ้มค่า 
กลุ่มเกษตรกรยังขาดทักษะในการแปรรูปผลิตภัณฑ์ "
FL-0980,ด้านประสิทธิภาพและความประหยัด                                                                       ,องค์การบริหารส่วนจังหวัดระยอง,การบริหารจัดการศูนย์กำจัดขยะมูลฝอยรวมแบบครบวงจร จังหวัดระยอง,2562,,,"ประสิทธิภาพการบริหารจัดการศูนย์กำจัดขยะมูลฝอยรวมแบบครบวงจร จังหวัดระยอง 
๒.๑ การบริหารจัดการขยะมูลฝอยชุมชน 
๒.๑.๑ การคัดแยกขยะมูลฝอยชุมชนไม่มีประสิทธิภาพ ในปี ๒๕๖๐-๒๕๖๒ 
ศูนย์กำจัดขยะมูลฝอยรวมแบบครบวงจร จังหวัดระยอง 
มีแนวโน้มสามารถนำขยะเข้าสู่ระบบคัดแยกไ","นายกองค์การบริหารส่วนจังหวัดระยอง
๑.จัดให้มีระบบคัดแยกขยะเพิ่มขึ้น 
เพื่อให้สามารถรองรับปริมาณขยะที่รับเข้ามากำจัดในแต่ละวัน
๒.ให้มีการจัดระเบียบภายในอาคารคัดแยกขยะ 
โดยมีการจัดพื้นที่สำหรับดำเนินการในแต่ละส่วนอย่างชัดเจน
๓.มีมาตรการลดผลกระทบด้านสิ่งแวดล้",
FL-0981,ด้านประสิทธิภาพและความประหยัด                                                                       ,สถาบันพัฒนาองค์กรชุมชน (องค์การมหาชน),โครงการสนับสนุนการจัดสวัสดิการชุมชน,2562,,"จากรายละเอียดสภาพปัญหา 
กรณีที่กองทุนส่วนใหญ่มีความเสี่ยงหรือเสี่ยงสูงมากที่จะล้มเหลว 
และบางแห่งเกิดความล้มเหลว เกิดจากสาเหตุที่สำคัญ ดังนี้
1.	พอช. มีจุดอ่อนในกระบวนการบริหารการดำเนินงานและการวางระบบควบคุม 
กำกับ ดูแลการขับเคลื่อนการดำเนินงานตามโครงการ ","กองทุนสวัสดิการชุมชนที่สุ่มตรวจสอบส่วนใหญ่มีความเสี่ยงที่จะล้มเหลว   
ขาดความเข้มแข็งและยั่งยืนในการดำเนินงาน
","เพื่อให้การดำเนินงานของกองทุนประสบผลสำเร็จตามวัตถุประสงค์และมีการดำเนินงานที่เป
็นไปตามเจตนารมณ์ของการดำเนินโครงการในการสร้างหลักประกันความมั่นคงของชุมชน 
เพื่อให้เกิดความเข้มแข็งของชุมชนในการจัดการดูแลด้านสวัสดิการในชุมชนท้องถิ่น 
และให้กองทุนสามารถพึ่งต","1.	
อาจไม่เกิดความคุ้มค่าของเงินงบประมาณที่รัฐบาลให้การสนับสนุนหรือสมทบแก่กองทุนภาย
ใต้โครงการสนับสนุนการจัดสวัสดิการชุมชน 
และงบประมาณจากองค์กรปกครองส่วนท้องถิ่นหรือหน่วยงานที่เกี่ยวข้อง 
รวมถึงเงินสมทบจากสมาชิกกองทุนส่วนใหญ่ไม่ได้ปิดประกาศเปิดเผยข้อมูลผ"
FL-0982,ด้านประสิทธิภาพและความประหยัด                                                                       ,กรมส่งเสริมการปกครองท้องถิ่น,การดำเนินงานด้านผู้พิการและผู้ด้อยโอกาสทางสังคมขององค์กรปกครองส่วนท้องถิ่น,2563,,"1. กรมส่งเสริมการปกครองท้องถิ่นขาดการติดตามประเมินผลการดำเนินงานตามตัวชี้วัด
ขั้นพื้นฐาน ตามมาตรฐานการส่งเสริมและพัฒนาคุณภาพชีวิตคนพิการ
2. องค์กรปกครองส่วนท้องถิ่นที่ตรวจสอบส่วนใหญ่ยังไม่ได้ให้ความสำคัญกับการ
ดำเนินงานด้านการส่งเสริมและพัฒนาคุณภาพชีวิตคน","องค์กรปกครองส่วนท้องถิ่นดำเนินงานส่งเสริมและพัฒนาคุณภาพชีวิตคนพิการไม่เป็นไปตาม
แนวทางการส่งเสริมและพัฒนาคุณภาพชีวิตคนพิการที่กำหนด
","1.กำกับดูแลและกำชับให้องค์กรปกครองส่วนท้องถิ่นให้ความสำคัญกับการส่งเสริม
และพัฒนาคุณภาพชีวิตคนพิการและดำเนินการให้เป็นไปตามมาตรฐานและตัวชี้วัด
ขั้นพื้นฐานที่กำหนด โดยเฉพาะการดำเนินการตามตัวชี้วัดขั้นพื้นฐานที่มีความสำคัญ
และเป็นภารกิจพื้นฐานตามกฎหมายที่อง","1.กรณีองค์กรปกครองส่วนท้องถิ่นไม่มีแผนงานหรือโครงการส่งเสริมและพัฒนาคุณภาพ
ชีวิตคนพิการหรือไม่ได้ดำเนินการตามแผนงาน โครงการ หรือกิจกรรมที่จัดทำไว้ 
ทำให้องค์กรปกครองส่วนท้องถิ่นนั้น ๆ ขาดทิศทางและแนวทางในการส่งเสริมและพัฒนา
คุณภาพชีวิตคนพิการในพื้นที่ที่จ"
FL-0983,ด้านประสิทธิภาพและความประหยัด                                                                       ,กรมส่งเสริมการปกครองท้องถิ่น,การดำเนินงานด้านผู้สูงอายุขององค์กรปกครองส่วนท้องถิ่น,2563,,"สาเหตุ
1. กรมส่งเสริมการปกครองท้องถิ่นขาดการกำกับดูแลให้องค์กรปกครองส่วนท้องถิ่น
ดำเนินงานด้านผู้สูงอายุตามตัวชี้วัดขั้นพื้นฐานที่กำหนดไว้ในมาตรฐาน
การสงเคราะห์ผู้สูงอายุ
2. องค์กรปกครองส่วนท้องถิ่นยังไม่ได้ให้ความสำคัญกับการเตรียมความพร้อมของประชาชน
ก่อน","องค์กรปกครองส่วนท้องถิ่นส่วนใหญ่ขาดการเตรียมความพร้อมของประชากรเพื่อวัยสูงอายุ
และองค์กรปกครองส่วนท้องถิ่นส่วนใหญ่ไม่จัดทำและพัฒนาระบบข้อมูลผู้สูงอายุ
ตามยุทธศาสตร์การเผยแพร่องค์ความรู้ด้านผู้สูงอายุ 

"," ผู้ว่าการตรวจเงินแผ่นดินเห็นควรให้อธิบดีกรมส่งเสริมการปกครองท้องถิ่นพิจารณา
ดำเนินการ ดังนี้
 1. กำชับให้องค์กรปกครองส่วนท้องถิ่นให้ความสำคัญกับการส่งเสริมและพัฒนาคุณภาพ
ชีวิตของผู้สูงอายุตามแนวทางการดำเนินงานด้านผู้สูงอายุและมาตรฐานตัวชี้วัด
ขั้นพื้นฐาน","  การที่องค์กรปกครองส่วนท้องถิ่นส่วนใหญ่ขาดการเตรียมความพร้อมของประชากร
เพื่อวัยสูงอายุส่งผลทำให้ผู้สูงอายุไม่มีความพร้อมในการดำรงชีวิตในอนาคต 
ทั้งด้านเศรษฐกิจ สังคม สุขภาพ และสภาพแวดล้อม โดยไม่สามารถปรับตัวให้เข้ากับ
บทบาททางสังคมที่เปลี่ยนแปลงไปได้อย่า"
FL-0984,ด้านประสิทธิภาพและความประหยัด                                                                       ,สำนักงานปลัดกระทรวงเทคโนโลยีและสารสนเทศ,โครงการเน็ตประชารัฐ,2563,,"สาเหตุจากการที่โครงการเน็ตประชารัฐเป็นโครงการขนาดใหญ่ของประเทศ 
มีการใช้งบประมาณในการดำเนินโครงการจำนวนสูง 
ประกอบกับที่ผ่านมากระทรวงดิจิทัลเพื่อเศรษฐกิจและสังคม
ยังไม่เคยมีการดำเนินโครงการในลักษณะเช่นนี้มาก่อน 
จึงทำให้กระทรวงดิจิทัลเพื่อเศรษฐกิจและสังคม","โครงการเน็ตประชารัฐยังไม่มีการเปิดให้ผู้ประกอบกิจการโทรคมนาคมเชื่อมต่อ
โครงข่ายแบบเปิด (Open Access Network) เพื่อให้บริการอินเทอร์เน็ตความเร็วสูง
กับประชาชนหลังจากดำเนินการวางโครงข่ายแล้วเสร็จ

","1.เปิดให้ผู้ประกอบกิจการโทรคมนาคมสามารถเข้าเชื่อมต่อโครงข่ายแบบเปิด 
(Open Access Network)ให้เป็นไปตามหลักเกณฑ์และแนวทางที่กระทรวงดิจิทัล
เพื่อเศรษฐกิจและสังคมกำหนดโดยเร็ว 
2.เร่งดำเนินการพิจารณาจัดทำรายละเอียดประกอบการจัดทำสัญญาการใช้โครงข่าย
เน็ตประชารั","1.ส่งผลให้การใช้ประโยชน์จากโครงข่ายแบบเปิดจากโครงการเน็ตประชารัฐ
อาจยังไม่คุ้มค่ากับเงินงบประมาณที่ลงทุน ซึ่งโครงการเน็ตประชารัฐ
ใช้จำนวนเงินลงทุนมากถึง 9,848.5622 ล้านบาท 
และทำให้ประชาชนเสียโอกาสในการมีทางเลือกในการใช้บริการอินเทอร์เน็ตความเร็วสูง
ในราค"
FL-0985,ด้านประสิทธิภาพและความประหยัด                                                                       ,สำนักงานมาตรฐานผลิตภัณฑ์อุตสาหกรรม,การคุ้มครองผู้บริโภคของสำนักงานมาตรฐานผลิตภัณฑ์อุตสาหกรรม,2562,,"4.1 การออกใบอนุญาตทำและนำเข้าผลิตภัณฑ์อุตสาหกรรมบางส่วนไม่เป็นไปตามหลักเกณฑ์
และวิธีการที่กำหนดผลกระทบ  
   1.เจ้าหน้าที่ของสำนักงานมาตรฐานผลิตภัณฑ์อุตสาหกรรมที่มีหน้าที่เกี่ยวข้องกับ
การพิจารณาออกใบอนุญาตไม่ได้ให้ความสำคัญอย่างเพียงพอกับการตรวจสอบเอกสารป","ข้อตรวจพบที่ 4 การดำเนินการของเจ้าหน้าที่ในการออกใบอนุญาต และการตรวจติดตาม
ภายหลังการอนุญาต

","4.1 การออกใบอนุญาตทำและนำเข้าผลิตภัณฑ์อุตสาหกรรมบางส่วนไม่เป็นไปตามหลักเกณฑ์
และวิธีการที่กำหนดผลกระทบ 
    1.สั่งการเจ้าหน้าที่ของสำนักงานมาตรฐานผลิตภัณฑ์อุตสาหกรรมที่มีหน้าที่
เกี่ยวข้องกับการพิจารณาออกใบอนุญาตให้ความสำคัญกับการตรวจสอบเอกสารประกอบคำขอ
ร",
FL-0986,ด้านประสิทธิภาพและความประหยัด                                                                       ,กรมอุทยานแห่งชาติ สัตว์ป่าและพันธุ์พืช,การอนุรักษ์ฟื้นฟูและป้องกันทรัพยากรป่าไม้,2562,,"1. สาเหตุที่ทำให้มีการปลูกป่าในพื้นที่ที่ไม่ได้มีสภาพเป็นป่าเสื่อมโทรม 
เกิดจากสาเหตุ 4 ประการ ดังนี้
	1.1 
เอกสารประกอบการรายงานการสำรวจข้อมูลพื้นที่มีรายละเอียดไม่เพียงพอที่จะใช้ประกอบการตัดสินใจ 
	จากการสัมภาษณ์พบว่า ในการกำหนดพื้นที่ที่จะฟื้นฟูสภาพป่า","1. การดำเนินกิจกรรมการปลูกและบำรุงป่า
1.1 
พื้นที่แปลงปลูกป่าที่สุ่มตรวจสอบบางแปลงไม่ได้มีสภาพเป็นป่าเสื่อมโทรมตามหลักเกณฑ์ที่กำหนด
1.2 การคัดเลือกพันธุ์ไม้ไม่เป็นไปตามหลักเกณฑ์ที่กำหนด
1.3 บริเวณพื้นที่แปลงปลูกป่าที่สุ่มตรวจสอบบางจุด 
ไม่ได้อยู่ในเขตแปลง","1.	ปรับปรุงหลักเกณฑ์การคัดเลือกพื้นที่ดำเนินการปลูกป่า 
โดยควรกำหนดให้มีการนำข้อมูลการตีความสภาพป่าจากการสำรวจระยะไกล 
เป็นข้อมูลประกอบการพิจารณา 
รวมถึงกรณีที่มีข้อสงสัยในประเด็นความสมบูรณ์ของสภาพป่า 
ควรกำหนดให้มีคณะทำงานลงไปสอบทานข้อมูลในพื้นที่ซ้ำอีกค","1.	การดำเนินการกิจกรรมปลูกป่าในพื้นที่แปลงปลูกป่าที่มีสภาพไม่เหมาะสม 
ส่งผลให้การใช้จ่ายงบประมาณไม่คุ้มค่า 
โดยต้นทุนในการปลูกและบำรุงป่าจนถึงป่าอายุ 10 ปี มีต้นทุนไร่ละ 10,960 บาท
2.	การคัดเลือกพื้นที่ที่มีสภาพเป็นป่าที่ไม่เสื่อมสภาพเพื่อนำมาปลูกป่า 
ทำใ"
FL-0987,ด้านประสิทธิภาพและความประหยัด                                                                       ,สำนักงานจังหวัดพัทลุง,โครงการผลผลิตทางการเกษตรขับเคลื่อนเศรษฐกิจเข้มแข็ง จังหวัดพัทลุง ประจำปีงบประมาณ พ.ศ.2559,2562,,"1. ผู้รับผิดชอบขาดการประชาสัมพันธ์ให้กลุ่มพืช ผัก ผลไม้ กลุ่มอื่นๆ 
ทราบและเข้าถึงการสนับสนุน วัสดุ อุปกรณ์ ครุภัณฑ์ 
เพื่อใช้ในการจัดตั้งตลาดกลาง 
เพื่อให้เกษตรกรมีการรวมกลุ่มขายเพื่อมีอำนาจต่อรองกับพ่อค้าคนกลาง
2. ความผันผวนไม่แน่นนอนของผลผลิตพืช ผัก ผล","วัสดุ ครุภัณฑ์ และสิ่งก่อสร้างบางแห่งใช้ประโยชน์อย่างไม่มีประสิทธิภาพ 
และไม่เป็นไปตามวัตถุประสงค์
","เพื่อให้โครงการ/กิจกรรมเกิดผลสัมฤทธิ์ มีประสิทธิภาพ 
สำนักงานการตรวจเงินแผ่นดินภูมิภาค ที่ 14 (จังหวัดนครศรีธรรมราช) 
มีข้อเสนอแนะให้ผู้ว่าราชการจังหวัดพัทลุง สั่งการให้ 
สำนักงานสหกรณ์จังหวัดพัทลุง และสำนักงานปศุสัตว์จังหวัดพัทลุง 
ดำเนินการดังนี้

สำนัก","1. กลุ่มเป้าหมายไม่ใช้ประโยชน์วัสดุ อุปกรณ์ ครุภัณฑ์ 
ให้เป็นไปตามวัตถุประสงค์ของโครงการ/กิจกรรม หรือใช้ประโยชน์น้อย 
ทำให้ผลการดำเนินการไม่บรรลุวัตถุประสงค์ ส่งผลให้ไม่ 
คุ้มค่าในการใช้จ่ายเงินงบประมาณ และทำให้กลุ่มเป้าหมายอื่นๆ 
เสียโอกาสการสนับสนุนจากภ"
FL-0988,ด้านประสิทธิภาพและความประหยัด                                                                       ,สำนักงานการท่องเที่ยวและกีฬาจังหวัดพิษณุโลก,โครงการตามแผนปฏิบัติราชการจังหวัด/กลุ่มจังหวัดภาคเหนือตอนล่าง 1 ยุทธศาสตร์ด้านการท่องเที่ยว,2561,,"เกิดจากการที่ไม่ได้วิเคราะห์ข้อมูลจากสภาพปัญหาหรือข้อเท็จจริง 
เพื่อนำไปกำหนดกิจกรรม/โครงการในการพัฒนาด้านการท่องเที่ยว 
ไม่ได้ศึกษาความจำเป็นและความเหมาะสมในการดำเนินโครงการ 
การดำเนินโครงการไม่ได้กำหนดหลักเกณฑ์ในการคัดเลือกกลุ่มเป้าหมาย 
หรือไม่ได้ดำเนิ","1) โครงการพัฒนาศักยภาพท่องเที่ยวและบริการแบบบูรณาการ : 
พัฒนาสมรรถนะการจัดการแหล่งท่องเที่ยวชุมชน 
แหล่งท่องเที่ยวนิเวศและเชิงประวัติศาสตร์ ของกลุ่มจังหวัดภาคเหนือตอนล่าง 1 
รับผิดชอบดำเนินการโดยมหาวิทยาลัยนเรศวร งบประมาณ ๑๘,๐๐๐,๐๐๐.-บาท
	ข้อตรวจพบที่ 1 ก","ให้มหาวิทยาลัยนเรศวร สำนักงานการท่องเที่ยวและกีฬาจังหวัดพิษณุโลก 
สำนักงานการท่องเที่ยวและกีฬาจังหวัดเพชรบูรณ์ 
สำนักงานวัฒนธรรมจังหวัดพิษณุโลก สำนักงานวัฒนธรรมจังหวัดตาก 
สำนักงานวัฒนธรรมจังหวัดสุโขทัย สำนักงานวัฒนธรรมจังหวัดเพชรบูรณ์ 
และสำนักงานเกษตรจั","การดำเนินโครงการตามแผนปฏิบัติราชการประจำปีงบประมาณ พ.ศ. 2560 
ของจังหวัด/กลุ่มจังหวัดภาคเหนือตอนล่าง 1 ยุทธศาสตร์ด้านการท่องเที่ยว 
ไม่มีประสิทธิภาพ ประสิทธิผล มีผลกระทบต่อการดำเนินโครงการ 
โดยบางโครงการผลการดำเนินการไม่เป็นไปตามตัวชี้วัดด้านรายได้ 
ไม่สา"
FL-0989,ด้านประสิทธิภาพและความประหยัด                                                                       ,สำนักงานการท่องเที่ยวและกีฬาจังหวัดพิษณุโลก,โครงการตามแผนปฏิบัติราชการจังหวัด/กลุ่มจังหวัดภาคเหนือตอนล่าง 1 ยุทธศาสตร์ด้านการท่องเที่ยว,2561,,"เกิดจากการที่ไม่ได้วิเคราะห์ข้อมูลจากสภาพปัญหาหรือข้อเท็จจริง 
เพื่อนำไปกำหนดกิจกรรม/โครงการในการพัฒนาด้านการท่องเที่ยว 
ไม่ได้ศึกษาความจำเป็นและความเหมาะสมในการดำเนินโครงการ 
การดำเนินโครงการไม่ได้กำหนดหลักเกณฑ์ในการคัดเลือกกลุ่มเป้าหมาย 
หรือไม่ได้ดำเนิ","1) โครงการพัฒนาศักยภาพท่องเที่ยวและบริการแบบบูรณาการ : 
พัฒนาสมรรถนะการจัดการแหล่งท่องเที่ยวชุมชน 
แหล่งท่องเที่ยวนิเวศและเชิงประวัติศาสตร์ ของกลุ่มจังหวัดภาคเหนือตอนล่าง 1 
รับผิดชอบดำเนินการโดยมหาวิทยาลัยนเรศวร งบประมาณ ๑๘,๐๐๐,๐๐๐.-บาท
	ข้อตรวจพบที่ 1 ก","ให้มหาวิทยาลัยนเรศวร สำนักงานการท่องเที่ยวและกีฬาจังหวัดพิษณุโลก 
สำนักงานการท่องเที่ยวและกีฬาจังหวัดเพชรบูรณ์ 
สำนักงานวัฒนธรรมจังหวัดพิษณุโลก สำนักงานวัฒนธรรมจังหวัดตาก 
สำนักงานวัฒนธรรมจังหวัดสุโขทัย สำนักงานวัฒนธรรมจังหวัดเพชรบูรณ์ 
และสำนักงานเกษตรจั","การดำเนินโครงการตามแผนปฏิบัติราชการประจำปีงบประมาณ พ.ศ. 2560 
ของจังหวัด/กลุ่มจังหวัดภาคเหนือตอนล่าง 1 ยุทธศาสตร์ด้านการท่องเที่ยว 
ไม่มีประสิทธิภาพ ประสิทธิผล มีผลกระทบต่อการดำเนินโครงการ 
โดยบางโครงการผลการดำเนินการไม่เป็นไปตามตัวชี้วัดด้านรายได้ 
ไม่สา"
FL-0990,ด้านประสิทธิภาพและความประหยัด                                                                       ,สำนักงานการท่องเที่ยวและกีฬาจังหวัดพิษณุโลก,โครงการตามแผนปฏิบัติราชการจังหวัด/กลุ่มจังหวัดภาคเหนือตอนล่าง 1 ยุทธศาสตร์ด้านการท่องเที่ยว,2561,,"เกิดจากการที่ไม่ได้วิเคราะห์ข้อมูลจากสภาพปัญหาหรือข้อเท็จจริง 
เพื่อนำไปกำหนดกิจกรรม/โครงการในการพัฒนาด้านการท่องเที่ยว 
ไม่ได้ศึกษาความจำเป็นและความเหมาะสมในการดำเนินโครงการ 
การดำเนินโครงการไม่ได้กำหนดหลักเกณฑ์ในการคัดเลือกกลุ่มเป้าหมาย 
หรือไม่ได้ดำเนิ","1) โครงการพัฒนาศักยภาพท่องเที่ยวและบริการแบบบูรณาการ : 
พัฒนาสมรรถนะการจัดการแหล่งท่องเที่ยวชุมชน 
แหล่งท่องเที่ยวนิเวศและเชิงประวัติศาสตร์ ของกลุ่มจังหวัดภาคเหนือตอนล่าง 1 
รับผิดชอบดำเนินการโดยมหาวิทยาลัยนเรศวร งบประมาณ ๑๘,๐๐๐,๐๐๐.-บาท
	ข้อตรวจพบที่ 1 ก","ให้มหาวิทยาลัยนเรศวร สำนักงานการท่องเที่ยวและกีฬาจังหวัดพิษณุโลก 
สำนักงานการท่องเที่ยวและกีฬาจังหวัดเพชรบูรณ์ 
สำนักงานวัฒนธรรมจังหวัดพิษณุโลก สำนักงานวัฒนธรรมจังหวัดตาก 
สำนักงานวัฒนธรรมจังหวัดสุโขทัย สำนักงานวัฒนธรรมจังหวัดเพชรบูรณ์ 
และสำนักงานเกษตรจั","การดำเนินโครงการตามแผนปฏิบัติราชการประจำปีงบประมาณ พ.ศ. 2560 
ของจังหวัด/กลุ่มจังหวัดภาคเหนือตอนล่าง 1 ยุทธศาสตร์ด้านการท่องเที่ยว 
ไม่มีประสิทธิภาพ ประสิทธิผล มีผลกระทบต่อการดำเนินโครงการ 
โดยบางโครงการผลการดำเนินการไม่เป็นไปตามตัวชี้วัดด้านรายได้ 
ไม่สา"
FL-0991,ด้านประสิทธิภาพและความประหยัด                                                                       ,สำนักงานการท่องเที่ยวและกีฬาจังหวัดพิษณุโลก,โครงการตามแผนปฏิบัติราชการจังหวัด/กลุ่มจังหวัดภาคเหนือตอนล่าง 1 ยุทธศาสตร์ด้านการท่องเที่ยว,2561,,"เกิดจากการที่ไม่ได้วิเคราะห์ข้อมูลจากสภาพปัญหาหรือข้อเท็จจริง 
เพื่อนำไปกำหนดกิจกรรม/โครงการในการพัฒนาด้านการท่องเที่ยว 
ไม่ได้ศึกษาความจำเป็นและความเหมาะสมในการดำเนินโครงการ 
การดำเนินโครงการไม่ได้กำหนดหลักเกณฑ์ในการคัดเลือกกลุ่มเป้าหมาย 
หรือไม่ได้ดำเนิ","1) โครงการพัฒนาศักยภาพท่องเที่ยวและบริการแบบบูรณาการ : 
พัฒนาสมรรถนะการจัดการแหล่งท่องเที่ยวชุมชน 
แหล่งท่องเที่ยวนิเวศและเชิงประวัติศาสตร์ ของกลุ่มจังหวัดภาคเหนือตอนล่าง 1 
รับผิดชอบดำเนินการโดยมหาวิทยาลัยนเรศวร งบประมาณ ๑๘,๐๐๐,๐๐๐.-บาท
	ข้อตรวจพบที่ 1 ก","ให้มหาวิทยาลัยนเรศวร สำนักงานการท่องเที่ยวและกีฬาจังหวัดพิษณุโลก 
สำนักงานการท่องเที่ยวและกีฬาจังหวัดเพชรบูรณ์ 
สำนักงานวัฒนธรรมจังหวัดพิษณุโลก สำนักงานวัฒนธรรมจังหวัดตาก 
สำนักงานวัฒนธรรมจังหวัดสุโขทัย สำนักงานวัฒนธรรมจังหวัดเพชรบูรณ์ 
และสำนักงานเกษตรจั","การดำเนินโครงการตามแผนปฏิบัติราชการประจำปีงบประมาณ พ.ศ. 2560 
ของจังหวัด/กลุ่มจังหวัดภาคเหนือตอนล่าง 1 ยุทธศาสตร์ด้านการท่องเที่ยว 
ไม่มีประสิทธิภาพ ประสิทธิผล มีผลกระทบต่อการดำเนินโครงการ 
โดยบางโครงการผลการดำเนินการไม่เป็นไปตามตัวชี้วัดด้านรายได้ 
ไม่สา"
FL-0992,ด้านประสิทธิภาพและความประหยัด                                                                       ,สำนักงานการท่องเที่ยวและกีฬาจังหวัดพิษณุโลก,โครงการตามแผนปฏิบัติราชการจังหวัด/กลุ่มจังหวัดภาคเหนือตอนล่าง 1 ยุทธศาสตร์ด้านการท่องเที่ยว,2561,,"เกิดจากการที่ไม่ได้วิเคราะห์ข้อมูลจากสภาพปัญหาหรือข้อเท็จจริง 
เพื่อนำไปกำหนดกิจกรรม/โครงการในการพัฒนาด้านการท่องเที่ยว 
ไม่ได้ศึกษาความจำเป็นและความเหมาะสมในการดำเนินโครงการ 
การดำเนินโครงการไม่ได้กำหนดหลักเกณฑ์ในการคัดเลือกกลุ่มเป้าหมาย 
หรือไม่ได้ดำเนิ","1) โครงการพัฒนาศักยภาพท่องเที่ยวและบริการแบบบูรณาการ : 
พัฒนาสมรรถนะการจัดการแหล่งท่องเที่ยวชุมชน 
แหล่งท่องเที่ยวนิเวศและเชิงประวัติศาสตร์ ของกลุ่มจังหวัดภาคเหนือตอนล่าง 1 
รับผิดชอบดำเนินการโดยมหาวิทยาลัยนเรศวร งบประมาณ ๑๘,๐๐๐,๐๐๐.-บาท
	ข้อตรวจพบที่ 1 ก","ให้มหาวิทยาลัยนเรศวร สำนักงานการท่องเที่ยวและกีฬาจังหวัดพิษณุโลก 
สำนักงานการท่องเที่ยวและกีฬาจังหวัดเพชรบูรณ์ 
สำนักงานวัฒนธรรมจังหวัดพิษณุโลก สำนักงานวัฒนธรรมจังหวัดตาก 
สำนักงานวัฒนธรรมจังหวัดสุโขทัย สำนักงานวัฒนธรรมจังหวัดเพชรบูรณ์ 
และสำนักงานเกษตรจั","การดำเนินโครงการตามแผนปฏิบัติราชการประจำปีงบประมาณ พ.ศ. 2560 
ของจังหวัด/กลุ่มจังหวัดภาคเหนือตอนล่าง 1 ยุทธศาสตร์ด้านการท่องเที่ยว 
ไม่มีประสิทธิภาพ ประสิทธิผล มีผลกระทบต่อการดำเนินโครงการ 
โดยบางโครงการผลการดำเนินการไม่เป็นไปตามตัวชี้วัดด้านรายได้ 
ไม่สา"
FL-0993,ด้านประสิทธิภาพและความประหยัด                                                                       ,ที่ทำการปกครองอำเภอบางซ้าย,โครงการนวัตกรรม วัฒนธรรมสายน้ำเจ้าพระยา-ป่าสัก เพื่อการท่องเที่ยว,2562,," 
บุคลากรของหน่วยงานขาดความรู้ความเข้าใจเกี่ยวกับการจัดซื้อจัดจ้างด้วยวิธีประกวดราคาอิเล็กทรอนิกส์ 
ทำให้การดำเนินการจัดซื้อจัดจ้างมีความล่าช้า 
ไม่สามารถดำเนินการให้แล้วเสร็จภายในระยะเวลาที่กำหนดไว้ในแผน 
บางหน่วยงานจึงต้องยกเลิกโครงการเนื่องจากไม่สามารถ","การดำเนินโครงการไม่เป็นไปตามแผนงานที่กำหนดไว้
   1.สำนักงานส่งเสริมการปกครองท้องถิ่นจังหวัดสระบุรี 
มีกิจกรรมที่ดำเนินการไม่ได้ตามแผนงาน 2 กิจกรรม คิดเป็นร้อยละ 33.33 
ของกิจกรรมตามแผนงานทั้งหมด
   2.สำนักงานเจ้าท่าภูมิภาคสาขาอยุธยา มีกิจกรรมที่ดำเนินการไ","  
1.ส่งเสริมให้บุคลากรของหน่วยงานได้เข้ารับการอบรมเกี่ยวกับการจัดซื้อจัดจ้างและการบริหารพัสดุภาครัฐ 
เพื่อให้เกิดความรู้ความเข้าใจและสามารถปฏิบัติงานได้อย่างมีประสิทธิภาพ
  
2.กำชับเจ้าหน้าที่ทุกฝ่ายที่เกี่ยวข้องกับการดำเนินโครงการให้มีการสอบทานและกลั่นก","  ทำให้ต้องยกเลิกการดำเนินกิจกรรมหรืองานภายใต้โครงการนวัตกรรมสายน้ำเจ้าพระยา-ป่าสัก 
4 กิจกรรม และ 2 งาน เป็นงบประมาณ 59,646,000 บาท 
ส่งผลให้รัฐสูญเสียโอกาสในการนำเงินงบประมาณจำนวนดังกล่าวไปใช้ในการบริหารงานด้านอื่น 
หรือนำไปสนับสนุนโครงการอื่นที่มีความจ"
FL-0994,ด้านประสิทธิภาพและความประหยัด                                                                       ,กรมควบคุมมลพิษ,การป้องกันและแก้ไขปัญหาสิ่งแวดล้อมของประเทศไทย (ครั้งที่ 3 ด้านน้ำเสีย),2562,,"การดำเนินงานกิจกรรมการบำบัดน้ำเสียชุมชนยังไม่เกิดผลสัมฤทธิ์ และไม่มีประสิทธิภาพ
 มีสาเหตุที่สำคัญ เนื่องจากองค์กรปกครองส่วนท้องถิ่นขาดความพร้อมในการจัดการ
น้ำเสียให้เกิดผลสัมฤทธิ์และมีประสิทธิภาพ โดยมีข้อจำกัดทั้งด้านงบประมาณ
ในการดำเนินการจัดการน้ำเสียชุ","ข้อตรวจพบที่ 2	การบริหารจัดการระบบบำบัดน้ำเสียรวมของชุมชนที่ก่อสร้างแล้วเสร็จ
ไม่มีประสิทธิภาพ  
     2.1 ระบบบำบัดน้ำเสียรวมของชุมชนส่วนใหญ่มีการดำเนินการบำบัดน้ำเสียได้
น้อยกว่าศักยภาพ 
     2.2 ระบบบำบัดน้ำเสียรวมของชุมชนมีโครงสร้างระบบ เครื่องจักรอุปก","สำนักงานการตรวจเงินแผ่นดินมีข้อเสนอแนะให้ปลัดกระทรวงทรัพยากรธรรมชาติและ
สิ่งแวดล้อมพิจารณาดำเนินการเพื่อให้กระทรวงทรัพยากรธรรมชาติและสิ่งแวดล้อม
เป็นหน่วยงานหลักในการดำเนินการเพื่อพิจารณาจัดทำแผนแม่บทการจัดการน้ำเสีย
ของประเทศ โดยนำเสนอรัฐบาลให้พิจารณา เห","ผลการตรวจสอบการดำเนินงานการป้องกันและแก้ไขปัญหาสิ่งแวดล้อมของประเทศไทย
ด้านน้ำเสีย ตามประเด็นข้อตรวจพบที่ 1 - 3 แสดงให้เห็นว่าการจัดการน้ำเสีย
ของประเทศโดยเฉพาะอย่างยิ่งการดำเนินงานกิจกรรมการบำบัดน้ำเสียชุมชนที่ยังไม่เกิด
ผลสัมฤทธิ์ และไม่มีประสิทธิภาพ ส่"
FL-0995,ด้านประสิทธิภาพและความประหยัด                                                                       ,กรมควบคุมมลพิษ,การป้องกันและแก้ไขปัญหาสิ่งแวดล้อมของประเทศไทย (ครั้งที่ 3 ด้านน้ำเสีย),2562,,"การดำเนินงานกิจกรรมการบำบัดน้ำเสียชุมชนยังไม่เกิดผลสัมฤทธิ์ 
และไม่มีประสิทธิภาพ มีสาเหตุที่สำคัญ เนื่องจากองค์กรปกครองส่วนท้องถิ่นขาด
ความพร้อมในการจัดการน้ำเสียให้เกิดผลสัมฤทธิ์และมีประสิทธิภาพ 
โดยมีข้อจำกัดทั้งด้านงบประมาณในการดำเนินการจัดการน้ำเสียชุ","ข้อตรวจพบที่ 2	การบริหารจัดการระบบบำบัดน้ำเสียรวมของชุมชนที่ก่อสร้างแล้วเสร็จ
ไม่มีประสิทธิภาพ  
     2.1 ระบบบำบัดน้ำเสียรวมของชุมชนส่วนใหญ่มีการดำเนินการบำบัดน้ำเสียได้
น้อยกว่าศักยภาพ
     2.2 ระบบบำบัดน้ำเสียรวมของชุมชนมีโครงสร้างระบบ เครื่องจักรอุปกร","สำนักงานการตรวจเงินแผ่นดินมีข้อเสนอแนะให้ปลัดกระทรวงทรัพยากรธรรมชาติและ
สิ่งแวดล้อมพิจารณาดำเนินการเพื่อให้กระทรวงทรัพยากรธรรมชาติและสิ่งแวดล้อม
เป็นหน่วยงานหลักในการดำเนินการเพื่อพิจารณาจัดทำแผนแม่บทการจัดการน้ำเสียของ
ประเทศ โดยนำเสนอรัฐบาลให้พิจารณา เห","ผลการตรวจสอบการดำเนินงานการป้องกันและแก้ไขปัญหาสิ่งแวดล้อมของประเทศไทย
ด้านน้ำเสีย ตามประเด็นข้อตรวจพบที่ 1 - 3 แสดงให้เห็นว่าการจัดการน้ำเสียของ
ประเทศโดยเฉพาะอย่างยิ่งการดำเนินงานกิจกรรมการบำบัดน้ำเสียชุมชนที่ยังไม่เกิด
ผลสัมฤทธิ์ และไม่มีประสิทธิภาพ ส่"
FL-0996,ด้านประสิทธิภาพและความประหยัด                                                                       ,กรมควบคุมมลพิษ,การป้องกันและแก้ไขปัญหาสิ่งแวดล้อมของประเทศไทย (ครั้งที่ 3 ด้านน้ำเสีย),2562,,"การดำเนินงานกิจกรรมการบำบัดน้ำเสียชุมชนยังไม่เกิดผลสัมฤทธิ์ และไม่มีประสิทธิภาพ
 มีสาเหตุที่สำคัญ เนื่องจากองค์กรปกครองส่วนท้องถิ่นขาดความพร้อมในการจัดการ
น้ำเสียให้เกิดผลสัมฤทธิ์และมีประสิทธิภาพ โดยมีข้อจำกัดทั้งด้านงบประมาณในการ
ดำเนินการจัดการน้ำเสียชุ","ข้อตรวจพบที่ 2	การบริหารจัดการระบบบำบัดน้ำเสียรวมของชุมชนที่ก่อสร้างแล้วเสร็จ
ไม่มีประสิทธิภาพ  
     2.1 ระบบบำบัดน้ำเสียรวมของชุมชนส่วนใหญ่มีการดำเนินการ
บำบัดน้ำเสียได้น้อยกว่าศักยภาพ 
     2.2 ระบบบำบัดน้ำเสียรวมของชุมชนมีโครงสร้างระบบ เครื่องจักรอุปก","สำนักงานการตรวจเงินแผ่นดินมีข้อเสนอแนะให้ปลัดกระทรวงทรัพยากรธรรมชาติและ
สิ่งแวดล้อมพิจารณาดำเนินการเพื่อให้กระทรวงทรัพยากรธรรมชาติและสิ่งแวดล้อม
เป็นหน่วยงานหลักในการดำเนินการเพื่อพิจารณาจัดทำแผนแม่บทการจัดการน้ำเสียของ
ประเทศ โดยนำเสนอรัฐบาลให้พิจารณา เห","ผลการตรวจสอบการดำเนินงานการป้องกันและแก้ไขปัญหาสิ่งแวดล้อมของประเทศไทย
ด้านน้ำเสีย ตามประเด็นข้อตรวจพบที่ 1 - 3 แสดงให้เห็นว่าการจัดการน้ำเสียของ
ประเทศโดยเฉพาะอย่างยิ่งการดำเนินงานกิจกรรมการบำบัดน้ำเสียชุมชนที่ยังไม่เกิด
ผลสัมฤทธิ์ และไม่มีประสิทธิภาพ ส่"
FL-0997,ด้านประสิทธิภาพและความประหยัด                                                                       ,กรมควบคุมมลพิษ,การป้องกันและแก้ไขปัญหาสิ่งแวดล้อมของประเทศไทย (ครั้งที่ 3 ด้านน้ำเสีย),2562,,"การดำเนินงานกิจกรรมการบำบัดน้ำเสียชุมชนยังไม่เกิดผลสัมฤทธิ์ และไม่มีประสิทธิภาพ
 มีสาเหตุที่สำคัญ เนื่องจากองค์กรปกครองส่วนท้องถิ่นขาดความพร้อมในการจัดการ
น้ำเสียให้เกิดผลสัมฤทธิ์และมีประสิทธิภาพ โดยมีข้อจำกัดทั้งด้านงบประมาณในการ
ดำเนินการจัดการน้ำเสียชุ","ข้อตรวจพบที่ 2	การบริหารจัดการระบบบำบัดน้ำเสียรวมของชุมชนที่ก่อสร้างแล้วเสร็จ
ไม่มีประสิทธิภาพ
     2.1 ระบบบำบัดน้ำเสียรวมของชุมชนส่วนใหญ่มีการดำเนินการบำบัดน้ำเสียได้
น้อยกว่าศักยภาพ
     2.2 ระบบบำบัดน้ำเสียรวมของชุมชนมีโครงสร้างระบบ เครื่องจักรอุปกรณ์","สำนักงานการตรวจเงินแผ่นดินมีข้อเสนอแนะให้ปลัดกระทรวงทรัพยากรธรรมชาติและ
สิ่งแวดล้อมพิจารณาดำเนินการเพื่อให้กระทรวงทรัพยากรธรรมชาติและสิ่งแวดล้อม
เป็นหน่วยงานหลักในการดำเนินการเพื่อพิจารณาจัดทำแผนแม่บทการจัดการน้ำเสียของ
ประเทศ โดยนำเสนอรัฐบาลให้พิจารณา เห","ผลการตรวจสอบการดำเนินงานการป้องกันและแก้ไขปัญหาสิ่งแวดล้อมของประเทศไทยด้าน
น้ำเสีย ตามประเด็นข้อตรวจพบที่ 1 - 3 แสดงให้เห็นว่าการจัดการน้ำเสียของประเทศ
โดยเฉพาะอย่างยิ่งการดำเนินงานกิจกรรมการบำบัดน้ำเสียชุมชนที่ยังไม่เกิดผลสัมฤทธิ์ 
และไม่มีประสิทธิภาพ ส่"
FL-0998,ด้านประสิทธิภาพและความประหยัด                                                                       ,กรมควบคุมมลพิษ,การป้องกันและแก้ไขปัญหาสิ่งแวดล้อมของประเทศไทย (ครั้งที่ 3 ด้านน้ำเสีย),2562,,"การดำเนินงานกิจกรรมการบำบัดน้ำเสียชุมชนยังไม่เกิดผลสัมฤทธิ์ และไม่มีประสิทธิภาพ
 มีสาเหตุที่สำคัญ เนื่องจากองค์กรปกครองส่วนท้องถิ่นขาดความพร้อมในการจัดการ
น้ำเสียให้เกิดผลสัมฤทธิ์และมีประสิทธิภาพ โดยมีข้อจำกัดทั้งด้านงบประมาณในการ
ดำเนินการจัดการน้ำเสียชุ","ข้อตรวจพบที่ 2	การบริหารจัดการระบบบำบัดน้ำเสียรวมของชุมชนที่ก่อสร้างแล้วเสร็จ
ไม่มีประสิทธิภาพ  
     2.1 ระบบบำบัดน้ำเสียรวมของชุมชนส่วนใหญ่มีการดำเนินการบำบัดน้ำเสียได้
น้อยกว่าศักยภาพ 
     2.2 ระบบบำบัดน้ำเสียรวมของชุมชนมีโครงสร้างระบบ เครื่องจักรอุปก","สำนักงานการตรวจเงินแผ่นดินมีข้อเสนอแนะให้ปลัดกระทรวงทรัพยากรธรรมชาติและ
สิ่งแวดล้อมพิจารณาดำเนินการเพื่อให้กระทรวงทรัพยากรธรรมชาติและสิ่งแวดล้อม
เป็นหน่วยงานหลักในการดำเนินการเพื่อพิจารณาจัดทำแผนแม่บทการจัดการน้ำเสียของ
ประเทศ โดยนำเสนอรัฐบาลให้พิจารณา เห","ผลการตรวจสอบการดำเนินงานการป้องกันและแก้ไขปัญหาสิ่งแวดล้อมของประเทศไทย
ด้านน้ำเสีย ตามประเด็นข้อตรวจพบที่ 1 - 3 แสดงให้เห็นว่าการจัดการน้ำเสียของ
ประเทศโดยเฉพาะอย่างยิ่งการดำเนินงานกิจกรรมการบำบัดน้ำเสียชุมชนที่ยังไม่เกิด
ผลสัมฤทธิ์ และไม่มีประสิทธิภาพ ส่"
FL-0999,ด้านประสิทธิภาพและความประหยัด                                                                       ,กรมพัฒนาฝีมือแรงงาน,โครงการพัฒนาศักยภาพแรงงานรองรับภาคอุตสาหกรรมและบริการเพื่อการแข่งขัน,2562,,"1. สำนักพัฒนาผู้ฝึกฯ ไม่สำรวจความต้องการและความพร้อมของ สพร. ก่อนดำเนินการ
จัดซื้อและจัดสรรครุภัณฑ์ และจำนวนครุภัณฑ์ที่จัดสรรไม่สอดคล้องกับจำนวนครุภัณฑ์
2. ไม่มีกลุ่มเป้าหมาย ครูฝึกไม่เพียงพอ และครุภัณฑ์เกินความต้องการใช้งาน 
รวมถึงมีสภาพไม่ทันสมัยหรือตกร","1.การจัดสรรครุภัณฑ์การศึกษาไม่สอดคล้องกับความต้องการและความจำเป็นในพื้นที่
      จากการตรวจสอบเกี่ยวกับการใช้ครุภัณฑ์การศึกษาประเภทเทคโนโลยี
การฝึกที่จัดซื้อเมื่อปีงบประมาณ พ.ศ. 2560 ได้แก่ Industrial Welding Robot 
และ Automation ในการฝึกอบรม พบว่า ส่วนใ","1.ต่อไป ให้ กพร. สำรวจถึงความต้องการ ความจำเป็น และความเหมาะสมในการใช้งาน
ครุภัณฑ์การศึกษาในแต่ละพื้นที่ และให้สอดคล้องกับจำนวนครูฝึก ก่อนการจัดสรร
งบประมาณ และสั่งการ สพร. ที่ได้รับครุภัณฑ์ Industrial Welding Robot และ 
Automation ให้รายงานการใช้ประโยชน์","1.ทำให้การใช้จ่ายงบประมาณของรัฐไม่เกิดความคุ้มค่า
2.การใช้จ่ายงบประมาณแผ่นดินไม่เกิดความคุ้มค่า เป็นภาระในการดูแลบำรุงรักษา
ครุภัณฑ์ และการจัดหาอาคารหรือสถานที่เพื่อจัดเก็บครุภัณฑ์
"
FL-1000,ด้านประสิทธิภาพและความประหยัด                                                                       ,เทศบาลนครนครศรีธรรมราช,การบริหารกิจการประปาสำนักการประปาเทศบาลนครศรีธรรมราช,2561,,"1. ไม่มีกฎระเบียบและแบบแผน/ปฏิทินการดำเนินงานด้านต่างๆ ที่ชัดเจน 
และไม่ประกาศให้ถือปฎิบัติโดยทั่วกัน 
	2. 
ผู้บริหารไม่ให้ความสำคัญในการกำหนดกฎระเบียบและแผนการดำเนินงานในด้านต่าง ๆ 
ที่มีความชัดเจน เพื่อให้เกิดความปลอดภัยในการปฏิบัติงาน
	3. ไม่จัดทำฐานข้","1. การบริหารกิจการประปาขาดประสิทธิภาพ
1.1 ขาดกฎระเบียบและแผนการดำเนินงานในด้านต่าง ๆ 
1.2 การบริหารบุคลๅกรขาดประสิทธิภาพ
1.3 การควบคุมครุภัณฑ์ไม่ถูกต้องตามระเบียบฯ ครุภัณฑ์บางรายการไม่ใช้ประโยชน์
    และขาดการซ่อมบำรุง

","เพื่อให้การบริหารกิจการประปาสำนักการประปาฯ 
เป็นไปอย่างมีประสิทธิภาพเกิดประโยชน์ต่อประชาชน สำนักงานการตรวจเงินแผ่นดิน 
มีข้อเสนอแนะให้นายกเทศมนตรีนครนครศรีธรรมราช พิจารณาดำเนินการ ดังนี้
1. ให้มีกฎระเบียบและแผนการดำเนินงานด้านต่าง ๆ 
ที่กำหนดกิจกรรมและระย","1. ผู้ปฏิบัติงานไม่มีแนวทางในการปฏิบัติงานให้เป็นไปในแนวทางเดียวกัน 
จึงเกิดการปฏิบัติงานไม่ถูกต้องครบถ้วน หรือปฏิบัติงานซ้ำซ้อน 
เป็นการสิ้นเปลืองแรงงาน เวลา และงบประมาณ และขาดความระมัดระวัง 
ก่อให้เกิดความไม่ปลอดภัยในการปฏิบัติงาน 
ผู้บังคับบัญชาไม่สามา"
FL-1001,ด้านประสิทธิภาพและความประหยัด                                                                       ,สำนักงานท้องถิ่นจังหวัดนครศรีธรรมราช,เงินอุดหนุนเฉพาะกิจก่อสร้างอาคารศูนย์พัฒนาเด็กเล็กขององค์กรปกครองส่วนท้องถิ่นจังหวัดนครศรีธรรมราชประจำปีงบประมาณ พ.ศ. 2559,2561,,"จากปัญหาและอุปสรรคการก่อสร้างที่ไม่เป็นไปตามแบบรูปรายการ สรุปสาเหตุได้ 
ดังนี้
	1. ระยะเวลาในการจัดทำราคากลางงานก่อสร้างศูนย์พัฒนาเด็กเล็กมีจำกัด 
ต้องเร่งจัดทำให้เสร็จตามนโยบายที่รัฐบาลกำหนด
	2. คณะกรรมการประกวดราคาจ้างด้วยวิธีการทางอิเล็กทรอนิกส์ 
ไม่แจ","ข้อตรวจพบที่ 1 การก่อสร้างศูนย์พัฒนาเด็กเล็กไม่มี่ประสิทธิภาพ
 1.1การก่อสร้าง ศพด.ไม่เป็นไปตามแบบมาตรฐานประเภทอาคาร 
ศพด.กรมส่งเสริมการปกครองท้องถิ่น กระทรวงมหาดไทย จำนวน 29 แห่ง 
มีการติดตั้งประตูห้องน้ำ ห้องอาบน้ำมีระดับความสูงจากพื้น ขนาดกว้าง ยาว 
ไม่","เพื่อให้การก่อสร้างศูนย์พัฒนาเด็กเล็กเป็นไปอย่างมีประสิทธิภาพและบรรลุวัตถุประสงค์ 
สำนักงานการตรวจเงินแผ่นดิน มีข้อเสนอแนะเพื่อ 
ผู้ว่าราชการจังหวัดนครศรีธรรมราช พิจารณาดำเนินการ ดังนี้
	1. ตามข้อตรวจพบ 1.1 - 1.2 
สั่งการและกำชับให้ผู้ควบคุมงานก่อสร้างของ","  1. การก่อสร้างที่ไม่เป็นไปตามแบบรูปรายการ มีผลต่อการใช้สอย ความไม่สะดวก 
ความไม่ปลอดภัย การติดตั้งประตูที่มีส่วนสูงเกินกำหนด 
ทำให้ไม่สามารถมองเห็นเด็กได้จากภายนอก 
การติดตั้งโถสุขภัณฑ์ที่ไม่เหมาะสมกับตัวเด็ก ทำให้ไม่สะดวก 
ไม่ปลอดภัยกับเด็ก การปรับเปลี"
FL-1002,ด้านประสิทธิภาพและความประหยัด                                                                       ,โครงการชลประทานจังหวัดสุราษฏร์ธานี,โครงการจัดหาและเพิ่มพื้นที่ชลประทาน(บ้านวังมะปรางและบ้านหงส์เจริญ),2561,,,,,
FL-1003,ด้านประสิทธิภาพและความประหยัด                                                                       ,เทศบาลตำบลทุ่งหลวง,การบริหารจัดการขยะมูลฝอยในเขตพัฒนาเศรษฐกิจพิเศษตาก,2560,,"สาเหตุที่ทำให้การบริหารจัดการขยะมูลฝอยในเขตพัฒนาเศรษฐกิจพิเศษตากไม่มีประสิทธิภาพเกิดจากปัญหาอุปสรรคและมีข้อกำจัดหลายประการ 
สรุปได้ดังนี้
	1. 
ในระบบกำจัดขยะมูลฝอยของเทศบาลนครแม่สอดและองค์การบริหารส่วนตำบลช่องแคบชำรุด 
และไม่ได้ดำเนินการแก้ไขเพื่อให้ระบบฯ","2. การจัดเก็บค่าธรรมเนียมในการเก็บ ขน 
และกำจัดขยะมูลฝอยไม่ครอบคุลมผู้ที่ได้รับบริการ
	
องค์กรปกครองส่วนท้องถิ่นที่อยู่ในเขตพัฒนาเศรษกิจพิเศษตากที่มีการบริหารจัดการขยะมูลฝอย 
ทั้ง 18 แห่ง ไม่มีการจัดทำฐานข้อมูลผู้ที่ได้รับบริการ 
โดยข้อมูลที่มีเป็นข้อมูลก","1. 
เทศบาลนครแม่สอดและองค์การบริหารส่วนตำบลช่องแคบควรเร่งดำเนินการซ่อมแซมระบบกำจัดขยะมูลฝอยให้ใช้งานได้โดยเร็ว 
เพื่อแก้ไขปัญหาการกำจัดขยะมูลฝอยในพื้นที่ให้ถูกต้องตามหลักสุขาภิบาลต่อไป
	2. 
องค์กรปกครองส่วนท้องถิ่นต้องดำเนินการบริหารจัดการขยะมูลฝอยประกอบด","การบริหารจัดการขยะมูลฝอยในเขตพัฒนาเศรษฐกิจพิเศษตากไม่มีประสิทธิภาพ 
ทำให้มีผลกระทบต่อคุณภาพสิ่งแวดล้อม เพิ่มภาระด้านงบประมาณ 
และทำให้การใช้จ่ายงบประมาณไม่คุ้มค่า ดังนี้ 
	1. การบริหารจัดการขยะมูลฝอยที่ไม่มีประสิทธิภาพ 
ส่งผลกระทบโดยรวมทำให้ไม่สามารถควบคุ"
FL-1004,ด้านประสิทธิภาพและความประหยัด                                                                       ,สำนักงานปศุสัตว์จังหวัดสุโขทัย,มาตราการส่งเสริมความรู้และการสนับสนุนปัจจัยการผลิตเพื่อลดรายจ่ายครัวเรือน,2560,,"สาเหตุสำคัญของสภาพปัญหาดังกล่าวเกิดจากการดำเนินโครงการในขั้นตอนการจัดซื้อมีความล่าช้า 
การคัดเลือกกลุ่มเป้าหมายและการแจกจ่ายปัจจัย  
การผลิตไม่สอดคล้องกับวัตถุประสงค์โครงการ 
รวมถึงขาดการติดตามประเมินผลโครงการ
","ข้อตรวจพบ : การดำเนินโครงการสร้างรายได้จากพืชทดแทนนาปรังไม่มีประสิทธิภาพ
1. การสนับสนุนปัจจัยการผลิตให้แก่เกษตรกรที่เข้าร่วมโครงการมีความล่าช้า
ตามคู่มือการดำเนินงานการส่งเสริมความรู้และสนับสนุนปัจจัยการผลิตเพื่อลดรายจ่ายในครัวเรือน 
โครงการสร้างรายได้จาก","เพื่อให้การดำเนินโครงการมีประสิทธิภาพ 
ประสิทธิผลและเกิดความคุ้มค่าต่อการใช้จ่ายเงินงบประมาณ 
สำนักงานการตรวจเงินแผ่นดินมีข้อเสนอแนะให้เกษตรจังหวัดพิษณุโลกและสุโขทัยพิจารณาดำเนินการ 
ดังนี้
1. ในการดำเนินโครงการควรมีการวางแผนการดำเนินงานในทุกๆ ด้าน 
ให้เห","ส่งผลกระทบให้การดำเนินโครงการไม่บรรลุวัตถุประสงค์โครงการในการลดพื้นที่การทำนาปรัง 
เกษตรกรกลุ่มเป้าหมายบางส่วนเสียโอกาสและไม่มีรายได้จากการเพาะปลูกพืชทดแทนในฤดูแล้งตามวัตถุประสงค์โครงการ 
และทำให้การใช้จ่ายเงินงบประมาณไม่คุ้มค่า 
"
FL-1005,ด้านประสิทธิภาพและความประหยัด                                                                       ,กรมการค้าภายใน,การคุ้มครองผู้บริโภคของกรมการค้าภายใน,2562,,"   การที่กรมการค้าภายในไม่สามารถกำกับดูแลผู้ประกอบธุรกิจชั่งตวงวัด ผู้ครอบครอง
เครื่องชั่งตวงวัด และให้คำรับรองเครื่องชั่งตวงวัดชั้นหลังได้อย่างครอบคลุม 
ครบถ้วน และเป็นไปตามที่กฎหมายกำหนด รวมทั้งการตรวจสอบเครื่องชั่งตวงวัดระหว่าง
การใช้งานไม่เป็นไปตามกฎห","ข้อตรวจพบที่ 4 การกำกับดูแลผู้ประกอบธุรกิจชั่งตวงวัด และเครื่องชั่งตวงวัด 
ไม่มีประสิทธิภาพ
","   สำนักงานการตรวจเงินแผ่นดินมีข้อเสนอแนะให้อธิบดีกรมการค้าภายในพิจารณา
ดำเนินการดังนี้
   1.พิจารณากำหนดระเบียบ หลักเกณฑ์ หรือวิธีปฏิบัติในการพักใช้หรือเพิกถอน
หนังสือรับรองการประกอบธุรกิจกับผู้ที่ไม่มาต่ออายุหนังสือรับรองการประกอบธุรกิจ
ภายในระยะเวลาที่","   การที่กรมการค้าภายในไม่สามารถกำกับดูแลผู้ประกอบธุรกิจชั่งตวงวัด ผู้ครอบครอง
เครื่องชั่งตวงวัด และให้คำรับรองเครื่องชั่งตวงวัดชั้นหลังได้อย่างครอบคลุม 
ครบถ้วน และเป็นไปตามที่กฎหมายกำหนด ส่งผลให้อาจมีผู้ประกอบธุรกิจชั่งตวงวัด
ดำเนินการผลิต นำเข้า ขาย ซ่"
FL-1006,ด้านประสิทธิภาพและความประหยัด                                                                       ,กรมปศุสัตว์,โครงการปรับเปลี่ยนพื้นที่ทำนาไม่เหมาะสม เพื่อส่งเสริมการเลี้ยงโคเนื้อ,2562,,"โครงการไม่ได้กำหนดแนวปฏิบัติการตรวจสอบคุณสมบัติตามโครงการที่ชัดเจน 
ทำให้เจ้าหน้าที่มีการปฏิบัติในการตรวจสอบคุณสมบัติที่แตกต่างกัน
การสอบทานพื้นที่ไม่เหมาะสมหรือเหมาะสมน้อยสำหรับการปลูกข้าว (N, S3) 
จากการสัมภาษณ์พบว่า ปศุสัตว์อำเภอที่สุ่มตรวจสอบเพียง 2 แ","เกษตรกรที่เข้าร่วมโครงการมีคุณสมบัติ 
และมีการดำเนินการไม่เป็นไปตามหลักเกณฑ์ที่โครงการกำหนด
","สั่งการให้กองส่งเสริมและพัฒนาการปศุสัตว์กำชับให้หน่วยงานที่เกี่ยวข้องทุกหน่วยต้องรายงานผลการดำเนินงานให้เป็นไปตามแบบรายงานความก้าวหน้าตามคู่มือโครงการให้ครบถ้วนและตามระยะเวลาที่กำหนด 
ทั้งนี้กรณีที่มีการดำเนินโครงการในลักษณะเดียวกันในอนาคตต้องกำชับให้หน่ว","การที่เกษตรกรที่เข้าร่วมโครงการไม่ดำเนินการตามหลักเกณฑ์ต่าง ๆ เช่น 
การปลูกพืชอาหารสัตว์ให้ครบ 5 ไร่ การจัดทำระบบน้ำแบบประหยัดในพื้นที่ 
การจัดซื้อโคเนื้อแม่พันธุ์ในราคาและคุณลักษณะเฉพาะตามที่โครงการกำหนด 
รวมทั้งการให้เกษตรกรต้องเลี้ยงโคเนื้อแบบประณีต (I"
FL-1007,ด้านประสิทธิภาพและความประหยัด                                                                       ,สำนักงานพัฒนาชุมชนจังหวัดสตูล,โครงการพัฒนาศักยภาพการท่องเที่ยวชุมชน จังหวัดสตูล,2560,,"1.กิจกรรมศึกษาดูงานฯ
สาเหตุ 
ไม่ได้ศึกษาระเบียบอย่างละเอียดทำให้มีการเบิกจ่ายค่าอาหารเกินอัตราที่ระเบียบกำหนด
2.กิจกรรมประชาสัมพันธ์การท่องเที่ยวโดยชุมชน
สาเหตุ
2.1สำนักงานพัฒนาชุมชนจังหวัดสตูลต้องการประชาสัมพันธ์ภาพรวมของจังหวัดในการติดตามประเมินผลคณะผู้","การใช้จ่ายเงินงบประมาณในการสนับสนุนแหล่งท่องเที่ยวชุมชนยังไม่มีความประหยัด
","ข้อเสนอแนะถึงผวจ.สตูล
1.ในโอกาสต่อไปก่อนการอนุมัติโครงการควรพิจารณาถึงวัตถุประสงค์ของโครงการ 
เอกสารโครงการต้องมีความชัดเจน 
รวมถึงศักยภาพของชุมชนที่จะต่อยอดโครงการและการติดตามประเมินผลความก้าวหน้าของโครงการ
2.ติดตามผลการตรวจสอบข้อเท็จจริงกรณีที่มีวัสดุคร","กิจกรรมที่1
ผลกระทบ 
เกิดความเสียหายและความไม่ประหยัดในการใช้จ่ายเงินงบประมาณ 
จำนวน 32,000.00 บาท
กิจกรรมที่2
ผลกระทบ
ทำให้ชุมชนท่องเที่ยวทั้ง6ชุมชน ไม่เป็นที่รู้จักแพร่หลายในกลุ่มนักท่องเที่ยว
กิจกรรมที่3
ผลกระทบ
ทำให้เกิดความไม่ประหยัดในการใช้จ่ายเงินง"
FL-1008,ด้านประสิทธิภาพและความประหยัด                                                                       ,สำนักงานจังหวัดสตูล,โครงการพัฒนาเมืองสตูล,2560,,"1.การยึดประติมากรรมใช้สกรูขนาดเล็กเกินไป 
จุดเชื่อมต่อระหว่างเหล็กโครงสร้างภายในประติมากรรมเรือสำเภากับเหล็กกลวงแบบกลมที่เป็นแกนกลางไม่แข็งแรงเพียงพอ
2.เสาไฟฟ้าประติมากรรมที่ดวงไฟส่องสว่างไม่ติดคิดเป็นร้อยละ76.04ของจำนวนเสาไฟฟ้าทั้งหมดของโครงการ
3.การควบค","การดำเนินงานกิจกรรมพัฒนาเมืองสตูล 
งานติดตั้งเสาไฟฟ้าประติมากรรมมีสภาพไม่มั่นคงแข็งแรง
","ข้อเสนอแนะต่อ ผวจ.สตูล
1.กำกับดูแลให้ผู้รับผิดชอบแจ้งผู้รับจ้างเข้าซ่อมแซมสิ่งก่อสร้างให้อยู่ในสภาพดีดังเดิมพร้อมใช้งาน
2.กำกับดูแลให้ผู้ควบคุมงานปฏิบัติหน้าที่ควบคุมงานก่อสร้างให้เป็นไปตามมาตรฐานวิชาชีพอย่างเคร่งครัด

","1.สูญเสียโอกาสจากการได้ใช้ประโยชน์จากเสาไฟฟ้าประติมากรรมในด้านความสวยงามของโครงการ
2.ผู้ใช้ประโยชน์จากโครงการและผู้ที่อาศัยอยู่ใกล้เคียงขาดความเชื่อมั่นต่อความมั่นคงแข็งแรง
3.สูญเสียโอกาสจากการได้ใช้ประโยชน์จากไฟส่องสว่างที่ไม่ติด
4.มีแนวโน้มที่จะเพิ่มค่า"
FL-1009,ด้านประสิทธิภาพและความประหยัด                                                                       ,สำนักงานจังหวัดพัทลุง,โครงการพัฒนาอุตสาหกรรมการท่องเที่ยวเชิงอนุรักษ์เข้มแข็งเพื่อเข้าสู่ประชาคมอาเซียนปีงบประมาณพ.ศ.2557-2558จังหวัดพัทลุง,2560,,"เจ้าหน้าที่ผู้รับผิดชอบและผู้เกี่ยวข้องไม่ศึกษาทำความเข้าใจ กฎหมาย ระเบียบ 
ข้อบังคับหนังสือสั่งการ และมติคณะรัฐมนตรีที่เกี่ยวข้อง 
ว่าการเบิกจ่ายเป็นไปโดยถูกต้อง เหมาะสม ประหยัด หรือไม่ 


","การเบิกจ่ายเงินงบประมาณไม่ถูกต้องตามระเบียบที่เกี่ยวข้อง จำนวน 4 กิจกรรม
 ปีงบประมาณ 2557 เบิกจ่ายไม่ถูกต้อง จำนวน 3 กิจกรรม คือ 
กิจกรรมประชาสัมพันธ์การท่องเที่ยวจังหวัดพัทลุง 
เบิกจ่ายค่าใช้จ่ายในการจัดสัมนาไม่ถูกต้อง จำนวนเงิน 10,600.- บาท 
กิจกรรมงานเ","1.กิจกรรมประชาสัมพันธ์การท่องเที่ยวจังหวัดพัทลุง 
ให้แต่งตั้งคณะกรรมการตรวจสอบข้อเท็จจริง 
และให้เรียกเงินคืนจากผู้ที่เกี่ยวข้อง เป็นเงิน 10,600 บาท 
ส่งคืนคลังเป็นเงินรายได้แผ่นดินโ ดยด่วน
2.กิจกรรมงานเทศกาล"" ล่องเรือ แลนก ทะเลน้อย""  
ให้แต่งตั้งคณะกรรมก","การเบิกจ่ายที่ไม่ถูกต้องตามระเบียบ ทำให้เกิดความเสียหายต่อทางราชการ
และประชาชนในพื้นที่ไม่ได้รับประโยชน์โดยตรง
"
FL-1010,ด้านประสิทธิภาพและความประหยัด                                                                       ,องค์การบริหารส่วนจังหวัดปทุมธานี,โครงการจ้างเหมารถรับส่งนักเรียนของโรงเรียนในสังกัดองค์การบริหารส่วนจังหวัดปทุมธานี,2560,,"๑.	
การประกาศประกวดราคามีการกำหนดคุณสมบัติของผู้รับจ้างมีรายละเอียดไม่เพียงพอ 
โดยจากการตรวจสอบเอกสารประกวดราคาโครงการจ้างเหมารถรับส่งนักเรียนขององค์การบริหารส่วนจังหวัดปทุมธานีตั้งแต่เริ่มดำเนินการจนถึงปัจจุบัน 
พบว่า ไม่มีการกำหนดในประกาศประกวดราคา 
ให้","ข้อตรวจพบที่ ๒	การดำเนินโครงการเป็นไปอย่างไม่มีประสิทธิภาพ
	การดำเนินโครงการจ้างเหมารถรับ - 
ส่งนักเรียนโรงเรียนในสังกัดองค์การบริหารส่วนจังหวัดปทุมธานี 
เป็นการเบิกจ่ายเงินโดยไม่มีระเบียบให้เบิกจ่ายได้ 
แต่หากโรงเรียนในสังกัดมีความต้องการจัดบริการรถรับส่","กรณีองค์การบริหารส่วนจังหวัดปทุมธานี ยังคงดำเนินการจัดรถรับส่งนักเรียน 
ให้กับนักเรียนโรงเรียนวัดป่างิ้ว และโรงเรียนสามโคก 
โดยให้ผู้ปกครองเป็นผู้รับผิดชอบค่าใช้จ่ายในการดำเนินการเอง 
หรือจัดรถรับส่งนักเรียนให้กับนักเรียนด้อยโอกาส 
จะต้องมีการควบคุมและตรว","๑.	การใช้จ่ายงบประมาณไม่คุ้มค่า 
ต้องเสียงบประมาณในการจัดรถรับส่งนักเรียนเกินกว่า       ที่ควรจะเป็น 
เพราะมีนักเรียนบางส่วนที่สามารถเดินทางมาเรียนได้ด้วยตนเอง แต่องค์การบริหาร      
ส่วนจังหวัดปทุมธานีกลับจัดรถรับส่งให้กับนักเรียนทุกคน 
และมีการกำหนดราคา"
FL-1011,ด้านประสิทธิภาพและความประหยัด                                                                       ,องค์การบริหารส่วนจังหวัดชลบุรี,โครงการติดตั้งกล้องวงจรปิดของ อบจ. ชลบุรี,2559,,"อบจ.ชลบุรีไม่ได้มีการสำรวจความพร้อม 
ความต้องการของสถานีตำรวจที่ได้รับจัดสรรกล้องและอุปกรณ์ต่างๆอย่างครอบคลุมว่ามีความต้องการหรือความจำเป็นในการใช้อุปกรณ์ต่างๆมากน้อยเพียงใด
","การดำเนินโครงการบางส่วนเป็นไปโดยไม่ประหยัด 
อุปกรณ์หลายรายการไม่มีการใช้ประโยชน์หรือมีมากเกินความจำเป็น 
และมีการดำเนินการอย่างไม่ประหยัด
","1.ในการกำหนดรายการครุภัณฑ์ตามโครงการในระยะต่อไป 
ควรคำนึงถึงความคุ้มค่าของการใช้จ่ายเงินงบประมาณแผ่นดิน 
โดยต้องมีการสำรวจความพร้อมความต้องการและความจำเป็นในการใช้งานอุปกรณ์ต่างๆที่เกี่ยวข้องกับกล้อง 
เพื่อนำมาประกอบการพิจารณา
2.จัดให้มีการติดตามประเมินผล","การใช้จ่ายเงินแผ่นดินเป็นไปอย่างไม่คุ้มค่า
"
FL-1012,ด้านประสิทธิภาพและความประหยัด                                                                       ,กรมโยธาธิการและผังเมือง,การจัดการภัยพิบัติ,2560,,"รัฐบาลและหน่วยงานที่เกี่ยวข้องยังไม่ให้ความสำคัญกับการวางและจัดทำ
ผังเมืองเพื่อป้องกันและบรรเทาปัญหาอุทกภัย 
โดยการจัดหาข้อมูลและเครื่องมือเพื่อสนับสนุนการวางและจัดทำผังเมือง
ยังไม่เพียงพอ นอกจากนี้ การบังคับใช้กฎหมายยังไม่เคร่งครัดในหลายพื้นที่ 
ทำให้ไม่","การบังคับใช้กฎหมายว่าด้วยการผังเมืองขององค์กรปกครองส่วนท้องถิ่นยังไม่เข้มงวด
","1. กรมโยธาธิการและผังเมือง กรุงเทพมหานคร เมืองพัทยา 
และองค์กรปกครองส่วนท้องถิ่น 
ต้องดำเนินการวางและจัดทำผังเมืองรวมที่แสดงขอบเขตพื้นที่เสี่ยงภัย 
และกำหนดการใช้ประโยชน์ที่ดินให้สอดคล้องและเหมาะสมกับสภาพพื้นที่เสี่ยงภัย 
เพื่อให้ประชาชนได้รับทราบข้อมูลขอ","รัฐบาลและหน่วยงานที่เกี่ยวข้องยังไม่ให้ความสำคัญกับการวางและจัดทำผังเมือง
เพื่อป้องกันและบรรเทาปัญหาอุทกภัย 
โดยการจัดหาข้อมูลและเครื่องมือเพื่อสนับสนุนการวางและจัดทำผังเมือง
ยังไม่เพียงพอ นอกจากนี้ การบังคับใช้กฎหมายยังไม่เคร่งครัดในหลายพื้นที่ 
ทำให้ไม่"
FL-1013,ด้านประสิทธิภาพและความประหยัด                                                                       ,กรมการข้าว,โครงการปรับโครงสร้างการผลิตข้าว,2562,,"1. หลักเกณฑ์ 
เงื่อนไขเกี่ยวกับพื้นที่เป้าหมายบางส่วนไม่เอื้ออำนวยต่อการเข้าร่วมโครงการ
2. การพิจารณาความเหมาะสมของพื้นที่นาไม่เคร่งครัดเท่าที่ควร
3. หลักเกณฑ์ที่กำหนดบางประการเป็นข้อจำกัดในการเข้าร่วมโครงการ
4. ความเข้าใจคลาดเคลื่อนในการปรับเป็นเกษตรกรรม","การดำเนินโครงการปรับเป็นเกษตรกรรมทางเลือกส่วนหนึ่งไม่เป็นไปตามแนวทางที่กำหนด
1.การปรับเปลี่ยนพื้นที่นาเป็นเกษตรกรรมทางเลือก
1.1 
สภาพพื้นที่ที่เข้าร่วมโครงการไม่ใช่พื้นที่นาเพื่อปรับเปลี่ยนเป็นเกษตรกรรมทางเลือก
1.2 
พื้นที่เข้าร่วมโครงการเป็นพื้นที่นาแต่ย","1. ให้ทบทวนความสมเหตุสมผลในการกำหนดหลักเกณฑ์เงื่อนไขโครงการ
2. 
สั่งการให้เจ้าหน้าที่ผู้รับผิดชอบในการรับสมัครและพิจารณาคัดเลือกชาวนาเข้าร่วมโครงการให้ดำเนินการอย่างเคร่งครัดจริงจัง
3. ในการประชาสัมพันธ์เพื่อรับสมัครผู้เข้าร่วมโครงการในพื้นที่เป้าหมาย 
เจ","1. การที่เกษตรกรนำพื้นที่นาที่มีความเหมาะสมกับการปลูกข้าว 
มาเข้าร่วมโครงการปรับเป็นเกษตรกรรมทางเลือก 
แทนพื้นที่นาไม่มีความเหมาะสมกับการปลูกข้าว 
ถือเป็นการช่วยเหลือกลุ่มเกษตรกรผิดเป้าหมายที่วัตถุประสงค์โครงการกำหนด
2. สำหรับการนำพื้นที่สวน พื้นที่เกษ๖รก"
FL-1014,ด้านประสิทธิภาพและความประหยัด                                                                       ,สำนักงานจังหวัดพิษณุโลก,โครงการภายใต้ยุทธศาสตร์กลุ่มจังหวัดภาคเหนือตอนล่าง 1 โครงการส่งเสริมและพัฒนากลุ่มวิสาหกิจชุมชน สินค้าและบริการทางการเกษต,2558,,"เนื่องจาก การจัดทำโครงการขาดการบูรณาการแผนงานและงบประมาณ 
ไม่มีการวิเคราะห์และเชื่อมโยงปัญหาที่แท้จริงในพื้นที่ของกลุ่มจังหวัด 
แต่เป็นการรวบรวมโครงการของหน่วยงานต่างๆ 
ภายในกลุ่มจังหวัดที่มีลักษณะการดำเนินโครงการ/กิจกรรมคล้ายคลึงกันมาจัดทำเป็นโครงการของก","      ข้อตรวจพบที่ 1 
การดำเนินโครงการไม่มีประสิทธิภาพ
1.1 การดำเนินโครงการมีความซ้ำซ้อน
จากการตรวจสอบ พบว่า การดำเนินงาน จำนวน 3 
โครงการ 
ได้กำหนดให้มีการดำเนินกิจกรรมในลักษณะเดียวกัน 
คือ 
กิจกรรมการจัดอบรมให้ความรู้พร้อมทั้งสนับสนุนบรรจุภัณฑ์ต้นแบบให้","1. กำชับให้คณะกรรมการบริหารงานกลุ่มจังหวัดแบบบูรณาการ (ก.บ.ก) 
ซึ่งมีอำนาจหน้าที่วิเคราะห์ บูรณาการ 
และให้ความเห็นชอบรายละเอียดการปฏิบัติตามแผนปฏิบัติราชการประจำปีของกลุ่มจังหวัดและคำของบประมาณกลุ่มจังหวัดให้ความสำคัญต่อการพิจารณากลั่นกรองโครงการและการบู","ส่งผลกระทบให้การขับเคลื่อนเศรษฐกิจและการส่งเสริมความเป็นอยู่ของประชาชนภายใต้ยุทธศาสตร์กลุ่มจังหวัดภาคเหนือตอนล่าง 
1 ไม่สามารถบรรลุผลสำเร็จตามเจตนารมณ์ของการจัดทำโครงการได้ 
กลุ่มวิสาหกิจชุมชนซึ่งเป็นกลุ่มเป้าหมายหลักของโครงการไม่ได้รับการพัฒนาศักยภาพ 
แล"
FL-1015,ด้านประสิทธิภาพและความประหยัด                                                                       ,เทศบาลตำบลบ้านใหม่,โครงการบริหารจัดการขยะมูลฝอยขององค์กรปกครองส่วนท้องถิ่นในจังหวัดพิษณุโลก,2558,,"สาเหตุสำคัญที่ทำให้การบริหารจัดการขยะมูลฝอยไม่มีประสิทธิภาพ คือ 
ขาดการวางแผนและการบริหารจัดการที่ดีและเหมาะสมกับสภาพปัญหา 
ประชาชนยังไม่ให้ความร่วมมือในการดำเนินการเท่าที่ควร 
งบประมาณในการบริหารจัดการไม่เพียงพอ ขาดบุคลากรที่มีความรู้ความชำนาญโดยตรง   
อ","ข้อตรวจพบ  :  การบริหารจัดการขยะมูลฝอยไม่มีประสิทธิภาพ
จากการตรวจสอบการบริหารจัดการขยะมูลฝอยขององค์กรปกครองส่วนท้องถิ่นในจังหวัดพิษณุโลก 
จำนวน 23 แห่ง ดำเนินการในปีงบประมาณ 2555 - 2557 
พบปัญหาอุปสรรคหลายประการอันส่งผลให้การบริหารจัดการไม่มีประสิทธิภาพ 
","เพื่อให้การบริหารจัดการขยะมูลฝอยขององค์กรปกครองส่วนท้องถิ่น (อปท.) 
เป็นไปอย่างมีประสิทธิภาพ ประสิทธิผล 
และเกิดความคุ้มค่าต่อการใช้จ่ายเงินงบประมาณ สำนักงานการตรวจเงินแผ่นดิน 
มีข้อเสนอแนะให้นายกเทศมนตรี/นายกองค์การบริหารส่วนตำบลพิจารณาดำเนินการดังต่อไปน","ส่งผลกระทบโดยรวมทำให้ไม่สามารถควบคุมหรือลดปริมาณขยะมูลฝอย ที่เกิดขึ้นได้ 
โดยปริมาณขยะที่เพิ่มมากขึ้นย่อมก่อให้เกิดผลกระทบต่อสุขอนามัยของประชาชนและปัญหามลพิษต่อสิ่งแวดล้อม 
และการใช้จ่ายเงินงบประมาณในการจัดทำโครงการเพื่อการประชาสัมพันธ์และรณรงค์ให้ประชาชน"
FL-1018,ด้านประสิทธิภาพและความประหยัด                                                                       ,สำนักงานเกษตรจังหวัดพะเยา,การส่งเสริมอาชีพใหม่เพื่อสนับสนุนฐานเศรษฐกิจ GMS(ส่งเสริมการปลูกยางพารา),2558,,"สาเหตุ
1.	
เจ้าหน้าที่ผู้รับผิดชอบกิจกรรมการฝึกอบรมการทำยางแผ่นไม่ทำการศึกษาสภาพแวดล้อมและความเหมาะสมของกิจกรรมการฝึกอบรมการทำยางแผ่น 
เพื่อสำรวจความต้องการและความพร้อมของเกษตรกรก่อนที่จะเริ่มดำเนินการจัดการฝึกอบรม 
เนื่องจากเกษตรกรผู้ปลูกยางพาราส่วนใหญ่ข","ประเด็นข้อตรวจพบที่ 3 กิจกรรมการฝึกอบรมการทำยางแผ่น 
ไม่บรรลุวัตถุประสงค์และเป้าหมายตามที่กำหนดไว้

ข้อตรวจพบ 
จากการสุ่มสัมภาษณ์เกษตรกรผู้เข้ารับการฝึกอบรมการทำยางแผ่นและจากการสังเกตการณ์สถานที่ในการจัดทำยางแผ่น 
จำนวน 79 ราย พบว่ามีเกษตรกรจำนวน 78 ราย ห","ข้อเสนอแนะ
สำนักงานการตรวจเงินแผ่นดิน โดยสำนักตรวจสอบพิเศษภาค 9  
มีข้อเสนอแนะให้เกษตรจังหวัดพะเยาพิจารณาดำเนินการ ดังนี้
1.	สั่งการให้เจ้าหน้าที่ผู้รับผิดชอบศึกษาสภาพแวดล้อมและความเหมาะสมของกิจกรรม 
เพื่อให้สอดคล้องกับความต้องการและความพร้อมของเกษตรกรกลุ","ผลกระทบ
1.	กรณีเกษตรกร จำนวน 78 ราย หรือคิดเป็นร้อยละ 98.73 
ของเกษตรกรผู้เข้ารับการฝึกอบรมการทำยางแผ่น 
มิได้นำความรู้ที่ได้รับจากการฝึกอบรมมาใช้ในการเพิ่มศักยภาพในการทำยางแผ่น 
ทำให้การดำเนินงานตามโครงการส่งเสริมอาชีพใหม่เพื่อสนับสนุนฐานเศรษฐกิจ GMS 
(ส"
FL-1019,ด้านประสิทธิภาพและความประหยัด                                                                       ,สำนักงานเกษตรและสหกรณ์จังหวัดศรีสะเกษ,กองทุนหมุนเวียนเพื่อการกู้ยืมแก่เกตรกรและผู้ยากจน,2558,,"สาเหตุ
	การที่กองทุนมีลูกหนี้ค้างชำระเป็นจำนวนมากและเป็นระยะเวลานาน 
มีสาเหตุดังนี้
	1.	 คณะอนุกรรมการช่วยเหลือเกษตรกรและผู้ยากจนส่วนจังหวัด 
และส่วนอำเภอไม่ปฏิบัติตามหลักเกณฑ์ที่กำหนด โดยเฉพาะการติดตามลูกหนี้กองทุน 
และรายงานผลการติดตามดังกล่าวให้ สป.กษ.","ลูกหนี้ค้างชำระกองทุนหมุนเวียนฯเป็นจำนวนมากและเป็นระยะเวลานาน
","ข้อเสนอแนะ
	สำนักงานการตรวจเงินแผ่นดิน 
มีข้อเสนอแนะให้ประธานกรรมอนุกรรมการช่วยเหลือเกษตรกรและผู้ยากจนส่วนจังหวัด 
(ผู้ว่าราชการจังหวัด) ดำเนินการ ดังนี้
1.	
ให้เร่งรัดดำเนินการแก้ไขปัญหาหนี้ค้างชำระตามมาตรการแก้ไขปัญหาหนี้ค้างชำระของลูกหนี้กองทุนหมุนเวีย","ผลกระทบ
	
การที่กองทุนหมุนเวียนเพื่อการกู้ยืมแก่เกษตรกรและผู้ยากจนมีลูกหนี้ค้างชำระจำนวนมากและบางรายมีหนี้ค้างชำระเป็นเวลานาน 
ส่งผลกระทบต่อการดำเนินงานของกองทุน สรุปได้ดังนี้
	1.	 ทำให้กองทุนขาดสภาพคล่องในการดำเนินงาน 
และเสียโอกาสที่จะนำงบประมาณที่ค้างช"
FL-1020,ด้านประสิทธิภาพและความประหยัด                                                                       ,กรมการค้าต่างประเทศ,การระบายข้าวตามโครงการรับจำนำข้าวเปลือกของรัฐบาล,2558,,"สาเหตุข้อตรวจพบที่ 1 การระบายข้าวด้วยวิธีการเจรจาขายแบบรัฐต่อรัฐ (G to G) 
มีระบบการควบคุมที่ยังไม่มีความรัดกุม และเพียงพอ 
ย่อมส่งผลทำให้อาจเกิดความผิดพลาดในการดำเนินงานต่าง ๆ เช่น 
การเบิกจ่ายข้าวที่ไม่เป็นไปตามเงื่อนไขที่กำหนดในสัญญา 
ซึ่งทำให้รัฐสูญเส","ข้อตรวจพบที่ 1	การระบายข้าวด้วยวิธีเจรจาขายแบบรัฐต่อรัฐ (G to G) 
มีระบบการควบคุมภายในที่ยังไม่มีความรัดกุม และเพียงพอ 
1.สัญญาซื้อขายบางฉบับมีรายละเอียดเงื่อนไขสำคัญในบางรายการแตกต่างจากผลการเจรจา
ซื้อขายตามที่ประธานอนุกรรมการพิจารณาระบายข้าวได้ให้ความเห","ข้อเสนอแนะของข้อตรวจพบที่ 1 
1.กำหนดแนวทางในการส่งร่างสัญญาซื้อขายข้าวแบบรัฐต่อรัฐ (G to G) 
ให้หน่วยงานที่มีหน้าที่พิจารณาร่างกฎหมายหรือร่างสัญญา 
โดยควรหารือสำนักนายกรัฐมนตรีเกี่ยวกับการส่งร่างสัญญาซื้อขายข้าวดังกล่าวว่ามีผลที่ต้องดำเนินการตามมติคณะรัฐม",
FL-1021,ด้านประสิทธิภาพและความประหยัด                                                                       ,องค์การสวนยาง,โครงการพัฒนาศักยภาพสถาบันเกษตรกรเพื่อรักษาเสถียรภาพราคายาง,2559,,". การดำเนินโครงการมีการกำหนดวัตถุประสงค์ และวิธีการดำเนินงานไม่สอดคล้องกัน
	1.1 
การกำหนดวัตถุประสงค์ของโครงการในส่วนของการพัฒนาศักยภาพสถาบันเกษตรกรไม่ใช่วัตถุประสงค์ที่แท้จริง 
และไม่สัมพันธ์กับวิธีการดำเนินโครงการ
	1.2 
ระยะเวลาการดำเนินโครงการไม่สอดคล้","การบริหารจัดการการซื้อยางมาแปรรูปและเก็บรักษา (สต็อกยาง) ไม่มีประสิทธิภาพ 

","รัฐบาล เห็นควรกราบเรียนนายกรัฐมนตรีเพื่อพิจารณาดำเนินการ ดังนี้
	1. การดำเนินงานเพื่อช่วยเหลือเกษตรกรชาวสวนยางในระยะต่อไป 
หากจำเป็นต้องมีมาตรการระยะสั้นเพื่อแก้ไขปัญหาอย่างเร่งด่วนในกรณีเกิดปัญหายางพาราตกต่ำ 
ให้พิจารณาหลีกเลี่ยงการแก้ไขปัญหาโดยใช้วิธีกา","1. ภายหลังสิ้นสุดโครงการ 
รัฐบาลยังคงต้องจัดสรรงบประมาณเพื่อช่วยเหลือเกษตรกรชาวสวนยางจากปัญหาราคายางตกต่ำและมีแนวโน้มรุนแรงขึ้นอย่างต่อเนื่อง
2. การดำเนินโครงการต้องมีรายจ่ายเพิ่มขึ้นจากที่ได้กำหนดไว้
3. ผลการดำเนินโครงการมีแนวโน้มขาดทุนมากกว่าที่ควร
4. ส"
FL-1093,ด้านประสิทธิภาพและความประหยัด อื่นๆ                                                                 ,สถาบันพัฒนาองค์กรชุมชน (องค์การมหาชน),โครงการสนับสนุนการจัดสวัสดิการชุมชน,2562,,"การที่โครงการมีข้อมูลการรายงานผลการดำเนินงานตามแบบแสดงสถานะกองทุน 
เป็นไปโดยไม่ครบถ้วน ไม่ต่อเนื่อง และไม่ถูกต้อง 
ข้อมูลประกอบการจัดสรรเงินสมทบไม่เป็นไปตามหลักเกณฑ์ที่กำหนดไว้ 
และการจัดสรรงบประมาณในการสมทบให้แก่กองทุน 
ไม่สามารถดำเนินการให้เป็นไปตามหลัก","การจัดทำฐานข้อมูล การรายงานข้อมูลสถานะกองทุนสวัสดิการชุมชน 
และการบริหารงบประมาณสมทบกองทุนสวัสดิการชุมชนเป็นไปโดยไม่ครบถ้วน 
ไม่ถูกต้องตรงตามหลักเกณฑ์ที่กำหนด
","เพื่อให้การดำเนินโครงการสนับสนุนการจัดสวัสดิการชุมชนมีความชัดเจนในการดำเนินงาน 
และมีข้อมูลที่เพียงพอต่อการนำไปวางแผนและกำหนดนโยบายในการดำเนินงานโครงการสนับสนุ
นการจัดสวัสดิการชุมชน 
สำนักงานการตรวจเงินแผ่นดินมีข้อเสนอแนะให้ผู้อำนวยการสถาบันพัฒนาองค์กรชุม","ความไม่ถูกต้อง ไม่ครบถ้วน 
ไม่เป็นปัจจุบันของข้อมูลสำคัญที่ใช้สำหรับการดำเนินงานตามโครงการ 
ทั้งข้อมูลการรายงานผลการดำเนินงานตามแบบแสดงสถานะกองทุน 
ข้อมูลประกอบการจัดสรรเงินงบประมาณสมทบ 
ตลอดจนการจัดสรรงบประมาณในการสมทบให้แก่กองทุนที่ไม่สามารถดำเนินการให้"
FL-1094,ด้านประสิทธิภาพและความประหยัด อื่นๆ                                                                 ,กรมส่งเสริมการปกครองท้องถิ่น,การดำเนินงานด้านผู้พิการและผู้ด้อยโอกาสทางสังคมขององค์กรปกครองส่วนท้องถิ่น,2563,,"1.กรมส่งเสริมการปกครองท้องถิ่นขาดการกำหนดแนวทางวิธีการตรวจสอบคุณสมบัติกรณีเป็น
ผู้พิการที่อยู่ในสถานสงเคราะห์ของรัฐ
2.องค์กรปกครองส่วนท้องถิ่นขาดการติดตามตรวจสอบการเสียชีวิตหรือย้ายภูมิลำเนาของ
ผู้พิการและผู้ป่วยเอดส์เป็นประจำอย่างต่อเนื่อง
3.องค์กรปกครอง","องค์กรปกครองส่วนท้องถิ่นส่วนใหญ่จ่ายเงินเบี้ยความพิการและเบี้ยยังชีพ
ผู้ป่วยเอดส์ไม่เป็นไปตามหลักเกณฑ์ที่กำหนดและข้อมูลผู้มีสิทธิได้รับ
เงินเบี้ยความพิการและเบี้ยยังชีพผู้ป่วยเอดส์ในระบบสารสนเทศการจัดการฐานข้อมูล
เบี้ยยังชีพขององค์กรปกครองส่วนท้องถิ่นไม่ถ","1.ประสานงานหรือหารือร่วมกับหน่วยงานที่รับผิดชอบดูแลการรับอุปการะผู้พิการใน
สถานสงเคราะห์ของรัฐ เพื่อสร้างความร่วมมือในการตรวจสอบคุณสมบัติบุคคลที่ได้รับ
เงินเบี้ยความพิการ ทั้งในเรื่องการสนับสนุนข้อมูล การเข้าถึงหรือการเชื่อมโยงฐาน
ข้อมูลที่จำเป็นสำหรับการ","1.ทำให้การใช้จ่ายงบประมาณของรัฐไม่เกิดประโยชน์ตรงตามกลุ่มเป้าหมายผู้พิการและ
ผู้ป่วยเอดส์ตามนโยบายรัฐในการส่งเสริมให้ผู้พิการและผู้ป่วยเอดส์ได้รับสวัสดิการ
ด้านรายได้จากรัฐเป็นรายเดือน และแบ่งเบาภาระค่าใช้จ่าย รวมทั้งทำให้รัฐมีการจ่าย
เงินที่ซ้ำซ้อน
2.ทำใ"
FL-1095,ด้านประสิทธิภาพและความประหยัด อื่นๆ                                                                 ,กรมส่งเสริมการปกครองท้องถิ่น,การดำเนินงานด้านผู้สูงอายุขององค์กรปกครองส่วนท้องถิ่น,2563,,"  การดำเนินงานคุ้มครองทางสังคมด้านรายได้สำหรับผู้สูงอายุขององค์กรปกครอง
ส่วนท้องถิ่น (การจ่ายเบี้ยยังชีพผู้สูงอายุ)
  1.กรมส่งเสริมการปกครองท้องถิ่นขาดการกำหนดแนวทาง วิธีการตรวจสอบคุณสมบัติ 
หรือสนับสนุนเพื่อให้เกิดความร่วมมือระหว่างองค์กรปกครองส่วนท้องถิ","2.1 องค์กรปกครองส่วนท้องถิ่นส่วนใหญ่จ่ายเงินเบี้ยยังชีพผู้สูงอายุไม่เป็นไปตาม
หลักเกณฑ์ที่กำหนดและข้อมูลผู้มีสิทธิได้รับเงินเบี้ยยังชีพผู้สูงอายุในระบบ
สารสนเทศการจัดการฐานข้อมูลเบี้ยยังชีพขององค์กรปกครองส่วนท้องถิ่นไม่ถูกต้อง 
ไม่ครบถ้วน 
2.2 การจัดบริกา","  การดำเนินงานคุ้มครองทางสังคมด้านรายได้สำหรับผู้สูงอายุขององค์กรปกครอง
ส่วนท้องถิ่น (การจ่ายเบี้ยยังชีพผู้สูงอายุ)  
  ผู้ว่าการตรวจเงินแผ่นดินเห็นควรให้อธิบดีกรมส่งเสริมการปกครองท้องถิ่นพิจารณา
ดำเนินการ ดังนี้
  1.ประสานงานหรือหารือร่วมกับหน่วยงานต่างๆ","  การดำเนินงานคุ้มครองทางสังคมด้านรายได้สำหรับผู้สูงอายุขององค์กรปกครองส่วนท้องถิ่น 
(การจ่ายเบี้ยยังชีพผู้สูงอายุ)
  1.ทำให้การใช้จ่ายงบประมาณของรัฐไม่เกิดประโยชน์ตรงตามกลุ่มเป้าหมายผู้สูงอายุ
ตามนโยบายรัฐตามมาตรการคุ้มครองด้านรายได้รวมทั้งทำให้รัฐมีการจ"
FL-1096,ด้านประสิทธิภาพและความประหยัด อื่นๆ                                                                 ,สำนักงานพาณิชย์จังหวัดเพชรบูรณ์,โครงการส่งเสริมการค้า การลงทุน และสร้างพันธมิตรการค้าสู่ประชาคมเศรษฐกิจอาเซียน,2561,,"เกิดจากการดำเนินโครงการไม่เป็นไปตามรายการ/กิจกรรมตามที่ได้รับอนุมัติงบประมาณ 
การดำเนินโครงการไม่ได้ปฏิบัติตามแนวทางหรือหลักเกณฑ์ที่กำหนดและไม่สอดคล้องกับวัตถุประสงค์ 
เป้าหมายของโครงการ 
รวมถึงการดำเนินโครงการไม่มีการติดตามและประเมินผลอย่างเป็นระบบ
","ข้อตรวจพบที่ 1 การดำเนินโครงการไม่มีประสิทธิภาพ 
1.1 การดำเนินโครงการ/กิจกรรมผิดวัตถุประสงค์
จากการตรวจสอบการดำเนินโครงการฯ พบว่า 
สำนักงานพาณิชย์จังหวัดเพชรบูรณ์ได้ใช้จ่ายงบประมาณในการดำเนินโครงการ/กิจกรรมผิดวัตถุประสงค์ที่กำหนด 
จำนวน 2,174,450.00 บาท จ","1. แผนปฏิบัติราชการประจำปีของจังหวัด/กลุ่มจังหวัด 
ซึ่งมีความสอดคล้องกับวัตถุประสงค์และทิศทางการพัฒนาตามแผนพัฒนาจังหวัด/กลุ่มจังหวัด 
รวมทั้งกรอบของแผนงาน/โครงการที่กำหนดไว้  ในแผนพัฒนาจังหวัด/กลุ่มจังหวัด 
ตามหลักเกณฑ์และวิธีการจัดทำโครงการที่เป็นคำของบป","ให้การดำเนินโครงการ ไม่บรรลุวัตถุประสงค์และเป้าหมายที่กำหนด 
รวมถึงทำให้การใช้จ่ายงบประมาณไม่คุ้มค่า 
"
FL-1097,ด้านประสิทธิภาพและความประหยัด อื่นๆ                                                                 ,สำนักงานพาณิชย์จังหวัดเพชรบูรณ์,โครงการส่งเสริมการค้า การลงทุน และสร้างพันธมิตรการค้าสู่ประชาคมเศรษฐกิจอาเซียน,2561,,"เกิดจากการดำเนินโครงการไม่เป็นไปตามรายการ/กิจกรรมตามที่ได้รับอนุมัติงบประมาณ 
การดำเนินโครงการไม่ได้ปฏิบัติตามแนวทางหรือหลักเกณฑ์ที่กำหนดและไม่สอดคล้องกับวัตถุประสงค์ 
เป้าหมายของโครงการ 
รวมถึงการดำเนินโครงการไม่มีการติดตามและประเมินผลอย่างเป็นระบบ
","ข้อตรวจพบที่ 1 การดำเนินโครงการไม่มีประสิทธิภาพ 
1.1 การดำเนินโครงการ/กิจกรรมผิดวัตถุประสงค์
จากการตรวจสอบการดำเนินโครงการฯ พบว่า 
สำนักงานพาณิชย์จังหวัดเพชรบูรณ์ได้ใช้จ่ายงบประมาณในการดำเนินโครงการ/กิจกรรมผิดวัตถุประสงค์ที่กำหนด 
จำนวน 2,174,450.00 บาท จ","1. แผนปฏิบัติราชการประจำปีของจังหวัด/กลุ่มจังหวัด 
ซึ่งมีความสอดคล้องกับวัตถุประสงค์และทิศทางการพัฒนาตามแผนพัฒนาจังหวัด/กลุ่มจังหวัด 
รวมทั้งกรอบของแผนงาน/โครงการที่กำหนดไว้  ในแผนพัฒนาจังหวัด/กลุ่มจังหวัด 
ตามหลักเกณฑ์และวิธีการจัดทำโครงการที่เป็นคำของบป","ให้การดำเนินโครงการ ไม่บรรลุวัตถุประสงค์และเป้าหมายที่กำหนด 
รวมถึงทำให้การใช้จ่ายงบประมาณไม่คุ้มค่า 
"
FL-1098,ด้านประสิทธิภาพและความประหยัด อื่นๆ                                                                 ,สำนักงานพาณิชย์จังหวัดเพชรบูรณ์,โครงการส่งเสริมการค้า การลงทุน และสร้างพันธมิตรการค้าสู่ประชาคมเศรษฐกิจอาเซียน,2561,,"สาเหจุสำคัญเกิดจากการดำเนินโครงการไม่เป็นไปตามรายการ/กิจกรรมตาที่ได้รับอนุมัติ
งบประมาณการดำเนินโครงการไม่ได้ปฏิบัติตามแนวทางหรือหลักเกณฑ์ที่กำหนดและไม่สอด
คล้องกับวัตถุประสงค์ เป้าหมายของโครงการ 
รวมถึงการดำเนินโครงการไม่มีการติดตามและประเมินผลอย่างเป็นร","1.1 การดำเนินโครงการ/กิจกรรมผิดวัตถุประสงค์
จากการตรวจสอบการดำเนินโครงการฯ พบว่า 
สำนักงานพาณิชย์จังหวัดเพชรบูรณ์ได้ใช้จ่ายงบประมาณในการดำเนินโครงการ/กิจกรรมผิด
วัตถุประสงค์ที่กำหนด จำนวน 2,174,450.00 บาท 
จากงบประมาณที่ได้รับจัดสรรในปีงบประมาณ 2559 - 
25","1. แผนปฏิบัติราชการประจำปีของจังหวัด/กลุ่มจังหวัด 
ซึ่งมีความสอดคล้องกับวัตถุประสงค์และทิศทางการพัฒนาตามแผนพัฒนาจังหวัด/กลุ่มจังหวัด 
รวมทั้งกรอบของแผนงาน/โครงการที่กำหนดไว้  ในแผนพัฒนาจังหวัด/กลุ่มจังหวัด 
ตามหลักเกณฑ์และวิธีการจัดทำโครงการที่เป็นคำของบป","ทำให้การดำเนินโครงการไม่บรรลุวัตถุประสงค์และเป้าหมายที่กำหนด 
รวมถึงทำให้การใช้จ่ายงบประมาณไม่คุ้มค่า
"
FL-1099,ด้านประสิทธิภาพและความประหยัด อื่นๆ                                                                 ,สำนักงานพาณิชย์จังหวัดเพชรบูรณ์,โครงการส่งเสริมการค้า การลงทุน และสร้างพันธมิตรการค้าสู่ประชาคมเศรษฐกิจอาเซียน,2561,,"สาเหตุสำคัญเกิดจากการดำเนินโครงการไม่เป็นไปตามรายการ/กิจกรรมตามที่ได้รับอนุมัติงบประมาณ 
การดำเนินโครงการไม่ได้ปฏิบัติตามแนวทางหรือหลักเกณฑ์ที่กำหนดและไม่สอดคล้องกับวัตถุประสงค์ 
เป้าหมายของโครงการ 
รวมถึงการดำเนินโครงการไม่มีการติดตามและประเมินผลอย่างเป็","1.1 การดำเนินโครงการ/กิจกรรมผิดวัตถุประสงค์
จากการตรวจสอบการดำเนินโครงการฯ พบว่า 
สำนักงานพาณิชย์จังหวัดเพชรบูรณ์ได้ใช้จ่ายงบประมาณในการดำเนินโครงการ/กิจกรรมผิดวัตถุประสงค์ที่กำหนด 
จำนวน 2,174,450.00 บาท จากงบประมาณที่ได้รับจัดสรรในปีงบประมาณ 2559 - 2560","1. แผนปฏิบัติราชการประจำปีของจังหวัด/กลุ่มจังหวัด 
ซึ่งมีความสอดคล้องกับวัตถุประสงค์และทิศทางการพัฒนาตามแผนพัฒนาจังหวัด/กลุ่มจังหวัด 
รวมทั้งกรอบของแผนงาน/โครงการที่กำหนดไว้  ในแผนพัฒนาจังหวัด/กลุ่มจังหวัด 
ตามหลักเกณฑ์และวิธีการจัดทำโครงการที่เป็นคำของบป","ให้การดำเนินโครงการ ไม่บรรลุวัตถุประสงค์และเป้าหมายที่กำหนด 
รวมถึงทำให้การใช้จ่ายงบประมาณไม่คุ้มค่า 
"
FL-1100,ด้านประสิทธิภาพและความประหยัด อื่นๆ                                                                 ,สำนักงานจังหวัดอุบลราชธานี,โครงการเพิ่มศักยภาพความเข้มแข็งในการผลิตข้าวหอมมะลิอินทรีย์ของกลุ่มจังหวัดภาคตะวันออกเฉียงเหนือตอนล่าง 2 งบประมาณ(เพิ่มเติม) ปี พ.ศ.2560,2562,,"1. กรณีการดำเนินโครงการไม่เป็นไปตามเป้าหมายที่กำหนด
   1.1 เจ้าหน้าที่ผู้รับผิดชอบและเกี่ยวข้อง 
ไม่ได้สำรวจแปลงนาของเกษตรกรก่อนเข้าร่วมโครงการ กล่าวคือ กลุ่มจังหวัดฯ 
กำหนดคุณสมบัติเกษตรกรที่เข้าร่วมโครงการต้องมีพื้นที่เข้าร่วมโครงการอย่างน้อย 
5 ไร่ มีพ","ข้อตรวจพบที่ 1 การดำเนินโครงการไม่มีประสิทธิภาพ 
1. การดำเนินโครงการไม่เป็นไปตามเป้าหมายที่กำหนด จากการตรวจสอบพบว่า 
จำนวนพื้นที่เกษตรอินทรีย์ที่ได้มาตรฐานไม่เป็นไปตามเป้าหมายที่กำหนดและร้อยละเกษตรกรที่ทำเกษตรอินทรีย์ที่ได้รับการรับรองมาตรฐานเทียบกับจำนวน","ผู้ว่าการตรวจเงินแผ่นดิน โดยสำนักงานการตรวจเงินแผ่นดินภูมิภาคที่ 5 
(จังหวัดอุบลราชธานี) 
มีข้อเสนอแนะให้หัวหน้ากลุ่มจังหวัดภาคตะวันออกเฉียงเหนือตอนล่าง 2 
พิจารณาดำเนินการ ดังนี้
1. กรณีการดำเนินโครงการไม่เป็นไปตามเป้าหมายที่กำหนด
   1.1 
พิจารณาทบทวนหรื","การดำเนินโครงการไม่มีประสิทธิภาพ เนื่องจาก 
การดำเนินโครงการไม่เป็นไปตามเป้าหมายที่กำหนด 
ปัจจัยการผลิตต้นแบบที่สนับสนุนให้แก่เกษตรกรที่เข้าร่วมโครงการไม่ได้ใช้ประโยชน์และนำไปใช้ประโยชน์กับพืชชนิดอื่น 
การดำเนินกิจกรรมพัฒนาแหล่งน้ำและระบบกระจายน้ำไม่แล้วเ"
FL-1101,ด้านประสิทธิภาพและความประหยัด อื่นๆ                                                                 ,สำนักงานคณะกรรมการการศึกษาขั้นพื้นฐาน,โครงการโรงเรียนดีใกล้บ้าน (แม่เหล็ก),2561,,"สาเหตุมาจากหน่วยงานที่รับผิดชอบ ได้แก่ สำนักงานคณะกรรมการการศึกษา
ขั้นพื้นฐาน สำนักงานเขตพื้นที่การศึกษา และโรงเรียนเครือข่าย 
ไม่ปฏิบัติตามแนวทางที่กำหนดในคู่มือการดำเนินงานโรงเรียนดีใกล้บ้าน (แม่เหล็ก) 

","ข้อตรวจพบที่ 4 การบริหารจัดการทรัพย์สินของโรงเรียนเครือข่ายภายหลังการยุบเลิก
ไม่เป็นไปตามแนวทางที่กำหนด
   จากการสุ่มตรวจสอบโรงเรียนเครือข่ายที่สามารถยุบเลิกได้ จำนวน 42 แห่ง 
พบว่าการบริหารจัดการทรัพย์สินของโรงเรียนเครือข่ายภายหลังการยุบเลิกบางแห่ง
ไม่เป","เพื่อให้การบริหารจัดการทรัพย์สินของโรงเรียนเครือข่ายภายหลังการยุบเลิกเป็นไปตาม
แนวทางที่กำหนด สำนักงานการตรวจเงินแผ่นดินมีข้อเสนอแนะให้เลขาธิการคณะกรรมการ
การศึกษาขั้นพื้นฐานพิจารณาดำเนินการสั่งการให้ผู้บังคับบัญชากำกับดูแลหน่วยงานที
รับผิดชอบทุกระดับปฏิบ","การบริหารจัดการทรัพย์สินของโรงเรียนเครือข่ายภายหลังการยุบเลิกไม่เป็นไปตามแนวทาง
ที่กำหนด ส่งผลให้รัฐเสียโอกาสจากรายได้ที่จะได้รับจากการจำหน่ายทรัพย์สินที่ชำรุด 
และอาจเกิดความเสี่ยงที่พัสดุจะสูญหายได้
"
FL-1102,ด้านประสิทธิภาพและความประหยัด อื่นๆ                                                                 ,เทศบาลตำบลทุ่งหลวง,การบริหารจัดการขยะมูลฝอยในเขตพัฒนาเศรษฐกิจพิเศษตาก,2560,,"สาเหตุที่ทำให้การบริหารจัดการขยะมูลฝอยในเขตพัฒนาเศรษฐกิจพิเศษตากไม่มีประสิทธิภาพเกิดจากปัญหาอุปสรรคและมีข้อกำจัดหลายประการ 
สรุปได้ดังนี้
	1. 
ในระบบกำจัดขยะมูลฝอยของเทศบาลนครแม่สอดและองค์การบริหารส่วนตำบลช่องแคบชำรุด 
และไม่ได้ดำเนินการแก้ไขเพื่อให้ระบบฯ","ข้อตรวจพบ : การจัดการขยะมูลฝอยในเขตพัฒนาเศรษฐกิจพิเศษตากไม่มีประสิทธิภาพ
	1. 
การจัดการขยะมูลฝอยและของเสียอันตรายไม่เป็นไปตามมาตรฐานและแนวทางที่กำหนด
	1.1 การจัดการขยะมูลฝอยชุมชน
	จากการตรวจสอบการบริหารจัดการขยะมูลฝอย พบว่า 
ขยะมูลฝอยตกค้างยังมิได้นำมากำจ","1. 
เทศบาลนครแม่สอดและองค์การบริหารส่วนตำบลช่องแคบควรเร่งดำเนินการซ่อมแซมระบบกำจัดขยะมูลฝอยให้ใช้งานได้โดยเร็ว 
เพื่อแก้ไขปัญหาการกำจัดขยะมูลฝอยในพื้นที่ให้ถูกต้องตามหลักสุขาภิบาลต่อไป
	2. 
องค์กรปกครองส่วนท้องถิ่นต้องดำเนินการบริหารจัดการขยะมูลฝอยประกอบด","การบริหารจัดการขยะมูลฝอยในเขตพัฒนาเศรษฐกิจพิเศษตากไม่มีประสิทธิภาพ 
ทำให้มีผลกระทบต่อคุณภาพสิ่งแวดล้อม เพิ่มภาระด้านงบประมาณ 
และทำให้การใช้จ่ายงบประมาณไม่คุ้มค่า ดังนี้ 
	1. การบริหารจัดการขยะมูลฝอยที่ไม่มีประสิทธิภาพ 
ส่งผลกระทบโดยรวมทำให้ไม่สามารถควบคุ"
FL-1103,ด้านประสิทธิภาพและความประหยัด อื่นๆ                                                                 ,สำนักงานจังหวัดสุพรรณบุรี,การดำเนินการของศูนย์อำนวยการป้องกันและปราบปรามยาเสพติดของจังหวัดในพื้นที่ความรับผิดชอบของ สตพ. 3,2560,,,,"1.	
กำหนดและวางแนวทางปฏิบัติให้เจ้าหน้าที่ผู้รับผิดชอบในการจัดทำแผนปฏิบัติการป้องกันและแก้ไขปัญหายาเสพติดของจังหวัด 
และหน่วยงานที่เกี่ยวข้อง 
ควรร่วมกันจัดทำแผนการปฏิบัติงานและแผนการใช้จ่ายเงินงบประมาณควบคู่กันไป 
โดยต้องจำแนกกิจกรรมในแต่ละผลผลิตได้อย่าง","๑.	การดำเนินการป้องกันและแก้ไขปัญหายาเสพติดในพื้นที่ 
อาจไม่ประสบผลสำเร็จ      
ในการลดปริมาณผู้เข้าสู่การกระทำผิดเกี่ยวกับยาเสพติดและนำคนออกจากวงจรการกระทำผิดเกี่ยวกับยาเสพติด 
จนไม่ส่งผลกระทบต่อสังคมและประชาชน 
เนื่องจากขาดการบูรณาการวางแผนร่วมกันระหว่า"
FL-1104,ด้านประสิทธิภาพและความประหยัด อื่นๆ                                                                 ,กรมปศุสัตว์,โครงการปรับเปลี่ยนพื้นที่ทำนาไม่เหมาะสม เพื่อส่งเสริมการเลี้ยงโคเนื้อ,2562,,"กรมปศุสัตว์จัดซื้อเครื่องหมายประจำตัวสัตว์ล่าช้า 
และไม่สอดคล้องกับช่วงเวลาที่เกษตรกรจัดซื้อโคเนื้อแม่พันธุ์ 
เป็นผลให้โคเนื้อแม่พันธุ์ตามโครงการได้รับการติดเครื่องหมายประจำตัวสัตว์ไม่ครบถ้วน 
จากการสัมภาษณ์เจ้าหน้าที่สำนักงานปศุสัตว์จังหวัดและการตรวจสอบข","โคเนื้อแม่พันธุ์ตามโครงการได้รับการติดเครื่องหมายประจำตัวสัตว์และบันทึกข้อมูลลงในระบบทะเบียนสัตว์แห่งชาติไม่ครบถ้วน
","สั่งการให้กองส่งเสริมและพัฒนาการปศุสัตว์ กองสารวัตรและกักกัน 
และสำนักงานปศุสัตว์อำเภอที่เกี่ยวข้องเร่งรัดติดเครื่องหมายประจำตัวสัตว์แก่โคเนื้อแม่พันธุ์ให้ครบถ้วน 
รวมถึงบันทึกข้อมูลโคเนื้อที่ติดเครื่องหมายแล้วลงในระบบ NID 
ให้แล้วเสร็จโดยเร็ว และควรปรับป","การที่กรมปศุสัตว์ไม่ติดเครื่องหมายประจำตัวสัตว์ให้แก่โคเนื้อตามโครงการและบันทึกข้อมูลในระบบทะเบียนสัตว์แห่งชาติ 
(NID) ให้ครบถ้วน ตามที่กำหนดในประกาศกรมปศุสัตว์ 
ทำให้มีความเสี่ยงในการควบคุม การป้องกันโรคระบาดสัตว์ 
ไม่สามารถตรวจสอบย้อนกลับได้ อีกทั้งกรมป"
FL-1105,ด้านประสิทธิภาพและความประหยัด อื่นๆ                                                                 ,อบต.ศรีเทพ,โครงการอบรมและศึกษาดูงานขององค์กรปกครองส่วนท้องถิ่น,2560,,"เกิดจากการจัดทำโครงการมิได้มีข้อมูลที่แสดงถึงความจำเป็น ความเหมาะสม 
และความสอดคล้องตามแนวทางในการพัฒนาของแต่ละ อปท. ที่ชัดเจน 
แต่มีลักษณะเป็นการมุ่งเน้นกิจกรรมด้านการท่องเที่ยวเป็นหลัก 
โดยมิได้ให้ความสำคัญในกิจกรรมการฝึกอบรมและการศึกษาดูงานตามวัตถุประส","ข้อตรวจพบ : การดำเนินโครงการฝึกอบรมและศึกษาดูงานไม่มีประสิทธิภาพ 
๑. ไม่ดำเนินการตามหลักสูตรการฝึกอบรมที่กำหนด จำนวน ๒๑ โครงการ 
คิดเป็นร้อยละ ๒๕.๖๐ ของโครงการทั้งหมดที่ตรวจสอบ โดยพบว่า มีจำนวน ๙ โครงการ 
มิได้ดำเนินการฝึกอบรมตามหลักสูตรที่กำหนด และจำนวน ","1. นายกเทศมนตรี/นายกองค์การบริหารส่วนตำบล : 
การจัดทำโครงการฝึกอบรมเพื่อก่อให้เกิดประสิทธิภาพในการทำงาน 
สามารถแก้ไขปัญหาหรือตอบสนองความต้องการขององค์กรได้ขึ้นอยู่กับปัจจัยสำคัญ 
คือ การจัดทำหลักสูตรที่เหมาะสมและตรงกับความต้องการแก้ไขปัญหา 
ซึ่งการจัดทำโค","ทำให้การใช้จ่ายเงินงบประมาณไม่เกิดความคุ้มค่าหรือสูญเสียงบประมาณโดยไม่จำเป็น 
ไม่ประหยัด เป็นจำนวนเงินมากกว่า 11.76 ล้านบาท คิดเป็นร้อยละ 44.35 
ของงบประมาณในการดำเนินโครงการ 
และทำให้ไม่เกิดการพัฒนาศักยภาพของบุคลากรหรือเพิ่มประสิทธิภาพการปฏิบัติงานขององค"
FL-1106,ด้านประสิทธิภาพและความประหยัด อื่นๆ                                                                 ,สำนักงานธนารักษ์พื้นที่พิษณุโลก,การบริหารจัดการที่ราชพัสดุของสำนักงานธนารักษ์พื้นที่,2560,,"สำนักงานธนารักษ์พื้นที่ไม่ดำเนินการสำรวจตรวจสอบข้อมูลที่เกี่ยวข้องและจำเป็นต่อการบริหารจัดการที่ราชพัสดุ 
การกำหนดเป้าหมายกลยุทธ์และการวางแผนปฏิบัติงานโดยจัดทำประมาณการจัดเก็บรายได้ไม่สอดคล้องและไม่ตรงกับข้อเท็จจริง 
มิได้ให้ความสำคัญต่อภารกิจด้านบริหารที","ข้อตรวจพบที่ 1 การจัดเก็บรายได้ไม่มีประสิทธิภาพ 
          
จากการเปรียบเทียบประมาณการรายได้กับรายได้ที่จัดเก็บได้ในปีงบประมาณ 2556 - 
2558 พบว่า มีการจัดเก็บรายได้สูงกว่าประมาณการ 
แต่เป็นการจัดเก็บรายได้ที่ไม่ครบถ้วนและไม่ถูกต้อง ประกอบด้วย
1.1 ที่ราชพั","1. ให้เร่งรัดและดำเนินการจัดเก็บรายได้ 
จากการใช้ประโยชน์ในที่ราชพัสดุไม่ถูกต้องและจัดเก็บรายได้ต่ำไป 
ตามที่แจ้งไว้ตามผลกระทบให้ถูกต้องครบถ้วนโดยเร็ว 
และสั่งการให้มีการควบคุมดูแลไม่ให้เกิดข้อผิดพลาดขึ้นอีก
	2. 
ให้เร่งรัดและติดตามกรณีการบุกรุกที่ราชพัสด","ทำให้การจัดเก็บรายได้จากการใช้ประโยชน์ในที่ราชพัสดุต่ำไป รวมเป็นเงิน 
21,880,201.51 บาท 
อีกทั้งกรณีมีการบุกรุกที่ราชพัสดุทำให้รัฐสูญเสียที่ราชพัสดุโดยหากยินยอมให้ผู้บุกรุกเช่าแล้ว 
ในทางปฏิบัติเป็นไปได้ยากที่จะนำที่ราชพัสดุดังกล่าวกลับมาใช้ประโยชน์ในราชก"
FL-1107,ด้านประสิทธิภาพและความประหยัด อื่นๆ                                                                 ,สำนักงานธนารักษ์พื้นที่พิษณุโลก,การบริหารจัดการที่ราชพัสดุของสำนักงานธนารักษ์พื้นที่,2560,,"สำนักงานธนารักษ์พื้นที่ไม่ดำเนินการสำรวจตรวจสอบข้อมูลที่เกี่ยวข้องและจำเป็นต่อการบริหารจัดการที่ราชพัสดุ 
การกำหนดเป้าหมายกลยุทธ์และการวางแผนปฏิบัติงานโดยจัดทำประมาณการจัดเก็บรายได้ไม่สอดคล้องและไม่ตรงกับข้อเท็จจริง 
มิได้ให้ความสำคัญต่อภารกิจด้านบริหารที","ข้อตรวจพบที่ 1 การจัดเก็บรายได้ไม่มีประสิทธิภาพ 
          
จากการเปรียบเทียบประมาณการรายได้กับรายได้ที่จัดเก็บได้ในปีงบประมาณ 2556 - 
2558 พบว่า มีการจัดเก็บรายได้สูงกว่าประมาณการ 
แต่เป็นการจัดเก็บรายได้ที่ไม่ครบถ้วนและไม่ถูกต้อง ประกอบด้วย
1.1 ที่ราชพั","1. ให้เร่งรัดและดำเนินการจัดเก็บรายได้ 
จากการใช้ประโยชน์ในที่ราชพัสดุไม่ถูกต้องและจัดเก็บรายได้ต่ำไป 
ตามที่แจ้งไว้ตามผลกระทบให้ถูกต้องครบถ้วนโดยเร็ว 
และสั่งการให้มีการควบคุมดูแลไม่ให้เกิดข้อผิดพลาดขึ้นอีก
	2. 
ให้เร่งรัดและติดตามกรณีการบุกรุกที่ราชพัสด","ทำให้การจัดเก็บรายได้จากการใช้ประโยชน์ในที่ราชพัสดุต่ำไป รวมเป็นเงิน 
21,880,201.51 บาท 
อีกทั้งกรณีมีการบุกรุกที่ราชพัสดุทำให้รัฐสูญเสียที่ราชพัสดุโดยหากยินยอมให้ผู้บุกรุกเช่าแล้ว 
ในทางปฏิบัติเป็นไปได้ยากที่จะนำที่ราชพัสดุดังกล่าวกลับมาใช้ประโยชน์ในราชก"
FL-1108,ด้านประสิทธิภาพและความประหยัด อื่นๆ                                                                 ,องค์การบริหารส่วนจังหวัดมหาสารคาม,โครงการพัฒนาและบริหารจัดการระบบบริการแพทย์ฉุกเฉินจังหวัดร้อยเอ็ด และจังหวัดมหาสารคาม,2560,," 1.การดำเนินงานระบบบริการการแพทย์ฉุกเฉินขาดการบริหารจัดการโครงการ             
อย่างมีประสิทธิภาพ                                                              
   2.อบจ.ร้อยเอ็ด และ อบจ.มหาสารคาม ไม่มีการสำรวจความพร้อมของ                   
อปท.ที่ได้รับก","   อบจ.ร้อยเอ็ด และ อบจ.มหาสารคาม ไม่มีการสำรวจความพร้อม 
 ของ อปท.ที่ได้รับการสนับสนุนรถพยาบาลฉุกเฉิน

","   1.	เร่งรัดดำเนินการ ตามหนังสือสำนักตรวจเงินแผ่นดินจังหวัดมหาสารคาม 
ลับ ที่ 
ตผ 0049.4 มค/0409 ลงวันที่ 15 ธันวาคม 2559 เรื่อง 
การตรวจสอบการเช่ารถพยาบาลฉุกเฉินขององค์การบริหารส่วนจังหวัดมหาสารคาม
   2.อบจ.ร้อยเอ็ด ตรวจสอบข้อเท็จจริงกรณีมีการเบิกจ่ายค่","  1.เกิดความสูญเปล่าของการใช้จ่ายเงินตามโครงการ
  2.อบจ.ร้อยเอ็ด และ อบจ.มหาสารคาม ต้องมีภาระค่าใช้จ่าย
    ในการเช่ารถพยาบาลฉุกเฉิน ในระหว่างที่ อปท.ยังไม่ขึ้นทะเบียน
    ชุดปฏิบัติการ หรือขึ้นทะเบียนแล้วแต่ไม่มีการดำเนินการ
  3.ประชาชนเสียโอกาสที่จะได้ร"
FL-1109,ด้านประสิทธิภาพและความประหยัด อื่นๆ                                                                 ,สำนักงานคณะกรรมการคุ้มครองผู้บริโภค,การคุ้มครองผู้บริโภคของสำนักงานคณะกรรมการคุ้มครองผู้บริโภค,2560,,"ระบบการติดตามผลการดำเนินงานในปัจจุบันของ สคบ. ไม่สามารถติดตามได้ว่าการแก้ไขปัญหา
เรื่องร้องเรียนของผู้บริโภคแต่ละเรื่องเป็นไปตามระยะเวลาที่กำหนดไว้
ในแต่ละขั้นตอนหรือไม่
สคบ. ไม่สามารถบังคับให้ผู้ร้องเรียนหรือผู้ประกอบการที่ถูกร้องให้ข้อมูล
ตามระยะเวลาที่","การดำเนินงานคุ้มครองผู้บริโภคของ สคบ. บางส่วนขาดประสิทธิภาพ


","1. กำหนดแนวทางปฏิบัติในการเร่งรัดดำเนินการแก้ไขปัญหาเรื่องร้องเรียน
ที่คงค้างอยู่เป็นเวลานาน
2. พิจารณาปรับปรุงข้อมูลในระบบคุ้มครองผู้บริโภคแบบเบ็ดเสร็จ 
ให้เป็นปัจจุบันและครอบคลุมถึงเรื่องร้องเรียนในส่วนภูมิภาค และอำนวย
ความสะดวกต่อผู้ร้องและผู้ที่เกี่ยว","ผู้บริโภคที่ประสบปัญหาถูกเอารัดเอาเปรียบจากการซื้อสินค้าและบริการยังไม่ได้
รับการแก้ไขปัญหาอย่างทันท่วงที
การที่มีเรื่องร้องเรียนคงค้างอยู่จำนวนมากส่งผลกระทบต่อภาพลักษณ์ของ สคบ. 
ที่จะไม่สามารถเป็นองค์กรในการคุ้มครองผู้บริโภคได้อย่างแท้จริงในความรู้สึก
ขอ"
FL-1110,ด้านประสิทธิภาพและความประหยัด อื่นๆ                                                                 ,สำนักทรัพยากรน้ำบาดาล เขต 12 สงขลา,โครงการตรวจสอบการจัดเก็บรายได้น้ำบาดาล,2558,,"1.ผู้ขอใช้น้ำชำระเงินแล้วแต่ไม่ส่งหลักฐานการชำระเงิน(สำเนาใบนำฝากเงินธนาคาร)
มาให้ส่วนบริหารจัดการน้ำ 
ทำให้เจ้าหน้าที่ไม่สามารถออกใบเสร็จรับเงินและหักยอดลูกหนี้ค้างออกไปจากระบบ
(ระบบเก่า)ได้
2.ผู้ขอใช้น้ำไม่ชำระเงินตามแบบอย่างที่กรมทรัพยากรน้ำบาดาลกำหนด ","การติดตามลูกหนี้ค้างชำระค่าใช้น้ำบาดาลยังไม่มีประสิทธิภาพเท่าที่ควร
","1.ตรวจสอบความถูกต้อง ความครบถ้วน 
ตลอดจนสถานะการใช้น้ำบาดาลของลูกหนี้ตามทะเบียนคุมลูกหนี้ ให้เป็นปัจจุบัน
และตรงตามความเป็นจริง
2.เร่งตรวจสอบ และติดตามยืนยันตัวลูกหนี้ที่ชำระเงินค่าน้ำบาดาลพร้อมค่าปรับ
ครบถ้วนแล้ว เพื่อนำเงินดังกล่าวส่งเป็นรายได้แผ่นดิน
3","การติดตามลูกหนี้คงค้างค่าใช้น้ำบาดาลที่ยังไม่มีประสิทธิภาพส่งผลให้รัฐสูญเสีย
โอกาสที่จะได้รับเงินรายได้ตามกำหนดเวลา 
เพื่อนำไปใช้จ่ายในการพัฒนาประเทศต่อไป

"
FL-1111,ด้านประสิทธิภาพและความประหยัด อื่นๆ                                                                 ,กรุงเทพมหานคร,การบริหารจัดการหนี้ภาษีโรงเรือนและที่ดิน,2559,,"1. 
เจ้าหน้าที่จัดเก็บรายได้ของสำนักงานเขตไม่ปฏิบัติตามคู่มือปฏิบัติงานของฝ่ายรายได้
2. 
เจ้าหน้าที่จัดเก็บรายได้ของสำนักงานเขตไม่ได้นำข้อมูลลูกหนี้ค้างชำระภาษีโรงเรือนและที่ดิน 
ณ 30 กันยายนของทุกปี มาตรวจสอบกับรายงาน REP_REV_018 ที่มาจากระบบ MIS2
","ข้อมูลลูกหนี้ภาษีโรงเรือนและที่ดินค้างชำระ ของกรุงเทพมหานคร ยังไม่ถูกต้อง 
ครบถ้วน และเป็นปัจจุบัน
","สั่งการให้เจ้าหน้าที่สำนักงานเขตที่รับผิดชอบการบริหารจัดการภาษีโรงเรือนและที่ดิน 
ดำเนินการตรวจสอบ และปรับปรุงบัญชีลูกหนี้ค้างชำระภาษีโรงเรือนและที่ดิน ณ 30 
กันยายน ของทุกปี ให้ถูกต้อง ครบถ้วน 
เป็นปัจจุบันเพื่อไม่ให้เกิดความสูญเสียต่อรายได้ของกรุงเทพมหา","1. เจ้าหน้าที่ไม่สามารถติดตาม เร่งรัดจัดเก็บภาษีค้างชำระได้ครบถ้วน 
จากการตรวจสอบการเร่งรัดติดตามลูกหนี้ภาษีโรงเรือนและที่ดิน 11 ราย 
ของสำนักงานเขตทั้ง 4 แห่ง ปรากฏว่าสำนักงานเขตทั้ง 4 แห่ง 
ไม่ได้เร่งรัดติดตามลูกหนี้ภาษีโรงเรือนและที่ดินทั้ง 11 ราย 
โดย"
FL-1113,ด้านประสิทธิภาพและความประหยัด อื่นๆ                                                                 ,สำนักงานคณะกรรมการการศึกษาขั้นพื้นฐาน,การก่อสร้างปรับปรุง ซ่อมแซมสิ่งก่อสร้างที่ชำรุดทรุดโทรมและที่ประสบอุบัติภัยของงบแปรญัตติ ปีงบประมาณ 2555 และ 2556,2558,,"เนื่องมาจากมีการแทรกแซงจากภายนอกโดยผ่านทางกลุ่มการเมืองและหน่วยงานของ สพฐ. 
ในการจัดทำคุณลักษณะเฉพาะและราคากลางของคณะกรรมการจัดทำคุณลักษณะเฉพาะและราคากลาง 
และบุคลากรที่เกี่ยวข้องของโรงเรียน โดยให้ใช้ข้อมูลที่ได้รับมาจากภายนอก 
ได้แก่ ผู้แทนร้านค้า สพท. ก","ข้อตรวจพบที่ 2 การจัดซื้อครุภัณฑ์รายการนอกเหนือบัญชีราคามาตรฐานของโรงเรียน
ไม่เป็นไปตามระเบียบและแนวทางที่กำหนด
","พิจารณาดำเนินการตรวจสอบข้อเท็จจริงกรณีการจัดซื้อครุภัณฑ์รายการนอกเหนือ
บัญชีราคามาตรฐานของโรงเรียนไม่เป็นไปตามระเบียบและแนวทางที่กำหนด 
รวมทั้งโรงเรียนอื่นในสังกัดที่มีการจัดซื้อครุภัณฑ์ดังกล่าวด้วยงบประมาณ
รายจ่ายประจำปีงบประมาณพ.ศ. 2555และ 2556 (งบแปรญั","การจัดซื้อครุภัณฑ์รายการนอกเหนือราคามาตรฐานของโรงเรียนไม่เป็นไปตามระเบียบ
และแนวทางที่กำหนดส่งผลให้เกิดความเสียหายต่อเงินงบประมาณแผ่นดิน 
และการแข่งขันที่ไม่เป็นธรรมโดยการใช้ข้อมูลจากภายนอกในการจัดทำคุณลักษณะเฉพาะ
และราคากลางซึ่งตรงกับรายการสินค้าและราคาข"
FL-1114,ด้านประสิทธิภาพและความประหยัด อื่นๆ                                                                 ,องค์การสวนยาง,โครงการพัฒนาศักยภาพสถาบันเกษตรกรเพื่อรักษาเสถียรภาพราคายาง,2559,,"1. การดำเนินโครงการมีการกำหนดวัตถุประสงค์ 
และวิธีการดำเนินงานไม่สอดคล้องกัน
	1.1 
การกำหนดวัตถุประสงค์ของโครงการในส่วนของการพัฒนาศักยภาพสถาบันเกษตรกรไม่ใช่วัตถุประสงค์ที่แท้จริง 
และไม่สัมพันธ์กับวิธีการดำเนินโครงการ
	1.2 
ระยะเวลาการดำเนินโครงการไม่สอดค","การดำเนินโครงการมีช่องว่างทำให้การป้องกันการทุจริตเรื่องการสวมสิทธิ์ไม่สามารถทำได้อย่างมีประสิทธิภาพ

","รัฐบาล เห็นควรกราบเรียนนายกรัฐมนตรีเพื่อพิจารณาดำเนินการ ดังนี้
	1. การดำเนินงานเพื่อช่วยเหลือเกษตรกรชาวสวนยางในระยะต่อไป 
หากจำเป็นต้องมีมาตรการระยะสั้นเพื่อแก้ไขปัญหาอย่างเร่งด่วนในกรณีเกิดปัญหายางพาราตกต่ำ 
ให้พิจารณาหลีกเลี่ยงการแก้ไขปัญหาโดยใช้วิธีกา","1. ภายหลังสิ้นสุดโครงการ 
รัฐบาลยังคงต้องจัดสรรงบประมาณเพื่อช่วยเหลือเกษตรกรชาวสวนยางจากปัญหาราคายางตกต่ำและมีแนวโน้มรุนแรงขึ้นอย่างต่อเนื่อง
2. การดำเนินโครงการต้องมีรายจ่ายเพิ่มขึ้นจากที่ได้กำหนดไว้
3. ผลการดำเนินโครงการมีแนวโน้มขาดทุนมากกว่าที่ควร
4. ส"
FL-1115,ด้านประสิทธิภาพและความประหยัด อื่นๆ                                                                 ,สำนักเลขาธิการนายกรัฐมนตรี,กองทุนพัฒนาบทบาทสตรี,2558,,"1.คกส.จ. คกส.กทม. คกส.ต. ขาดความรู้ความเข้าใจในการจัดทำ
ระบบฐานข้อมูลโครงการ การจัดทำบัญชีและทะเบียนคุมต่าง ๆ 
2.คกส.จ. และ คกส.ต. ขาดประสบการณ์ในการบริหารจัดการกองทุนพัฒนาบทบาทสตรี
3.ขาดแนวทางการปฏิบัติงานตามหลักเกณฑ์ต่าง ๆ ที่ชัดเจน แน่นอน 
หลักเกณฑ์หลา","การบริหารจัดการเงินกองทุนพัฒนาบทบาทสตรีของคณะกรรมการกองทุน
พัฒนาบทบาทสตรีจังหวัดหรือตำบล ไม่สอดคล้องตามระเบียบ ประกาศ
ที่เกี่ยวข้องหรือไม่รัดกุม
","1. ทบทวน การพิจารณาจัดสรรและใช้จ่ายเงินงบประมาณที่อุดหนุน
ให้กองทุนพัฒนาบทบาทสตรี โดยต้องให้สอดคล้องตอบสนอง 
การแก้ไขปัญหาสตรีตามเหตุผลความจำเป็นในการจัดตั้งเป็นอันดับแรก 
2. กำหนดระเบียบกลางขึ้นเพื่อใช้เป็นหลักในการปฏิบัติงานที่ชัดเจน 
เป็นมาตรฐานเดียวกั","1.การดำเนินงานของกองทุนฯ ไม่ประสบผลสำเร็จ 
ส่งผลต่อความเข้มแข็งขององค์กรสตรี ความน่าเชื่อถือไว้ใจของสมาชิก 
และก่อให้เกิดช่องทางให้มีการเอื้อหรือแสวงหาผลประโยชน์ให้ตนเอง
และพวกพ้องโดยมิชอบ 
ซึ่งหากไม่มีการแก้ไขปรับปรุง 
จะกลายเป็นแหล่งผลประโยชน์และเครื่อง"
FL-1151,ด้านระเบียบข้อบังคับ กฎหมาย(มติครม.พ.ร.ก. ฯลฯ)                                                      ,สำนักงานเกษตรจังหวัดขอนแก่น,โครงการพัฒนาคุณภาพการผลิตและเพิ่มมูลค่าผลผลิตข้าวครบวงจร ประจำปีงบประมาณ พ.ศ.2561 ของกลุ่มจังหวัดภาคตะวันออกเฉียงเหนือตอนกลาง,2562,,"กรณีดังกล่าวข้างต้นสาเหตุเนื่องจากเจ้าหน้าที่ที่ได้รับแต่งตั้งให้ปฏิบัติ
หน้าที่ผู้ควบคุมงานและคณะกรรมการตรวจรับพัสดุ 
เจ้าหน้าที่ผู้รับผิดชอบในการจัดทำสัญญาจ้าง การบริหารสัญญา 
และเจ้าหน้าที่ผู้รับผิดชอบในการจัดทำสัญญายืมพัสดุไม่นำแนวทางในการปฏิบัติ
หน้า","ข้อตรวจพบที่ 4  
การดำเนินงานของโครงการปฏิบัติไม่เป็นไปตามระเบียบและหลักเกณฑ์ที่กำหนด
1.การตรวจรับเครื่องบดแป้งข้าวหอมมะลิไม่เป็นไปตามสัญญาและเอกสารแนบท้ายสัญญา
สำนักงานเกษตรจังหวัดร้อยเอ็ดเป็นหน่วยดำเนินการในการจัดซื้อเครื่องบดแป้ง
ข้าวหอมมะลิพร้อมติดตั้","1.หัวหน้ากลุ่มงานบริหารยุทธศาสตร์กลุ่มจังหวัดภาคตะวันออกเฉียงเหนือตอนกลาง 
และหัวหน้าส่วนราชการของหน่วยงานที่รับโอนทรัพย์สิน ให้ดำเนินการดังนี้
1.1สั่งการให้เร่งรัดการกำหนดรหัสทรัพย์สิน 
และโอนทรัพย์สินให้แล้วเสร็จโดยเร็ว โดยให้ถือปฏิบัติตามกฎหมาย ระเบียบ","การดำเนินงานของโครงการปฏิบัติไม่เป็นไปตามระเบียบและหลักเกณฑ์ที่กำหนด 
กรณีคณะกรรมการตรวจรับพัสดุและผู้ควบคุมงานปฏิบัติหน้าที่ไม่เป็นไปตามระเบียบ 
ทำให้ครุภัณฑ์และสิ่งก่อสร้างไม่เป็นไปตามข้อกำหนดในสัญญาและไม่เป็นไปตามแบบ
รูปรายการละเอียด 
อาจทำให้เกิดความเ"
FL-1152,ด้านระเบียบข้อบังคับ กฎหมาย(มติครม.พ.ร.ก. ฯลฯ)                                                      ,สำนักงานจังหวัดอุตรดิตถ์,โครงการส่งเสริมและพัฒนาผลผลิตการเกษตรแบบบูรณาการและการเกษตรที่มีผลตอบแทนสูง ของสำนักงานเกษตรจังหวัดอุตรดิตถ์,2562,,,"ดำเนินการไม่เป็นไปตามหลักเกณฑ์ หนังสือสั่งการ
","ควบคุมหรือกำชับ
",
FL-1153,ด้านระเบียบข้อบังคับ กฎหมาย(มติครม.พ.ร.ก. ฯลฯ)                                                      ,สำนักงานจังหวัดพะเยา,โครงการเพิ่มผลิตภาพและคุณภาพการผลิตข้าวปลอดภัยที่ดำเนิการโดยจังหวัดพะเยา,2561,,"เจ้าหน้าที่ขาดความรอบคอบ
","การดำเนินกิจกรรมไม่เป็นไปตามกฎหมายที่กำหนด
","ให้ดำเนินการตามกฎหมายที่เกี่ยวข้อ 
","สูญเสียเงินงบประมาณ
"
FL-1154,ด้านระเบียบข้อบังคับ กฎหมาย(มติครม.พ.ร.ก. ฯลฯ)                                                      ,โครงการชลประทานฉะเชิงเทรา,โครงการพัฒนาแหล่งน้ำและระบบกระจายน้ำ เพื่อเพิ่มศักยภาพการเกษตรแก้ไขปัญหาภัยแล้ง โครงการชลประทานจังหวัดฉะเชิงเทรา,2562,,"ระยะเวลาในการดำเนินการมีจำกัดและเจ้าหน้าที่ผู้รับผิดชอบขาดความรอบคอบในการปฎิบัติหน้าที่
"," การดำเนินงานพัฒนาแหล่งน้ำฯ ไม่เป็นไปตามระเบียบฯ 
หลักเกณฑ์และแนวทางที่กำหนด
","2.กรณีดำเนินงานพัฒนาแหล่งน้ำฯ ไม่เป็นไปตามระเบียบฯ 
หลักเกณฑ์และแนวทางที่กำหนด
	1. ให้แต่งตั้งคณะกรรมการสอบข้อเท็จจริง 
กรณีการเช่าเครื่องจักรไม่เป็นตามเงื่อนไขสัญญา 
และกรณีเครื่องจักรที่เช่าซ้ำกัน 
2. 
สั่งกำชับเจ้าหน้าที่ผู้เกี่ยวข้องให้ปฏิบัติหน้าที่อ","เป็นการกีดกันผู้เสนอราคารายอื่น 
และก่อให้เกิดความเสี่ยงที่ทำให้ราชการได้รับความเสียหาย 
"
FL-1155,ด้านระเบียบข้อบังคับ กฎหมาย(มติครม.พ.ร.ก. ฯลฯ)                                                      ,สำนักงานปศุสัตว์จังหวัดพะเยา,โครงการเพิ่มประสิทธิภาพการแปรรูปสินค้าปศุสัตว์ปลอดภัย,2561,,"1.ไม่ส่งมออบอาคารเมื่อคณะกรรมการตรวจรับแล้ว
2.ไม่ขึ้นทะเบียนที่ราชพัสดุ
3.ไม่ดำเนินการควบคุมพัสดุ
","การดำเนินการตามโครงการเพิ่มประสิทธิภาพการแปรรูปสินค้าปศุสัตว์ปลอดภัยไม่เป็นไปตามกฎหมาย 
ระเบียบ และหนังสือสั่งการที่เกี่ยวข้อง
","1.ให้ดำเนินการขึ้นทะเบียนที่ราชพัสดุ
","1.เสียโอการจากการได้รับค่าเช่า
2.มีความเสี่ยงต่อการสูญหาย
"
FL-1156,ด้านระเบียบข้อบังคับ กฎหมาย(มติครม.พ.ร.ก. ฯลฯ)                                                      ,สำนักงานกองทุนหมู่บ้านและชุมชนเมืองแห่งชาติ สาขา6อุดรธานี,โครงการเพิ่มความเข้มแข็งของเศรษฐกิจฐานรากตามแนวทางประชารัฐ,2561,,,"ข้อตรวจพบที่ 2 การดำเนินโครงการไม่ปฏิบัติตามกฎหมาย ระเบียบ ที่เกี่ยวข้อง        
และไม่เป็นไปตามระเบียบ คู่มือ แนวทางและวิธีการที่ อคป.กำหนด                     
2.1 การดำเนินโครงการไม่ปฏิบัติตามกฎหมาย ระเบียบ ที่เกี่ยวข้อง                   
   ก) ภาษีหั",,
FL-1157,ด้านระเบียบข้อบังคับ กฎหมาย(มติครม.พ.ร.ก. ฯลฯ)                                                      ,สำนักงานจังหวัดสตูล,โครงการพัฒนาเมืองสตูล,2560,,"1.การกำหนดราคากลางที่สูงกว่าที่ควรจะเป็นเกิดจากคณะกรรมการกำหนดราคากลางนำค่าFactorFที่สูงกว่ามาใช้ในการคำนวณ
2.คกก.กำหนดราคากลางเป็นบุคคลภายนอกหน่วยงานที่รับผิดชอบดำเนินการจัดหาพัสดุ 
แต่ไม่ปรากฎหลักฐานที่แสดงว่ามีการสอบทานการกำหนดราคากลางของ 
คกก.กำหนดราค","ราคากลางของโครงการพัฒนาเมืองสตูลสูงกว่าราคากลางที่คำนวณด้วยหลักเกณฑ์ตามมติคณะรัฐมนตรี
","เสนอแนะให้ ผวจ.สตูล พิจารณาดำเนินการ ดังนี้
ในการกำหนดราคากลางควรจัดให้มีระบบการควบคุมภายใน 
โดยให้มีผู้สอบทานการกำหนดราคากลางเพื่อให้เกิดความเชื่อมั่นได้ว่าคกก.กำหนดราคากลางได้กำหนดราคากลางเป็นไปตามหลักเกณฑ์ฯแล้วจึงพิจารณาอนุมัติให้ใช้ราคากลางที่ 
คกก.กำ","ส่งผลให้ทางราชการอนุมัติจ้าง จัดทำสัญญาจ้าง 
และจ่ายเงินค่าจ้างตามสัญญาจ้างสูงกว่าที่ควรจะเป็น เป็นเงิน 756,892.72 บาท
"
FL-1158,ด้านระเบียบข้อบังคับ กฎหมาย(มติครม.พ.ร.ก. ฯลฯ)                                                      ,สำนักงานธนารักษ์พื้นที่พิษณุโลก,การบริหารจัดการที่ราชพัสดุของสำนักงานธนารักษ์พื้นที่,2560,,"สำนักงานธนารักษ์พื้นที่ไม่ดำเนินการสำรวจตรวจสอบข้อมูลที่เกี่ยวข้องและจำเป็นต่อการบริหารจัดการที่ราชพัสดุ 
การกำหนดเป้าหมายกลยุทธ์และการวางแผนปฏิบัติงานโดยจัดทำประมาณการจัดเก็บรายได้ไม่สอดคล้องและไม่ตรงกับข้อเท็จจริง 
มิได้ให้ความสำคัญต่อภารกิจด้านบริหารที","จากการตรวจสอบการบริหารจัดการที่ราชพัสดุที่ใช้ประโยชน์ในราชการ รวม 12 
ทะเบียน 
พบว่าการจัดทำข้อมูลทางทะเบียนไม่ถูกต้องครบถ้วนและไม่ตรงกับสภาพข้อเท็จจริงของพื้นที่ 
และจากการตรวจสังเกตการณ์พบการบุกรุกฯ จำนวน 3 แห่ง 
และใช้ที่ราชพัสดุโดยละเมิด 8 แห่ง 
ซึ่งห","1. ให้เร่งรัดและดำเนินการจัดเก็บรายได้ 
จากการใช้ประโยชน์ในที่ราชพัสดุไม่ถูกต้องและจัดเก็บรายได้ต่ำไป 
ตามที่แจ้งไว้ตามผลกระทบให้ถูกต้องครบถ้วนโดยเร็ว 
และสั่งการให้มีการควบคุมดูแลไม่ให้เกิดข้อผิดพลาดขึ้นอีก
	2. 
ให้เร่งรัดและติดตามกรณีการบุกรุกที่ราชพัสด","ทำให้การจัดเก็บรายได้จากการใช้ประโยชน์ในที่ราชพัสดุต่ำไป รวมเป็นเงิน 
21,880,201.51 บาท 
อีกทั้งกรณีมีการบุกรุกที่ราชพัสดุทำให้รัฐสูญเสียที่ราชพัสดุโดยหากยินยอมให้ผู้บุกรุกเช่าแล้ว 
ในทางปฏิบัติเป็นไปได้ยากที่จะนำที่ราชพัสดุดังกล่าวกลับมาใช้ประโยชน์ในราชก"
FL-1159,ด้านระเบียบข้อบังคับ กฎหมาย(มติครม.พ.ร.ก. ฯลฯ)                                                      ,สำนักงานธนารักษ์พื้นที่พิษณุโลก,การบริหารจัดการที่ราชพัสดุของสำนักงานธนารักษ์พื้นที่,2560,,"สำนักงานธนารักษ์พื้นที่ไม่ดำเนินการสำรวจตรวจสอบข้อมูลที่เกี่ยวข้องและจำเป็นต่อการบริหารจัดการที่ราชพัสดุ 
การกำหนดเป้าหมายกลยุทธ์และการวางแผนปฏิบัติงานโดยจัดทำประมาณการจัดเก็บรายได้ไม่สอดคล้องและไม่ตรงกับข้อเท็จจริง 
มิได้ให้ความสำคัญต่อภารกิจด้านบริหารที","ข้อตรวจพบที่ 2 การบุกรุกที่ราชพัสดุ และการใช้ที่ราชพัสดุโดยละเมิด
	จากการตรวจสอบการบริหารจัดการที่ราชพัสดุที่ใช้ประโยชน์ในราชการ รวม 
12 ทะเบียน 
พบว่าการจัดทำข้อมูลทางทะเบียนไม่ถูกต้องครบถ้วนและไม่ตรงกับสภาพข้อเท็จจริงของพื้นที่ 
และจากการตรวจสังเกตการณ์","1. ให้เร่งรัดและดำเนินการจัดเก็บรายได้ 
จากการใช้ประโยชน์ในที่ราชพัสดุไม่ถูกต้องและจัดเก็บรายได้ต่ำไป 
ตามที่แจ้งไว้ตามผลกระทบให้ถูกต้องครบถ้วนโดยเร็ว 
และสั่งการให้มีการควบคุมดูแลไม่ให้เกิดข้อผิดพลาดขึ้นอีก
	2. 
ให้เร่งรัดและติดตามกรณีการบุกรุกที่ราชพัสด","ทำให้การจัดเก็บรายได้จากการใช้ประโยชน์ในที่ราชพัสดุต่ำไป รวมเป็นเงิน 
21,880,201.51 บาท 
อีกทั้งกรณีมีการบุกรุกที่ราชพัสดุทำให้รัฐสูญเสียที่ราชพัสดุโดยหากยินยอมให้ผู้บุกรุกเช่าแล้ว 
ในทางปฏิบัติเป็นไปได้ยากที่จะนำที่ราชพัสดุดังกล่าวกลับมาใช้ประโยชน์ในราชก"
FL-1160,ด้านระเบียบข้อบังคับ กฎหมาย(มติครม.พ.ร.ก. ฯลฯ)                                                      ,เทศบาลนครรังสิต,การก่อสร้างอาคารหอประชุม 100 ปี เมืองธัญญบูรี,2560,,"๑.	โครงการก่อสร้างอาคารหอประชุมฯ ไม่ได้มีการวิเคราะห์สภาพปัญหาหรือ       
ความต้องการที่แท้จริงของประชาชน 
แต่เป็นโครงการที่เกิดขึ้นจากความต้องการของสมาชิกสภาองค์การบริหารส่วนจังหวัดปทุมธานีในเขตอำเภอธัญบุรีในขณะนั้น 
ที่ต้องการมีหอประชุมขนาดใหญ่     
ที่","ข้อตรวจพบที่ ๒	การจัดทำโครงการก่อสร้างอาคารหอประชุม ๑๐๐ ปี 
เมืองธัญญบูรีไม่เป็นไป  
ตามแนวทางการจัดทำแผนพัฒนาท้องถิ่นและการจัดทำงบประมาณขององค์กร
ปกครองส่วนท้องถิ่นที่กำหนดไว้
	  	จากการตรวจสอบรายละเอียดโครงการก่อสร้างอาคารหอประชุม ๑๐๐ ปี 
เมืองธัญญบูรี ","องค์การบริหารส่วนจังหวัดปทุมธานี 
ในฐานะเจ้าของงบประมาณก่อสร้างอาคารหอประชุม ๑๐๐ ปี เมืองธัญญบูรี 
 	๑.	
องค์การบริหารส่วนจังหวัดปทุมธานีควรให้ความสำคัญในการจัดทำแผนพัฒนา 
โดยสั่งการให้เจ้าหน้าที่ของแต่ละหน่วยงานที่รับผิดชอบในการจัดทำโครงการตามแผนพัฒนาองค","๑.	ทำให้การใช้จ่ายงบประมาณในการก่อสร้างอาคารหอประชุม ๑๐๐ ปี 
เมืองธัญญบูรี รวมจำนวน ๑๐๑.๖๖ ล้านบาท เกิดความไม่คุ้มค่า 
เพราะไม่ได้เป็นโครงการที่เกิดจากความต้องการของประชาชน 
และไม่ได้มีการพิจารณาถึงความเหมาะสมของสถานที่ก่อสร้าง 
ทำให้เกิดความไม่สะดวก  
ต่"
FL-1161,ด้านระเบียบข้อบังคับ กฎหมาย(มติครม.พ.ร.ก. ฯลฯ)                                                      ,เทศบาลนครรังสิต,การก่อสร้างอาคารหอประชุม 100 ปี เมืองธัญญบูรี,2560,,"๑.	การจัดทำโครงการก่อสร้างอาคารหอประชุมฯ 
ขององค์การบริหารส่วนจังหวัดปทุมธานี 
ขาดการวิเคราะห์ในมิติด้านความสัมพันธ์ระหว่างองค์กรปกครองส่วนท้องถิ่นและกฎหมาย 
ที่เกี่ยวข้อง 
โดยเฉพาะอย่างยิ่งกฎหมายการกระจายอำนาจที่มีส่วนในการกำหนดภารกิจขององค์กรปกครองส่วนท","ข้อตรวจพบที่ ๑	  การดำเนินโครงการก่อสร้างอาคารหอประชุม ๑๐๐ ปี 
เมืองธัญญบูรี ไม่สอดคล้อง
  กับอำนาจหน้าที่ในการจัดบริการสาธารณะขององค์การบริหารส่วนจังหวัด 
เทศบาลนครรังสิตได้จัดทำโครงการก่อสร้างอาคารหอประชุม ๑๐๐ ปี เมืองธัญญบูรี 
โดยได้เสนอขอรับการสนับสนุ","๑.	การดำเนินโครงการก่อสร้างอาคารหอประชุม ๑๐๐ ปี เมืองธัญญบูรี 
ขององค์การบริหารส่วนจังหวัดปทุมธานี 
เป็นการดำเนินการที่ไม่สอดคล้องกับอำนาจหน้าที่ตามพระราชบัญญัติองค์การบริหารส่วนจังหวัด 
พ.ศ.๒๕๔๐ ตามมาตรา ๔๕ (๘) ประกอบกับกฎกระทรวง (พ.ศ. ๒๕๔๑) (๑๒) 
และตาม","๑.	การจัดทำโครงการก่อสร้างอาคารหอประชุมฯ 
ขององค์การบริหารส่วนจังหวัดปทุมธานี 
ขาดการวิเคราะห์ในมิติด้านความสัมพันธ์ระหว่างองค์กรปกครองส่วนท้องถิ่นและกฎหมาย 
ที่เกี่ยวข้อง 
โดยเฉพาะอย่างยิ่งกฎหมายการกระจายอำนาจที่มีส่วนในการกำหนดภารกิจขององค์กรปกครองส่วนท"
FL-1162,ด้านระเบียบข้อบังคับ กฎหมาย(มติครม.พ.ร.ก. ฯลฯ)                                                      ,โครงการชลประทานตราด,โครงการสถานีสูบน้ำด้วยไฟฟ้าพร้อมระบบส่งน้ำของโครงการชลประทานตราด และอปท.จังหวัดตราด,2560,,"1.เจ้าหน้าที่ที่เกี่ยวข้องของ 
อปท.ไม่ศ฿กษาแนวทางการบริหารจัดการเกี่ยวกับความรับผิดชอบค่าไฟฟ้า 
แนวทางการขอรับการสนับสนุนค่าไฟฟ้าจากกรมส่งเสริมการปกครองท้องถิ่น
2.เจ้าหน้าที่ที่เกี่ยวข้องกับการพัสดุและบัญชีไม่ทราบแนวทางในการปฏิบัติที่ถูกต้องเกี่ยวกับการบั","การบริหารจัดการสถานีสูบน้ำด้วยไฟฟ้า ไม่เป็นไปตามระเบียบ 
หลักเกณฑ์หรือแนวทางที่กำหนด
1)ไม่มีการสนับสนุนค่าไฟฟ้าแก่กลุ่มเกษตรกรผู้ใช้น้ำตามมติคณะรัฐมนตรี
2)ไม่มีการบันทึกทรัพย์สินที่รับถ่ายโอนเข้าทะเบียนทรัพย์สินและบันทึกมูลค่าทรัพย์สินในรายงานการเงิน
3)จ่","นายก อบต.ที่ได้รับการถ่ายโอน
1.ดำเนินการเกี่ยวกับการเก็บเงินค่าไฟฟ้าจากเกษตรกรผู้ใช้น้ำให้เป็นไปตามมติคณะรมต. 
2.ให้เจ้าหน้าที่ที่เกี่ยวข้องกับการพัสดุและบัญชีศึกษาแนวทางในการปฏิบัติที่ถูกต้องเกี่ยวกับการบันทึกทะเบียนทรัพย์สินและการบันทึกบัญชีในงบทรัพย์สิ","1.การไม่ให้การสนับสนุนค่าไฟฟ้าแก่กลุ่มผู้ใช้น้ำ 
โดยไม่เรียกเก็บจากเกษตรกรเพียงหน่วยละ 60 สตางคฺ์ 
ทำให้เกษตรกรผู้ใช้น้ำเสียโอกาสและไม่ได้รับความเป็นธรรมในการได้รับความช่วยเหลือจากภาครัฐ
2.เจ้าหน้าที่ที่เกี่ยวข้องกับการพัสดุและบัญชีไม่ทราบแนวทางในการปฏิบั"
FL-1163,ด้านระเบียบข้อบังคับ กฎหมาย(มติครม.พ.ร.ก. ฯลฯ)                                                      ,กรมที่ดิน,การดูดทรายในที่ดินของรัฐ แม่น้ำโขง,2560,,"เกิดจากการควบคุม กำกับ ติดตาม และตรวจสอบการดูดทรายของหน่วยงานที่เกี่ยวข้องไม่มี
ประสิทธิภาพ กล่าวคือ ไม่มีการกำหนดผู้รับผิดชอบในการตรวจตรา ควบคุมดูแลการดูดทราย
อย่างชัดเจน รวมทั้งความไม่ชัดเจนในข้อกฎหมายเกี่ยวกับการดำเนินการกับผู้ประกอบการ
ในทันทีหากมีการ","ผู้ที่ได้รับอนุญาตให้ดูดทรายหรือผู้ประกอบการไม่ปฏิบัติให้เป็นไปตามกฎหมาย 
และระเบียบที่เกี่ยวข้อง 
","1.ให้รัฐมนตรีว่าการกระทรวงมหาดไทย ดังนี้
	1.1 พิจารณาทบทวนปรับปรุงระเบียบกระทรวงมหาดไทย ว่าด้วยการอนุญาตให้
ดูดทราย พ.ศ. 2546 ให้สอดคล้องกับสถานการณ์ปัจจุบัน โดยกำหนดให้มีผู้รับผิดชอบ
ตรวจตรา ควบคุม ดูแลให้การดำเนินการดูดทรายเป็นไปตามกฎหมายและระเบียบที่กำ","ทำให้ปรากฏว่า ผู้ที่ได้รับอนุญาตให้ดูดทรายมีการไม่ปฏิบัติตามเงื่อนไขการอนุญาต
ให้ดูดทราย และจากสภาพปัญหาที่มีผู้ประกอบกิจการโรงงานดูดทรายมีการใช้เครื่องจักร
ที่มีกำลังแรงม้าเกินกว่าที่ขออนุญาต และประกอบกิจการโรงงานดูดทรายโดยที่ใบอนุญาต
หมดอายุ
"
FL-1164,ด้านระเบียบข้อบังคับ กฎหมาย(มติครม.พ.ร.ก. ฯลฯ)                                                      ,กรมอุตสาหกรรมพื้นฐานและการเหมืองแร่,การจัดเก็บรายได้ค่าภาคหลวงแร่,2560,,"กระทรวงอุตสาหกรรมขาดการทบทวนปรับปรุงระเบียบและแนวปฏิบัติเกี่ยวกับแร่ที่ได้รับการยกเว้นตามมาตรา 
103 ทวิ พ.ศ. 2531 
ให้สอดคล้องกับภารกิจและบุคลากรของหน่วยงานที่รับผิดชอบในปัจจุบัน 
รวมทั้งขาดความชัดเจนในหน้าที่ความรับผิดชอบระหว่างหน่วยงานหลักที่เกี่ยวข้อง ","        ๑. การควบคุม ตรวจสอบการประกอบกิจการเหมืองแร่ไม่เป็นไปตามกฎหมาย 
ระเบียบ
ที่กำหนด จากการตรวจสอบพบว่า สำนักงานอุตสาหกรรมจังหวัด 
และสำนักงานพื้นฐานและการเหมืองแร่เขต ที่ตรวจสอบทั้งหมด 
ขาดการควบคุมตรวจสอบการประกอบกิจการเหมืองแร่ให้เป็นไปตามระเบียบ
ก","     1. การควบคุม ตรวจสอบการประกอบกิจการเหมืองแร่ไม่เป็นไปตามกฎหมาย 
ระเบียบ
ที่กำหนด
      1.1 สั่งการให้อธิบดีกรมอุตสาหกรรมพื้นฐานและการเหมืองแร่ 
พิจารณาทบทวนระเบียบ
กรมทรัพยากรธรณีว่าด้วยการปฏิบัติเกี่ยวกับแร่ที่ได้รับการยกเว้นตามมาตรา 103 
ทวิ พ.ศ. 2","การควบคุม ตรวจสอบกิจการเหมืองแร่ไม่เป็นไปตามกฎหมาย ระเบียบที่กำหนด 
ส่งผลให้
ผู้ถือประทานบัตรอาจมีการทำเหมืองไม่เป็นไปตามเงื่อนไขการอนุญาตแนบท้ายประทานบัตร 
หรือมีการดำเนินการอื่นใดที่ไม่ถูกต้องตามกฎหมายและระเบียบที่เกี่ยวข้องกับการประกอบการเหมืองแร่ 
รวม"
FL-1165,ด้านระเบียบข้อบังคับ กฎหมาย(มติครม.พ.ร.ก. ฯลฯ)                                                      ,เทศบาลเมืองป่าตอง,การบังคับใช้กฎหมายควบคุมอาคารเทศบาลนคร และเทศบาลเมือง,2561,,"1.	ไม่มีการตรวจสอบเจ้าของอาคารและป้ายอย่างครบถ้วนให้ปฏิบัติตาม
พระราชบัญญัติควบคุมอาคาร พ.ศ. 2522 และกฎกระทรวงที่เกี่ยวข้อง
2.	ไม่มีการสอบยันข้อมูลการใช้อาคารและการติดตั้งป้าย ของสำนักการช่าง 
กับการจัดเก็บภาษีโรงเรือนและที่ดิน และภาษีป้าย ของสำนักการคลัง","การก่อสร้าง ดัดแปลงอาคารหรือป้ายไม่เป็นไปตามกฎหมาย
1.1	เจ้าของอาคารไม่ปฏิบัติตามกฎหมายควบคุมอาคาร
1.1.1	การก่อสร้าง ดัดแปลง รื้อถอนอาคารโดยไม่ได้รับอนุญาต
จากการตรวจสอบเอกสารการดำเนินการกับเจ้าของอาคารที่กระทำผิดกฎหมายควบคุมอาคาร 
ปี พ.ศ. 2550 - 2559 ของฝ","1.	กำหนดให้มีแผนการตรวจสอบในแต่ละปีและดำเนินการตรวจสอบตามแผน 
หากพบการฝ่าฝืน/ไม่ปฏิบัติ ให้ดำเนินการตามพระราชบัญญัติควบคุมอาคาร พ.ศ. 
2522 และกฎกระทรวงที่เกี่ยวข้อง
2.	กำหนดให้มีการสอบยันข้อมูลการใช้อาคารและการติดตั้งป้าย 
ของสำนักการช่าง กับการจัดเก็บภาษ","การที่เจ้าของอาคารและป้ายไม่ปฏิบัติตามพระราชบัญญัติควบคุมอาคาร พ.ศ. 2522 
และกฎกระทรวงที่เกี่ยวข้องอาจก่อให้เกิดความเสี่ยงต่อความปลอดภัยในชีวิตและ
ทรัพย์สินของประชาชนในพื้นที่ 
และการจัดเก็บภาษีโรงเรือนและที่ดินไม่ครบถ้วน
"
FL-1166,ด้านระเบียบข้อบังคับ กฎหมาย(มติครม.พ.ร.ก. ฯลฯ)                                                      ,เทศบาลเมืองป่าตอง,การบังคับใช้กฎหมายควบคุมอาคารเทศบาลนคร และเทศบาลเมือง,2561,,"1.	ไม่มีการตรวจสอบเจ้าของอาคารและป้ายอย่างครบถ้วนให้ปฏิบัติตามพระราช
บัญญัติควบคุมอาคาร พ.ศ. 2522 และกฎกระทรวงที่เกี่ยวข้อง
2.	ไม่มีการสอบยันข้อมูลการใช้อาคารและการติดตั้งป้าย ของสำนักการช่าง 
กับการจัดเก็บภาษีโรงเรือนและที่ดิน และภาษีป้าย ของสำนักการคลัง","การก่อสร้าง ดัดแปลงอาคารหรือป้ายไม่เป็นไปตามกฎหมาย
1.1	เจ้าของอาคารไม่ปฏิบัติตามกฎหมายควบคุมอาคาร
1.1.1	การก่อสร้าง ดัดแปลง รื้อถอนอาคารโดยไม่ได้รับอนุญาต
จากการตรวจสอบเอกสารการดำเนินการกับเจ้าของอาคารที่กระทำผิดกฎหมายควบคุมอาคาร 
ปี พ.ศ. 2550 - 2559 ของฝ","1.	กำหนดให้มีแผนการตรวจสอบในแต่ละปีและดำเนินการตรวจสอบตามแผน 
หากพบการฝ่าฝืน/ไม่ปฏิบัติ ให้ดำเนินการตามพระราชบัญญัติควบคุมอาคาร พ.ศ. 
2522 และกฎกระทรวงที่เกี่ยวข้อง
2.	กำหนดให้มีการสอบยันข้อมูลการใช้อาคารและการติดตั้งป้าย 
ของสำนักการช่าง กับการจัดเก็บภาษ","การที่เจ้าของอาคารและป้ายไม่ปฏิบัติตามพระราชบัญญัติควบคุมอาคาร พ.ศ. 2522 
และกฎกระทรวงที่เกี่ยวข้องอาจก่อให้เกิดความเสี่ยงต่อความปลอดภัยในชีวิตและ
ทรัพย์สินของประชาชนในพื้นที่ 
และการจัดเก็บภาษีโรงเรือนและที่ดินไม่ครบถ้วน
"
FL-1167,ด้านระเบียบข้อบังคับ กฎหมาย(มติครม.พ.ร.ก. ฯลฯ)                                                      ,เทศบาลเมืองป่าตอง,การบังคับใช้กฎหมายควบคุมอาคารเทศบาลนคร และเทศบาลเมือง,2561,,"1.	ไม่มีการตรวจสอบเจ้าของอาคารและป้ายอย่างครบถ้วนให้ปฏิบัติตามพระราช
บัญญัติควบคุมอาคาร พ.ศ. 2522 และกฎกระทรวงที่เกี่ยวข้อง
2.	ไม่มีการสอบยันข้อมูลการใช้อาคารและการติดตั้งป้าย ของสำนักการช่าง 
กับการจัดเก็บภาษีโรงเรือนและที่ดิน และภาษีป้าย ของสำนักการคลัง","การก่อสร้าง ดัดแปลงอาคารหรือป้ายไม่เป็นไปตามกฎหมาย
1.1	เจ้าของอาคารไม่ปฏิบัติตามกฎหมายควบคุมอาคาร
1.1.1	การก่อสร้าง ดัดแปลง รื้อถอนอาคารโดยไม่ได้รับอนุญาต
จากการตรวจสอบเอกสารการดำเนินการกับเจ้าของอาคารที่กระทำผิดกฎหมายควบคุมอาคาร 
ปี พ.ศ. 2550 - 2559 ของฝ","1.	กำหนดให้มีแผนการตรวจสอบในแต่ละปีและดำเนินการตรวจสอบตามแผน 
หากพบการฝ่าฝืน/ไม่ปฏิบัติ ให้ดำเนินการตามพระราชบัญญัติควบคุมอาคาร พ.ศ. 
2522 และกฎกระทรวงที่เกี่ยวข้อง
2.	กำหนดให้มีการสอบยันข้อมูลการใช้อาคารและการติดตั้งป้าย 
ของสำนักการช่าง กับการจัดเก็บภาษ","การที่เจ้าของอาคารและป้ายไม่ปฏิบัติตามพระราชบัญญัติควบคุมอาคาร พ.ศ. 2522 
และกฎกระทรวงที่เกี่ยวข้องอาจก่อให้เกิดความเสี่ยงต่อความปลอดภัยในชีวิตและ
ทรัพย์สินของประชาชนในพื้นที่ 
และการจัดเก็บภาษีโรงเรือนและที่ดินไม่ครบถ้วน
"
FL-1168,ด้านระเบียบข้อบังคับ กฎหมาย(มติครม.พ.ร.ก. ฯลฯ)                                                      ,เทศบาลเมืองป่าตอง,การบังคับใช้กฎหมายควบคุมอาคารเทศบาลนคร และเทศบาลเมือง,2561,,"1.	ไม่มีการตรวจสอบเจ้าของอาคารและป้ายอย่างครบถ้วนให้ปฏิบัติตามพระราช
บัญญัติควบคุมอาคาร พ.ศ. 2522 และกฎกระทรวงที่เกี่ยวข้อง
2.	ไม่มีการสอบยันข้อมูลการใช้อาคารและการติดตั้งป้าย ของสำนักการช่าง 
กับการจัดเก็บภาษีโรงเรือนและที่ดิน และภาษีป้าย ของสำนักการคลัง","การก่อสร้าง ดัดแปลงอาคารหรือป้ายไม่เป็นไปตามกฎหมาย
1.1	เจ้าของอาคารไม่ปฏิบัติตามกฎหมายควบคุมอาคาร
1.1.1	การก่อสร้าง ดัดแปลง รื้อถอนอาคารโดยไม่ได้รับอนุญาต
จากการตรวจสอบเอกสารการดำเนินการกับเจ้าของอาคารที่กระทำผิดกฎหมายควบคุมอาคาร 
ปี พ.ศ. 2550 - 2559 ของฝ","1.	กำหนดให้มีแผนการตรวจสอบในแต่ละปีและดำเนินการตรวจสอบตามแผน 
หากพบการฝ่าฝืน/ไม่ปฏิบัติ ให้ดำเนินการตามพระราชบัญญัติควบคุมอาคาร พ.ศ. 
2522 และกฎกระทรวงที่เกี่ยวข้อง
2.	กำหนดให้มีการสอบยันข้อมูลการใช้อาคารและการติดตั้งป้าย 
ของสำนักการช่าง กับการจัดเก็บภาษ","การที่เจ้าของอาคารและป้ายไม่ปฏิบัติตามพระราชบัญญัติควบคุมอาคาร พ.ศ. 2522 
และกฎกระทรวงที่เกี่ยวข้องอาจก่อให้เกิดความเสี่ยงต่อความปลอดภัยในชีวิตและ
ทรัพย์สินของประชาชนในพื้นที่ 
และการจัดเก็บภาษีโรงเรือนและที่ดินไม่ครบถ้วน
"
FL-1169,ด้านระเบียบข้อบังคับ กฎหมาย(มติครม.พ.ร.ก. ฯลฯ)                                                      ,เทศบาลเมืองป่าตอง,การบังคับใช้กฎหมายควบคุมอาคารเทศบาลนคร และเทศบาลเมือง,2561,,"1.	ไม่มีการตรวจสอบเจ้าของอาคารและป้ายอย่างครบถ้วนให้ปฏิบัติตาม
พระราชบัญญัติควบคุมอาคาร พ.ศ. 2522 และกฎกระทรวงที่เกี่ยวข้อง
2.	ไม่มีการสอบยันข้อมูลการใช้อาคารและการติดตั้งป้าย ของสำนักการช่าง 
กับการจัดเก็บภาษีโรงเรือนและที่ดิน และภาษีป้าย ของสำนักการคลัง","การก่อสร้าง ดัดแปลงอาคารหรือป้ายไม่เป็นไปตามกฎหมาย
1.1	เจ้าของอาคารไม่ปฏิบัติตามกฎหมายควบคุมอาคาร
1.1.1	การก่อสร้าง ดัดแปลง รื้อถอนอาคารโดยไม่ได้รับอนุญาต
จากการตรวจสอบเอกสารการดำเนินการกับเจ้าของอาคารที่กระทำผิดกฎหมายควบคุมอาคาร 
ปี พ.ศ. 2550 - 2559 ของฝ","1.	กำหนดให้มีแผนการตรวจสอบในแต่ละปีและดำเนินการตรวจสอบตามแผน 
หากพบการฝ่าฝืน/ไม่ปฏิบัติ ให้ดำเนินการตามพระราชบัญญัติควบคุมอาคาร พ.ศ. 
2522 และกฎกระทรวงที่เกี่ยวข้อง
2.	กำหนดให้มีการสอบยันข้อมูลการใช้อาคารและการติดตั้งป้าย 
ของสำนักการช่าง กับการจัดเก็บภาษ","การที่เจ้าของอาคารและป้ายไม่ปฏิบัติตามพระราชบัญญัติควบคุมอาคาร พ.ศ. 2522 
และกฎกระทรวงที่เกี่ยวข้องอาจก่อให้เกิดความเสี่ยงต่อความปลอดภัยในชีวิตและ
ทรัพย์สินของประชาชนในพื้นที่ 
และการจัดเก็บภาษีโรงเรือนและที่ดินไม่ครบถ้วน
"
FL-1170,ด้านระเบียบข้อบังคับ กฎหมาย(มติครม.พ.ร.ก. ฯลฯ)                                                      ,เทศบาลเมืองป่าตอง,การบังคับใช้กฎหมายควบคุมอาคารเทศบาลนคร และเทศบาลเมือง,2561,,"1.	ไม่มีการตรวจสอบเจ้าของอาคารและป้ายอย่างครบถ้วนให้ปฏิบัติตาม
พระราชบัญญัติควบคุมอาคาร พ.ศ. 2522 และกฎกระทรวงที่เกี่ยวข้อง
2.	ไม่มีการสอบยันข้อมูลการใช้อาคารและการติดตั้งป้าย ของสำนักการช่าง 
กับการจัดเก็บภาษีโรงเรือนและที่ดิน และภาษีป้าย ของสำนักการคลัง","การก่อสร้าง ดัดแปลงอาคารหรือป้ายไม่เป็นไปตามกฎหมาย
1.1	เจ้าของอาคารไม่ปฏิบัติตามกฎหมายควบคุมอาคาร
1.1.1	การก่อสร้าง ดัดแปลง รื้อถอนอาคารโดยไม่ได้รับอนุญาต
จากการตรวจสอบเอกสารการดำเนินการกับเจ้าของอาคารที่กระทำผิดกฎหมายควบคุมอาคาร 
ปี พ.ศ. 2550 - 2559 ของฝ","1.	กำหนดให้มีแผนการตรวจสอบในแต่ละปีและดำเนินการตรวจสอบตามแผน 
หากพบการฝ่าฝืน/ไม่ปฏิบัติ ให้ดำเนินการตามพระราชบัญญัติควบคุมอาคาร พ.ศ. 
2522 และกฎกระทรวงที่เกี่ยวข้อง
2.	กำหนดให้มีการสอบยันข้อมูลการใช้อาคารและการติดตั้งป้าย 
ของสำนักการช่าง กับการจัดเก็บภาษ","การที่เจ้าของอาคารและป้ายไม่ปฏิบัติตามพระราชบัญญัติควบคุมอาคาร พ.ศ. 2522 
และกฎกระทรวงที่เกี่ยวข้องอาจก่อให้เกิดความเสี่ยงต่อความปลอดภัยในชีวิตและ
ทรัพย์สินของประชาชนในพื้นที่ 
และการจัดเก็บภาษีโรงเรือนและที่ดินไม่ครบถ้วน
"
FL-1171,ด้านระเบียบข้อบังคับ กฎหมาย(มติครม.พ.ร.ก. ฯลฯ)                                                      ,เทศบาลเมืองป่าตอง,การบังคับใช้กฎหมายควบคุมอาคารเทศบาลนคร และเทศบาลเมือง,2561,,"1.	
ไม่มีการตรวจสอบเจ้าของอาคารและป้ายอย่างครบถ้วนให้ปฏิบัติตามพระราชบัญญัติควบคุมอาคาร 
พ.ศ. 2522 และกฎกระทรวงที่เกี่ยวข้อง
2.	ไม่มีการสอบยันข้อมูลการใช้อาคารและการติดตั้งป้าย ของสำนักการช่าง 
กับการจัดเก็บภาษีโรงเรือนและที่ดิน และภาษีป้าย ของสำนักการคลั","การก่อสร้าง ดัดแปลงอาคารหรือป้ายไม่เป็นไปตามกฎหมาย
1.1	เจ้าของอาคารไม่ปฏิบัติตามกฎหมายควบคุมอาคาร
1.1.1	การก่อสร้าง ดัดแปลง รื้อถอนอาคารโดยไม่ได้รับอนุญาต
จากการตรวจสอบเอกสารการดำเนินการกับเจ้าของอาคารที่กระทำผิดกฎหมายควบคุมอาคาร 
ปี พ.ศ. 2550 - 2559 ของฝ","1.	กำหนดให้มีแผนการตรวจสอบในแต่ละปีและดำเนินการตรวจสอบตามแผน 
หากพบการฝ่าฝืน/ไม่ปฏิบัติ ให้ดำเนินการตามพระราชบัญญัติควบคุมอาคาร พ.ศ. 
2522 และกฎกระทรวงที่เกี่ยวข้อง
2.	กำหนดให้มีการสอบยันข้อมูลการใช้อาคารและการติดตั้งป้าย 
ของสำนักการช่าง กับการจัดเก็บภาษ","การที่เจ้าของอาคารและป้ายไม่ปฏิบัติตามพระราชบัญญัติควบคุมอาคาร พ.ศ. 2522 
และกฎกระทรวงที่เกี่ยวข้องอาจก่อให้เกิดความเสี่ยงต่อความปลอดภัยในชีวิตและ
ทรัพย์สินของประชาชนในพื้นที่ และการจัดเก็บภาษีโรงเรือนและที่ดินไม่ครบถ้วน
"
FL-1172,ด้านระเบียบข้อบังคับ กฎหมาย(มติครม.พ.ร.ก. ฯลฯ)                                                      ,เทศบาลเมืองป่าตอง,การบังคับใช้กฎหมายควบคุมอาคารเทศบาลนคร และเทศบาลเมือง,2561,,"1.	ไม่มีการตรวจสอบเจ้าของอาคารและป้ายอย่างครบถ้วนให้ปฏิบัติตามพระราช
บัญญัติควบคุมอาคาร พ.ศ. 2522 และกฎกระทรวงที่เกี่ยวข้อง
2.	ไม่มีการสอบยันข้อมูลการใช้อาคารและการติดตั้งป้าย ของสำนักการช่าง 
กับการจัดเก็บภาษีโรงเรือนและที่ดิน และภาษีป้าย ของสำนักการคลัง","การก่อสร้าง ดัดแปลงอาคารหรือป้ายไม่เป็นไปตามกฎหมาย
1.1	เจ้าของอาคารไม่ปฏิบัติตามกฎหมายควบคุมอาคาร
1.1.1	การก่อสร้าง ดัดแปลง รื้อถอนอาคารโดยไม่ได้รับอนุญาต
จากการตรวจสอบเอกสารการดำเนินการกับเจ้าของอาคารที่กระทำผิดกฎหมายควบคุมอาคาร 
ปี พ.ศ. 2550 - 2559 ของฝ","1.	กำหนดให้มีแผนการตรวจสอบในแต่ละปีและดำเนินการตรวจสอบตามแผน 
หากพบการฝ่าฝืน/ไม่ปฏิบัติ ให้ดำเนินการตามพระราชบัญญัติควบคุมอาคาร พ.ศ. 
2522 และกฎกระทรวงที่เกี่ยวข้อง
2.	กำหนดให้มีการสอบยันข้อมูลการใช้อาคารและการติดตั้งป้าย 
ของสำนักการช่าง กับการจัดเก็บภาษ","การที่เจ้าของอาคารและป้ายไม่ปฏิบัติตามพระราชบัญญัติควบคุมอาคาร พ.ศ. 2522 
และกฎกระทรวงที่เกี่ยวข้องอาจก่อให้เกิดความเสี่ยงต่อความปลอดภัยในชีวิตและ
ทรัพย์สินของประชาชนในพื้นที่ และการจัดเก็บภาษีโรงเรือนและที่ดินไม่ครบถ้วน
"
FL-1173,ด้านระเบียบข้อบังคับ กฎหมาย(มติครม.พ.ร.ก. ฯลฯ)                                                      ,สำนักทรัพยากรน้ำบาดาล เขต 12 สงขลา,โครงการตรวจสอบการจัดเก็บรายได้น้ำบาดาล,2558,,"1.เจ้าหน้าที่ไม่จัดทำทะเบียนคุมใบอนุญาตและไม่ตรวจสอบวันหมดอายุ
2.เจ้าหน้าที่ไม่ตรวจสอบรายงานการใช้นำ้ แบบ นบ.11 กับปริมาณ
การใช้น้ำสูงสุดตามใบอนุญาต
3.ขาดการควบคุมให้เจ้าหน้าที่รายงานการควบคุมขั้นตอนสำคัญของหลักเกณฑ์
วิธีการและเงื่อนไขการปฏิบัติตามใบอนุญา","ผู้รับใบอนุญาติใช้น้ำบาดาลส่วนใหญ่มีการปฏิบัติยังไม่เป็นไปตามกฎหมาย 
ระเบียบ และข้อกำหนด
","1.ควบคุม กำกับ 
ดูแลให้ผู้รับผิดชอบและผู้รับใบอนุญาตใช้น้ำทุกรายปฏิบัติหน้าที่ให้เป็นไปตามกฎหมาย 
ระเบียบ 
และข้อกำหนดที่เกี่ยวข้องอย่างเคร่งครัดและรายงานผลให้สำนักตรวจสอบพิเศษภาค 
15 ทราบโดยเร็ว
2.ให้มีการออกติดตามตรวจสอบเพื่อให้ทราบถึงปริมาณการใช้น้ำบาด","1.ผู้รับใบอนุญาตใช้น้ำบาดาล 
มีการนำน้ำขึ้นมาใช้อย่างไม่ประหยัดและเกินกว่าปริมาณที่ได้รับใบอนุญาต 
อาจส่งผลกระทบทำให้แผ่นดินทรุดหรือขาดแคลนน้ำได้ในอนาคต
2.ผู้รับใบอนุญาตใช้น้ำบาดาล เพิกเฉยไม่ให้ความสำคัญในการต่ออายุใบอนุญาต
ใช้น้ำบาดาล แต่ยังใช้น้ำบาดาลโด"
FL-1174,ด้านระเบียบข้อบังคับ กฎหมาย(มติครม.พ.ร.ก. ฯลฯ)                                                      ,กรุงเทพมหานคร,การบริหารจัดการหนี้ภาษีโรงเรือนและที่ดิน,2559,,"1. 
พนักงานเก็บภาษีประจำสำนักงานเขตใช้วิธีการเจรจากับลูกหนี้ภาษีโรงเรือนและที่ดินมากกว่าการใช้มาตรการบังคับทางภาษี
2. ขั้นตอนการสืบสวนหาทรัพย์สินตามระเบียบกรุงเทพมหานคร ว่าด้วยการยึด 
อายัดและขายทอดตลาดทรัพย์สินฯ 
กระทำได้ยากและใช้ระยะเวลานานเป็นเหตุให้พน","พนักงานเก็บภาษีประจำสำนักงานเขตไม่ดำเนินการเร่งรัดภาษีค้าง 
ให้เป็นไปตามระเบียบกรุงเทพมหานครว่าด้วยการยึด 
อายัดและขายทอดตลาดทรัพย์สินของผู้ค้างภาษี พ.ศ.2546
","1. สั่งการให้เจ้าหน้าที่ฝ่ายรายได้ สำนักงานเขต และฝ่ายบังคับภาษี กองรายได้ 
สำนักการคลัง ปฏิบัติตามคำสั่งกรุงเทพมหานคร 
เรื่องการเร่งรัดจัดเก็บภาษีค้างชำระตามระเบียบกรุงเทพมหานครว่าด้วยการยึด 
อายัด และขายทอดตลาดทรัพย์สินของผู้ค้างภาษี พ.ศ.2546 อย่างเคร่ง","1. ก่อให้เกิดความเสียหายต่อรายได้ของกรุงเทพมหานคร 
ที่จะได้รับจากภาษีโรงเรือนและที่ดินค้างชำระ 
โดยเฉพาะกรณีที่ดำเนินการเร่งรัดจัดเก็บภาษีค้างและส่งเรื่องให้กองรายได้ 
สำนักการคลังเพื่อดำเนินการยึด อายัดทรัพย์สินของผู้ค้างภาษีล่าช้า 
จนหมดอายุความการใช้สิ"
FL-1176,ด้านระเบียบข้อบังคับ กฎหมาย(มติครม.พ.ร.ก. ฯลฯ)                                                      ,กรมประมง,การบริหารจัดการบึงบอระเพ็ด จังหวัดนครสวรรค์,2560,,"กรมประมงไม่มีการแต่งตั้งหรือมอบหมายเจ้าหน้าที่หรือหน่วยงานรับผิดชอบควบคุมดูแล
บึงบอระเพ็ดโดยตรง และหน่วยงานราชการต่าง ๆ ที่ดำเนินการในพื้นที่บึงบอระเพ็ด 
ยึดถือและดำเนินการตามภารกิจหน้าที่และกฎหมายของหน่วยงานตนเองเป็นหลัก โดย
ไม่ตระหนักถึงความสำคัญหรือละเ","การดำเนินการในพื้นที่บึงบอระเพ็ดของหน่วยงานต่าง ๆ ไม่เป็นไปตามกฎหมายและ
มติคณะรัฐมนตรีที่เกี่ยวข้อง 
","ให้อธิบดีกรมประมง พิจารณาดำเนินการตามข้อเสนอแนะดังนี้
	1.สั่งการให้สำรวจอาคารหรือสิ่งปลูกสร้างของกรมประมงในพื้นที่บึงบอระเพ็ด 
โดยระบุประเภทและจำนวนอาคารหรือสิ่งปลูกสร้าง พร้อมทั้งระบุสภาพความพร้อมต่อการใช้
ประโยชน์ ให้ดำเนินการวางแผนการนำอาคารหรือสิ่งปลู","ทำให้มีประชาชนบุกรุกหรือครอบครองทำประโยชน์ในพื้นที่บึงบอระเพ็ด จำนวน 5,653 แปลง
รวมพื้นที่จำนวน 65,409 ไร่ 3 งาน 92 ตารางวา และหน่วยงานราชการต่าง ๆ มีการใช้
ประโยชน์พื้นที่บึงบอระเพ็ดอย่างไม่ถูกต้องตามกฎกระทรวงว่าด้วยหลักเกณฑ์และวิธีการ
ปกครอง ดูแล บำรุงร"
FL-1205,ด้านระเบียบข้อบังคับ กฎหมาย(มติครม.พ.ร.ก. ฯลฯ) อื่นๆ                                                ,สำนักงานจังหวัดพัทลุง,โครงการผลผลิตทางการเกษตรขับเคลื่อนเศรษฐกิจเข้มแข็ง จังหวัดพัทลุง ประจำปีงบประมาณ พ.ศ.2559,2562,,"1.เจ้าหน้าที่ผู้รับผิดชอบไม่ให้ความสำคัญในการปฏิบัติงานให้ถูกต้องเป็นไปตามกฎหมาย
ระเบียบ และหนังสือสั่งการที่เกี่ยวข้อง 
เจ้าหน้าที่ผู้รับผิดชอบไม่ให้ความสำคัญในการปฏิบัติงานให้ถูกต้องเป็นไปตามกฎหมาย 
ระเบียบ และหนังสือสั่งการที่เกี่ยวข้อง
2. สำนักงานจังห","การดำเนินงานปฏิบัติไม่ถูกต้องตามกฎหมาย ระเบียบ ที่เกี่ยวข้อง
 -ส่งใช้คืนเงินยืมนานเกินกว่าที่กำหนด 194 วัน ไม่เป็นไปตามระเบียบฯ 
และหนังสือสั่งการที่เกี่ยวข้อง
 -จัดทำหลักฐานการส่งใช้เงินยืมค่าใช้จ่ายการจัดประชุม อบรม ทัศนะศึกษาดูงาน 
ไม่ถูกต้องตรงกับข้อเ","เพื่อให้การปฏิบัติงานเกิดผลสัมฤทธิ์และมีประสิทธิภาพ 
สำนักงานการตรวจเงินแผ่นดินภูมิภาค ที่ 14 (จังหวัดนครศรีธรรมราช) 
มีข้อเสนอแนะให้ผู้ว่าราชการจังหวัดพัทลุง สั่งการให้สำนักงานจังหวัดพัทลุง 
สำนักงานสหกรณ์จังหวัดพัทลุง และสำนักงานปศุสัตว์จังหวัดพัทลุง ดำ","1. 
การส่งคืนเงินยืมล่าช้าโดยไม่มีการชี้แจงเหตุผลและความจำเป็นต่อผู้ว่าราชการจังหวัดอาจทำให้เกิดความเสียหายต่อการใช้จ่ายเงินงบประมาณ 
และมีความเสี่ยงที่จะทำให้ผลการดำเนินงานไม่บรรลุวัตถุประสงค์ของโครงการ
2. การส่งบุคคลที่ไม่เกี่ยวข้องเข้าร่วมการอบรมศึกษาด"
FL-1206,ด้านระเบียบข้อบังคับ กฎหมาย(มติครม.พ.ร.ก. ฯลฯ) อื่นๆ                                                ,สำนักบริหารยุทธศาสตร์กลุ่มจังหวัดภาคเหนือตอนบน 2,โครงการตามแผนบูรณาการส่งเสริมการพัฒนาจังหวัดและกลุ่มจังหวัดแบบบูรณาการ กลุ่มจังหวัดภาคเหนือตอนบน 2,2562,,"สาเหตุ
ผู้บริหารและเจ้าหน้าที่ที่เกี่ยวข้อง ได้แก่ 
กลุ่มงานบริหารยุทธศาสตร์กลุ่มจังหวัดภาคเหนือตอนบน 2 
และสำนักงานสหกรณ์จังหวัดเชียงราย 
ขาดความรู้ความเข้าใจในการปฏิบัติเกี่ยวกับการใช้ประโยชน์ที่ดินและการบริหารจัดการทรัพย์สิน 
ให้เป็นไปตามกฎหมายและหนังส","ข้อตรวจพบที่ 1การใช้ประโยชน์ที่ดินและการบริหารจัดการทรัพย์สินตามโครงการ
1.1 การใช้ประโยชน์ที่ดิน
การใช้ประโยชน์ที่ดินปฏิบัติไม่เป็นไปตามหนังสือสำนักเลขาธิการคณะรัฐมนตรี 
ที่ นร 0505/ ว111 ลงวันที่ 2 สิงหาคม 2550  
โดยการดำเนินงานโครงการเป็นการก่อสร้างเครื","ข้อเสนอแนะ
เพื่อให้การดำเนินงานโครงการเป็นไปอย่างมีประสิทธิภาพ ประสิทธิผลบรรลุตาม 
วัตถุประสงค์ของโครงการ ให้ผู้ว่าราชการจังหวัดเชียงราย 
ในฐานะหัวหน้ากลุ่มจังหวัดภาคเหนือตอนบน  2 ดำเนินการ ดังนี้ 
1. ดำเนินการขึ้นทะเบียนทรัพย์สินและโอนเปลี่ยนแปลงการใช้ปร","ผลกระทบ
1. การไม่ได้จดทะเบียนสิทธิเหนือพื้นดิน 
กรณีมีการจัดทำนิติกรรมในภายหลังทำให้ทางราชการไม่สามารถโต้แย้งในกรรมสิทธิ์ทรัพย์สินได้ 
เนื่องจากสิทธิ์ไม่สมบูรณ์ตามกฎหมาย 
ส่งผลกระทบต่อการใช้ประโยชน์จากทรัพย์สินของทางราชการเป็นอย่างมาก
2. การไม่ขึ้นทะเบียน"
FL-1207,ด้านระเบียบข้อบังคับ กฎหมาย(มติครม.พ.ร.ก. ฯลฯ) อื่นๆ                                                ,สำนักงานจังหวัดอุบลราชธานี,โครงการเพิ่มศักยภาพความเข้มแข็งในการผลิตข้าวหอมมะลิอินทรีย์ของกลุ่มจังหวัดภาคตะวันออกเฉียงเหนือตอนล่าง 2 งบประมาณ(เพิ่มเติม) ปี พ.ศ.2560,2562,,,"ข้อสังเกตที่ 2 ข้อบกพร่องในการดำเนินการจัดซื้อจัดจ้าง 
จากการตรวจสอบผลการดำเนินงานโครงการธนาคารน้ำ (Water Bank) จำนวน 56 แห่ง 
และงานก่อสร้างฝายกักเก็บน้ำ มข.2527 จำนวน 105 แห่ง เพียงวันที่ 30 มิถุนายน 
2561 พบว่ามีข้อบกพร่องในการดำเนินการจัดซื้อจัดจ้าง ด","สำนักงานการตรวจเงินแผ่นดินภูมิภาคที่ 5 (จังหวัดอุบลราชธานี) พิจารณาแล้ว 
เห็นควรให้หัวหน้ากลุ่มจังหวัดภาคตะวันออกเฉียงเหนือตอนล่าง 2 พิจารณา ดังนี้
	1. การกำหนดราคากลางงานขุดบ่อกักเก็บน้ำ 
หากมีการกำหนดค่างานขนดินทิ้งและค่างานการปรับเกลี่ยดินขนทิ้ง 
ควรมี",
FL-1208,ด้านระเบียบข้อบังคับ กฎหมาย(มติครม.พ.ร.ก. ฯลฯ) อื่นๆ                                                ,สำนักงานจังหวัดปทุมธานี,การจ้างที่ปรึกษาโดยใช้งบพัฒนาจังหวัด ของจังหวัดปทุมธานี,2561,,"สาเหตุสำคัญเกิดจาก 
เจ้าหน้าที่ของหน่วยงานที่จัดทำโครงการจ้างที่ปรึกษามีความเข้าใจไม่ชัดเจนเกี่ยวกับระเบียบและหนังสือ
สั่งการที่เกี่ยวข้อง 
และมีเจ้าหน้าที่ไม่เพียงพอที่จะดำเนินการด้วยตนเองจึงใช้วิธีการจ้างที่ปรึกษาโดยไม่ได้คำนึงถึงลักษณะงานที่เหมาะสมกับก","ข้อตรวจพบที่ ๑	
การดำเนินการจ้างที่ปรึกษายังไม่เป็นไปตามระเบียบและหนังสือสั่งการที่เกี่ยวข้อง 
การจ้างที่ปรึกษาของ
ส่วนราชการและรัฐวิสาหกิจจะต้องปฏิบัติตามแนวทางที่กำหนดไว้ในระเบียบสำนักนายกรัฐมนตรีว่าด้วยการพัสดุ 
พ.ศ. 2535 และที่แก้ไขเพิ่มเติม 
และในการ","การแก้ไขปัญหาที่เกิดขึ้นสำหรับโครงการที่ดำเนินการไปแล้ว
๑.กรณีคำนวณราคากลางไม่ถูกต้องตามหลักเกณฑ์ทำให้ราชการเสียหายเป็นเงิน ๒.๑๘ 
ล้านบาท 
ให้สำนักงานจังหวัดปทุมธานีดำเนินการตรวจสอบข้อเท็จจริงและให้หาผู้รับผิดชอบชดใช้ค่าเสียหายดังกล่าว 
และกรณีตรวจพบว่าที",
FL-1209,ด้านระเบียบข้อบังคับ กฎหมาย(มติครม.พ.ร.ก. ฯลฯ) อื่นๆ                                                ,อบต.อ่าวนาง,การบังคับใช้กฎหมายควบคุมอาคารเทศบาลตำบลและองค์การบริหารส่วนตำบล,2562,,"1.	
ไม่มีการตรวจสอบเจ้าของอาคารและป้ายอย่างครบถ้วนให้ปฏิบัติตามพระราชบัญญัติควบคุมอาคาร 
พ.ศ. 2522 และกฎกระทรวงที่เกี่ยวข้อง
2.	ไม่มีการสอบยันข้อมูลการใช้อาคารและการติดหรือตั้งป้าย ของกองช่าง 
กับการจัดเก็บภาษีโรงเรือนและที่ดิน และภาษีป้าย ของกองคลัง
3.	
","ข้อตรวจพบที่ 1 การก่อสร้าง ดัดแปลง รื้อถอนอาคารหรือป้ายไม่เป็นไปตามกฎหมาย
จากการตรวจสอบ พบว่า การก่อสร้าง 
ดัดแปลงอาคารหรือป้ายในเขตเทศบาลตำบลและองค์การบริหารส่วนตำบลที่สุ่มตรวจสอบไม่เป็นไปตามกฎหมาย 
ดังนี้
1.1	เจ้าของอาคารไม่ปฏิบัติตามกฎหมายควบคุมอาคาร
1","1.	กำหนดให้มีแผนการตรวจสอบในแต่ละปีและดำเนินการตรวจสอบตามแผน 
หากพบการฝ่าฝืน/ไม่ปฏิบัติ ให้ดำเนินการตามพระราชบัญญัติควบคุมอาคาร พ.ศ. 
2522 และกฎกระทรวงที่เกี่ยวข้อง
2.	กำหนดให้มีการสอบยันข้อมูลการใช้อาคารและการติดตั้งป้าย ของกองช่าง 
กับการจัดเก็บภาษีโรงเ","การที่เจ้าของอาคารและป้ายไม่ปฏิบัติตามพระราชบัญญัติควบคุมอาคาร พ.ศ. 2522 
และกฎกระทรวงที่เกี่ยวข้องอาจก่อให้เกิดความเสี่ยงต่อความปลอดภัยในชีวิตและ
ทรัพย์สินของประชาชนในพื้นที่ 
และการจัดเก็บภาษีโรงเรือนและที่ดินไม่ครบถ้วน
"
FL-1210,ด้านระเบียบข้อบังคับ กฎหมาย(มติครม.พ.ร.ก. ฯลฯ) อื่นๆ                                                ,อบต.อ่าวนาง,การบังคับใช้กฎหมายควบคุมอาคารเทศบาลตำบลและองค์การบริหารส่วนตำบล,2562,,"1.	
ไม่มีการตรวจสอบเจ้าของอาคารและป้ายอย่างครบถ้วนให้ปฏิบัติตามพระราชบัญญัติควบคุมอาคาร 
พ.ศ. 2522 และกฎกระทรวงที่เกี่ยวข้อง
2.	ไม่มีการสอบยันข้อมูลการใช้อาคารและการติดหรือตั้งป้าย ของกองช่าง 
กับการจัดเก็บภาษีโรงเรือนและที่ดิน และภาษีป้าย ของกองคลัง
3.	
","ข้อตรวจพบที่ 1 การก่อสร้าง ดัดแปลง รื้อถอนอาคารหรือป้ายไม่เป็นไปตามกฎหมาย
จากการตรวจสอบ พบว่า การก่อสร้าง 
ดัดแปลงอาคารหรือป้ายในเขตเทศบาลตำบลและองค์การบริหารส่วนตำบลที่สุ่มตรวจสอบไม่เป็นไปตามกฎหมาย 
ดังนี้
1.1	เจ้าของอาคารไม่ปฏิบัติตามกฎหมายควบคุมอาคาร
1","1.	กำหนดให้มีแผนการตรวจสอบในแต่ละปีและดำเนินการตรวจสอบตามแผน 
หากพบการฝ่าฝืน/ไม่ปฏิบัติ ให้ดำเนินการตามพระราชบัญญัติควบคุมอาคาร พ.ศ. 
2522 และกฎกระทรวงที่เกี่ยวข้อง
2.	กำหนดให้มีการสอบยันข้อมูลการใช้อาคารและการติดตั้งป้าย ของกองช่าง 
กับการจัดเก็บภาษีโรงเ","การที่เจ้าของอาคารและป้ายไม่ปฏิบัติตามพระราชบัญญัติควบคุมอาคาร พ.ศ. 2522 
และกฎกระทรวงที่เกี่ยวข้องอาจก่อให้เกิดความเสี่ยงต่อความปลอดภัยในชีวิตและทรัพย์สินของประชาชนในพื้นที่ 
และการจัดเก็บภาษีโรงเรือนและที่ดินไม่ครบถ้วน
"
FL-1211,ด้านระเบียบข้อบังคับ กฎหมาย(มติครม.พ.ร.ก. ฯลฯ) อื่นๆ                                                ,อบต.อ่าวนาง,การบังคับใช้กฎหมายควบคุมอาคารเทศบาลตำบลและองค์การบริหารส่วนตำบล,2562,,"1.	
ไม่มีการตรวจสอบเจ้าของอาคารและป้ายอย่างครบถ้วนให้ปฏิบัติตามพระราชบัญญัติควบคุมอาคาร 
พ.ศ. 2522 และกฎกระทรวงที่เกี่ยวข้อง
2.	ไม่มีการสอบยันข้อมูลการใช้อาคารและการติดหรือตั้งป้าย ของกองช่าง 
กับการจัดเก็บภาษีโรงเรือนและที่ดิน และภาษีป้าย ของกองคลัง
3.	
","ข้อตรวจพบที่ 1 การก่อสร้าง ดัดแปลง รื้อถอนอาคารหรือป้ายไม่เป็นไปตามกฎหมาย
จากการตรวจสอบ พบว่า การก่อสร้าง 
ดัดแปลงอาคารหรือป้ายในเขตเทศบาลตำบลและองค์การบริหารส่วนตำบลที่สุ่มตรวจสอบไม่เป็นไปตามกฎหมาย 
ดังนี้
1.1	เจ้าของอาคารไม่ปฏิบัติตามกฎหมายควบคุมอาคาร
1","1.	กำหนดให้มีแผนการตรวจสอบในแต่ละปีและดำเนินการตรวจสอบตามแผน 
หากพบการฝ่าฝืน/ไม่ปฏิบัติ ให้ดำเนินการตามพระราชบัญญัติควบคุมอาคาร พ.ศ. 
2522 และกฎกระทรวงที่เกี่ยวข้อง
2.	กำหนดให้มีการสอบยันข้อมูลการใช้อาคารและการติดตั้งป้าย ของกองช่าง 
กับการจัดเก็บภาษีโรงเ","การที่เจ้าของอาคารและป้ายไม่ปฏิบัติตามพระราชบัญญัติควบคุมอาคาร พ.ศ. 2522 
และกฎกระทรวงที่เกี่ยวข้องอาจก่อให้เกิดความเสี่ยงต่อความปลอดภัยในชีวิตและทรัพย์สินของประชาชนในพื้นที่ 
และการจัดเก็บภาษีโรงเรือนและที่ดินไม่ครบถ้วน
"
FL-1212,ด้านระเบียบข้อบังคับ กฎหมาย(มติครม.พ.ร.ก. ฯลฯ) อื่นๆ                                                ,อบต.อ่าวนาง,การบังคับใช้กฎหมายควบคุมอาคารเทศบาลตำบลและองค์การบริหารส่วนตำบล,2562,,"1.	
ไม่มีการตรวจสอบเจ้าของอาคารและป้ายอย่างครบถ้วนให้ปฏิบัติตามพระราชบัญญัติควบคุมอาคาร 
พ.ศ. 2522 และกฎกระทรวงที่เกี่ยวข้อง
2.	ไม่มีการสอบยันข้อมูลการใช้อาคารและการติดหรือตั้งป้าย ของกองช่าง 
กับการจัดเก็บภาษีโรงเรือนและที่ดิน และภาษีป้าย ของกองคลัง
3.	
","ข้อตรวจพบที่ 1 การก่อสร้าง ดัดแปลง รื้อถอนอาคารหรือป้ายไม่เป็นไปตามกฎหมาย
จากการตรวจสอบ พบว่า การก่อสร้าง 
ดัดแปลงอาคารหรือป้ายในเขตเทศบาลตำบลและองค์การบริหารส่วนตำบลที่สุ่มตรวจสอบไม่เป็นไปตามกฎหมาย 
ดังนี้
1.1	เจ้าของอาคารไม่ปฏิบัติตามกฎหมายควบคุมอาคาร
1","1.	กำหนดให้มีแผนการตรวจสอบในแต่ละปีและดำเนินการตรวจสอบตามแผน 
หากพบการฝ่าฝืน/ไม่ปฏิบัติ ให้ดำเนินการตามพระราชบัญญัติควบคุมอาคาร พ.ศ. 
2522 และกฎกระทรวงที่เกี่ยวข้อง
2.	กำหนดให้มีการสอบยันข้อมูลการใช้อาคารและการติดตั้งป้าย ของกองช่าง 
กับการจัดเก็บภาษีโรงเ","การที่เจ้าของอาคารและป้ายไม่ปฏิบัติตามพระราชบัญญัติควบคุมอาคาร พ.ศ. 2522 
และกฎกระทรวงที่เกี่ยวข้องอาจก่อให้เกิดความเสี่ยงต่อความปลอดภัยในชีวิตและทรัพย์สินของประชาชนในพื้นที่ 
และการจัดเก็บภาษีโรงเรือนและที่ดินไม่ครบถ้วน
"
FL-1213,ด้านระเบียบข้อบังคับ กฎหมาย(มติครม.พ.ร.ก. ฯลฯ) อื่นๆ                                                ,อบต.อ่าวนาง,การบังคับใช้กฎหมายควบคุมอาคารเทศบาลตำบลและองค์การบริหารส่วนตำบล,2562,,"1.	
ไม่มีการตรวจสอบเจ้าของอาคารและป้ายอย่างครบถ้วนให้ปฏิบัติตามพระราชบัญญัติควบคุมอาคาร 
พ.ศ. 2522 และกฎกระทรวงที่เกี่ยวข้อง
2.	ไม่มีการสอบยันข้อมูลการใช้อาคารและการติดหรือตั้งป้าย ของกองช่าง 
กับการจัดเก็บภาษีโรงเรือนและที่ดิน และภาษีป้าย ของกองคลัง
3.	
","ข้อตรวจพบที่ 1 การก่อสร้าง ดัดแปลง รื้อถอนอาคารหรือป้ายไม่เป็นไปตามกฎหมาย
จากการตรวจสอบ พบว่า การก่อสร้าง 
ดัดแปลงอาคารหรือป้ายในเขตเทศบาลตำบลและองค์การบริหารส่วนตำบลที่สุ่มตรวจสอบไม่เป็นไปตามกฎหมาย 
ดังนี้
1.1	เจ้าของอาคารไม่ปฏิบัติตามกฎหมายควบคุมอาคาร
1","1.	กำหนดให้มีแผนการตรวจสอบในแต่ละปีและดำเนินการตรวจสอบตามแผน 
หากพบการฝ่าฝืน/ไม่ปฏิบัติ ให้ดำเนินการตามพระราชบัญญัติควบคุมอาคาร พ.ศ. 
2522 และกฎกระทรวงที่เกี่ยวข้อง
2.	กำหนดให้มีการสอบยันข้อมูลการใช้อาคารและการติดตั้งป้าย ของกองช่าง 
กับการจัดเก็บภาษีโรงเ","การที่เจ้าของอาคารและป้ายไม่ปฏิบัติตามพระราชบัญญัติควบคุมอาคาร พ.ศ. 2522 
และกฎกระทรวงที่เกี่ยวข้องอาจก่อให้เกิดความเสี่ยงต่อความปลอดภัยในชีวิตและทรัพย์สินของประชาชนในพื้นที่ 
และการจัดเก็บภาษีโรงเรือนและที่ดินไม่ครบถ้วน
"
FL-1214,ด้านระเบียบข้อบังคับ กฎหมาย(มติครม.พ.ร.ก. ฯลฯ) อื่นๆ                                                ,อบต.อ่าวนาง,การบังคับใช้กฎหมายควบคุมอาคารเทศบาลตำบลและองค์การบริหารส่วนตำบล,2562,,"1.	
ไม่มีการตรวจสอบเจ้าของอาคารและป้ายอย่างครบถ้วนให้ปฏิบัติตามพระราชบัญญัติควบคุมอาคาร 
พ.ศ. 2522 และกฎกระทรวงที่เกี่ยวข้อง
2.	ไม่มีการสอบยันข้อมูลการใช้อาคารและการติดหรือตั้งป้าย ของกองช่าง 
กับการจัดเก็บภาษีโรงเรือนและที่ดิน และภาษีป้าย ของกองคลัง
3.	
","ข้อตรวจพบที่ 1 การก่อสร้าง ดัดแปลง รื้อถอนอาคารหรือป้ายไม่เป็นไปตามกฎหมาย
จากการตรวจสอบ พบว่า การก่อสร้าง 
ดัดแปลงอาคารหรือป้ายในเขตเทศบาลตำบลและองค์การบริหารส่วนตำบลที่สุ่มตรวจสอบไม่เป็นไปตามกฎหมาย 
ดังนี้
1.1	เจ้าของอาคารไม่ปฏิบัติตามกฎหมายควบคุมอาคาร
1","1.	กำหนดให้มีแผนการตรวจสอบในแต่ละปีและดำเนินการตรวจสอบตามแผน 
หากพบการฝ่าฝืน/ไม่ปฏิบัติ ให้ดำเนินการตามพระราชบัญญัติควบคุมอาคาร พ.ศ. 
2522 และกฎกระทรวงที่เกี่ยวข้อง
2.	กำหนดให้มีการสอบยันข้อมูลการใช้อาคารและการติดตั้งป้าย ของกองช่าง 
กับการจัดเก็บภาษีโรงเ","การที่เจ้าของอาคารและป้ายไม่ปฏิบัติตามพระราชบัญญัติควบคุมอาคาร พ.ศ. 2522 
และกฎกระทรวงที่เกี่ยวข้องอาจก่อให้เกิดความเสี่ยงต่อความปลอดภัยในชีวิตและทรัพย์สินของประชาชนในพื้นที่ 
และการจัดเก็บภาษีโรงเรือนและที่ดินไม่ครบถ้วน
"
FL-1215,ด้านระเบียบข้อบังคับ กฎหมาย(มติครม.พ.ร.ก. ฯลฯ) อื่นๆ                                                ,อบต.อ่าวนาง,การบังคับใช้กฎหมายควบคุมอาคารเทศบาลตำบลและองค์การบริหารส่วนตำบล,2562,,"1.	
ไม่มีการตรวจสอบเจ้าของอาคารและป้ายอย่างครบถ้วนให้ปฏิบัติตามพระราชบัญญัติควบคุมอาคาร 
พ.ศ. 2522 และกฎกระทรวงที่เกี่ยวข้อง
2.	ไม่มีการสอบยันข้อมูลการใช้อาคารและการติดหรือตั้งป้าย ของกองช่าง 
กับการจัดเก็บภาษีโรงเรือนและที่ดิน และภาษีป้าย ของกองคลัง
3.	
","ข้อตรวจพบที่ 1 การก่อสร้าง ดัดแปลง รื้อถอนอาคารหรือป้ายไม่เป็นไปตามกฎหมาย
จากการตรวจสอบ พบว่า การก่อสร้าง 
ดัดแปลงอาคารหรือป้ายในเขตเทศบาลตำบลและองค์การบริหารส่วนตำบลที่สุ่มตรวจสอบไม่เป็นไปตามกฎหมาย 
ดังนี้
1.1	เจ้าของอาคารไม่ปฏิบัติตามกฎหมายควบคุมอาคาร
1","1.	กำหนดให้มีแผนการตรวจสอบในแต่ละปีและดำเนินการตรวจสอบตามแผน 
หากพบการฝ่าฝืน/ไม่ปฏิบัติ ให้ดำเนินการตามพระราชบัญญัติควบคุมอาคาร พ.ศ. 
2522 และกฎกระทรวงที่เกี่ยวข้อง
2.	กำหนดให้มีการสอบยันข้อมูลการใช้อาคารและการติดตั้งป้าย ของกองช่าง 
กับการจัดเก็บภาษีโรงเ","การที่เจ้าของอาคารและป้ายไม่ปฏิบัติตามพระราชบัญญัติควบคุมอาคาร พ.ศ. 2522 
และกฎกระทรวงที่เกี่ยวข้องอาจก่อให้เกิดความเสี่ยงต่อความปลอดภัยในชีวิตและทรัพย์สินของประชาชนในพื้นที่ 
และการจัดเก็บภาษีโรงเรือนและที่ดินไม่ครบถ้วน

"
FL-1216,ด้านระเบียบข้อบังคับ กฎหมาย(มติครม.พ.ร.ก. ฯลฯ) อื่นๆ                                                ,อบต.อ่าวนาง,การบังคับใช้กฎหมายควบคุมอาคารเทศบาลตำบลและองค์การบริหารส่วนตำบล,2562,,"1.	
ไม่มีการตรวจสอบเจ้าของอาคารและป้ายอย่างครบถ้วนให้ปฏิบัติตามพระราชบัญญัติควบคุมอาคาร 
พ.ศ. 2522 และกฎกระทรวงที่เกี่ยวข้อง
2.	ไม่มีการสอบยันข้อมูลการใช้อาคารและการติดหรือตั้งป้าย ของกองช่าง 
กับการจัดเก็บภาษีโรงเรือนและที่ดิน และภาษีป้าย ของกองคลัง
3.	
","ข้อตรวจพบที่ 1 การก่อสร้าง ดัดแปลง รื้อถอนอาคารหรือป้ายไม่เป็นไปตามกฎหมาย
จากการตรวจสอบ พบว่า การก่อสร้าง 
ดัดแปลงอาคารหรือป้ายในเขตเทศบาลตำบลและองค์การบริหารส่วนตำบลที่สุ่มตรวจสอบไม่เป็นไปตามกฎหมาย 
ดังนี้
1.1	เจ้าของอาคารไม่ปฏิบัติตามกฎหมายควบคุมอาคาร
1","1.	กำหนดให้มีแผนการตรวจสอบในแต่ละปีและดำเนินการตรวจสอบตามแผน 
หากพบการฝ่าฝืน/ไม่ปฏิบัติ ให้ดำเนินการตามพระราชบัญญัติควบคุมอาคาร พ.ศ. 
2522 และกฎกระทรวงที่เกี่ยวข้อง
2.	กำหนดให้มีการสอบยันข้อมูลการใช้อาคารและการติดตั้งป้าย ของกองช่าง 
กับการจัดเก็บภาษีโรงเ","การที่เจ้าของอาคารและป้ายไม่ปฏิบัติตามพระราชบัญญัติควบคุมอาคาร พ.ศ. 2522 
และกฎกระทรวงที่เกี่ยวข้องอาจก่อให้เกิดความเสี่ยงต่อความปลอดภัยในชีวิตและทรัพย์สินของประชาชนในพื้นที่ 
และการจัดเก็บภาษีโรงเรือนและที่ดินไม่ครบถ้วน
"
FL-1217,ด้านระเบียบข้อบังคับ กฎหมาย(มติครม.พ.ร.ก. ฯลฯ) อื่นๆ                                                ,สำนักงานท้องถิ่นจังหวัดชลบุรี,โครงการป้องกันและแก้ไขปัญหายาเสพติดขององค์กรปกครองส่วนทองถิ่นจังหวัดชลบุรี,2561,,#NAME?,"การดำเนินโครงการไม่เป็นไปตามระเบียบและหนังสือสั่งการที่เกี่ยวข้อง
1.การเบิกจ่ายค่าอาหารไม่เป็นไปตามระเบียบฯที่กำหนด
2.ไม่มีการหักภาษีเงินได ณ ที่จ่าย ในการจ่ายเงินให้เจ้าหนี้
3.ไม่มีการรายงานผลการดำเนินโครงการให้ อปท.ที่สนับสนุนงบประมาณ
4.คืนเงินโครงการล่","นายอำเภอเมืองชลบุรี
1.กรณีการเบิกจ่ายคาอาหารไม่เป็นไปตามระเบียบ 
โดยมีการเบิกจ่ายค่าอาหารเกินกว่าที่ระเบียบกำหนด จำนวน 50,400 บาท 
ให้หาผู้รับผิดชอบนำส่งเงินดังกล่าวคืนสำนักงานส่งเสริมการปกครองท้องถิ่นจังหวัดชลบุรี 
และพิจารณาโทษผู้เกี่ยวข้อง
2.กรณีโครงกา","การเบิกจ่ายไม่เป็นไปตามระเบียบฯส่งผลให้ราชการสูญเสียงบประมาณในการดำเนินโครงการจำนวน 
50,400 บาท
การจัดทำรายงานขอซื่อขอจางโดยไม่ได้นำราคาที่ดำเนินการครั้งหลังสุดมาประกอบการพิจารณาจัดจ้าง 
ทำให้ ได้รับความเสียหายจำนวน 230,000 บาท

"
FL-1218,ด้านระเบียบข้อบังคับ กฎหมาย(มติครม.พ.ร.ก. ฯลฯ) อื่นๆ                                                ,สำนักงานธนารักษ์พื้นที่ขอนแก่น,การบริหารจัดการที่ราชพัสดุของสำนักงานธนารักษ์พื้นที่ขอนแก่น,2560,,"   
สาเหตุเนื่องจากการสำรวจข้อมูลเกี่ยวกับการบริหารจัดการที่ราชพัสดุยังไม่สมบูรณ์ 
ไม่ครบถ้วน และไม่เป็นปัจจุบัน ขาดความต่อเนื่อง 
ทำให้ระบบฐานข้อมูลทางทะเบียนไม่ถูกต้อง ครบถ้วน 
ในการบริหารจัดการที่ราชพัสดุได้อย่างเหมาะสม  
ผู้ขอใช้และผู้เช่าที่ราชพัสดุไ","   การบริหารจัดการที่ราชพัสดุไม่เป็นไปตามกฎหมาย และระเบียบ
","   1.	กรณีการปฏิบัติไม่เป็นไปตามกฎหมาย ระเบียบและเงื่อนไขของสัญญา 
ทั้งการใช้ประโยชน์ในที่ราชพัสดุ การต่ออายุสัญญาเช่า 
การจัดเก็บค่าเช่าค้างชำระ ให้เร่งรัดดำเนินการให้ถูกต้องครบถ้วนโดยเร็ว 
และให้ผู้ใช้ที่ราชพัสดุจัดทำรายงานเกี่ยวกับการปกครอง ดูแล บำรุงร","  การบริหารจัดการที่ราชพัสดุไม่เป็นไปตามกฎหมาย และระเบียบ 
ทำให้สูญเสียรายได้จากค่าเช่า ค่าธรรมเนียม 
และค่าปรับที่ควรจะได้รับเพิ่มขึ้น การจัดเก็บรายได้ต่ำกว่าความเป็นจริง 
ส่งผลให้มีรายได้
ไม่เป็นไปตามที่รัฐควรจะได้รับ 
เสียโอกาสในการนำรายได้ดังกล่าวมาบร"
FL-1219,ด้านระเบียบข้อบังคับ กฎหมาย(มติครม.พ.ร.ก. ฯลฯ) อื่นๆ                                                ,กรมอุตสาหกรรมพื้นฐานและการเหมืองแร่,การจัดเก็บรายได้ค่าภาคหลวงแร่,2560,,"กรมอุตสาหกรรมพื้นฐานและการเหมืองแร่ไม่มีแนวทางการติดตาม 
ตรวจสอบกระบวนการจัดเก็บค่าภาคหลวงแร่หินอุตสาหกรรมเพื่ออุตสาหกรรมก่อสร้างให้เป็นไปตามกฎหมายและระเบียบที่เกี่ยวข้อง 
ขาดการเชื่อมโยงข้อมูลสำคัญเพื่อใช้เป็นแนวทางในการตรวจสอบความถูกต้อง 
ครบถ้วนของการจ","                2. 
การจัดเก็บค่าภาคหลวงแร่หินอุตสาหกรรมเพื่ออุตสาหกรรมก่อสร้างไม่เป็นไปตามกฎหมาย 
ระเบียบที่กำหนด จากการตรวจสอบพบว่า 
สำนักงานอุตสาหกรรมจังหวัดที่ตรวจสอบทั้งหมดจัดเก็บค่าภาคหลวงแร่หินอุตสาหกรรมเพื่ออุตสาหกรรมก่อสร้างไม่เป็นไปตามพระราชบัญญ","    2. 
การจัดเก็บค่าภาคหลวงแร่หินอุตสาหกรรมเพื่ออุตสาหกรรมก่อสร้างไม่เป็นไปตามกฎหมาย 
ระเบียบที่กำหนด
     2.1 สั่งการให้อธิบดีกรมอุตสาหกรรมพื้นฐานและการเหมืองแร่ 
พิจารณาดำเนินการ
ในเรื่องดังต่อไปนี้
      1) กำหนดและมอบหมายให้มีหน่วยงานที่รับผิดชอบเรื่","ผู้ถือประทานบัตรขาดวินัยในการมาชำระค่าภาคหลวงแร่ 
และรัฐได้รับค่าภาคหลวงแร่เพื่อนำส่งเป็นรายได้แผ่นดินล่าช้า 
รวมทั้งส่งผลให้ขาดกระบวนการ
ในการควบคุมตรวจสอบปริมาณแร่ที่ผู้ถือประทานบัตรขอชำระค่าภาคหลวง 
และผู้ถือประทานบัตร
อาจลักลอบขนแร่ออกจากเขตเหมืองแร่ "
FL-1220,ด้านระเบียบข้อบังคับ กฎหมาย(มติครม.พ.ร.ก. ฯลฯ) อื่นๆ                                                ,เทศบาลเมืองป่าตอง,การบังคับใช้กฎหมายควบคุมอาคารเทศบาลนคร และเทศบาลเมือง,2561,,"ไม่มีมาตรการดำเนินการกับเจ้าของอาคารที่มีการเพิกเฉยไม่ส่งรายงานการตรวจสอบ
สภาพอาคาร
","การส่งรายงานตรวจสอบสภาพของอาคาร 9 ประเภทไม่เป็นไปตามกฎหมาย
จากการตรวจสอบเอกสารสมุดคุมใบอนุญาตก่อสร้างฯ อาคาร 9 
ประเภทที่เข้าข่ายต้องตรวจสอบสภาพอาคารตามมาตรา 32 ทวิ ปี พ.ศ. 2550 - 2559 
ของเทศบาลนครและเทศบาลเมืองที่สุ่มตรวจสอบ จำนวน 8 แห่ง มีจำนวนอาคาร 
ร","พิจารณากำหนดมาตรการดำเนินการให้เป็นไปตามกฎหมายอย่างเคร่งครัดกับเจ้าของอาคาร
ที่เพิกเฉยไม่ส่งรายงานการตรวจสอบสภาพอาคาร 
หากยังเพิกเฉยให้ดำเนินการลงโทษตามที่กฎหมายกำหนด
","อาคาร 9 ประเภท เป็นอาคารที่ก่อสร้างเพื่อใช้เป็นที่อยู่อาศัยหรือประกอบกิจการ
ให้บริการประชาชน กรณีเจ้าของอาคารส่วนใหญ่ไม่ส่งรายงานตรวจสอบสภาพอาคารตามกฎหมาย 
ย่อมก่อให้เกิดความเสี่ยงที่อาจส่งผลต่อความไม่ปลอดภัยในชีวิตและทรัพย์สินของ
ประชาชนที่อยู่อาศัยหรือใ"
FL-1221,ด้านระเบียบข้อบังคับ กฎหมาย(มติครม.พ.ร.ก. ฯลฯ) อื่นๆ                                                ,เทศบาลเมืองป่าตอง,การบังคับใช้กฎหมายควบคุมอาคารเทศบาลนคร และเทศบาลเมือง,2561,,"ไม่มีมาตรการดำเนินการกับเจ้าของอาคารที่มีการเพิกเฉยไม่ส่งรายงานการตรวจสอบ
สภาพอาคาร
","การส่งรายงานตรวจสอบสภาพของอาคาร 9 ประเภทไม่เป็นไปตามกฎหมาย
จากการตรวจสอบเอกสารสมุดคุมใบอนุญาตก่อสร้างฯ อาคาร 9 
ประเภทที่เข้าข่ายต้องตรวจสอบสภาพอาคารตามมาตรา 32 ทวิ ปี พ.ศ. 2550 - 2559 
ของเทศบาลนครและเทศบาลเมืองที่สุ่มตรวจสอบ จำนวน 8 แห่ง มีจำนวนอาคาร 
ร","พิจารณากำหนดมาตรการดำเนินการให้เป็นไปตามกฎหมายอย่างเคร่งครัดกับเจ้าของอาคาร
ที่เพิกเฉยไม่ส่งรายงานการตรวจสอบสภาพอาคาร 
หากยังเพิกเฉยให้ดำเนินการลงโทษตามที่กฎหมายกำหนด
","อาคาร 9 ประเภท 
เป็นอาคารที่ก่อสร้างเพื่อใช้เป็นที่อยู่อาศัยหรือประกอบกิจการให้บริการประชาชน 
กรณีเจ้าของอาคารส่วนใหญ่ไม่ส่งรายงานตรวจสอบสภาพอาคารตามกฎหมาย 
ย่อมก่อให้เกิดความเสี่ยงที่อาจส่งผลต่อความไม่ปลอดภัยในชีวิตและทรัพย์สิน
ของประชาชนที่อยู่อาศัยหรือ"
FL-1222,ด้านระเบียบข้อบังคับ กฎหมาย(มติครม.พ.ร.ก. ฯลฯ) อื่นๆ                                                ,เทศบาลเมืองป่าตอง,การบังคับใช้กฎหมายควบคุมอาคารเทศบาลนคร และเทศบาลเมือง,2561,,"ไม่มีมาตรการดำเนินการกับเจ้าของอาคารที่มีการเพิกเฉยไม่ส่งรายงานการตรวจสอบ
สภาพอาคาร
","การส่งรายงานตรวจสอบสภาพของอาคาร 9 ประเภทไม่เป็นไปตามกฎหมาย
จากการตรวจสอบเอกสารสมุดคุมใบอนุญาตก่อสร้างฯ อาคาร 9 
ประเภทที่เข้าข่ายต้องตรวจสอบสภาพอาคารตามมาตรา 32 ทวิ ปี พ.ศ. 2550 - 2559 
ของเทศบาลนครและเทศบาลเมืองที่สุ่มตรวจสอบ จำนวน 8 แห่ง มีจำนวนอาคาร 
ร","พิจารณากำหนดมาตรการดำเนินการให้เป็นไปตามกฎหมายอย่างเคร่งครัดกับเจ้าของอาคาร
ที่เพิกเฉยไม่ส่งรายงานการตรวจสอบสภาพอาคาร 
หากยังเพิกเฉยให้ดำเนินการลงโทษตามที่กฎหมายกำหนด
","อาคาร 9 ประเภท เป็นอาคารที่ก่อสร้างเพื่อใช้เป็นที่อยู่อาศัยหรือประกอบกิจการ
ให้บริการประชาชน กรณีเจ้าของอาคารส่วนใหญ่ไม่ส่งรายงานตรวจสอบสภาพอาคารตามกฎหมาย 
ย่อมก่อให้เกิดความเสี่ยงที่อาจส่งผลต่อความไม่ปลอดภัยในชีวิตและทรัพย์สิน
ของประชาชนที่อยู่อาศัยหรือใ"
FL-1223,ด้านระเบียบข้อบังคับ กฎหมาย(มติครม.พ.ร.ก. ฯลฯ) อื่นๆ                                                ,เทศบาลเมืองป่าตอง,การบังคับใช้กฎหมายควบคุมอาคารเทศบาลนคร และเทศบาลเมือง,2561,,"ไม่มีมาตรการดำเนินการกับเจ้าของอาคารที่มีการเพิกเฉยไม่ส่งรายงานการตรวจสอบ
สภาพอาคาร
","การส่งรายงานตรวจสอบสภาพของอาคาร 9 ประเภทไม่เป็นไปตามกฎหมาย
จากการตรวจสอบเอกสารสมุดคุมใบอนุญาตก่อสร้างฯ อาคาร 9 
ประเภทที่เข้าข่ายต้องตรวจสอบสภาพอาคารตามมาตรา 32 ทวิ ปี พ.ศ. 2550 - 2559 
ของเทศบาลนครและเทศบาลเมืองที่สุ่มตรวจสอบ จำนวน 8 แห่ง มีจำนวนอาคาร 
ร","พิจารณากำหนดมาตรการดำเนินการให้เป็นไปตามกฎหมายอย่างเคร่งครัดกับเจ้าของอาคาร
ที่เพิกเฉยไม่ส่งรายงานการตรวจสอบสภาพอาคาร 
หากยังเพิกเฉยให้ดำเนินการลงโทษตามที่กฎหมายกำหนด
","อาคาร 9 ประเภท เป็นอาคารที่ก่อสร้างเพื่อใช้เป็นที่อยู่อาศัยหรือประกอบกิจการ
ให้บริการประชาชน กรณีเจ้าของอาคารส่วนใหญ่ไม่ส่งรายงานตรวจสอบสภาพอาคารตามกฎหมาย 
ย่อมก่อให้เกิดความเสี่ยงที่อาจส่งผลต่อความไม่ปลอดภัยในชีวิตและทรัพย์สิน
ของประชาชนที่อยู่อาศัยหรือใ"
FL-1224,ด้านระเบียบข้อบังคับ กฎหมาย(มติครม.พ.ร.ก. ฯลฯ) อื่นๆ                                                ,เทศบาลเมืองป่าตอง,การบังคับใช้กฎหมายควบคุมอาคารเทศบาลนคร และเทศบาลเมือง,2561,,"ไม่มีมาตรการดำเนินการกับเจ้าของอาคารที่มีการเพิกเฉยไม่ส่งรายงานการตรวจสอบสภาพ
อาคาร
","การส่งรายงานตรวจสอบสภาพของอาคาร 9 ประเภทไม่เป็นไปตามกฎหมาย
จากการตรวจสอบเอกสารสมุดคุมใบอนุญาตก่อสร้างฯ อาคาร 9 
ประเภทที่เข้าข่ายต้องตรวจสอบสภาพอาคารตามมาตรา 32 ทวิ ปี พ.ศ. 2550 - 2559 
ของเทศบาลนครและเทศบาลเมืองที่สุ่มตรวจสอบ จำนวน 8 แห่ง มีจำนวนอาคาร 
ร","พิจารณากำหนดมาตรการดำเนินการให้เป็นไปตามกฎหมายอย่างเคร่งครัดกับเจ้าของอาคาร
ที่เพิกเฉยไม่ส่งรายงานการตรวจสอบสภาพอาคาร 
หากยังเพิกเฉยให้ดำเนินการลงโทษตามที่กฎหมายกำหนด
","อาคาร 9 ประเภท 
เป็นอาคารที่ก่อสร้างเพื่อใช้เป็นที่อยู่อาศัยหรือประกอบกิจการให้บริการประชาชน 
กรณีเจ้าของอาคารส่วนใหญ่ไม่ส่งรายงานตรวจสอบสภาพอาคารตามกฎหมาย 
ย่อมก่อให้เกิดความเสี่ยงที่อาจส่งผลต่อความไม่ปลอดภัยในชีวิตและทรัพย์สิน
ของประชาชนที่อยู่อาศัยหรือ"
FL-1225,ด้านระเบียบข้อบังคับ กฎหมาย(มติครม.พ.ร.ก. ฯลฯ) อื่นๆ                                                ,เทศบาลเมืองป่าตอง,การบังคับใช้กฎหมายควบคุมอาคารเทศบาลนคร และเทศบาลเมือง,2561,,"ไม่มีมาตรการดำเนินการกับเจ้าของอาคารที่มีการเพิกเฉยไม่ส่งรายงานการตรวจสอบ
สภาพอาคาร
","การส่งรายงานตรวจสอบสภาพของอาคาร 9 ประเภทไม่เป็นไปตามกฎหมาย
จากการตรวจสอบเอกสารสมุดคุมใบอนุญาตก่อสร้างฯ อาคาร 9 
ประเภทที่เข้าข่ายต้องตรวจสอบสภาพอาคารตามมาตรา 32 ทวิ ปี พ.ศ. 2550 - 2559 
ของเทศบาลนครและเทศบาลเมืองที่สุ่มตรวจสอบ จำนวน 8 แห่ง มีจำนวนอาคาร 
ร","พิจารณากำหนดมาตรการดำเนินการให้เป็นไปตามกฎหมายอย่างเคร่งครัดกับเจ้าของอาคาร
ที่เพิกเฉยไม่ส่งรายงานการตรวจสอบสภาพอาคาร 
หากยังเพิกเฉยให้ดำเนินการลงโทษตามที่กฎหมายกำหนด
","อาคาร 9 ประเภท 
เป็นอาคารที่ก่อสร้างเพื่อใช้เป็นที่อยู่อาศัยหรือประกอบกิจการให้บริการประชาชน 
กรณีเจ้าของอาคารส่วนใหญ่ไม่ส่งรายงานตรวจสอบสภาพอาคารตามกฎหมาย 
ย่อมก่อให้เกิดความเสี่ยงที่อาจส่งผลต่อความไม่ปลอดภัยในชีวิตและทรัพย์สินของ
ประชาชนที่อยู่อาศัยหรือ"
FL-1226,ด้านระเบียบข้อบังคับ กฎหมาย(มติครม.พ.ร.ก. ฯลฯ) อื่นๆ                                                ,เทศบาลเมืองป่าตอง,การบังคับใช้กฎหมายควบคุมอาคารเทศบาลนคร และเทศบาลเมือง,2561,,"ไม่มีมาตรการดำเนินการกับเจ้าของอาคารที่มีการเพิกเฉยไม่ส่งรายงานการตรวจสอบ
สภาพอาคาร
","การส่งรายงานตรวจสอบสภาพของอาคาร 9 ประเภทไม่เป็นไปตามกฎหมาย
จากการตรวจสอบเอกสารสมุดคุมใบอนุญาตก่อสร้างฯ อาคาร 9 
ประเภทที่เข้าข่ายต้องตรวจสอบสภาพอาคารตามมาตรา 32 ทวิ ปี พ.ศ. 2550 - 2559 
ของเทศบาลนครและเทศบาลเมืองที่สุ่มตรวจสอบ จำนวน 8 แห่ง มีจำนวนอาคาร 
ร","เพื่อให้การบังคับใช้กฎหมายควบคุมอาคารเป็นไปอย่างมีประสิทธิผลและประสิทธิภาพ 
สำนักงานการตรวจเงินแผ่นดินมีข้อเสนอแนะให้นายกเทศมนตรีพิจารณากำหนดมาตรการดำเนินการให้เป็นไปตามกฎหมายอย่างเคร่งครัดกับเจ้าของอาคารที่เพิกเฉยไม่ส่งรายงานการตรวจสอบสภาพอาคาร 
หากยังเพ","อาคาร 9 ประเภท 
เป็นอาคารที่ก่อสร้างเพื่อใช้เป็นที่อยู่อาศัยหรือประกอบกิจการให้บริการประชาชน 
กรณีเจ้าของอาคารส่วนใหญ่ไม่ส่งรายงานตรวจสอบสภาพอาคารตามกฎหมาย 
ย่อมก่อให้เกิดความเสี่ยงที่อาจส่งผลต่อความไม่ปลอดภัยในชีวิตและทรัพย์สิน
ของประชาชนที่อยู่อาศัยหรือ"
FL-1227,ด้านระเบียบข้อบังคับ กฎหมาย(มติครม.พ.ร.ก. ฯลฯ) อื่นๆ                                                ,เทศบาลเมืองป่าตอง,การบังคับใช้กฎหมายควบคุมอาคารเทศบาลนคร และเทศบาลเมือง,2561,,"ไม่มีมาตรการดำเนินการกับเจ้าของอาคารที่มีการเพิกเฉยไม่ส่งรายงานการตรวจสอบ
สภาพอาคาร
","การส่งรายงานตรวจสอบสภาพของอาคาร 9 ประเภทไม่เป็นไปตามกฎหมาย
จากการตรวจสอบเอกสารสมุดคุมใบอนุญาตก่อสร้างฯ อาคาร 9 
ประเภทที่เข้าข่ายต้องตรวจสอบสภาพอาคารตามมาตรา 32 ทวิ ปี พ.ศ. 2550 - 2559 
ของเทศบาลนครและเทศบาลเมืองที่สุ่มตรวจสอบ จำนวน 8 แห่ง มีจำนวนอาคาร 
ร","พิจารณากำหนดมาตรการดำเนินการให้เป็นไปตามกฎหมายอย่างเคร่งครัดกับเจ้าของอาคาร
ที่เพิกเฉยไม่ส่งรายงานการตรวจสอบสภาพอาคาร 
หากยังเพิกเฉยให้ดำเนินการลงโทษตามที่กฎหมายกำหนด
","อาคาร 9 ประเภท เป็นอาคารที่ก่อสร้างเพื่อใช้เป็นที่อยู่อาศัยหรือประกอบกิจการ
ให้บริการประชาชน 
กรณีเจ้าของอาคารส่วนใหญ่ไม่ส่งรายงานตรวจสอบสภาพอาคารตามกฎหมาย 
ย่อมก่อให้เกิดความเสี่ยงที่อาจส่งผลต่อความไม่ปลอดภัยในชีวิตและทรัพย์สิน
ของประชาชนที่อยู่อาศัยหรือ"
FL-1228,ด้านระเบียบข้อบังคับ กฎหมาย(มติครม.พ.ร.ก. ฯลฯ) อื่นๆ                                                ,กรุงเทพมหานคร,การบังคับใช้กฎหมายควบคุมอาคารในเขตกรุงเทพมหานคร,2560,,"กทม. ยังไม่มีมาตรการดำเนินการกับเจ้าของอาคารที่มีการเพิกเฉย 
ไม่ยื่นรายงานตรวจสอบสภาพอาคาร

",,"1. 
กำหนดมาตรการและดำเนินการให้เป็นไปตามกฎหมายอย่างเคร่งครัดกับเจ้าของอาคารที่
เพิกเฉยไม่ยื่นรายงานตรวจสอบสภาพอาคาร
2. เร่งสำรวจอาคารที่ก่อสร้างแล้วเสร็จตั้งแต่ปี พ.ศ. 2555 ถึงปัจจุบัน 
และตรวจสอบการยื่นรายงานตรวจสอบสภาพอาคาร หากพบการไม่ปฏิบัติตามกฎหมาย 
","ก่อให้เกิดความเสี่ยงที่อาจส่งผลต่อความไม่ปลอดภัยในชีวิตและทรัพย์สินของประชาชน
ที่อยู่อาศัยหรือใช้บริการอาคาร

"
FL-1229,ด้านระเบียบข้อบังคับ กฎหมาย(มติครม.พ.ร.ก. ฯลฯ) อื่นๆ                                                ,กรมที่ดิน,การบริหารจัดการระบบเทคโนโลยีสารสนเทศและการสื่อสาร,2560,,"1.เจ้าหน้าที่ของสำนักงานที่ดินบางแห่งไม่ให้ความสำคัญที่จะถือปฏิบัติตามแนวทาง
ปฏิบัติการใช้ห้องเซิร์ฟเวอร์ที่กรมที่ดินกำหนดอย่างเคร่งครัดโดยทันที
2.เจ้าหน้าที่ของสำนักงานที่ดินส่วนใหญ่ไม่มีความเข้าใจในแนวทางปฏิบัติที่
กรมที่ดินกำหนด 
","การใช้ห้องเซิร์ฟเวอร์ในสำนักงานที่ดินไม่เป็นไปตามแนวทางปฏิบัติที่กรมที่ดินกำหนด
","ให้อธิบดีกรมที่ดินพิจารณาดำเนินการสั่งการให้หน่วยงานที่เกี่ยวข้องซักซ้อมความเข้า
ใจในแนวทางปฏิบัติการใช้ห้องเซิร์ฟเวอร์ในสำนักงานที่ดิน เพื่อให้ถือปฏิบัติได
้อย่างถูกต้องเป็นไปในทิศทางเดียวกัน และกำชับสำนักงานที่ดิน ควบคุม กำกับดูแล 
ผู้มีหน้าที่รับผิดชอบ","อาจทำให้ระบบคอมพิวเตอร์และอุปกรณ์ที่อยู่ในห้องเซิร์ฟเวอร์เกิดความเสียหาย และส่ง
ผลกระทบต่อฐานข้อมูลของกรมที่ดิน และส่งผลกระทบต่อการให้การบริการประชาชน
"
FL-1230,ด้านระเบียบข้อบังคับ กฎหมาย(มติครม.พ.ร.ก. ฯลฯ) อื่นๆ                                                ,กรมป้องกันและบรรเทาสาธารณภัย,การบริหารจัดการเครื่องจักรกล ยานพาหนะเพื่อใช้สนับสนุนการปฏิบัติงานบรรเทาและฟื้นฟูสาธารณภัย,2560,,"ผู้อำนวยการศูนย์ป้องกันและบรรเทาสาธารณภัยเขตไม่สั่งการให้เจ้าหน้าที่ผู้เกี่ยวข้องปฏิบัติตามแนวปฏิบัติที่กำหนดอย่างครบถ้วน 
รวมทั้งกรมป้องกันและบรรเทาสาธารณภัยขาดการควบคุม ติดตาม ตรวจสอบ 
การดำเนินงานการของศูนย์ ปภ. เขต เพื่อทราบถึงปัญหา อุปสรรค 
ในการปฏิบ","ศูนย์ป้องกันและบรรเทาสาธารณภัยเขตไม่ได้ปฏิบัติตามแนวทางการปฏิบัติงานของชุดเผชิญสถานการณ์วิกฤต 
(Emergency Response Team : ERT)จากการตรวจสอบพบว่า ศูนย์ ปภ. 
เขตไม่มีการปรับเปลี่ยนสังกัดการปฏิบัติหน้าที่ของชุดเผชิญสถานการณ์วิกฤต 
หรือชุด ERT 
จากสังกัดส่วนง","1.กำหนดให้มีหน่วยงานที่รับผิดชอบติดตาม ตรวจสอบ การดำเนินงานของศูนย์ ปภ. 
เขตอย่างต่อเนื่อง เพื่อทราบถึงปัญหา และอุปสรรคในการปฏิบัติตามกฎหมาย 
ระเบียบและแนวปฏิบัติที่กำหนด 
2.กำหนดระยะเวลาในการเตรียมความพร้อมด้านเครื่องจักรกล ยานพาหนะ 
และเครื่องมือ อุปกรณ","ทำให้การสนับสนุนการปฏิบัติงานบรรเทา
สาธารณภัยได้ไม่เต็มประสิทธิภาพ 
และประชาชนหรือผู้ประสบภัยอาจไม่ได้รับความช่วยเหลือได้ทันท่วงที 
"
FL-1231,ด้านระเบียบข้อบังคับ กฎหมาย(มติครม.พ.ร.ก. ฯลฯ) อื่นๆ                                                ,กรมสรรพสามิต,โครงการมาตรการรถยนต์คันแรก,2558,,"เนื่องจากเจ้าหน้าที่ที่ทำหน้าที่ตรวจรับเอกสารขาดความรอบคอบและความระมัดระวัง 
เมื่อได้รับใบคําขอใช้สิทธิฯ และเอกสารประกอบการใช้สิทธิ 
และเข้าใจว่าหากผู้ขอใช้สิทธิมายื่นใบจองรถยนต์ 
เจ้าหน้าที่จะนับระยะเวลาการให้สิทธิ 90 วัน โดยนับถัดจากวันรับมอบรถยนต์ 
โดย","ข้อตรวจพบที่ 1 ผู้ขอใช้สิทธิไม่ปฏิบัติตามมติคณะรัฐมนตรีและแนวทางที่กำหนด 
และไม่เป็นไปตามเงื่อนไขที่กำหนด
     จากการสุ่มตรวจสอบผู้ขอใช้สิทธิจากโครงการฯ จำนวน 4,340 ราย 
ของสำนักงานสรรพสามิตพื้นที่/พื้นที่สาขา จำนวน 7 แห่ง 
พบว่ามีผู้ขอใช้สิทธิไม่ปฏิบัติต","เพื่อให้การดำเนินงานโครงการฯ เป็นไปอย่างมีประสิทธิภาพ ประสิทธิผล 
และการใช้จ่ายเงินแผ่นดินเกิดประโยชน์สูงสุด 
สำนักงานการตรวจเงินแผ่นดินมีข้อเสนอแนะให้อธิบดีกรมสรรพสามิตพิจารณาดำเนินการ 
ดังนี้
1. สั่งการให้สำนักงานสรรพสามิตพื้นที่/พื้นที่สาขาทุกแห่งตรวจส","จากการที่ผู้ขอใช้สิทธิไม่ปฏิบัติตามมติคณะรัฐมนตรีและแนวทางที่กำหนด 
และไม่เป็นไปตามเงื่อนไขที่กำหนดทำให้รัฐจ่ายเงินคืนภาษีไม่ถูกต้องให้กับ
ผู้ขอใช้สิทธิรวม 1,648 ราย คิดเป็นจำนวนเงินภาษี 122.23 ล้านบาท

"
FL-1232,ด้านระเบียบข้อบังคับ กฎหมาย(มติครม.พ.ร.ก. ฯลฯ) อื่นๆ                                                ,กรมวิชาการเกษตร,การควบคุมวัตถุอันตรายทางการเกษตร,2559,,"สาเหตุที่ทำให้ยังมีร้านจำหน่ายวัตถุอันตรายทางการเกษตรบางส่วนไม่ปฏิบัติตามหลักเกณฑ์ที่กำหนดไว้ 
เกิดจาก
	1. 
เจ้าหน้าที่สารวัตรเกษตรบางส่วนไม่ได้ดำเนินการตรวจสอบร้านจำหน่ายให้ปฏิบัติตามหลักเกณฑ์ที่กำหนดอย่างเข้มงวด 
และไม่ได้ชี้แจงหรือให้คำแนะนำในการปรับปร","๒. ร้านจำหน่ายวัตถุอันตรายทางการเกษตรบางส่วนไม่ปฏิบัติตามหลักเกณฑ์ที่กำหนด 
จากการตรวจสอบร้านที่มีวัตถุอันตรายวางจำหน่ายในร้านจำหน่าย ๘๐ ร้าน พบว่า 
มีร้านจำหน่ายที่ไม่ปฏิบัติตามประกาศกระทรวงเกษตรและสหกรณ์ เรื่อง 
หลักเกณฑ์และวิธีการในการผลิต การนำเข้า กา","จากสภาพปัญหาการดำเนินงานการควบคุมและกำกับดูแลวัตถุอันตรายทางการเกษตรยัง
ไม่เป็นไปตามหลักเกณฑ์ดังกล่าวข้างต้น 
สำนักงานการตรวจเงินแผ่นดินมีข้อเสนอแนะให้อธิบดีกรมวิชาการเกษตรพิจารณาดำเนินการ 
ดังนี้
1. 
กำชับให้เจ้าหน้าที่สารวัตรเกษตรให้ความสำคัญกับการตรวจส","จากการที่ยังมีร้านจำหน่ายวัตถุอันตรายทางการเกษตรไม่ปฏิบัติตามหลักเกณฑ์ที่กำหนดไว้ 
ส่งผลกระทบดังนี้
	1. วัตถุอันตรายทางการเกษตรเป็นสารเคมีที่มีอันตราย 
สามารถเข้าสู่ร่างกายได้ทางปาก ทางผิวหนัง และโดยการหายใจ 
ไอระเหยของวัตถุอันตรายทำให้เกิดความเดือดร้อนรำ"
FL-1234,ด้านระเบียบข้อบังคับ กฎหมาย(มติครม.พ.ร.ก. ฯลฯ) อื่นๆ                                                ,กรมประมง,การบริหารจัดการบึงบอระเพ็ด จังหวัดนครสวรรค์,2560,,"คณะกรรมการฟื้นฟู อนุรักษ์ และพัฒนาบึงบอระเพ็ด จังหวัดนครสวรรค์ ยังไม่ให้ความ
สำคัญกับการดำเนินการพัฒนาและการแก้ไขปัญหาในพื้นที่บึงบอระเพ็ด พิจารณาจากการ
ประชุมที่ไม่มีความต่อเนื่อง มีการประชุมเพียง 4 ครั้ง โดยมีการจัดประชุมครั้ง
สุดท้ายปีงบประมาณ พ.ศ. 255","คณะกรรมการฟื้นฟู อนุรักษ์ และพัฒนาบึงบอระเพ็ด จังหวัดนครสวรรค์ ไม่ปฏิบัติตาม
อำนาจหน้าที่ที่กำหนด 
","ให้อธิบดีกรมประมง พิจารณาดำเนินการในฐานะเลขานุการคณะกรรมการฟื้นฟู อนุรักษ์ 
และพัฒนาบึงบอระเพ็ด จังหวัดนครสวรรค์ นำเสนอคณะกรรมการฟื้นฟู อนุรักษ์ และพัฒนา
บึงบอระเพ็ด จังหวัดนครสวรรค์ ให้จัดการประชุมคณะกรรมการฯ อย่างต่อเนื่องเพื่อ
กำหนดนโยบายและแนวทางการพั","การดำเนินงานของหน่วยงานต่าง ๆ ในพื้นที่ยังขาดทิศทางและขาดการบูรณาการอย่างเป็น
รูปธรรม 
"
FL-1320,ดำเนินงานซ้ำซ้อนกับหน่วยงานอื่น                                                                     ,สำนักงานเขตพื้นที่การศึกษาสงขลา เขต 1,โครงการพัฒนาคุณภาพการศึกษาด้วยเทคโนโลยีสารสนเทศ(DLIT),2561,,"มีสาเหตุมาจากการตรวจสอบรายละเอียดอุปกรณ์ของทั้ง2โครงการและการประสานข้อมูลภายในของผู้รับผิดชอบยังไม่รัดกุมเพียงพอ
","การจัดสรรอุปกรณ์DLITให้แก่โรงเรียนบางแห่งซ้ำซ้อนับโครงการโรงเรียนประชารัฐ
","1.สำรวจโรงเรียนในพื้นที่รับผิดชอบ ดังนี้
1.1กรณีได้รับอุปกรณ์DLITในปีงปม.2561 
ซ้ำซ้อนกับอุปกรณ์ICTจากโครงการประชารัฐเฟส1
1.2กรณีอยู่ระหว่างดำเนินการจัดสรรอุปกรณ์ICTตามโครงการประชารัฐเฟส2 
ซึ่งจะซ้ำซ้อนกับDLITที่ได้รับจัดสรรในปีงปม.2561แล้ว
2.หารือกับสพฐ.","ส่งผลให้โรงเรียนที่ไม่ได้รับการจัดสรรทั้งDLITและICTตามโครงการโรงเรียนประชารัฐ 
สูญเสียโอกาสได้รับการพัฒนาการศึกษาทางไกล 
ตลอดจนเกิดการจัดสรรทรัพยากรทางการศึกษาที่ไม่กระจายอย่างทั่วถึง
"
FL-1321,ดำเนินงานซ้ำซ้อนกับหน่วยงานอื่น                                                                     ,สำนักงานจังหวัดพะเยา,โครงการเพิ่มผลิตภาพและคุณภาพการผลิตข้าวปลอดภัยที่ดำเนิการโดยจังหวัดพะเยา,2561,,"เจ้าหน้าที่ผู้รับผิดชอบมุ่งเน้นการปฏิบัติงานให้เาร็จสิ้นภายในเวลาที่กำหนด
","หน่วยงานผู้รับผิดชอบกิจกรรมไม่มีการบูรณาร่วมกัน
","กำชับให้ส่วนราชการให้ความสำคัญต่อการบูรณาการ
","งบประมาณถูกนำไปใช้อย่างไม่มีประสิทธิภาพ
"
FL-1322,ดำเนินงานซ้ำซ้อนกับหน่วยงานอื่น                                                                     ,องค์การบริหารส่วนจังหวัดปทุมธานี,โครงการจ้างเหมารถรับส่งนักเรียนของโรงเรียนในสังกัดองค์การบริหารส่วนจังหวัดปทุมธานี,2560,,"๑.	การจัดการศึกษาขององค์กรปกครองส่วนท้องถิ่น 
ขาดการควบคุมให้เป็นไปตามมาตรฐานและระบบการศึกษาของชาติ โดยพบว่า 
ในการจัดการศึกษาขององค์กรปกครองส่วนท้องถิ่น 
มีการกำหนดหลักเกณฑ์ในการดำเนินการไว้ค่อนข้างชัดเจน 
แต่ในทางปฏิบัติไม่มีหน่วยงานที่เข้ามาควบคุมติดตา","ข้อตรวจพบที่ ๑	การดำเนินโครงการฯ 
เป็นการเบิกจ่ายเงินโดยไม่มีระเบียบให้เบิกจ่ายได้        
และไม่สอดคล้องกับนโยบายการจัดการศึกษาของชาติ
องค์การบริหารส่วนจังหวัดมีอำนาจและหน้าที่ในการส่งเสริมการศึกษา 
โดยสนับสนุนหรือดำเนินการใดๆ ที่เป็นประโยชน์แก่การศึกษาใ","๑.	การดำเนินโครงการจ้างเหมารถรับ - ส่งนักเรียน 
ขององค์การบริหารส่วนจังหวัดปทุมธานี 
สำนักงานการตรวจเงินแผ่นดินพิจารณาแล้วเห็นว่า 
มิใช่ภารกิจด้านการศึกษาตามพระราชบัญญัติการศึกษาแห่งชาติ พ.ศ. ๒๕๔๒ มาตรา ๔ 
และดำเนินการไม่ตรงกับกรณีหนังสือหารือที่เกี่ยวข้อ","๑.	ทำให้ราชการต้องสูญเสียงบประมาณ จำนวน 134.58 ล้านบาท โดยไม่จำเป็น 
เนื่องจากรัฐได้มีการจัดสร้างโรงเรียนไว้ในเขตพื้นที่บริการเพื่อรองรับนักเรียนในพื้นที่อยู่แล้ว          
แต่องค์การบริหารส่วนจังหวัดปทุมธานี 
ได้นำเงินงบประมาณไปใช้ในการจัดทำโครงการจ้างเห"
FL-1326,ประโยชน์ที่ได้จากโครงการไม่คุ้มกับเวลาและค่าใช้จ่ายที่เสียไป                                        ,เทศบาลเมืองกาญจนบุรี,การบริหารจัดการระบบบำบัดนำ้เสียรวมของชุมชนเทศบาลเมืองกาญจนบุรี,2562,,"เทศบาลเมืองกาญจนบุรีไม่มีการตรวจสอบรายการทรัพย์สิน ตามรายการบัญชีทรัพย์สิน 
พัสดุ ครุภัณฑ์ ภายในระบบบำบัดน้ำเสียตั้งแต่กรมโยธาธิการได้มีการส่งมอบ 
จึงทำให้ไม่ทราบว่ามีบ่อเก็บสิ่งปฏิกูล และท่าเทียบเรืออยู่ในบัญชีดังกล่าว 
ประกอบกับการบริหารจัดการได้ล่วงเลย","บ่อเก็บสิ่งปฏิกูลภายในระบบบำบัดน้ำเสียรวมของเทศบาลเมืองกาญจนบุรี
 ไม่มีการใช้ประโยชน์

","ให้เทศบาลเมืองกาญจนบุรีดำเนินการร่วมกับ อจน. 
ในการสำรวจระบบการเดินกำลังเครื่องจักรของบ่อเก็บสิ่งปฏิกูล 
รวมทั้งศึกษาถึงความเป็นมาและวัตถุประสงค์ของการก่อสร้างท่าเทียบเรือ 
หากพิจารณาแล้วสามารถใช้ประโยชน์ในการแก้ไขปัญหาสิ่งปฏิกูลที่อาจมีการลักลอบปล่อยสิ่ง","การใช้จ่ายงบประมาณมาณในการก่อสร้างบ่อเก็บสิ่งปฏิกูลสูญเปล่าและไม่มีความคุ้มค่าเป็นจำนวนเงิน 
3,760,400.00 บาท
"
FL-1327,ประโยชน์ที่ได้จากโครงการไม่คุ้มกับเวลาและค่าใช้จ่ายที่เสียไป                                        ,สำนักงานปศุสัตว์จังหวัดประจวบคีรีขันธ์,โครงการเพิ่มศักยภาพการผลิตสินค้าปศุสัตว์ให้ได้มาตรฐานอาหารปลอดภัย (Food sefety)และปลอดมลภาวะ (Zero waste Livestotks),2562,,"ไม่มีการสำรวจความต้องการที่แท้จริงของเกษตรกร 
เกษตรกรบางรายมีเครื่องสับหญ้าเป็นของตนเอง 
บางรายหาหญ้าให้โคหรือแพะโดยไม่ต้องใช้เครื่องสับหญ้า 
และไม่ต้องการขอยืมเครื่องสับหญ้ามาใช้เพราะไม่ต้องการรับผิดชอบในการบำรุงรักษา 
นอกจากนี้เครื่องผสมอาหารที่สำนักงาน","ครุภัณฑ์การเกษตรไม่ได้ใช้ประโยชน์
","กลุ่มจังหวัดภาคกลางตอนล่าง ๒ 
ควรเร่งดำเนินการแจ้งสำนักงานปศุสัตว์จังหวัดเพชรบุรีและสำนักงานปศุสัตว์จังหวัดประจวบคีรีขันธ์ 
ให้แจ้งเกษตรกร/กลุ่มเกษตรกรที่มีความต้องการขอยืมครุภัณฑ์ดังกล่าวไปใช้ให้เกิดประโยชน์ต่อไป 
โดยถือปฏิบัติตามแบบแผนของทางราชการ
","การใช้จ่ายเงินงบประมาณเป็นไปอย่างไม่คุ้มค่า 
สูญเสียงบประมาณในการจัดซื้อครุภัณฑ์เป็นจำนวนเงินทั้งสิ้น ๑,๐๘๓,๗๕๐.๐๐ บาท
"
FL-1328,ประโยชน์ที่ได้จากโครงการไม่คุ้มกับเวลาและค่าใช้จ่ายที่เสียไป                                        ,สำนักงานจังหวัดอุบลราชธานี,โครงการพัฒนาและส่งเสริมการเกษตรในกลุ่มจังหวัดภาคตะวันออกเฉีย1,2562,,"การใช้จ่ายงบประมาณราชการไม่เกิดความคุ้มค่าและเสียโอกาสในการใช้ประโยชน์ 
จำนวน 5,442,834.33 บาท รวมทั้งทำให้เกิดความเสียหายจากวัสดุ 
ครุภัณฑ์ที่ไม่สามารถนำไปใช้ประโยชน์หรือปรับปรุงแก้ไขให้สามารถใช้ประโยชน์อื่นได้ 
จำนวน 99,000.00 บาท
","ข้อตรวจพบที่ 4 กลุ่มเกษตรกรยังไม่ใช้ประโยชน์ปัจจัยการผลิตต้นแบบ บรรจุภัณฑ์ 
ครุภัณฑ์และวัสดุเผยแพร่ประชาสัมพันธ์ 
จากการตรวจสอบการใช้ประโยชน์ปัจจัยการผลิตต้นแบบ  บรรจุภัณฑ์ ครุภัณฑ์ 
สิ่งก่อสร้างของโครงการส่งเสริมการแปรรูปสินค้าเกษตรเพิ่มมูลค่าในกลุ่มเกษต","1.แจ้งให้หน่วยงานที่รับผิดชอบ ดำเนินการตรวจสอบ เร่งรัด และแก้ไขปรับปรุงให้             
กลุ่มเกษตรกรใช้ประโยชน์ปัจจัยการผลิตต้นแบบ 
บรรจุภัณฑ์และครุภัณฑ์ของกลุ่มเกษตรกรโดยเร็ว 
หากกลุ่มเกษตรกรไม่มีความพร้อมหรือไม่ประสงค์จะใช้ประโยชน์ 
ให้ดำเนินการนำปัจจัย","การใช้เงินงบประมาณในการดำเนินโครงการไม่เกิดประโยชน์ไม่คุ้มค่า 
และเสียโอกาสในการใช้จ่ายงบประมาณเพื่อพัฒนาโครงการด้านอื่นๆ จำนวน 
5,442,834.33 บาท และเสียโอกาสในการใช้ประโยชน์จากปัจจัยการผลิตต้นแบบ 
บรรจุภัณฑ์ ครุภัณฑ์และวัสดุเผยแพร่ประชาสัมพันธ์จำนวน 5,34"
FL-1329,ประโยชน์ที่ได้จากโครงการไม่คุ้มกับเวลาและค่าใช้จ่ายที่เสียไป                                        ,สำนักงานเกษตรจังหวัดประจวบคีรีขันธ์,โครงการส่งเสริมและพัฒนาสับปะรดครบวงจร,2562,,"1. สำนักงานอุตสาหกรรมจังหวัดประจวบคีรีขันธ์ 
ไม่มีการแต่งตั้งเจ้าหน้าที่ผู้รับผิดชอบเพื่อประสานขอข้อมูลจากหน่วยงานที่เกี่ยวข้อง 
และบันทึกข้อมูลในระบบให้เป็นปัจจุบัน  
 	2. หน่วยงานที่เกี่ยวข้อง ได้แก่ 
สำนักงานอุตสาหกรรมจังหวัดประจวบคีรีขันธ์ 
สำนักงานพา","ข้อตรวจพบที่ 3 การบันทึกข้อมูลในระบบฐานข้อมูลด้านอุตสาหกรรมและการเกษตร: 
สับปะรด   
 ไม่เป็นปัจจุบัน 
	สำนักงานอุตสาหกรรมจังหวัดประจวบคีรีขันธ์ 
ได้จัดทำระบบฐานข้อมูลด้านอุตสาหกรรมและการเกษตร: สับปะรด 
เพื่อใช้เป็นฐานข้อมูลประกอบการวิเคราะห์ศักยภาพและกำหน","1. ให้สำนักงานอุตสาหกรรมจังหวัดประจวบคีรีขันธ์ 
ประสานงานกับสำนักงานพาณิชย์จังหวัดประจวบคีรีขันธ์ 
และสำนักงานเกษตรจังหวัดประจวบคีรีขันธ์ 
ให้มีการแต่งตั้งเจ้าหน้าที่ซึ่งได้รับการฝึกอบรมจากผู้รับจ้าง (หากมี) 
หรือผู้ที่มีความรู้ในการบันทึกข้อมูลในระบบฯ 
ด","1. 
การไม่บันทึกข้อมูลลงในระบบฐานข้อมูลสับปะรดให้เป็นปัจจุบันและไม่สามารถใช้ประโยชน์ระบบดังกล่าวได้ 
ทำให้เกิดความสูญเปล่าในการใช้เงินงบประมาณจัดจ้างทำระบบฐานข้อมูลด้านอุตสาหกรรมและการเกษตร: 
สับปะรด คิดเป็นมูลค่ารวม 299,360.00 บาท 
 	2. ทำให้หน่วยงานต่าง"
FL-1330,ประโยชน์ที่ได้จากโครงการไม่คุ้มกับเวลาและค่าใช้จ่ายที่เสียไป                                        ,กลุ่มจังหวัดภาคเหนือตอนล่าง 2,โครงการส่งเสริมและพัฒนาผลิตภัณฑ์สินค้าเกษตรของกลุ่มจังหวัดภาคเหนือตอนล่าง 2 ภายใต้แผนงานบูรณาการสร้างความเข้มแข็งและยั่งยืนให้กับเศรษฐกิจภายในประเทศ ประจำปีงบประมาณ พ.ศ. 2560,2562,,"สาเหตุมาจากกระบวนการพิจารณากลั่นกรองโครงการของหน่วยงานที่เกี่ยวข้องไม่ให้ความสำคัญอย่างเคร่งครัดต่อการพิจารณาในภาพรวมทั้งโครงการ 
ขาดการวิเคราะห์ความสอดคล้องเชื่อมโยงให้ครบถ้วนตามลักษณะโครงการแบบห่วงโซ่คุณค่า 
และขาดการบูรณาการร่วมกันของหน่วยงานในพื้นที่ ","ข้อตรวจพบที่ 2 
ครุภัณฑ์และสิ่งปลูกสร้างตามโครงการภายใต้แผนงานบูรณาการสร้างความเข้มแข็งและยั่งยืนให้กับเศรษฐกิจภายในประเทศ 
ประจำปีงบประมาณ พ.ศ. 2560 ด้านการ                                   
เพิ่มศักยภาพภาคการเกษตร (ประเภทข้าว) 
ส่วนใหญ่ไม่มีการใช้ประโย","การบริหารจัดการทรัพย์สินที่เกิดจากโครงการให้พิจารณาดำเนินการดังนี้ 
1.โดยทรัพย์สินที่เกิดจากการดำเนินโครงการตามแผนงานบูรณาการสร้างความเข้มแข็งและยั่งยืนให้กับเศรษฐกิจภายในประเทศ 
ประจำปีงบประมาณ พ.ศ. 2560 
ให้เร่งรัดดำเนินการตามหนังสือกระทรวงมหาดไทยที่เกี","ส่งผลให้กลุ่มเป้าหมายของโครงการไม่สามารถเพิ่มรายได้จากการเพิ่มมูลค่าผลผลิตทางการเกษตร 
(ประเภทข้าว) ได้อย่างต่อเนื่องและยั่งยืน 
ไม่สามารถลดความเหลื่อมล้ำของชุมชนได้ 
กรณีทรัพย์สินที่ไม่มีการใช้ประโยชน์ให้เป็นไปตามวัตถุประสงค์ของโครงการทำให้เกิดความเสียหา"
FL-1331,ประโยชน์ที่ได้จากโครงการไม่คุ้มกับเวลาและค่าใช้จ่ายที่เสียไป                                        ,สำนักงานท้องถิ่นจังหวัดนครศรีธรรมราช,เงินอุดหนุนเฉพาะกิจก่อสร้างอาคารศูนย์พัฒนาเด็กเล็กขององค์กรปกครองส่วนท้องถิ่นจังหวัดนครศรีธรรมราชประจำปีงบประมาณ พ.ศ. 2559,2561,,"1. องค์กรปกครองส่วนท้องถิ่น 
ขาดการเตรียมความพร้อมพื้นที่โดยรอบอาคารศูนย์พัฒนาเด็กเล็ก 
ต้องมีการปรับปรุงภูมิทัศน์ การก่อสร้างรั้วรอบอาคาร 
การปรับปรุงกั้นห้องเพิ่มเติม 
และบางแห่งยังไม่มีการเชื่อมต่อระบบโครงการข่ายไฟฟ้าของการไฟฟ้าส่วนภูมิภาค 
เพื่อประโยช"," ข้อตรวจพบที่ 2 
ก่อสร้างแล้วเสร็จแต่ยังไม่ใช้ประโยชน์เปิดให้บริการเรียนการสอนตามวัตถุประสงค์
จากการตรวจสอบ พบว่า ศูนย์พัฒนาเด็กเล็กก่อสร้างเสร็จเรียบร้อยแล้ว 
แต่ยังไม่เปิดให้บริการการเรียนการสอนแก่เด็กปฐมวัย จำนวน 11 แห่ง 
คิดเป็นร้อยละ 34.38 และในจำนวน","1. ศูนย์พัฒนาเด็กเล็ก 
ที่ขาดการเตรียมความพร้อมพื้นที่โดยรอบอาคารเพื่อการปรับปรุงภูมิทัศน์ 
การก่อสร้างรั้วรอบอาคาร และศูนย์เด็กเล็กที่มีการกั้นห้องเพิ่มเติม 
ให้เร่งรัดองค์กรปกครองส่วนท้องถิ่น ดำเนินการโดยเร็ว 
เพื่อให้ศูนย์พัฒนาเด็กเล็ก สามารถเปิดให้บริ","1. เกิดความสูญเปล่าของงบประมาณในการก่อสร้างศูนย์พัฒนาเด็กเล็ก จำนวน 
30,133,847.04 บาท (วงเงินตามสัญญาของศูนย์พัฒนาเด็กเล็ก 11 แห่ง 
ที่ยังไม่ใช้ประโยชน์เปิดให้บริการเรียนการสอน ตามตารางที่ 7 ) 
นอกจากนั้นยังเป็นการเสียโอกาสในการนำเงินงบประมาณเงินอุดหนุนเ"
FL-1332,ประโยชน์ที่ได้จากโครงการไม่คุ้มกับเวลาและค่าใช้จ่ายที่เสียไป                                        ,อุทยานแห่งชาติทะเลบัน จ.สตูล,โครงการพัฒนาแหล่งท่องเที่ยวอุทยานแห่งชาติทะเลบันปีงบประมาณ 2558,2560,,"สาเหตุของข้อตรวจพบที่1.1
1.ขาดการประชาสัมพันธ์ให้เข้าถึงกลุ่มเป้าหมายโดยตรง 
ซึ่งเป็นหน่วยงานที่ต้องการใช้สถานที่เพื่อจัดการประชุม อบรม สัมนา 
หรือเข้าค่ายพักแรม 
และเป็นกลุ่มผู้ใช้บริการที่มีแนวโน้มจะกลับมาใช้บริการอีก
2.เนื่องจากอยู่ระหว่างการดำเนินการจ","ข้อตรวจพบที่1การใช้ประโยชน์จากโครงการยังไม่คุ้มค่า
1.1การใช้ประโยชน์จากค่ายเยาวชนและบ้านพักนักท่องเที่ยวยังไม่สอดคล้องกับศักยภาพกิจกรรมสิ่งก่อสร้างของโครงการ
1.2วัสดุ ครุภัณฑ์โครงการบางส่วนไม่อยู่ในสภาพพร้อมใช้งาน
","ข้อเสนอแนะถึงผวจ.สตูล
สั่งการและติดตามให้เจ้าหน้าที่ที่รับผิดชอบดำเนินการแจ้งให้ผู้รับจ้างซ่อมแซมแก้ไขวัสดุ 
ครุภัณฑ์ของโครงการที่ชำรุดเสียหายภายในกำหนดระยะเวลาความรับผิดชอบในความชำรุดบกพร่องของงานจ้างตามสัญญาจ้าง

ข้อเสนอแนะถึงหัวหน้าอุทยานแห่งชาติทะเลบั","ผลกระทบจากข้อตรวจพบ1.1
1.การใช้ประโยชน์จากค่ายเยาวชนและบ้านพักนักท่องเที่ยวยังไม่เต็มศักยภาพ 
ทำให้เกิดความไม่คุ้มค่าของงปม.จากกิจกรรมก่อสร้างค่ายพักเยาวชนชาย-หญิง 
พร้อมห้องน้ำชาย-หญิง อาคารอเนกประสงค์ โรงอาหาร จำนวน 1 แห่ง งปม. 
7,141,600.00 บาท และกิจก"
FL-1333,ประโยชน์ที่ได้จากโครงการไม่คุ้มกับเวลาและค่าใช้จ่ายที่เสียไป                                        ,สำนักงานจังหวัดพัทลุง,โครงการพัฒนาอุตสาหกรรมการท่องเที่ยวเชิงอนุรักษ์เข้มแข็งเพื่อเข้าสู่ประชาคมอาเซียนปีงบประมาณพ.ศ.2557-2558จังหวัดพัทลุง,2560,,"เนื่องจากไม่มีการสำรวจหรือสอบถามความต้องการของกลุ่มเป้าหมายและขาดการติดตามประเม
ินผลการการใช้ประโยชน์ 
หน่วยงาสนผู้เสนอโครงการขาดการศึกษาวิเคราะห์เพื่อประเมินความเหมาะสมและความเป็นไปได้ก่อนเสนอโครงการ 
ไม่มีการจัดทำแผนการบริหารจัดการโครงการ/กิจกรรม 
ทำให้","วัสดุอุปกรณ์และสิ่งก่อสร้่างที่ได้รับการสนับสนุนไม่ได้ใช้ประโยชน์ 
หรือใช้ประโยชน์ไม่คุ้มค่า
 ปีงบประมาณ 2557 กิจกรรมการพัฒนาหมู่บ้านท่องเที่ยว (OTOP) 
งานก่อสร้างอาคารบริการนักท่องเที่ยวไม่ได้ใช้ประโยชน์ 1 หลัง 
ชั้นเหล็กวางสินค้าไม่ได้ใช้ประโยชน์ 2 แห่ง","1.ให้มีการพิจารณาวิธีการหรือรูปแบบการบริหารจัดการให้มีการใช้ประโยชน์ชั้นเหล็ก
วางสินค้าเพื่อเกิดความคุ้มค่าของงบประมาณ 
2.ในโอกาสต่อไปการเสนอโครงการควรศึกษาความเป็นไปได้ มีการสำรวจความต้องการ 
ตามเหมาะสมที่ถูกต้องครบถ้วนตามความเป็นจริง 
เพื่อป้องกันผลกระท","กลุ่มเป้าหมายเสียโอกาสจากการใช้ประโยชน์และอาจส่งผลให้การใช้จ่ายเงินงบประมาณไม่
คุ้มค่า 
"
FL-1334,ประโยชน์ที่ได้จากโครงการไม่คุ้มกับเวลาและค่าใช้จ่ายที่เสียไป                                        ,เทศบาลเมืองเดชอุดม,โครงการการบริหารจัดการขยะมูลฝอยของเทศบาลนครอุบลราชธานีและเทศบาลเมืองเดชอุดม,2560,,". ไม่สามารถใช้ประโยชน์ 
และไม่สามารถปรับปรุงแก้ไขให้ใช้งานได้ตามวัตถุประสงค์ของโครงการ 
หรือหากปรับปรุงแก้ไขจะต้องใช้งบประมาณจำนวนมากเพื่อดำเนินการ เนื่องจาก 
การคัดเลือกพื้นที่น้ำท่วมซ้ำซาก เพื่อก่อสร้างระบบกำจัดขยะของเทศบาลฯ 
การดำเนินโครงการไม่เปิดโอกา","ข้อตรวจพบที่ 1	การก่อสร้างบ่อกำจัดขยะมูลฝอยของเทศบาลนครอุบลราชธานี 
ไม่สามารถใช้ประโยชน์ได้และสิ่งก่อสร้างชำรุดสูญหาย
","เพื่อประโยชน์ของทางราชการ จึงเห็นควรแจ้งให้ผู้ว่าราชการจังหวัดอุบลราชธานี 
และนายกเทศมนตรีนครอุบลราชธานีดำเนินการ ดังนี้
		1. ผู้ว่าราชการจังหวัดอุบลราชธานี 
ดำเนินการแต่งตั้งคณะกรรมการเพื่อแก้ไขปัญหาของโครงการฯ 
โดยให้หน่วยงานและประชาชนในพื้นที่ได้มีส่วน","1. ทำให้รัฐสูญเสียงบประมาณเนื่องจากไม่ได้ใช้ประโยชน์จากสิ่งก่อสร้าง 
จำนวนเงินทั้งสิ้น 75,240,000.00 บาท 
ประกอบด้วยงบประมาณค่าจ้างบริษัทที่ปรึกษาออกแบบ จำนวนเงิน 2,980,000.00 บาท 
และงบประมาณค่าก่อสร้างบ่อกำจัดขยะมูลฝอย จำนวนเงิน 72,260,000.00 บาท
	2. เท"
FL-1335,ประโยชน์ที่ได้จากโครงการไม่คุ้มกับเวลาและค่าใช้จ่ายที่เสียไป                                        ,เทศบาลเมืองเดชอุดม,โครงการการบริหารจัดการขยะมูลฝอยของเทศบาลนครอุบลราชธานีและเทศบาลเมืองเดชอุดม,2560,,"1. ไม่สามารถใช้ประโยชน์ 
และไม่สามารถปรับปรุงแก้ไขให้ใช้งานได้ตามวัตถุประสงค์ของโครงการ 
หรือหากปรับปรุงแก้ไขจะต้องใช้งบประมาณจำนวนมากเพื่อดำเนินการ เนื่องจาก 
การคัดเลือกพื้นที่น้ำท่วมซ้ำซาก เพื่อก่อสร้างระบบกำจัดขยะของเทศบาลฯ 
การดำเนินโครงการไม่เปิดโอก","ข้อตรวจพบคือ การก่อสร้างบ่อกำจัดขยะมูลฝอยของเทศบาลนครอุบลราชธานี 
ไม่สามารถใช้ประโยชน์ได้และสิ่งก่อสร้างชำรุดสูญหาย
","เพื่อประโยชน์ของทางราชการ จึงเห็นควรแจ้งให้ผู้ว่าราชการจังหวัดอุบลราชธานี 
และนายกเทศมนตรีนครอุบลราชธานีดำเนินการ ดังนี้
		1. ผู้ว่าราชการจังหวัดอุบลราชธานี 
ดำเนินการแต่งตั้งคณะกรรมการเพื่อแก้ไขปัญหาของโครงการฯ 
โดยให้หน่วยงานและประชาชนในพื้นที่ได้มีส่วน","1. ทำให้รัฐสูญเสียงบประมาณเนื่องจากไม่ได้ใช้ประโยชน์จากสิ่งก่อสร้าง 
จำนวนเงินทั้งสิ้น 75,240,000.00 บาท 
ประกอบด้วยงบประมาณค่าจ้างบริษัทที่ปรึกษาออกแบบ จำนวนเงิน 2,980,000.00 บาท 
และงบประมาณค่าก่อสร้างบ่อกำจัดขยะมูลฝอย จำนวนเงิน 72,260,000.00 บาท
	2. เท"
FL-1336,ประโยชน์ที่ได้จากโครงการไม่คุ้มกับเวลาและค่าใช้จ่ายที่เสียไป                                        ,องค์การบริหารส่วนจังหวัดเชียงใหม่,โครงการครุภัณฑ์ทางการศึกษาสื่อการเรียนการสอนระบบมัลติมีเดียพร้อมระบบทดสอบอิเล็กทรอนิกส์,2559,,"1. องค์การบริหารส่วนจังหวัดเชียงใหม่ 
สนับสนุนครุภัณฑ์ทางการศึกษาบางรายการไม่ตรงตามความต้องการ 
หรือไม่สอดคล้องกับสภาพพื้นที่การใช้งาน เนื่องจากครุภัณฑ์ทางการศึกษาจำนวน 4 
รายการ ได้แก่ กระดานอิเล็กทรอนิกส์ควบคุมระยะไกล แบบ mini Board 
เครื่องพิมพ์ชนิดเลเ","ข้อตรวจพบที่ 2 การใช้ประโยชน์ครุภัณฑ์ทางการศึกษา สื่อการเรียนการสอน 
องค์การบริหารส่วนจังหวัดเชียงใหม่ จัดซื้อครุภัณฑ์ทางการศึกษา 
สื่อการเรียนการสอนระบบมัลติมีเดีย พร้อมระบบทดสอบอิเล็กทรอนิกส์ 
(คลังข้อสอบออนไลน์)  ในปีงบประมาณ 2556 จำนวน 10 รายการ เป็นจ","ให้นายกองค์การบริหารส่วนจังหวัดเชียงใหม่ ดำเนินการดังนี้
	1. 
สั่งกำชับให้เจ้าหน้าที่ที่เกี่ยวข้องในการสนับสนุนงบประมาณให้แก่องค์กรปกครองส่วนท้องถิ่นอื่น 
ส่วนราชการ หรือหน่วยงานอื่นของรัฐ ให้พิจารณาถึงเหตุผลความจำเป็น 
ความเหมาะสม ความพร้อม และศักยภาพในก","จากการใช้ประโยชน์ครุภัณฑ์ทางการศึกษาไม่เต็มศักยภาพ 
และไม่ได้ใช้ประโยชน์เป็นการใช้จ่ายเงินงบประมาณที่ไม่มีประสิทธิภาพหรือไม่คุ้มค่า 
เป็นจำนวนเงิน 16,908,100 บาท
"
FL-1337,ประโยชน์ที่ได้จากโครงการไม่คุ้มกับเวลาและค่าใช้จ่ายที่เสียไป                                        ,กรมอุตุนิยมวิทยา,การพัฒนาและบำรุงรักษาเครื่องมือตรวจวัดและพยากรณ์อากาศ กรมอุตุนิยมวิทยา กระทรวงเทคโนโลยีสารสนเทศและการสื่อสาร,2560,,"1.ขาดการติดตามและประเมินผล ความเหมาะสม ความคุ้มค่า 
ของเครื่องมืออุปกรณ์ที่ใช้งานในภารกิจของหน่วยงาน ประกอบกับกรมอุตุนิยมวิทยา
มีการติดตั้งเครื่องมือลักษณะเดียวกันในสถานีอื่น หรือมีเครื่องมือตรวจวัดอัตโนมัติ
อื่นที่มีการติดตั้งโดยสามารถตรวจวัดและให้ข้อมูล","การบริหารการใช้ประโยชน์เครื่องมือตรวจวัดบางรายการที่อาจเกิดความไม่คุ้มค่า 
และเครื่องมือตรวจวัดบางรายการไม่ได้ใช้ประโยชน์ตามวัตถุประสงค์
","1.ให้มีการสำรวจ ประเมินผลการใช้ประโยชน์ หรือสถานะการใช้งาน ณ 
ปัจจุบันของเครื่องมือตรวจวัดและพยากรณ์อากาศทุกประเภทที่อยู่ภายใต้ความรับผิดชอบ
ของสำนักในส่วนกลาง ศูนย์อุตุนิยมวิทยาภาค และสถานีอุตุนิยมวิทยาทุกแห่ง 
เพื่อทราบถึงรายการ จำนวน การใช้ประโยชน์ตามว","1.เกิดความไม่คุ้มค่าของการใช้จ่ายเงินงบประมาณแผ่นดินที่มีการลงทุนจัดซื้อ
เครื่องมือแต่ไม่ได้ใช้ประโยชน์ตามวัตถุประสงค์ หรือไม่เกิดประโยชน์ในเชิงภารกิจ
ของกรมอุตุนิยมวิทยาอย่างแท้จริง รวมมูลค่าไม่น้อยกว่า 7.18 ล้านบาท
2.ทำให้การใช้ทรัพยากรไม่มีประสิทธิภาพ "
FL-1338,ประโยชน์ที่ได้จากโครงการไม่คุ้มกับเวลาและค่าใช้จ่ายที่เสียไป                                        ,กรมสรรพสามิต,โครงการมาตรการรถยนต์คันแรก,2558,,"1. เครื่องอ่านบัตรประจำตัวประชาชน (Smart Card Reader) 
ไม่สามารถอ่านข้อมูลจากบัตรประจำตัวประชาชนไทยของสำนักทะเบียนราษฎร์ 
กระทรวงมหาดไทยได้ตามคุณลักษณะที่กำหนด จึงทำให้การปฏิบัติงานล่าช้า 
เจ้าหน้าที่อาจได้รับการร้องเรียนได้ 
นอกจากนี้บางพื้นที่ได้รับเครื","ข้อตรวจพบที่ 2 ไม่มีการใช้ประโยชน์จากเครื่องอ่านบัตรประจำตัวประชาชน (Smart 
Card Reader) และเครื่องสแกนเนอร์ (Scanner)
     กรมสรรพสามิตนำระบบ Information and Communication Technology (ICT) 
มาใช้ เพื่อการบริการ และบริหารจัดการโครงการฯ โดยการดำเนินโครงการ","1. สอบข้อเท็จจริงกรณีเครื่องอ่านบัตรประจำตัวประชาชน (Smart Card Reader) 
ไม่สามารถอ่านข้อมูลจากบัตรประจำตัวประชาชนไทยของสำนักทะเบียนราษฎร์ 
กระทรวงมหาดไทยได้ตามคุณลักษณะที่กำหนด 
หากพบการกระทำผิดให้ดำเนินการตามควรแก่กรณีกับเจ้าหน้าที่ที่เกี่ยวข้อง
2. สั่ง","1. ทำให้การใช้จ่ายเงินของรัฐในการจัดซื้อเครื่องอ่านบัตรประจำตัวประชาชน 
(Smart Card Reader) เป็นไปอย่างไม่มีประสิทธิภาพคิดเป็นจำนวนเงิน 165,000 
บาท
2. ทำให้การดำเนินโครงการพัฒนาระบบสารสนเทศไม่บรรลุตามวัตถุประสงค์ 
โดยไม่สามารถค้นหาเอกสารต่าง ๆ ได้สะดวก 
"
FL-1365,ผลการตรวจสอบการดำเนินงานด้านอื่น ๆ                                                                  ,สำนักงานเกษตรจังหวัดขอนแก่น,โครงการพัฒนาคุณภาพการผลิตและเพิ่มมูลค่าผลผลิตข้าวครบวงจร ประจำปีงบประมาณ พ.ศ.2561 ของกลุ่มจังหวัดภาคตะวันออกเฉียงเหนือตอนกลาง,2562,,"กรณีดังกล่าวข้างต้นสาเหตุเนื่องจากกลุ่มเกษตรกรบางกลุ่มยังขาดความรู้
ความเข้าใจในการใช้งาน 
ขาดการบริหารจัดการที่ดี และหลังจากการส่งมอบให้กลุ่มเกษตรกรใช้ประโยชน์แล้ว 
หน่วยงานที่เกี่ยวข้องมีการติดตามผลในช่วงระยะเวลาแรก 
แต่ไม่มีการติดตามผลอย่างต่อเนื่อง  ส","ข้อตรวจพบที่ 2 พัสดุที่ได้รับสนับสนุนตามโครงการไม่ได้ใช้ประโยชน์และใช้ประโยชน์
ไม่เต็มประสิทธิภาพกิจกรรมส่งเสริมการใช้เทคโนโลยีพลังงานทดแทนเพื่อเพิ่มศักยภาพ
ในการผลิตและแปรรูปการเกษตรแบบครบวงจร 
และกิจกรรมแปรรูปข้าวและผลิตภัณฑ์จากข้าว ประกอบด้วยสิ่งก่อสร้","1.ตรวจสอบและติดตามการใช้ประโยชน์และสภาพของทรัพย์สินตามโครงการอย่างต่อเนื่อง 
เพื่อให้ทราบถึงปัญหาอุปสรรคในการดำเนินงาน ความชำรุดเสียหาย 
รวมทั้งแนวทางในการแก้ไข และมีการจัดทำแผนในการติดตามผลการดำเนินงาน 
2.ให้มีการเร่งรัด ปรับปรุง ซ่อมแซมแก้ไข 
สิ่งก่อสร้","พัสดุที่ได้รับสนับสนุนตามโครงการไม่ได้ใช้ประโยชน์และใช้ประโยชน์ไม่เต็ม
ประสิทธิภาพย่อมส่งผลทำให้เกิดความไม่คุ้มค่าของการใช้จ่ายเงินงบประมาณแผ่นดิน 
เกิดการสูญเปล่ากรณีที่ไม่มีการใช้ประโยชน์ ได้แก่ 
โรงอบแห้งพลังงานแสงอาทิตย์ อุปกรณ์เพิ่มประสิทธิภาพการผลิต"
FL-1366,ผลการตรวจสอบการดำเนินงานด้านอื่น ๆ                                                                  ,สำนักงานประมงจังหวัดฉะเชิงเทรา,โครงการการยกระดับคุณภาพและการแปรรูปสินค้าเกษตร งบประมาณจังหวัด ปีงบประมาณ 2560 - 2562,2562,,"1.เจ้าหน้าที่ผู้รับผิดชอบโครงการขาดการศึกษาและรวบรวมข้อมูลเกษตรกรในพื้นที่เพื่อใช้เป็นข้อมูลในการพิจารณากำหนดเกณฑ์การคัดเลือกเกษตรกรหรือเกณฑ์การจัดสรรบรรจุภัณฑ์ให้เหมาะสม 
จึงต้องใช้วิธีมอบหมายให้สำนักงานเกษตรอำเภอซึ่งทราบข้อมูลเกษตรกรในพื้นที่ได้ดีกว่าเป","การดำเนินโครงการตามขั้นตอนการบริหารโครงการภาครัฐ
","	ให้เกษตรจังหวัดระยอง พิจารณาดำเนินการดังนี้
1.กำชับให้เจ้าหน้าที่ผู้รับผิดชอบโครงการศึกษาและรวบรวมข้อมูลเกษตรกรที่เกี่ยวข้องกับโครงการ 
เพื่อใช้ในการจัดทำเกณฑ์ในการคัดเลือกเกษตรกรเข้าร่วมโครงการ 
เกณฑ์ในการจัดสรรบรรจุภัณฑ์ ปัจจัยการผลิต วัสดุอุปกรณ์ต่างๆ","1. 
การไม่กำหนดเกณฑ์ในการคัดเลือกเกษตรกรเข้ารับการอบรมทำให้อาจได้เกษตรกรที่เข้ารับการอบรมไม่ใช่กลุ่มเป้าหมายที่เหมาะสม 
และไม่ก่อให้เกิดการบรรลุวัตถุประสงค์ของโครงการในการยกระดับการพัฒนาเกษตรกรให้มีความรู้ความเข้าใจในการผลิตและเพิ่มมูลค่าผลไม้
2. การไม่มี"
FL-1367,ผลการตรวจสอบการดำเนินงานด้านอื่น ๆ                                                                  ,การท่องเที่ยวแห่งประเทศไทย,การส่งเสริมการท่องเที่ยวเมืองรองและชุมชน,2563,,"มีการกำหนดเป้าหมายการดำเนินงานในพื้นที่จังหวัดท่องเที่ยวเมืองรองทั้งหมด 55      
จังหวัด ซึ่งไม่คำนึงถึงศักยภาพความพร้อมด้านการท่องเที่ยวของแต่ละจังหวัดที่มี    
ความแตกต่างกัน ประกอบกับเป็นนโยบายเร่งด่วนในการกระตุ้นเศรษฐกิจที่มีระยะเวลา     
ดำเนินการสั้","ข้อตรวจพบที่ 3 แหล่งท่องเที่ยวที่ได้รับการส่งเสริมการตลาดด้านการท่องเที่ยวยัง
ขาดความพร้อมในการรองรับนักท่องเที่ยว
","1.หารือร่วมกับปลัดกระทรวงการท่องเที่ยวและกีฬา และอธิบดีกรมการท่องเที่ยวในฐานะ   
ที่ร่วมกันเป็นฝ่ายเลขานุการของคณะกรรมการนโยบายการท่องเที่ยวแห่งชาติ เพื่อเสนอ   
ต่อคณะกรรมการฯ ให้มีการกำหนดแผนการส่งเสริมและพัฒนาการท่องเที่ยวจังหวัด          
ท่องเที่ยวเม","การขาดความพร้อมในการรองรับการเดินทางของนักท่องเที่ยว หรือการพัฒนาอย่างไม่สมดุล
ทางด้านอุปสงค์และด้านอุปทานของการท่องเที่ยว ไม่สามารถดึงดูดนักท่องเที่ยวใน
ระยะยาว และการขาดแผนบริหารจัดการที่ดีอาจส่งผลกระทบในเชิงลบต่อแหล่งท่องเที่ยว
และชุมชน เช่น ปัญหาการจั"
FL-1368,ผลการตรวจสอบการดำเนินงานด้านอื่น ๆ                                                                  ,กรมบัญชีกลาง,โครงการประชารัฐสวัสดิการ,2562,,"การกำหนดหลักเกณฑ์คุณสมบัติของผู้มีสิทธิลงทะเบียนเพื่อสวัสดิการแห่งรัฐ
บางส่วนไม่สามารถคัดกรองเฉพาะผู้ที่ยากจนหรือผู้มีรายได้น้อยซึ่งเป็นคุณสมบัติ
ตามเจตนารมณ์ของโครงการได้ 
เกิดช่องว่างที่เอื้อประโยชน์ต่อประชาชนทุกคนที่มีคุณสมบัติตรงตามเกณฑ์ที่กำหนด 
สามา","การดำเนินโครงการลงทะเบียนเพื่อสวัสดิการแห่งรัฐ ยังไม่รัดกุมเหมาะสม
ได้ฐานข้อมูลกลุ่มเป้าหมายที่ไม่ครบถ้วน ไม่ถูกต้อง และไม่เป็นปัจจุบัน

","ปรับปรุงแก้ไขการกำหนดหลักเกณฑ์คุณสมบัติของผู้มีสิทธิลงทะเบียนเพื่อสวัสดิ
การแห่งรัฐ 
และพิจารณาว่าหากรัฐจำเป็นจะต้องช่วยเหลือกลุ่มเป้าหมายตามเจตนารมณ์ของโครงการ 
อาจต้องจัดให้มีการลงทะเบียนใหม่ เพื่อให้ได้ฐานข้อมูลที่ถูกต้อง ตรงเป้าหมาย 
และเป็นปัจจุบัน โ","การใช้จ่ายเงินงบประมาณตามโครงการโดยไม่เกิดความคุ้มค่า 
เนื่องจากกลุ่มผู้ได้รับบัตรและได้รับสิทธิสวัสดิการแห่งรัฐที่ได้รับ
ความช่วยเหลือตามโครงการบางส่วน 
อาจไม่ใช่กลุ่มเป้าหมายที่แท้จริง 
หรือไม่ใช่ผู้มีรายได้น้อยหรือผู้ยากจนที่สมควรได้รับความช่วยเหลือตาม"
FL-1369,ผลการตรวจสอบการดำเนินงานด้านอื่น ๆ                                                                  ,กรมโยธาธิการและผังเมือง,การบังคับใช้กฎหมายควบคุมอาคารกรมโยธาธิการและผังเมือง กระทรวงมหาดไทย,2563,,"จากการวิเคราะห์ประกอบการสัมภาษณ์ผู้บริหารและเจ้าหน้าที่ที่เกี่ยวข้องทั้งใน
ส่วนกลางและส่วนภูมิภาค สรุปสาเหตุได้ ดังนี้
1.การออกคำสั่งของเจ้าพนักงานท้องถิ่นยังไม่มีแนวปฏิบัติที่ชัดเจนเป็นมาตรฐาน
เดียวกัน ประกอบกับเจ้าหน้าที่ขาดความรู้ความเข้าใจในการใช้อำนา","การควบคุม กำกับดูแล และตรวจสอบการปฏิบัติตามกฎหมายควบคุมอาคาร 
ยังไม่สามารถดำเนินการได้ตามที่กำหนด 
ส่งผลต่อการดำเนินงานให้เป็นไปตามกฎหมายอย่างมีประสิทธิภาพ โดยพบว่า
1.1 คณะกรรมการพิจารณาอุทธรณ์มีคำวินิจฉัยเพิกถอนคำสั่งของเจ้าพนักงานท้องถิ่นเป็น
จำนวนมาก ก","1.จัดให้มีคู่มือหรือแนวปฏิบัติในการดำเนินงานการใช้อำนาจหน้าที่ในการออกคำสั่ง
ของเจ้าพนักงานท้องถิ่น และอบรมให้ความรู้เพื่อเสริมสร้างความรู้ความเข้าใจ
ให้แก่เจ้าหน้าที่ที่เกี่ยวข้อง ตลอดจนพิจารณาทบทวนแก้ไขแบบคำสั่งท้าย
กฎกระทรวง(ฉบับที่ 8) พ.ศ.2522 ให้ถูกต","-

"
FL-1370,ผลการตรวจสอบการดำเนินงานด้านอื่น ๆ                                                                  ,สำนักบริหารยุทธศาสตร์กลุ่มจังหวัดภาคเหนือตอนบน 2,โครงการยกระดับกาแฟภาคเหนือตอนบน 2 มาตรฐานสากลก้าวไกลไปตลาดโลก,2562,,"1.	
สำนักงานเกษตรจังหวัดเชียงรายไม่ได้กำหนดหลักเกณฑ์เพื่อพิจารณากลั่นกรองคัดเลือกกลุ่มเป้าหมายด้านการบริหารจัดการทำให้มีการคัดเลือกกลุ่มเป้าหมายที่ไม่มีความพร้อมด้านพื้นที่และการบริหารจัดการ 
โดยกลุ่มวิสาหกิจชุมชน 6 กลุ่ม จาก 7 กลุ่ม ไม่มีระบบไฟฟ้า 
และกล","ข้อตรวจพบที่ 2 ปัญหาการบริหารจัดการกลุ่มวิสาหกิจชุมชนผู้ปลูกกาแฟ  
การประเมินการบริหารจัดการกลุ่มวิสาหกิจชุมชนจำนวน 7 กลุ่ม กำหนดตัวชี้วัด 19 
ข้อ ๆ ละ 1 คะแนน แบ่งเป็นตัวชี้วัดหลัก 15 ข้อ และตัวชี้วัดเสริม 4 ข้อ 
การประเมินแบ่งเป็น 3 ระดับ ได้แก่ กลุ่มที","ให้ผู้ว่าราชการจังหวัดเชียงราย (หัวหน้ากลุ่มจังหวัดภาคเหนือตอนบน 2) 
ดำเนินการดังนี้
1. ให้เกษตรจังหวัดเชียงราย 
1.1 ติดตามเร่งรัดกลุ่มวิสาหกิจชุมชน ทั้ง 7 กลุ่ม ตามโครงการ 
ให้ดำเนินการแก้ไขปรับปรุงการบริหารจัดการกลุ่มวิสาหกิจชุมชน 
ให้เป็นไปตามตัวชี้วัด","กลุ่มวิสาหกิจชุมชนผู้ปลูกกาแฟส่วนใหญ่มีปัญหาการบริหารจัดการ 
ส่งผลกระทบต่อความยั่งยืนและการดำเนินงานไม่บรรลุวัตถุประสงค์ 3 กิจกรรม 
ได้แก่ กิจกรรมจัดทำแปลงเรียนรู้การผลิตกาแฟได้มาตรฐาน 
กิจกรรมส่งเสริมการผลิตกาแฟได้มาตรฐาน GAP และอินทรีย์ 
และกิจกรรมส่งเส"
FL-1371,ผลการตรวจสอบการดำเนินงานด้านอื่น ๆ                                                                  ,สำนักงานเกษตรจังหวัดมหาสารคาม,โครงการ 9101 ตามรอยเท้าพ่อ ภายใต้ร่มพระบารมี เพื่อการฟื้นฟูอาชีพด้านการเกษตรแก่เกษตรกรผู้ประสบอุทกภัย ปี 2560 ของสำนักงานเกษตรจังหวัดมหาสารคาม,2562,,"  โครงการดังกล่าวเป็นนโยบายเร่งด่วนเพื่อช่วยเหลือเกษตรกรผู้ประสบอุทกภัย
จากพายุเซินกาและตาลัส ให้มีอาหารบริโภคในครัวเรือนหลังน้ำลด 
เพื่อลดรายจ่ายและสร้างรายได้ให้แก่เกษตรกร 
ฟื้นฟูและส่งเสริมอาชีพด้านการเกษตรให้แก่เกษตรกรที่ประสบอุทกภัย 
โดยรัฐให้การสนับ","ข้อตรวจพบที่ 1 
การบริหารจัดการโครงการไม่ปฏิบัติตามขั้นตอนวิธีการดำเนินงานตามแบบเสนอโครงการ
	 จากการตรวจสอบการจัดทำโครงการและดำเนินโครงการ 
พบว่า กลุ่มสมาชิกจำนวน 52 กลุ่ม จัดทำรายละเอียดขั้นตอนการดำเนินงานโครงการ
ไม่ถูกต้องครบถ้วนตามรายละเอียดที่คู่มือกำ","แจ้งกำชับเจ้าหน้าที่ส่งเสริมการเกษตรดำเนินการในโอกาสต่อไป ดังนี้
	1.ให้ความรู้และสร้างความเข้าใจกับสมาชิกในชุมชนเห็นความสำคัญและประโยชน
์ต่างๆที่จะได้รับจากการรวมกลุ่มและส่งเสริมกลุ่มสมาชิกที่ได้รวมกลุ่มดำเนิน
กิจกรรมเป็นกลุ่มขนาดเล็ก เช่น กลุ่มเลี้ยงเป็ด","จากความไม่ชัดเจนในการดำเนินงานของกลุ่มสมาชิกและกรอบระยะเวลาที่จำกัด 
ทำใหการดำเนินกิจกรรมไม่เป็นไปตามขั้นตอนและวิธีการดำเนินงานตามที่ระบุไว้
ในแบบเสนอโครงการ และผลที่คาดว่าจะได้รับจากแนวคิดการบริหารจัดการร่วมกัน
ตั้งแต่การวางแผนการผลิตการดำเนินงาน และเชื่"
FL-1372,ผลการตรวจสอบการดำเนินงานด้านอื่น ๆ                                                                  ,สำนักงานจังหวัดสุพรรณบุรี,โครงการเพิ่มศักยภาพสินค้าเกษตรและอาหารปลอดภัย ๔.๐ ของจังหวัดสุพรรณบุรี,2561,,"๑.	หน่วยงานที่รับผิดชอบมีข้อมูลพื้นฐานที่จำเป็นสำหรับการดำเนินโครงการ 
ยังไม่ครบถ้วน เพียงพอสำหรับโครงการที่ดำเนินการ 
และข้อมูลที่มีอยู่ไม่ได้ถูกนำมาวิเคราะห์ให้เห็นถึงสภาพปัญหา ความต้องการ 
ความเร่งด่วน ความเป็นไปได้ และจำนวนผู้มีส่วนได้ส่วนเสียที่เหมาะ","ข้อตรวจพบที่ 2	การดำเนินโครงการเพิ่มศักยภาพสินค้าเกษตรและอาหารปลอดภัย 4.0    
ยังไม่มีการใช้ประโยชน์ หรือใช้ประโยชน์ไม่คุ้มค่า
1.	กิจกรรมที่มีการดำเนินการแล้วยังไม่มีการใช้ประโยชน์ 
สภาพปัญหาปัจจุบันมีการแข่งขันทางด้านการตลาดทั้งในและนอกประเทศ 
มีการแข่งข","กรณีกิจกรรมที่ดำเนินการแล้วเสร็จ
๑. ให้หน่วยงานที่รับผิดชอบส่งเสริมให้กลุ่มวิสาหกิจชุมชน 
และสหกรณ์การเกษตรที่เข้าร่วมโครงการเสริมสร้างกระบวนการการมีส่วนร่วมภายในกลุ่ม 
โดยการเพิ่มการประชาสัมพันธ์และเพิ่มมาตรการจูงใจให้สมาชิกรับทราบนโยบาย 
และวัตถุประสงค์","1.	ทรัพย์สินที่เกิดจากการใช้จ่ายงบประมาณแผ่นดิน 
ตามงบประมาณรายจ่ายเพิ่มเติม ประจำปีงบประมาณ พ.ศ. ๒๕๖๐ 
เกิดการสูญเปล่าหรือใช้ประโยชน์ไม่คุ้มค่าในการเพิ่มประสิทธิภาพการผลิต 
การลดต้นทุนการผลิต และเพิ่มรายได้ให้แก่กลุ่มวิสาหกิจชุมชน สหกรณ์การเกษตร 
และกลุ่"
FL-1373,ผลการตรวจสอบการดำเนินงานด้านอื่น ๆ                                                                  ,อบต.อ่าวนาง,การบังคับใช้กฎหมายควบคุมอาคารเทศบาลตำบลและองค์การบริหารส่วนตำบล,2562,,"ไม่มีการติดตามผลการดำเนินการตามหนังสือสั่งการกระทรวงมหาดไทย
","ข้อตรวจพบที่ 2 
ไม่มีการดำเนินการหรือดำเนินการแต่ไม่ครบถ้วนตามหนังสือสั่งการกระทรวงมหาดไทย
จากการตรวจสอบ พบว่า 
เทศบาลตำบลและองค์การบริหารส่วนตำบลที่สุ่มตรวจสอบไม่ได้ดำเนินการหรือดำเนินการแต่ไม่ครบถ้วนตามหนังสือสั่งการกระทรวงมหาดไทย 
กล่าวคือ เทศบาลตำบลแล","1.	
กำชับผู้รับผิดชอบให้ปฏิบัติตามหนังสือสั่งการกระทรวงมหาดไทยอย่างเคร่งครัด 
และดำเนินการให้สอดคล้องกับวัตถุประสงค์ที่สั่งการ 
หากยังไม่มีการรายงานผลให้กระทรวงมหาดไทยทราบ ให้เร่งรัดการดำเนินการโดยเร็ว
2.	ในอนาคต หากมีการสั่งการของกระทรวงมหาดไทยหรือหน่วยง","เทศบาลตำบลและองค์การบริหารส่วนตำบลไม่ดำเนินการตรวจสอบและรายงานผลการตรวจสอบอาคาร 
หรือดำเนินการแต่ไม่สอดคล้องกับวัตถุประสงค์ตามหนังสือสั่งการกระทรวงมหาดไทยกำหนด 
ย่อมก่อให้เกิดความเสี่ยงต่อความปลอดภัยในชีวิตและทรัพย์สินของประชาชนในพื้นที่ 
ทั้งในเรื่องความ"
FL-1374,ผลการตรวจสอบการดำเนินงานด้านอื่น ๆ                                                                  ,อบต.อ่าวนาง,การบังคับใช้กฎหมายควบคุมอาคารเทศบาลตำบลและองค์การบริหารส่วนตำบล,2562,,"ไม่มีการติดตามผลการดำเนินการตามหนังสือสั่งการกระทรวงมหาดไทย
","ข้อตรวจพบที่ 2 
ไม่มีการดำเนินการหรือดำเนินการแต่ไม่ครบถ้วนตามหนังสือสั่งการกระทรวงมหาดไทย
จากการตรวจสอบ พบว่า 
เทศบาลตำบลและองค์การบริหารส่วนตำบลที่สุ่มตรวจสอบไม่ได้ดำเนินการหรือดำเนินการแต่ไม่ครบถ้วนตามหนังสือสั่งการกระทรวงมหาดไทย 
กล่าวคือ เทศบาลตำบลแล","1.	
กำชับผู้รับผิดชอบให้ปฏิบัติตามหนังสือสั่งการกระทรวงมหาดไทยอย่างเคร่งครัด 
และดำเนินการให้สอดคล้องกับวัตถุประสงค์ที่สั่งการ 
หากยังไม่มีการรายงานผลให้กระทรวงมหาดไทยทราบ ให้เร่งรัดการดำเนินการโดยเร็ว
2.	ในอนาคต หากมีการสั่งการของกระทรวงมหาดไทยหรือหน่วยง","เทศบาลตำบลและองค์การบริหารส่วนตำบลไม่ดำเนินการตรวจสอบและรายงานผลการตรวจสอบอาคาร 
หรือดำเนินการแต่ไม่สอดคล้องกับวัตถุประสงค์ตามหนังสือสั่งการกระทรวงมหาดไทยกำหนด 
ย่อมก่อให้เกิดความเสี่ยงต่อความปลอดภัยในชีวิตและทรัพย์สินของประชาชนในพื้นที่ 
ทั้งในเรื่องความ"
FL-1375,ผลการตรวจสอบการดำเนินงานด้านอื่น ๆ                                                                  ,อบต.อ่าวนาง,การบังคับใช้กฎหมายควบคุมอาคารเทศบาลตำบลและองค์การบริหารส่วนตำบล,2562,,"ไม่มีการติดตามผลการดำเนินการตามหนังสือสั่งการกระทรวงมหาดไทย
","ข้อตรวจพบที่ 2 
ไม่มีการดำเนินการหรือดำเนินการแต่ไม่ครบถ้วนตามหนังสือสั่งการกระทรวงมหาดไทย
จากการตรวจสอบ พบว่า 
เทศบาลตำบลและองค์การบริหารส่วนตำบลที่สุ่มตรวจสอบไม่ได้ดำเนินการหรือดำเนินการแต่ไม่ครบถ้วนตามหนังสือสั่งการกระทรวงมหาดไทย 
กล่าวคือ เทศบาลตำบลแล","1.	
กำชับผู้รับผิดชอบสั่งการให้ปฏิบัติตามหนังสือสั่งการกระทรวงมหาดไทยอย่างเคร่งครัด 
และดำเนินการให้สอดคล้องกับวัตถุประสงค์ที่สั่งการ 
หากยังไม่มีการรายงานผลให้กระทรวงมหาดไทยทราบ ให้เร่งรัดการดำเนินการโดยเร็ว
2.	ในอนาคต หากมีการสั่งการของกระทรวงมหาดไทยหรื","เทศบาลตำบลและองค์การบริหารส่วนตำบลไม่ดำเนินการตรวจสอบและรายงานผลการตรวจสอบอาคาร 
หรือดำเนินการแต่ไม่สอดคล้องกับวัตถุประสงค์ตามหนังสือสั่งการกระทรวงมหาดไทยกำหนด 
ย่อมก่อให้เกิดความเสี่ยงต่อความปลอดภัยในชีวิตและทรัพย์สินของประชาชนในพื้นที่ 
ทั้งในเรื่องความ"
FL-1376,ผลการตรวจสอบการดำเนินงานด้านอื่น ๆ                                                                  ,อบต.อ่าวนาง,การบังคับใช้กฎหมายควบคุมอาคารเทศบาลตำบลและองค์การบริหารส่วนตำบล,2562,,"ไม่มีการติดตามผลการดำเนินการตามหนังสือสั่งการกระทรวงมหาดไทย
","ข้อตรวจพบที่ 2 
ไม่มีการดำเนินการหรือดำเนินการแต่ไม่ครบถ้วนตามหนังสือสั่งการกระทรวงมหาดไทย
จากการตรวจสอบ พบว่า 
เทศบาลตำบลและองค์การบริหารส่วนตำบลที่สุ่มตรวจสอบไม่ได้ดำเนินการหรือดำเนินการแต่ไม่ครบถ้วนตามหนังสือสั่งการกระทรวงมหาดไทย 
กล่าวคือ เทศบาลตำบลแล","1.	
กำชับผู้รับผิดชอบให้ปฏิบัติตามหนังสือสั่งการกระทรวงมหาดไทยอย่างเคร่งครัด 
และดำเนินการให้สอดคล้องกับวัตถุประสงค์ที่สั่งการ 
หากยังไม่มีการรายงานผลให้กระทรวงมหาดไทยทราบ ให้เร่งรัดการดำเนินการโดยเร็ว
2.	ในอนาคต หากมีการสั่งการของกระทรวงมหาดไทยหรือหน่วยง","เทศบาลตำบลและองค์การบริหารส่วนตำบลไม่ดำเนินการตรวจสอบและรายงานผลการตรวจสอบอาคาร 
หรือดำเนินการแต่ไม่สอดคล้องกับวัตถุประสงค์ตามหนังสือสั่งการกระทรวงมหาดไทยกำหนด 
ย่อมก่อให้เกิดความเสี่ยงต่อความปลอดภัยในชีวิตและทรัพย์สินของประชาชนในพื้นที่ 
ทั้งในเรื่องความ"
FL-1377,ผลการตรวจสอบการดำเนินงานด้านอื่น ๆ                                                                  ,อบต.อ่าวนาง,การบังคับใช้กฎหมายควบคุมอาคารเทศบาลตำบลและองค์การบริหารส่วนตำบล,2562,,"ไม่มีการติดตามผลการดำเนินการตามหนังสือสั่งการกระทรวงมหาดไทย
","ข้อตรวจพบที่ 2 
ไม่มีการดำเนินการหรือดำเนินการแต่ไม่ครบถ้วนตามหนังสือสั่งการกระทรวงมหาดไทย
จากการตรวจสอบ พบว่า 
เทศบาลตำบลและองค์การบริหารส่วนตำบลที่สุ่มตรวจสอบไม่ได้ดำเนินการหรือดำเนินการแต่ไม่ครบถ้วนตามหนังสือสั่งการกระทรวงมหาดไทย 
กล่าวคือ เทศบาลตำบลแล","1.	
กำชับผู้รับผิดชอบให้ปฏิบัติตามหนังสือสั่งการกระทรวงมหาดไทยอย่างเคร่งครัด 
และดำเนินการให้สอดคล้องกับวัตถุประสงค์ที่สั่งการ 
หากยังไม่มีการรายงานผลให้กระทรวงมหาดไทยทราบ ให้เร่งรัดการดำเนินการโดยเร็ว
2.	ในอนาคต หากมีการสั่งการของกระทรวงมหาดไทยหรือหน่วยง","เทศบาลตำบลและองค์การบริหารส่วนตำบลไม่ดำเนินการตรวจสอบและรายงานผลการตรวจสอบอาคาร 
หรือดำเนินการแต่ไม่สอดคล้องกับวัตถุประสงค์ตามหนังสือสั่งการกระทรวงมหาดไทยกำหนด 
ย่อมก่อให้เกิดความเสี่ยงต่อความปลอดภัยในชีวิตและทรัพย์สินของประชาชนในพื้นที่ 
ทั้งในเรื่องความ"
FL-1378,ผลการตรวจสอบการดำเนินงานด้านอื่น ๆ                                                                  ,อบต.อ่าวนาง,การบังคับใช้กฎหมายควบคุมอาคารเทศบาลตำบลและองค์การบริหารส่วนตำบล,2562,,"ไม่มีการติดตามผลการดำเนินการตามหนังสือสั่งการกระทรวงมหาดไทย
","ข้อตรวจพบที่ 2 
ไม่มีการดำเนินการหรือดำเนินการแต่ไม่ครบถ้วนตามหนังสือสั่งการกระทรวงมหาดไทย
จากการตรวจสอบ พบว่า 
เทศบาลตำบลและองค์การบริหารส่วนตำบลที่สุ่มตรวจสอบไม่ได้ดำเนินการหรือดำเนินการแต่ไม่ครบถ้วนตามหนังสือสั่งการกระทรวงมหาดไทย 
กล่าวคือ เทศบาลตำบลแล","1.	
กำชับผู้รับผิดชอบให้ปฏิบัติตามหนังสือสั่งการกระทรวงมหาดไทยอย่างเคร่งครัด 
และดำเนินการให้สอดคล้องกับวัตถุประสงค์ที่สั่งการ 
หากยังไม่มีการรายงานผลให้กระทรวงมหาดไทยทราบ ให้เร่งรัดการดำเนินการโดยเร็ว
2.	ในอนาคต หากมีการสั่งการของกระทรวงมหาดไทยหรือหน่วยง","เทศบาลตำบลและองค์การบริหารส่วนตำบลไม่ดำเนินการตรวจสอบและรายงานผลการตรวจสอบอาคาร 
หรือดำเนินการแต่ไม่สอดคล้องกับวัตถุประสงค์ตามหนังสือสั่งการกระทรวงมหาดไทยกำหนด 
ย่อมก่อให้เกิดความเสี่ยงต่อความปลอดภัยในชีวิตและทรัพย์สินของประชาชนในพื้นที่ 
ทั้งในเรื่องความ"
FL-1379,ผลการตรวจสอบการดำเนินงานด้านอื่น ๆ                                                                  ,อบต.อ่าวนาง,การบังคับใช้กฎหมายควบคุมอาคารเทศบาลตำบลและองค์การบริหารส่วนตำบล,2562,,"ไม่มีการติดตามผลการดำเนินการตามหนังสือสั่งการกระทรวงมหาดไทย
","ข้อตรวจพบที่ 2 
ไม่มีการดำเนินการหรือดำเนินการแต่ไม่ครบถ้วนตามหนังสือสั่งการกระทรวงมหาดไทย
จากการตรวจสอบ พบว่า 
เทศบาลตำบลและองค์การบริหารส่วนตำบลที่สุ่มตรวจสอบไม่ได้ดำเนินการหรือดำเนินการแต่ไม่ครบถ้วนตามหนังสือสั่งการกระทรวงมหาดไทย 
กล่าวคือ เทศบาลตำบลแล","1.	
กำชับผู้รับผิดชอบให้ปฏิบัติตามหนังสือสั่งการกระทรวงมหาดไทยอย่างเคร่งครัด 
และดำเนินการให้สอดคล้องกับวัตถุประสงค์ที่สั่งการ 
หากยังไม่มีการรายงานผลให้กระทรวงมหาดไทยทราบ ให้เร่งรัดการดำเนินการโดยเร็ว
2.	ในอนาคต หากมีการสั่งการของกระทรวงมหาดไทยหรือหน่วยง","เทศบาลตำบลและองค์การบริหารส่วนตำบลไม่ดำเนินการตรวจสอบและรายงานผลการตรวจสอบอาคาร 
หรือดำเนินการแต่ไม่สอดคล้องกับวัตถุประสงค์ตามหนังสือสั่งการกระทรวงมหาดไทยกำหนด 
ย่อมก่อให้เกิดความเสี่ยงต่อความปลอดภัยในชีวิตและทรัพย์สินของประชาชนในพื้นที่ 
ทั้งในเรื่องความ"
FL-1380,ผลการตรวจสอบการดำเนินงานด้านอื่น ๆ                                                                  ,อบต.อ่าวนาง,การบังคับใช้กฎหมายควบคุมอาคารเทศบาลตำบลและองค์การบริหารส่วนตำบล,2562,,"ไม่มีการติดตามผลการดำเนินการตามหนังสือสั่งการกระทรวงมหาดไทย
","ข้อตรวจพบที่ 2 
ไม่มีการดำเนินการหรือดำเนินการแต่ไม่ครบถ้วนตามหนังสือสั่งการกระทรวงมหาดไทย
จากการตรวจสอบ พบว่า 
เทศบาลตำบลและองค์การบริหารส่วนตำบลที่สุ่มตรวจสอบไม่ได้ดำเนินการหรือดำเนินการแต่ไม่ครบถ้วนตามหนังสือสั่งการกระทรวงมหาดไทย 
กล่าวคือ เทศบาลตำบลแล","1.	
กำชับผู้รับผิดชอบให้ปฏิบัติตามหนังสือสั่งการกระทรวงมหาดไทยอย่างเคร่งครัด 
และดำเนินการให้สอดคล้องกับวัตถุประสงค์ที่สั่งการ 
หากยังไม่มีการรายงานผลให้กระทรวงมหาดไทยทราบ ให้เร่งรัดการดำเนินการโดยเร็ว
2.	ในอนาคต หากมีการสั่งการของกระทรวงมหาดไทยหรือหน่วยง","เทศบาลตำบลและองค์การบริหารส่วนตำบลไม่ดำเนินการตรวจสอบและรายงานผลการตรวจสอบอาคาร 
หรือดำเนินการแต่ไม่สอดคล้องกับวัตถุประสงค์ตามหนังสือสั่งการกระทรวงมหาดไทยกำหนด 
ย่อมก่อให้เกิดความเสี่ยงต่อความปลอดภัยในชีวิตและทรัพย์สินของประชาชนในพื้นที่ 
ทั้งในเรื่องความ"
FL-1381,ผลการตรวจสอบการดำเนินงานด้านอื่น ๆ                                                                  ,กรมกิจการผู้สูงอายุ,ตามแผนผู้สูงอายุแห่งชาติ ฉบับที่ 2,2562,,"เนื่องจากคณะกรรมการผู้สูงอายุแห่งชาติ (กผส.) ยังไม่มีการกำหนดแผนการดำเนินการ
ในการปรับแผน และกรอบระยะเวลาเพื่อให้ทราบว่าในแต่ละปีต้องมีการดำเนินการอย่างไร 
ทำให้การปรับแผนไม่สามารถดำเนินการได้ภายในระยะเวลาที่กำหนด
","ข้อตรวจพบที่ 2 การปรับแผนผู้สูงอายุแห่งชาติฉบับที่ 2 (พ.ศ. 2545-2564) 
ยังไม่เป็นไปตามที่กำหนด
	แผนผู้สูงอายุแห่งชาติ ฉบับที่ 2 (พ.ศ. 2545-2564) กำหนดเงื่อนไขจำเป็น
ให้มีการพิจารณาและปรับปรุงแผนเป็นระยะ ๆ ไม่เกินทุก 5 ปี เพื่อให้มีความเหมาะสม
กับสถานการณ์","เพื่อให้การปรับแผนผู้สูงอายุแห่งชาติฉบับที่ 2 (พ.ศ. 2545-2564) 
เป็นไปอย่างมีประสิทธิภาพและประสิทธิผล สำนักงานการตรวจเงินแผ่นดิน
มีข้อเสนอแนะให้อธิบดีกรมกิจการผู้สูงอายุในฐานะเลขานุการ
คณะกรรมการผู้สูงอายุแห่งชาติ เสนอให้ประธานกรรมการผู้สูงอายุแห่งชาติพิจ","กระบวนการปรับปรุงแผนที่ไม่เป็นไปตามที่กำหนด ส่งผลกระทบให้
แผนผู้สูงอายุแห่งชาติ ฯขาดความเป็นปัจจุบัน และไม่สอดคล้องกับการจัดทำ
แผนพัฒนาเศรษฐกิจและสังคมแห่งชาติแต่ละฉบับ ทำให้หน่วยงานที่เกี่ยวข้อง
ไม่นำแผนฯ มาแปลงสู่การปฏิบัติ ด้วยเห็นว่ามาตรการและเป้าหมาย"
FL-1382,ผลการตรวจสอบการดำเนินงานด้านอื่น ๆ                                                                  ,สำนักงานท้องถิ่นจังหวัดนครศรีธรรมราช,เงินอุดหนุนเฉพาะกิจก่อสร้างอาคารศูนย์พัฒนาเด็กเล็กขององค์กรปกครองส่วนท้องถิ่นจังหวัดนครศรีธรรมราชประจำปีงบประมาณ พ.ศ. 2559,2561,,"1.เจ้าหน้าที่ที่เกี่ยวข้องกับการบริหารจัดการศูนย์พัฒนาเด็กเล็กขององค์กรปกครองส่วนท้องถิ่นไม่ให้ความสำคัญ 
ไม่ดำเนินการศึกษา 
และไม่ถือปฏิบัติให้เป็นไปตามมาตรฐานการดำเนินงานศูนย์พัฒนาเด็กเล็กขององค์กรปกครองส่วนท้องถิ่น 
ประจำปีงบประมาณ พ.ศ. 2559 ตามมาตรฐาน"," ข้อตรวจพบที่ 3 อาคารสถานที่ สิ่งแวดล้อม และความปลอดภัยของ ศพด. 
ไม่เป็นไปตามมาตรฐานการดำเนินงาน ศพด.ของ อปท.ประจำปีงบประมาณ พ.ศ.2559
จากการตรวจสอบ พบว่า การบริหารจัดการศูนย์พัฒนาเด็กเล็ก ด้านอาคารสถานที่ 
สิ่งแวดล้อม และความปลอดภัย ไม่เป็นไปตามมาตรฐาน 
ก","   1.สั่งการและกำชับให้ผู้ที่เกี่ยวข้องกับการบริหารจัดการศูนย์พัฒนาเด็กเล็กขององค์กรปกครองส่วนท้องถิ่น 
บริหารจัดการให้เป็นไปตามมาตรฐานการดำเนินงานศูนย์พัฒนาเด็กเล็กขององค์ปกครองท้องถิ่น 
ประจำปีงบประมาณ พ.ศ. 2559
   2.กำชับให้ผู้บริหารและเจ้าหน้าที่ที่เก","    1. ทำให้เด็กมีโอกาสเป็นโรคติดต่อจากการแพร่กระจายของเชื้อโรค
    2.ทำให้เกิดอันตรายต่อเด็ก ซึ่งมีโอกาสเกิดการบาดเจ็บจากอุบัติเหตุ 
กรณีพื้นที่บริเวณโดยรอบอาคารมีหลุม หรือบ่อน้ำ 
หรือเครื่องเล่นกลางแจ้งมีการชำรุด	
    3.ทำให้พัฒนาการของเด็กไม่ได้รับการพ"
FL-1383,ผลการตรวจสอบการดำเนินงานด้านอื่น ๆ                                                                  ,สำนักงานจังหวัดลำพูน,โครงการตามแผนปฏิบัติราชการประจำปีงบประมาณ 2559 (แผนพัฒนาจังหวัดลำพูน) (โครงการติดตั้งระบบกล้องวงจรปิด (CCTV) IP CAMERA),2561,,"สาเหตุ 
1. 
ที่ทำการปกครองอำเภอเมืองลำพูนขาดการประสานงานเกี่ยวกับการบริหารจัดการระบบกล้องวงจรปิดให้สามารถใช้งานได้อย่างมีประสิทธิภาพตลอดเวลา 
เช่น การควบคุม ดูแลรักษา 
และการใช้ประโยชน์ให้แก่องค์กรปกครองส่วนท้องถิ่นและหน่วยงานที่เกี่ยวข้อง 
เช่น ตำรวจภูธร","ข้อตรวจพบที่ 1 การบริหารจัดการทรัพย์สินโครงการ
	การติดตั้งระบบกล้องวงจรปิด (CCTV) ให้เกิดประโยชน์สูงสุด 
กล้องวงจรปิดต้องสามารถใช้งานได้อย่างมีประสิทธิภาพตลอดเวลา 
และหน่วยงานที่รับผิดชอบดูแลบำรุงรักษาต้องมีความพร้อมในด้านการบริหารจัดการ 
และด้านบุคลากร จ","ข้อเสนอแนะ 
เพื่อให้การดำเนินงานโครงการเป็นไปอย่างมีประสิทธิภาพ ประสิทธิผล 
บรรลุตามวัตถุประสงค์ของโครงการ ให้ผู้ว่าราชการจังหวัดลำพูน 
ในฐานะประธานคณะกรรมการบริหารงานจังหวัดแบบบูรณาการ ( ก.บ.จ.) ดำเนินการ 
ดังนี้
1.	ให้หัวหน้าสำนักงานจังหวัดลำพูน หน่วยงา","ผลกระทบ
1.	
การบริหารจัดการทรัพย์สินไม่รัดกุมส่งผลทำให้ไม่สามารถใช้ประโยชน์จากระบบกล้องวงจรปิด 
(CCTV) ได้อย่างมีประสิทธิภาพ ประสิทธิผล
2.	การใช้ประโยชน์จากระบบกล้องวงจรปิดไม่เต็มประสิทธิภาพ จำนวน 39 กล้อง 
เนื่องจากไม่แสดงสัญญาณภาพบนจอโทรทัศน์ที่ศูนย์ควบ"
FL-1384,ผลการตรวจสอบการดำเนินงานด้านอื่น ๆ                                                                  ,สำนักงานท้องถิ่นจังหวัดเชียงราย,ระบบการจัดการขยะมูลฝอยในพื้นที่จังหวัดเชียงราย,2561,,"ครัวเรือนคัดแยกขยะมูลฝอยไม่ครบถ้วน จำนวน 754 แห่ง คิดเป็นร้อยละ 60.61 
ของครัวเรือนที่สุ่มตรวจสอบ เนื่องจาก สาเหตุหลายประการ ดังนี้
	1. ประชาชน ไม่ให้ความสำคัญ 
และไม่ให้ความร่วมมือกับหมู่บ้าน/ชุมชนในการคัดแยกขยะมูลฝอย 
มีพฤติกรรมไม่คัดแยกขยะมูลฝอยก่อนทิ้","ข้อตรวจพบที่ 1 การคัดแยกขยะมูลฝอย
จาการตรวจสอบ อปท. จำนวน 48 แห่ง หมู่บ้าน/ชุมชน จำนวน 114 แห่ง และครัวเรือน 
จำนวน 1,244 ครัวเรือน พบว่า มีครัวเรือนคัดแยกขยะมูลฝอยไม่ครบถ้วนจำนวน 754 
ครัวเรือน คิดเป็นร้อยละ 60.61 ของครัวเรือนที่สุ่มตรวจสอบ และ 
หมู่บ้าน","ข้อเสนอแนะ
ผู้ว่าราชการจังหวัดเชียงราย 
(ประธานคณะกรรมการจัดการสิ่งปฏิกูลและมูลฝอยจังหวัดเชียงราย) ดำเนินการ 
ดังนี้
1. สั่งกำชับนายกเทศมนตรี 
และนายกองค์การบริหารส่วนตำบลให้ความสำคัญอย่างจริงจังต่อเนื่องเกี่ยวกับการคัดแยก 
ใช้ประโยชน์จากขยะมูลฝอยให้เป็นไ","จากการที่ครัวเรือนคัดแยกขยะมูลฝอยไม่ครบถ้วน จำนวน 754 ครัวเรือน 
คิดเป็นร้อยละ 60.61 ของครัวเรือนที่สุ่มตรวจสอบในพื้นที่จังหวัดเชียงราย 
ทำให้แผนปฏิบัติการ ""เชียงราย ไร้ขยะ"" ระยะ 1 ปี (พ.ศ. 2559 - 2560) 
ตามแนวทางประชารัฐ ภายใต้แผนแม่บทการบริหารจัดการขยะม"
FL-1385,ผลการตรวจสอบการดำเนินงานด้านอื่น ๆ                                                                  ,เมืองพัทยา,โครงการพัฒนาประสิทธิภาพศูนย์ควบคุมความปลอดภัยทางทะเล เพื่อควบคุมกำกับดูแลการคมนาคมทางทะเลฯ เมืองพัทยา,2561,,"การกำหนดขอบเขตงานจ้างและการตรวจรับการจ้างเหมาเอกชนที่เข้ามาบริหารจัดการขาดความรัดกุม 
การที่เมืองพัทยาไม่มีอำนาจหน้าที่ตามกฎหมายในการดำเนินการควบคู่กับการใช้ประโยชน์จากอุปกรณ์ที่จัดหาและนำมาใช้งานของระบบต่าง 
ๆ และการขาดแผน แนวทาง หรือหลักเกณฑ์เกี่ยวกับกา","ขาดระบบการบริหารจัดการที่ดีและยังไม่มีการใช้ประโยชน์จากอุปกรณ์และระบบต่าง 
ๆ อย่างเต็มศักยภาพ 
","จัดให้มีระเบียบหรือข้อบัญญัติเกี่ยวกับการบริหารจัดการศูนย์ควบคุมความปลอดภัยทางทะเล
จัดให้มีแผนปฏิบัติการป้องกันและบรรเทาสาธารณภัยทางทะเล 
ตามแนวทางแผนป้องกันและบรรเทาสาธารณภัยแห่งชาติ พ.ศ. 2558
","การควบคุมดูแลความปลอดภัยให้แก่ประชาชนและนักท่องเที่ยว 
ไม่สามารถดำเนินการได้อย่างมีประสิทธิภาพและไม่บรรลุวัตถุประสงค์ของโครงการฯ 
เป็นการใช้จ่ายงบประมาณสำหรับจัดหาอุปกรณ์และระบบต่าง ๆ 
ที่ไม่คุ้มค่าคิดเป็นเงินงบประมาณกว่า 138.60 ล้านบาท 
"
FL-1386,ผลการตรวจสอบการดำเนินงานด้านอื่น ๆ                                                                  ,กรมกิจการผู้สูงอายุ,โครงการศูนย์พัฒนาคุณภาพชีวิตและส่งเสริมอาชีพผู้สูงอายุ,2561,,"สาเหตุสำคัญที่ทำให้ครุภัณฑ์ที่จัดซื้อไม่มีการใช้ประโยชน์ 
หรือใช้ประโยชน์ไม่ตรงตามวัตถุประสงค์ เกิดจากการดำเนินงานของ ศพอส. 
ส่วนใหญ่ยังไม่เป็นตามวัตถุประสงค์ที่กำหนด โดยไม่มีการจัดกิจกรรม 
หรือการจัดกิจกรรมขาดความต่อเนื่องตามข้อตรวจพบที่ 1 
นอกจากนี้การจ","ข้อตรวจพบที่ 2 ครุภัณฑ์ที่จัดซื้อไม่มีการใช้ประโยชน์หรือใช้ประโยชน์
ไม่ตรงตามวัตถุประสงค์ จากการสุ่มตรวจสอบการดำเนินงาน ศพอส. จำนวน 65 แห่ง 
ในพื้นที่ 11 จังหวัด พบว่า มี ศพอส. ที่จัดซื้อครุภัณฑ์สำหรับดำเนินงาน 
จำนวน 59 แห่ง โดยมีจำนวน 35 แห่ง คิดเป็นร้อ","สำนักงานการตรวจเงินแผ่นดินมีข้อเสนอแนะให้ปลัดกระทรวงการพัฒนาสังคม
และความมั่นคงของมนุษย์พิจารณาดำเนินการ ดังนี้ 
1.สั่งการให้ พมจ. สำรวจครุภัณฑ์ของ ศพอส. ในพื้นที่ หากพบว่า มีจำนวนมาก
เกินความจำเป็น ให้พิจารณาแจกจ่ายให้กับ ศพอส. อื่นที่มีความต้องการและยัง","กรณีครุภัณฑ์ที่จัดซื้อไม่มีการใช้ประโยชน์หรือใช้ประโยชน์ไม่ตรงตามวัตถุประสงค์ 
ก่อให้เกิดผลกระทบ ดังนี้ 
1.ทำให้สูญเสียงบประมาณจากการที่ไม่ได้ใช้ประโยชน์ครุภัณฑ์จำนวน 728 หน่วย 
คิดเป็นเงินจำนวนทั้งสิ้น 1,384,083.00 บาท
2.กรณีที่ใช้ประโยชน์ครุภัณฑ์ไม่ตรงต"
FL-1387,ผลการตรวจสอบการดำเนินงานด้านอื่น ๆ                                                                  ,สำนักงานปลัดกระทรวงพลังงาน,โครงการสูบน้ำพลังงานแสงอาทิตย์สู้ภัยแล้ง,2562,,"สพจ. อยู่ระหว่างจัดทำเอกสารการส่งมอบระบบสูบน้ำจำนวน 17 ระบบ 
ขณะที่มีระบบสูบน้ำอีกจำนวน 204 ระบบ ที่ สพจ. 
ได้จัดส่งหนังสือบันทึกการส่งมอบและรับมอบระบบสูบน้ำพลังงานแสงอาทิตย์ 
โครงการสูบน้ำพลังงานแสงอาทิตย์สู้ภัยแล้งไปยัง อปท. แล้ว 
แต่ยังไม่ได้รับหนังสือ","การส่งมอบระบบสูบน้ำพลังงานแสงอาทิตย์ให้องค์กรปกครองส่วนท้องถิ่น
จากการตรวจสอบข้อมูลการส่งมอบและรับมอบระบบสูบน้ำพลังงานแสงอาทิตย์ 
โครงการสูบน้ำพลังงานแสงอาทิตย์สู้ภัยแล้งทั้งหมด จำนวน 842 ระบบ พบว่า 
เพียงวันที่ 3 ตุลาคม 2561 สพจ. ที่ได้รับงบประมาณดำเนินโ","สั่งการให้ สพจ. 
ที่ยังไม่ได้ดำเนินการส่งมอบระบบสูบน้ำพลังงานแสงอาทิตย์เร่งดำเนินการส่งมอบระบบสูบน้ำให้ 
อปท. และกรณีที่ส่งมอบระบบสูบน้ำไปแล้วแต่ อปท.ที่ยังไม่รับมอบ 
ให้เร่งประสานชี้แจงทำความเข้าใจเพื่อให้เห็นประโยชน์ของโครงการสูบน้ำพลังงานแสงอาทิตย์สู้ภ","การที่สำนักงานพลังงานจังหวัดยังส่งมอบระบบสูบน้ำพลังงานแสงอาทิตย์ไม่แล้วเสร็จดังกล่าว 
แม้จะยังไม่เกิดความเสียหายเนื่องจากระบบสูบน้ำพลังงานแสงอาทิตย์ยังอยู่ภายในกำหนดระยะเวลารับประกันความชำรุดบกพร่อง 
2 ปี ตามสัญญาจ้าง 
แต่หากสำนักงานพลังงานจังหวัดดำเนินกา"
FL-1388,ผลการตรวจสอบการดำเนินงานด้านอื่น ๆ                                                                  ,ที่ทำการปกครองจังหวัดสตูล,โครงการพัฒนาการท่องเที่ยวเชิงนิเวศ ป่า เขา และประวัติศาสตร์ปีงบประมาณ 2557,2560,,"1.จ.สตูลไม่ให้ความสำคัญกับข้อเสนอโครงการพัฒนาศักยภาพการท่องเที่ยวเชิงนิเวศ 
ป่าเขาและประวัติศาสตร์ ที่กำหนดให้องค์กรปกครองส่วนท้องถิ่นเป็นผู้ดูแล 
บำรุงรักษา และซ่อมแซมให้อยู่ในสภาพพร้อมใช้งาน 
และบริหารจัดการแหล่งท่องเที่ยวที่รับผิดชอบอย่างเป็นระบบ
2.ทรั","ทรัพย์สินในโครงการพัฒนาศักยภาพการท่องเที่ยวเชิงนิเวศ 
ป่าเขาและประวัติศาสตร์ยังไม่โอนให้องค์กรปกครองส่วนท้องถิ่นที่ดูแลใช้ประโยชน์
","ผวจ.สตูล เห็นควรดำเนินการดังนี้
1.สำรวจความชำรุด เสียหาย 
ของทรัพย์สินในโครงการพัฒนาศักยภาพการท่องเที่ยวเชิงนิเวศ 
ป่าเขาและประวัติศาสตร์ เพื่อดำเนินการซ่อมแซม ดูแล บำรุงรักษา 
ให้อยู่ในสภาพพร้อมใช้งาน
2.ดำเนินการเร่งรัดผู้รับจ้างให้ซ่อมแซมแก้ไขทรัพย์สินท","อบต.ปาล์มพัฒนาและอบต.ทุ่งหว้าไม่สามารถดูแลรักษาซ่อมแซมให้อยู่ในสภาพที่สามารถใช้งานได้อย่างทันท่วงทีและไม่สามารถบริหารจัดการแหล่งท่องเที่ยวที่ดูแลและใช้ประโยชน์อย่างเป็นระบบ
"
FL-1389,ผลการตรวจสอบการดำเนินงานด้านอื่น ๆ                                                                  ,เทศบาลเมืองเดชอุดม,โครงการการบริหารจัดการขยะมูลฝอยของเทศบาลนครอุบลราชธานีและเทศบาลเมืองเดชอุดม,2560,,,"ข้อสังเกตที่ 1 การสำรวจความคิดเห็นของประชาชนไม่ถูกต้อง
1.1 ไม่สำรวจความคิดเห็นของประชาชนต่อโครงการ 
เพื่อใช้เป็นข้อมูลในการออกแบบระบบบ่อฝังกลบขยะมูลฝอยของเทศบาลเมืองเดชอุดม 
ซึ่งไม่เป็นไปตามสัญญาจ้างที่ปรึกษาโครงการศึกษาความเหมาะสมระบบกำจัดขยะมูลฝอยในเขตเ","การสำรวจความคิดเห็นของประชาชนไม่ถูกต้อง 
เห็นควรแจ้งให้ผู้ว่าราชการจังหวัดอุบลราชธานี พิจารณาดำเนินการ ดังนี้
1. พิจารณาดำเนินการลงโทษคณะกรรมการตรวจงานจ้าง 
กรณีตรวจรับงานจ้างไม่ครบถ้วนตามสัญญาจ้างที่ปรึกษา สัญญาเลขที่ 1/2550 
เมื่อวันที่ 10 มกราคม 2550 ว",
FL-1390,ผลการตรวจสอบการดำเนินงานด้านอื่น ๆ                                                                  ,องค์การบริหารส่วนจังหวัดชลบุรี,โครงการติดตั้งกล้องวงจรปิดของ อบจ. ชลบุรี,2559,,,"ข้อสังเกต การบริหารจัดการทรัพย์สินตามโครงการ
การดำเนินโครงการมีการจัดซื้อทรัพย์สินจำนวนมากให้สถานีตำรวจ รวม 13 แห่ง 
ซึ่ง อบจ.ชลบุรีไม่ได้มีการถ่ายโอนทรัพย์สินไปให้สถานีตำรวจ 
ดังนั้นเพื่อให้การใช้งานได้เต็มประสิทธิภาพ 
ไม่สูญหายหรือชำรุดก่อนเวลาอันควร 
อ","1.ในกรณีที่มีครุภัณฑ์ในโครงการชำรุด 
เสื่อมคุณภาพจนไม่สามารถใช้งานได้แล้วหรือสูญหายไปต้องดำเนินการตามระเบียบกระทรวงมหาดไทยว่าด้วยการพัสดุของหน่วยการบริหารราชการส่วนท้องถิ่น 
พ.ศ.2535 หมวด3การควบคุมและจำหน่ายพัสดุ 
เพื่อจำหน่ายครุภัณฑ์ตัวนั้นออกจากบัญชีและ",
FL-1391,ผลการตรวจสอบการดำเนินงานด้านอื่น ๆ                                                                  ,เทศบาลเมืองป่าตอง,การบังคับใช้กฎหมายควบคุมอาคารเทศบาลนคร และเทศบาลเมือง,2561,,"ไม่มีการติดตามผลการดำเนินการตามหนังสือสั่งการกระทรวงมหาดไทย

","ไม่มีการดำเนินการหรือดำเนินการแต่ไม่สอดคล้องกับวัตถุประสงค์ตามหนังสือสั่งการ
กระทรวงมหาดไทย
จากการตรวจสอบ พบว่า 
เทศบาลนครและเทศบาลเมืองที่สุ่มตรวจสอบไม่ได้ดำเนินการหรือดำเนินการ
แต่ไม่สอดคล้องกับวัตถุประสงค์ตามหนังสือสั่งการกระทรวงมหาดไทย 
จำนวน 6 แห่ง แ","1.	กำชับผู้รับผิดชอบสั่งการให้ปฏิบัติตามหนังสือสั่งการกระทรวงมหาดไทย
อย่างเคร่งครัด 
และดำเนินการให้สอดคล้องกับวัตถุประสงค์ที่สั่งการ 
หากยังไม่มีการรายงานผลให้กระทรวงมหาดไทยทราบ ให้เร่งรัดการดำเนินการโดยเร็ว
2.	ในอนาคต หากมีการสั่งการของกระทรวงมหาดไทยหรื","เทศบาลนครและเทศบาลเมืองไม่ดำเนินการตรวจสอบและรายงานผลการตรวจสอบอาคาร 
หรือดำเนินการแต่ไม่สอดคล้องกับวัตถุประสงค์ตามหนังสือสั่งการกระทรวงมหาดไทยกำหนด 
ย่อมก่อให้เกิดความเสี่ยงต่อความปลอดภัยในชีวิตและทรัพย์สินของประชาชนในพื้นที่ 
ทั้งในเรื่องความมั่นคงแข็งแ"
FL-1392,ผลการตรวจสอบการดำเนินงานด้านอื่น ๆ                                                                  ,เทศบาลเมืองป่าตอง,การบังคับใช้กฎหมายควบคุมอาคารเทศบาลนคร และเทศบาลเมือง,2561,,"ไม่มีการติดตามผลการดำเนินการตามหนังสือสั่งการกระทรวงมหาดไทย

","ไม่มีการดำเนินการหรือดำเนินการแต่ไม่สอดคล้องกับวัตถุประสงค์ตามหนังสือสั่งการ
กระทรวงมหาดไทย
จากการตรวจสอบ พบว่า 
เทศบาลนครและเทศบาลเมืองที่สุ่มตรวจสอบไม่ได้ดำเนินการหรือดำเนินการแต่ไม่สอดคล้อง
กับวัตถุประสงค์ตามหนังสือสั่งการกระทรวงมหาดไทย 
จำนวน 6 แห่ง แ","1.	กำชับผู้รับผิดชอบสั่งการให้ปฏิบัติตามหนังสือสั่งการกระทรวงมหาดไทย
อย่างเคร่งครัด และดำเนินการให้สอดคล้องกับวัตถุประสงค์ที่สั่งการ 
หากยังไม่มีการรายงานผลให้กระทรวงมหาดไทยทราบ ให้เร่งรัดการดำเนินการโดยเร็ว
2.	ในอนาคต หากมีการสั่งการของกระทรวงมหาดไทยหรือ","เทศบาลนครและเทศบาลเมืองไม่ดำเนินการตรวจสอบและรายงานผลการตรวจสอบอาคาร 
หรือดำเนินการแต่ไม่สอดคล้องกับวัตถุประสงค์ตามหนังสือสั่งการกระทรวงมหาดไทยกำหนด 
ย่อมก่อให้เกิดความเสี่ยงต่อความปลอดภัยในชีวิตและทรัพย์สินของประชาชนในพื้นที่ 
ทั้งในเรื่องความมั่นคงแข็งแ"
FL-1393,ผลการตรวจสอบการดำเนินงานด้านอื่น ๆ                                                                  ,เทศบาลเมืองป่าตอง,การบังคับใช้กฎหมายควบคุมอาคารเทศบาลนคร และเทศบาลเมือง,2561,,"ไม่มีการติดตามผลการดำเนินการตามหนังสือสั่งการกระทรวงมหาดไทย

","ไม่มีการดำเนินการหรือดำเนินการแต่ไม่สอดคล้องกับวัตถุประสงค์ตามหนังสือ
สั่งการกระทรวงมหาดไทย
จากการตรวจสอบ พบว่า 
เทศบาลนครและเทศบาลเมืองที่สุ่มตรวจสอบไม่ได้ดำเนินการหรือดำเนินการแต่ไม่สอดคล้อง
กับวัตถุประสงค์ตามหนังสือสั่งการกระทรวงมหาดไทย 
จำนวน 6 แห่ง แ","1.	กำชับผู้รับผิดชอบสั่งการให้ปฏิบัติตามหนังสือสั่งการกระทรวงมหาดไทย
อย่างเคร่งครัด และดำเนินการให้สอดคล้องกับวัตถุประสงค์ที่สั่งการ 
หากยังไม่มีการรายงานผลให้กระทรวงมหาดไทยทราบ ให้เร่งรัดการดำเนินการโดยเร็ว
2.	ในอนาคต หากมีการสั่งการของกระทรวงมหาดไทยหรือ","เทศบาลนครและเทศบาลเมืองไม่ดำเนินการตรวจสอบและรายงานผลการตรวจสอบอาคาร 
หรือดำเนินการแต่ไม่สอดคล้องกับวัตถุประสงค์ตามหนังสือสั่งการกระทรวงมหาดไทยกำหนด 
ย่อมก่อให้เกิดความเสี่ยงต่อความปลอดภัยในชีวิตและทรัพย์สินของประชาชนในพื้นที่ 
ทั้งในเรื่องความมั่นคงแข็งแ"
FL-1394,ผลการตรวจสอบการดำเนินงานด้านอื่น ๆ                                                                  ,เทศบาลเมืองป่าตอง,การบังคับใช้กฎหมายควบคุมอาคารเทศบาลนคร และเทศบาลเมือง,2561,,"ไม่มีการติดตามผลการดำเนินการตามหนังสือสั่งการกระทรวงมหาดไทย

","ไม่มีการดำเนินการหรือดำเนินการแต่ไม่สอดคล้องกับวัตถุประสงค์ตามหนังสือสั่งการ
กระทรวงมหาดไทย
จากการตรวจสอบ พบว่า 
เทศบาลนครและเทศบาลเมืองที่สุ่มตรวจสอบไม่ได้ดำเนินการหรือดำเนินการแต่ไม่สอดคล้องกับวัตถุประสงค์ตามหนังสือสั่งการกระทรวงมหาดไทย 
จำนวน 6 แห่ง แล","1.	กำชับผู้รับผิดชอบสั่งการให้ปฏิบัติตามหนังสือสั่งการกระทรวงมหาดไทย
อย่างเคร่งครัด และดำเนินการให้สอดคล้องกับวัตถุประสงค์ที่สั่งการ 
หากยังไม่มีการรายงานผลให้กระทรวงมหาดไทยทราบ ให้เร่งรัดการดำเนินการโดยเร็ว
2.	ในอนาคต หากมีการสั่งการของกระทรวงมหาดไทยหรือ","เทศบาลนครและเทศบาลเมืองไม่ดำเนินการตรวจสอบและรายงานผลการตรวจสอบอาคาร 
หรือดำเนินการแต่ไม่สอดคล้องกับวัตถุประสงค์ตามหนังสือสั่งการกระทรวงมหาดไทยกำหนด 
ย่อมก่อให้เกิดความเสี่ยงต่อความปลอดภัยในชีวิตและทรัพย์สินของประชาชนในพื้นที่ 
ทั้งในเรื่องความมั่นคงแข็งแ"
FL-1395,ผลการตรวจสอบการดำเนินงานด้านอื่น ๆ                                                                  ,เทศบาลเมืองป่าตอง,การบังคับใช้กฎหมายควบคุมอาคารเทศบาลนคร และเทศบาลเมือง,2561,,"ไม่มีการติดตามผลการดำเนินการตามหนังสือสั่งการกระทรวงมหาดไทย

","ไม่มีการดำเนินการหรือดำเนินการแต่ไม่สอดคล้องกับวัตถุประสงค์ตามหนังสือสั่งการ
กระทรวงมหาดไทย
จากการตรวจสอบ พบว่า 
เทศบาลนครและเทศบาลเมืองที่สุ่มตรวจสอบไม่ได้ดำเนินการหรือดำเนินการแต่ไม่สอดคล้อง
กับวัตถุประสงค์ตามหนังสือสั่งการกระทรวงมหาดไทย 
จำนวน 6 แห่ง แ","1.	กำชับผู้รับผิดชอบสั่งการให้ปฏิบัติตามหนังสือสั่งการกระทรวงมหาดไทย
อย่างเคร่งครัด 
และดำเนินการให้สอดคล้องกับวัตถุประสงค์ที่สั่งการ 
หากยังไม่มีการรายงานผลให้กระทรวงมหาดไทยทราบ ให้เร่งรัดการดำเนินการโดยเร็ว
2.	ในอนาคต หากมีการสั่งการของกระทรวงมหาดไทยหรื","เทศบาลนครและเทศบาลเมืองไม่ดำเนินการตรวจสอบและรายงานผลการตรวจสอบอาคาร 
หรือดำเนินการแต่ไม่สอดคล้องกับวัตถุประสงค์ตามหนังสือสั่งการกระทรวงมหาดไทยกำหนด 
ย่อมก่อให้เกิดความเสี่ยงต่อความปลอดภัยในชีวิตและทรัพย์สินของประชาชนในพื้นที่ 
ทั้งในเรื่องความมั่นคงแข็งแ"
FL-1396,ผลการตรวจสอบการดำเนินงานด้านอื่น ๆ                                                                  ,เทศบาลเมืองป่าตอง,การบังคับใช้กฎหมายควบคุมอาคารเทศบาลนคร และเทศบาลเมือง,2561,,"ไม่มีการติดตามผลการดำเนินการตามหนังสือสั่งการกระทรวงมหาดไทย

","ไม่มีการดำเนินการหรือดำเนินการแต่ไม่สอดคล้องกับวัตถุประสงค์ตามหนังสือสั่งการ
กระทรวงมหาดไทย
จากการตรวจสอบ พบว่า 
เทศบาลนครและเทศบาลเมืองที่สุ่มตรวจสอบไม่ได้ดำเนินการหรือดำเนินการแต่ไม่สอดคล้อง
กับวัตถุประสงค์ตามหนังสือสั่งการกระทรวงมหาดไทย 
จำนวน 6 แห่ง แ","1.	กำชับผู้รับผิดชอบสั่งการให้ปฏิบัติตามหนังสือสั่งการกระทรวงมหาดไทย
อย่างเคร่งครัด และดำเนินการให้สอดคล้องกับวัตถุประสงค์ที่สั่งการ 
หากยังไม่มีการรายงานผลให้กระทรวงมหาดไทยทราบ ให้เร่งรัดการดำเนินการโดยเร็ว
2.	ในอนาคต หากมีการสั่งการของกระทรวงมหาดไทยหรือ","เทศบาลนครและเทศบาลเมืองไม่ดำเนินการตรวจสอบและรายงานผลการตรวจสอบอาคาร 
หรือดำเนินการแต่ไม่สอดคล้องกับวัตถุประสงค์ตามหนังสือสั่งการกระทรวงมหาดไทยกำหนด 
ย่อมก่อให้เกิดความเสี่ยงต่อความปลอดภัยในชีวิตและทรัพย์สินของประชาชนในพื้นที่ 
ทั้งในเรื่องความมั่นคงแข็งแ"
FL-1397,ผลการตรวจสอบการดำเนินงานด้านอื่น ๆ                                                                  ,เทศบาลเมืองป่าตอง,การบังคับใช้กฎหมายควบคุมอาคารเทศบาลนคร และเทศบาลเมือง,2561,,"จากการตรวจสอบ พบว่า 
เทศบาลนครและเทศบาลเมืองที่สุ่มตรวจสอบไม่ได้ดำเนินการหรือดำเนินการแต่ไม่สอดคล้อง
กับวัตถุประสงค์ตามหนังสือสั่งการกระทรวงมหาดไทย 
จำนวน 6 แห่ง และมีเพียง 2 แห่ง ที่ได้ดำเนินการ 
ซึ่งสอดคล้องกับข้อมูลที่สอบถามกรมส่งเสริมการปกครองส่วนท้อง","ไม่มีการดำเนินการหรือดำเนินการแต่ไม่สอดคล้องกับวัตถุประสงค์ตามหนังสือ
สั่งการกระทรวงมหาดไทย
จากการตรวจสอบ พบว่า 
เทศบาลนครและเทศบาลเมืองที่สุ่มตรวจสอบไม่ได้ดำเนินการหรือดำเนินการ
แต่ไม่สอดคล้องกับวัตถุประสงค์ตามหนังสือสั่งการกระทรวงมหาดไทย 
จำนวน 6 แห่ง แ","1.	กำชับผู้รับผิดชอบสั่งการให้ปฏิบัติตามหนังสือสั่งการกระทรวงมหาดไทย
อย่างเคร่งครัด 
และดำเนินการให้สอดคล้องกับวัตถุประสงค์ที่สั่งการ 
หากยังไม่มีการรายงานผลให้กระทรวงมหาดไทยทราบ ให้เร่งรัดการดำเนินการโดยเร็ว
2.	ในอนาคต หากมีการสั่งการของกระทรวงมหาดไทยหรื","เทศบาลนครและเทศบาลเมืองไม่ดำเนินการตรวจสอบและรายงานผลการตรวจสอบอาคาร 
หรือดำเนินการแต่ไม่สอดคล้องกับวัตถุประสงค์ตามหนังสือสั่งการกระทรวงมหาดไทยกำหนด 
ย่อมก่อให้เกิดความเสี่ยงต่อความปลอดภัยในชีวิตและทรัพย์สินของประชาชนในพื้นที่ 
ทั้งในเรื่องความมั่นคงแข็งแ"
FL-1398,ผลการตรวจสอบการดำเนินงานด้านอื่น ๆ                                                                  ,เทศบาลเมืองป่าตอง,การบังคับใช้กฎหมายควบคุมอาคารเทศบาลนคร และเทศบาลเมือง,2561,,"ไม่มีการติดตามผลการดำเนินการตามหนังสือสั่งการกระทรวงมหาดไทย
","ไม่มีการดำเนินการหรือดำเนินการแต่ไม่สอดคล้องกับวัตถุประสงค์ตามหนังสือสั่งการ
กระทรวงมหาดไทย
จากการตรวจสอบ พบว่า 
เทศบาลนครและเทศบาลเมืองที่สุ่มตรวจสอบไม่ได้ดำเนินการหรือดำเนินการแต่ไม่สอดคล้อง
กับวัตถุประสงค์ตามหนังสือสั่งการกระทรวงมหาดไทย 
จำนวน 6 แห่ง แ","1.	กำชับผู้รับผิดชอบสั่งการให้ปฏิบัติตามหนังสือสั่งการกระทรวงมหาดไทย
อย่างเคร่งครัด และดำเนินการให้สอดคล้องกับวัตถุประสงค์ที่สั่งการ 
หากยังไม่มีการรายงานผลให้กระทรวงมหาดไทยทราบ ให้เร่งรัดการดำเนินการโดยเร็ว
2.	ในอนาคต หากมีการสั่งการของกระทรวงมหาดไทยหรือ","เทศบาลนครและเทศบาลเมืองไม่ดำเนินการตรวจสอบและรายงานผลการตรวจสอบอาคาร 
หรือดำเนินการแต่ไม่สอดคล้องกับวัตถุประสงค์ตามหนังสือสั่งการกระทรวงมหาดไทยกำหนด 
ย่อมก่อให้เกิดความเสี่ยงต่อความปลอดภัยในชีวิตและทรัพย์สินของประชาชนในพื้นที่ 
ทั้งในเรื่องความมั่นคงแข็งแ"
FL-1399,ผลการตรวจสอบการดำเนินงานด้านอื่น ๆ                                                                  ,สำนักงานคณะกรรมการส่งเสริมการลงทุน,การส่งเสริมการลงทุน,2561,,,"๒.	การติดตาม 
ตรวจสอบและควบคุมการปฏิบัติตามเงื่อนไขการส่งเสริมการลงทุนของโครงการที่ได้รับการส่งเสริมการลงทุน 
พบว่า 
มีบางกระบวนการที่ประเมินในเบื้องต้นแล้วว่ามีความเสี่ยงที่อาจทำให้การปฏิบัติในการควบคุม 
ตรวจสอบโครงการที่ได้รับการส่งเสริมการลงทุนไม่เป็นไ","๒.	
กำหนดมาตรการหรือแนวทางที่ชัดเจนและเป็นรูปธรรมกับโครงการที่ได้รับการส่งเสริมการลงทุนที่ครบกำหนดการเปิดดำเนินการนานแล้วแต่ไม่เปิดดำเนินการและไม่มีการดำเนินการใด 
ๆ โดยการสำรวจ ตรวจสอบ 
เพื่อพิจารณาดำเนินการในแต่ละกรณีให้เป็นไปตามหลักเกณฑ์และเงื่อนไขการส",
FL-1400,ผลการตรวจสอบการดำเนินงานด้านอื่น ๆ                                                                  ,สำนักงานสิ่งแวดล้อมที่ 16 สงขลา,โครงการภายใต้แผนแม่บทพัฒนาลุ่มน้ำทะเลสาบสงขลา,2558,,"1.ขาดการให้ความสำคัญในการดำเนินงานตามแผนแม่บทฯ 
2.ขาดการบูรณาการระหว่างหน่วยงานที่เกี่ยวข้อง 
","การจัดสรรงบประมาณของหน่วยงานที่เกี่ยวข้องตามแผนแม่บทการพัฒนา
ลุ่มน้ำทะเลสาบสงขลา ต่ำกว่ากรอบแผนงบประมาณในเชิงบูรณาการ
พัฒนาลุ่มน้ำทะเลสาบสงขลา
","คณะกรรมการพัฒนาลุ่มน้ำทะเลสาบสงขลา
1.พิจารณาการจัดทำกรอบแผนงบประมาณและการจัดสรรงบประมาณให้สอดคล้องกัน
โดยเน้นการจัดลำดับความสำคัญของโครงการ เพื่อนำไปสู่ความสำเร็จของแผนแม่บท
การพัฒนาลุ่มน้ำทะเลสาบสงขลา
2.กำหนดให้มีการจัดประชุมของคณะกรรมการฯ และคณะอนุกรรมก","การดำเนินโครงการภายใต้แผนแม่บทฯไม่บรรลุตามวัตถุประสงค์และเป้าหมายที่กำหนดไว้

"
FL-1401,ผลการตรวจสอบการดำเนินงานด้านอื่น ๆ                                                                  ,กรมสรรพากร,การตรวจสอบการจัดการภาษีอากรค้าง,2559,,"1. เจ้าหน้าที่ไม่ปฏิบัติตามแนวทางปฏิบัติกรมสรรพากรที่ มจ. 4/2554 
เรื่องการควบคุมลูกหนี้ภาษีอากรด้วยระบบคอมพิวเตอร์ ข้อ 11
2. การประมวลข้อมูลไม่ถูกต้องของระบบ DMS 
","การรายงานผลการเร่งรัดภาษีอากรค้างในระบบไม่ถูกต้อง
    การแสดงภาษีอากรค้างสถานะที่ 1 ไม่ถูกต้อง 
โดยมีรายงานดังกล่าวอายุมากกว่า 2 เดือนขึ้นไป จำนวน 43,465 รายใบแจ้ง 
จำนวนเงิน 7,643.41 ล้านบาท 
","1. สั่งการให้สำนักงานสรรพากรพื้นที่ทุกแห่ง 
และสำนักบริหารภาษีธุรกิจขนาดใหญ่กำชับและควบคุมให้เจ้าหน้าที่ที่รับผิดชอบการบันทึกข้อมูลระบบ 
DMS ปฏิบัติตามแนวทางที่กำำหนดอย่างเครง่ครัด เพื่อให้เป็นปัจจุบันและถูกต้อง
2. พิจารณาปรับปรุงระบบ DMS ในส่วนการบันทึกข","ส่งผลต่อประสิทธิภาพและประสิทธิผลในการติดตาม ควบคุม 
และวางแผนการบริหารการจัดการภาษีอากรค้าง
"
FL-1490,ผลการตรวจสอบด้านอื่น ๆ                                                                              ,เทศบาลเมืองกำแพงเพชร,โครงการก่อสร้างสถานีขนถ่ายขยะมูลฝอยของเทศบาลเมืองกำแพงเพชรอ.รัตภูมิ จ.สงขลา,2562,,"1.ไม่มีถนนทางเข้าสถานีขนถ่ายที่ได้มาตรฐาน 
โดยเส้นทางเข้าสู่สถานีขนถ่ายขยะมูลฝอยที่เทศบาลเมืองกำแพงเพชรเลือกนั้น 
ปัจจุบันเป็นถนนดินลูกรังที่วิ่งผ่านสวนยางพาราของประชาชน 
ซึ่งไม่สามารถรับน้ำหนักของรถบรรทุกขยะจำนวนมากได้ 
2.โครงการยังไม่ได้รับการขยายเขตไฟฟ","สถานีขนถ่ายขยะมูลฝอยเทศบาลเมืองกำแพงเพชรยังไม่ได้เตรียมความพร้อมในการบริหารจัดการโครงการ 
ดังนี้
1.ค่าบริการรับเหมากำจัดขยะ โดยเทศบาลเมืองกำแพงเพชร 
จะนำขยะมูลฝอยไปยังสถานที่กำจัดเอกชน ที่อำเภอคลองหอยโข่ง 
ซึ่งจะคิดอัตราค่าบริการ 280-300 บาท/ตัน 
จากข้อมู","1.ดูแลรักษาสถานีขนถ่ายขยะมูลฝอยให้อยู่ในสภาพพร้อมใช้งาน 
เมื่อดำเนินการก่อสร้างถนนทางเข้าสถานีขนถ่ายขยะมูลฝอย 
และขยายเขตไฟฟ้าแล้วเสร็จ สามารถเปิดดำเนินการได้ทันที
2.เร่งดำเนินการก่อสร้างถนนและขอขยายเขตไฟฟ้าจากการไฟฟ้าส่วนภูมิภาคให้แล้วเสร็จเพื่อที่จะได้ด","1.ตามสัญญาเดิม 
โครงการก่อสร้างสถานีขนถ่ายขยะมูลฝอยถูกกำหนดให้แล้วเสร็จในปีงบประมาณ 2560 
เพื่อที่จะให้โครงการสามารถสอดรับกับเป้าหมาย Roadmap 
การบริหารจัดการชยะมูลฝอย คือ นำขยะสะสมขององค์กรปกครองส่วนท้องถิ่นทั้ง 7 
แห่ง ปริมาณ 58,708 ตัน มากำจัดอย่างถูกห"
FL-1491,ผลการตรวจสอบด้านอื่น ๆ                                                                              ,เทศบาลเมืองชุมแพ,ระบบจัดการขยะมูลฝอยของเทศบาลเมืองบ้านไผ่ จังหวัดขอนแก่น,2562,,"     เทศบาลเมืองบ้านไผ่
1.อัตรากำลังบุคลากรด้านการบริหารจัดการขยะในส่วนของงานกำจัดขยะมูลฝอยแ
ละสิ่งปฏิกูลไม่เพียงพอ 
และขาดความรู้ความเข้าใจในการจัดการสถานที่กำจัดขยะมูลฝอยให้เป็นไปตามเกณฑ์ 
มาตรฐาน และแนวทางการจัดการขยะมูลฝอยชุมชน ของกรมควบคุมมลพิษ
2.การ","การจัดการขยะมูลฝอยไม่เป็นไปตามมาตรฐานการจัดการขยะมูลฝอย ของกรมควบคุมมลพิษ 
และกรมส่งเสริมการปกครองท้องถิ่น
   1.	การจัดการขยะมูลฝอยของเทศบาลเมืองบ้านไผ่ ไม่เป็นไปตามเกณฑ์ มาตรฐาน 
และแนวทางการจัดการขยะมูลฝอยชุมชน ของกรมควบคุมมลพิษ ดังนี้
1.1	การติดประกาศช","      เทศบาลเมืองบ้านไผ่
เพื่อให้การดำเนินงานระบบจัดการขยะมูลฝอยของเทศบาลเมืองบ้านไผ่ 
เป็นไปตามเกณฑ์ มาตรฐาน และแนวทางการจัดการขยะมูลฝอยชุมชน ของกรมควบคุมมลพิษ 
และป้องกันผลกระทบที่อาจเกิดขึ้นกับสิ่งแวดล้อม 
สำนักงานการตรวจเงินแผ่นดินจึงมีข้อเสนอแนะให้นา","     เทศบาลเมืองบ้านไผ่

1.	การไม่ติดประกาศชั่วโมงปฏิบัติงานที่ประตูทางเข้า 
อาจทำให้มีบุคคลภายนอกบุกรุกเข้าไปในสถานที่กำจัดขยะมูลฝอยโดยไม่ได้รับอนุญาตหลังเวลาปิดทำการ 
ซึ่งอาจเกิดความไม่ปลอดภัยต่อทรัพย์สินของทางราชการ
2.	การไม่มีระบบควบคุมก๊าซ ส่งผลให้เก"
FL-1492,ผลการตรวจสอบด้านอื่น ๆ                                                                              ,สำนักงานประมงจังหวัดฉะเชิงเทรา,โครงการการยกระดับคุณภาพและการแปรรูปสินค้าเกษตร งบประมาณจังหวัด ปีงบประมาณ 2560 - 2562,2562,,"สาเหตุ 
การดำเนินโครงการตามขั้นตอนการคัดเลือกและการเตรียมความพร้อมยังไม่เหมาะสม 
มีดังนี้
1. การกำหนดหลักสูตรฝึกอบรมไม่เหมาะสม 
เนื่องจากในขั้นการเตรียมความพร้อมจัดทำโครงการ 
เจ้าหน้าที่ไม่ได้กำหนดเนื้อหาที่แตกต่างเพื่อให้เหมาะกับกลุ่มเป้าหมายที่มีศักยภาพ","การดำเนินโครงการตามขั้นตอนการบริหารโครงการภาครัฐ
2.1. ขั้นตอนการคัดเลือก การอนุมัติและการเตรียมความพร้อม
2.1.1 การกำหนดหลักสูตรการฝึกอบรมไม่เหมาะสม 
2.1.2 ไม่ได้กำหนดหลักเกณฑ์การคัดเลือกที่เหมาะสม
2.2 ขั้นตอนการปฏิบัติการ การควบคุม 
2.2.1 การสนับสนุนอุปกร","1. ให้ผู้ว่าราชการจังหวัดฉะเชิงเทรา ดำเนินการควบคุม ติดตาม 
ให้หน่วยงานที่ได้รับการจัดสรรงบประมาณจัดทำรายงานผลสัมฤทธิ์ของโครงการให้เป็นไปตามวัตถุประสงค์โครงการ 
เป้าหมายและตัวชี้วัดที่กำหนดไว้ 
และให้มีการตรวจสอบความครบถ้วนของการจัดทำรายงานผลสัมฤทธิ์ดังกล","1. การกำหนดหลักสูตรฝึกอบรมไม่เหมาะสม 
ทำให้เกษตรกรที่ฟาร์มผ่านการรับรองมาตรฐาน GAP แล้วมาอบรมซ้ำในเรื่องมาตรฐาน 
GAP อีก และได้รับความรู้ในเรื่องการแปรรูปที่เกษตรกรไม่สนใจ ไม่ได้นำไปทำต่อ 
ทำให้รัฐสูญเสียงบประมาณในการฝึกอบรมที่ไม่เกิดความคุ้มค่า
2. การไม่"
FL-1493,ผลการตรวจสอบด้านอื่น ๆ                                                                              ,สำนักงานจังหวัดนราธิวาส,โครงการจัดตั้งอาคารศูนย์จำหน่ายผลิตภัณฑ์ชุมชนและอาคารศูนย์บริการนักท่องเที่ยว,2561,,"1.ขาดการเตรียมความพร้อมด้านพื้นที่
2.การขออนุญาตใช้พื้นที่
3.การเปลี่ยนแปลงวัตถุประสงค์ของโครงการ
","โครงการจัดตั้งศูนย์จำหน่ายผลิตภัณฑ์ชุมชนและศูนย์บริการนักท่องเที่ยวยังไม่มีการใช้ประโยชน์ตามวัตถุประสงค์ที่วางไว้
",,"1.ประชาชน นักท่องเที่ยวได้ใช้ประโยชน์จากโครงการล่าช้า
2.สูญเสียโอกาสจาการใช้ประโยชน์จากงบประมาณที่ลงทุนในโครงการเพื่อไปลงทุนในโครงการอื่น
3.กลุ่มผลิตภัณฑ์ชุมชนได้ใช้ประโยชน์จากโครงการฯช้าลง 
ทำให้สูญเสียโอกาสในการสร้างรายได้
4.อาคารที่ก่อสร้างเสร็จยังไม่ไ"
FL-1494,ผลการตรวจสอบด้านอื่น ๆ                                                                              ,สำนักงานจังหวัดเชียงราย,โครงการพัฒนาพืชเฉพาะถิ่นตามภูมิศาสตร์ (ชา กาแฟ),2562,,"สาเหตุ
1.ขั้นตอนการคัดเลือกกลุ่มวิสาหกิจชุมชนฯ 
สำนักงานเกษตรจังหวัดเชียงรายมิได้พิจารณากลั่นกรองคัดเลือกกลุ่มวิสาหกิจชุมชนฯ 
ที่มีศักยภาพที่จะสามารถบริหารจัดการโรงแปรรูปกาแฟและเครื่องมืออุปกรณ์ที่ได้รับ  
พิจารณาจากกลุ่มวิสาหกิจชุมชนฯ ส่วนใหญ่จำนวน 5 ใน ","ข้อตรวจพบที่ 2 ปัญหาการบริหารจัดการกลุ่มวิสาหกิจชุมชนผู้ปลูกกาแฟ  
จากการตรวจสอบการบริหารจัดการกลุ่มวิสาหกิจชุมชนผู้ปลูกกาแฟ ตามโครงการจำนวน 
8 แห่ง มีกลุ่มที่บริหารจัดการระดับดี จำนวน 1 กลุ่ม  ระดับปานกลาง จำนวน 3 
แห่ง และระดับพอใช้ จำนวน 4 แห่ง
จากการต","ข้อเสนอแนะ ให้เกษตรจังหวัดเชียงราย ดำเนินการดังนี้
1.	ประสานกับกลุ่มวิสาหกิจชุมชนฯ ทั้ง 8 กลุ่มตามโครงการ 
ให้ดำเนินการปรับปรุงแก้ไขการบริหารจัดการกลุ่มวิสาหกิจชุมชนฯ 
ให้เป็นไปตามตัวชี้วัดหลัก 15 ข้อ โดยเร็ว  
และสำนักงานเกษตรจังหวัดเชียงรายรวบรวมผลการดำ","ผลกระทบ
1. การบริหารงานกลุ่มวิสาหกิจชุมชนกาแฟ 
ตามโครงสร้างที่มีกรรมการวิสาหกิจชุมชนฯ หลายคน แต่ทำหน้าที่จริงเพียง 1-2 คน 
หรือบางกลุ่ม ฯ ไม่มีการจัดทำรายการรายรับ-รายจ่าย 
ทำให้ขาดความรัดกุมในการดำเนินงาน มีความเสี่ยงที่จะเกิดการรั่วไหลของเงินได้ 
2. การ"
FL-1495,ผลการตรวจสอบด้านอื่น ๆ                                                                              ,สำนักบริหารยุทธศาสตร์กลุ่มจังหวัดภาคเหนือตอนบน 2,โครงการตามแผนบูรณาการส่งเสริมการพัฒนาจังหวัดและกลุ่มจังหวัดแบบบูรณาการ กลุ่มจังหวัดภาคเหนือตอนบน 2,2562,,"สาเหตุ  
1. ก่อสร้างเครื่องอบลดความชื้นข้าว/ข้าวโพด 
และโรงสีข้าวล่าช้าเนื่องจากใช้ระยะเวลาในการดำเนินการขอเปลี่ยนสถานที่ก่อสร้างค่อนข้างนานจากสหกรณ์การเกษตรอำเภอเมืองเชียงราย 
จำกัด มาก่อสร้างในพื้นที่ของสหกรณ์การเกษตรเมืองพาน จำกัด 
โดยตั้งแต่เริ่มขออนุ","ข้อตรวจพบที่ 2 การบริหารจัดการโครงการ
		
การบริหารจัดการโครงการเป็นปัจจัยสำคัญที่จะทำให้โครงการสนับสนุนการปรับปรุง 
คุณภาพพืชเศรษฐกิจของเกษตรกรเพื่อสร้างมูลค่าเพิ่ม 
ก่อสร้างเครื่องอบลดความชื้นข้าว/ข้าวโพด และ 
โครงการเพิ่มมูลค่าผลผลิตการเกษตรโดยการแปรรูป","อยู่ในข้อตรวจพบที่ 1
","ผลกระทบ
การบริหารจัดการโครงการไม่มีประสิทธิภาพ โดยดำเนินการก่อสร้างเครื่องอบลด 
ความชื้นและโรงสีข้าวแล้วเสร็จล่าช้า ไม่มีความพร้อมด้านการรวบรวม 
แปรรูปผลิตผล และการตลาด ส่งผล กระทบต่อการดำเนินการโครงการทั้ง 2 โครงการ 
ดังนี้ โครงการสนับสนุนการปรับปรุงคุณภ"
FL-1496,ผลการตรวจสอบด้านอื่น ๆ                                                                              ,กรมพัฒนาฝีมือแรงงาน,โครงการพัฒนาศักยภาพแรงงานรองรับภาคอุตสาหกรรมและบริการเพื่อการแข่งขัน,2562,,"สพร. ไม่ได้มีการตรวจสอบความถูกต้อง ครบถ้วนของข้อมูลทั้งก่อนและหลังจากที่ได้
มีการบันทึกข้อมูล และเจ้าหน้าที่บันทึกข้อมูล ขาดความรู้ความเข้าใจในการ
บันทึกข้อมูล
","ข้อมูลผลการดำเนินงานการพัฒนาฝีมือแรงงานยังมีความคลาดเคลื่อน
     จากการเปรียบเทียบข้อมูลผลการดำเนินการของ สพร.ที่สุ่มตรวจสอบกับระบบ
คลังข้อมูลอัจฉริยะของ กพร.พบว่า ข้อมูลมีความแตกต่างกัน
","กำชับให้ สพร. และ สนพ. ให้ความสำคัญกับการตรวจสอบความถูกต้อง ครบถ้วน 
ของข้อมูลทั้งก่อนและหลังบันทึกข้อมูลเข้าสู่ระบบ และจัดให้มีกระบวนการจัดการ
ความรู้ ให้กับเจ้าหน้าที่ผู้ปฏิบัติงาน และปรับปรุงคู่มือผู้ใช้งานระบบ
ดังกล่าวให้ทันสมัย 
","-
"
FL-1497,ผลการตรวจสอบด้านอื่น ๆ                                                                              ,อบต.อ่าวนาง,การบังคับใช้กฎหมายควบคุมอาคารเทศบาลตำบลและองค์การบริหารส่วนตำบล,2562,,"ไม่มีมาตรการดำเนินการกับเจ้าของอาคารที่มีการเพิกเฉยไม่ส่งรายงานการตรวจสอบ
สภาพอาคาร
","ข้อตรวจพบที่ 3	การส่งรายงานตรวจสอบสภาพอาคารของอาคาร 9 
ประเภทไม่เป็นไปตามกฎหมาย
จากการตรวจสอบเอกสารสมุดคุมใบอนุญาตก่อสร้างฯ (อ.1) ระหว่างปี พ.ศ. 2551 - 
2560 ของฝ่ายแบบแผนและก่อสร้าง 
เทศบาลตำบลและองค์การบริหารส่วนตำบลที่สุ่มตรวจสอบ จำนวน 8 แห่ง พบว่า 
มี","พิจารณากำหนดมาตรการดำเนินการให้เป็นไปตามกฎหมายอย่างเคร่งครัดกับเจ้าของอาคารที่เพิกเฉยไม่ส่งรายงานการตรวจสอบสภาพอาคาร 
หากยังเพิกเฉยให้ดำเนินการลงโทษตามที่กฎหมายกำหนด
","อาคาร 9 ประเภท 
เป็นอาคารที่ก่อสร้างเพื่อใช้เป็นที่อยู่อาศัยหรือประกอบกิจการให้บริการประชาชน 
กรณีเจ้าของอาคารส่วนใหญ่ไม่ส่งรายงานตรวจสอบสภาพอาคารตามกฎหมาย 
ย่อมก่อให้เกิดความเสี่ยงที่อาจส่งผลต่อความไม่ปลอดภัยในชีวิตและทรัพย์สินของประชาชนที่อยู่อาศัยหรือใ"
FL-1498,ผลการตรวจสอบด้านอื่น ๆ                                                                              ,อบต.อ่าวนาง,การบังคับใช้กฎหมายควบคุมอาคารเทศบาลตำบลและองค์การบริหารส่วนตำบล,2562,,"ไม่มีมาตรการดำเนินการกับเจ้าของอาคารที่มีการเพิกเฉยไม่ส่งรายงานการตรวจสอบ
สภาพอาคาร
","ข้อตรวจพบที่ 3	การส่งรายงานตรวจสอบสภาพอาคารของอาคาร 9 
ประเภทไม่เป็นไปตามกฎหมาย
จากการตรวจสอบเอกสารสมุดคุมใบอนุญาตก่อสร้างฯ (อ.1) ระหว่างปี พ.ศ. 2551 - 
2560 ของฝ่ายแบบแผนและก่อสร้าง 
เทศบาลตำบลและองค์การบริหารส่วนตำบลที่สุ่มตรวจสอบ จำนวน 8 แห่ง พบว่า 
มี","พิจารณากำหนดมาตรการดำเนินการให้เป็นไปตามกฎหมายอย่างเคร่งครัดกับเจ้าของอาคารที่เพิกเฉยไม่ส่งรายงานการตรวจสอบสภาพอาคาร 
หากยังเพิกเฉยให้ดำเนินการลงโทษตามที่กฎหมายกำหนด
","อาคาร 9 ประเภท 
เป็นอาคารที่ก่อสร้างเพื่อใช้เป็นที่อยู่อาศัยหรือประกอบกิจการให้บริการประชาชน 
กรณีเจ้าของอาคารส่วนใหญ่ไม่ส่งรายงานตรวจสอบสภาพอาคารตามกฎหมาย 
ย่อมก่อให้เกิดความเสี่ยงที่อาจส่งผลต่อความไม่ปลอดภัยในชีวิตและทรัพย์สินของประชาชนที่อยู่อาศัยหรือใ"
FL-1499,ผลการตรวจสอบด้านอื่น ๆ                                                                              ,อบต.อ่าวนาง,การบังคับใช้กฎหมายควบคุมอาคารเทศบาลตำบลและองค์การบริหารส่วนตำบล,2562,,"ไม่มีมาตรการดำเนินการกับเจ้าของอาคารที่มีการเพิกเฉยไม่ส่งรายงานการตรวจสอบ
สภาพอาคาร
","ข้อตรวจพบที่ 3	การส่งรายงานตรวจสอบสภาพอาคารของอาคาร 9 
ประเภทไม่เป็นไปตามกฎหมาย
จากการตรวจสอบเอกสารสมุดคุมใบอนุญาตก่อสร้างฯ (อ.1) ระหว่างปี พ.ศ. 2551 - 
2560 ของฝ่ายแบบแผนและก่อสร้าง 
เทศบาลตำบลและองค์การบริหารส่วนตำบลที่สุ่มตรวจสอบ จำนวน 8 แห่ง พบว่า 
มี","พิจารณากำหนดมาตรการดำเนินการให้เป็นไปตามกฎหมายอย่างเคร่งครัดกับเจ้าของอาคารที่เพิกเฉยไม่ส่งรายงานการตรวจสอบสภาพอาคาร 
หากยังเพิกเฉยให้ดำเนินการลงโทษตามที่กฎหมายกำหนด
","อาคาร 9 ประเภท 
เป็นอาคารที่ก่อสร้างเพื่อใช้เป็นที่อยู่อาศัยหรือประกอบกิจการให้บริการประชาชน 
กรณีเจ้าของอาคารส่วนใหญ่ไม่ส่งรายงานตรวจสอบสภาพอาคารตามกฎหมาย 
ย่อมก่อให้เกิดความเสี่ยงที่อาจส่งผลต่อความไม่ปลอดภัยในชีวิตและทรัพย์สินของประชาชนที่อยู่อาศัยหรือใ"
FL-1500,ผลการตรวจสอบด้านอื่น ๆ                                                                              ,อบต.อ่าวนาง,การบังคับใช้กฎหมายควบคุมอาคารเทศบาลตำบลและองค์การบริหารส่วนตำบล,2562,,"ไม่มีมาตรการดำเนินการกับเจ้าของอาคารที่มีการเพิกเฉยไม่ส่งรายงานการตรวจสอบ
สภาพอาคาร
","ข้อตรวจพบที่ 3	การส่งรายงานตรวจสอบสภาพอาคารของอาคาร 9 
ประเภทไม่เป็นไปตามกฎหมาย
จากการตรวจสอบเอกสารสมุดคุมใบอนุญาตก่อสร้างฯ (อ.1) ระหว่างปี พ.ศ. 2551 - 
2560 ของฝ่ายแบบแผนและก่อสร้าง 
เทศบาลตำบลและองค์การบริหารส่วนตำบลที่สุ่มตรวจสอบ จำนวน 8 แห่ง พบว่า 
มี","พิจารณากำหนดมาตรการดำเนินการให้เป็นไปตามกฎหมายอย่างเคร่งครัดกับเจ้าของอาคารที่เพิกเฉยไม่ส่งรายงานการตรวจสอบสภาพอาคาร 
หากยังเพิกเฉยให้ดำเนินการลงโทษตามที่กฎหมายกำหนด
","อาคาร 9 ประเภท 
เป็นอาคารที่ก่อสร้างเพื่อใช้เป็นที่อยู่อาศัยหรือประกอบกิจการให้บริการประชาชน 
กรณีเจ้าของอาคารส่วนใหญ่ไม่ส่งรายงานตรวจสอบสภาพอาคารตามกฎหมาย 
ย่อมก่อให้เกิดความเสี่ยงที่อาจส่งผลต่อความไม่ปลอดภัยในชีวิตและทรัพย์สินของประชาชนที่อยู่อาศัยหรือใ"
FL-1501,ผลการตรวจสอบด้านอื่น ๆ                                                                              ,อบต.อ่าวนาง,การบังคับใช้กฎหมายควบคุมอาคารเทศบาลตำบลและองค์การบริหารส่วนตำบล,2562,,"ไม่มีมาตรการดำเนินการกับเจ้าของอาคารที่มีการเพิกเฉยไม่ส่งรายงานการตรวจสอบ
สภาพอาคาร
","ข้อตรวจพบที่ 3	การส่งรายงานตรวจสอบสภาพอาคารของอาคาร 9 
ประเภทไม่เป็นไปตามกฎหมาย
จากการตรวจสอบเอกสารสมุดคุมใบอนุญาตก่อสร้างฯ (อ.1) ระหว่างปี พ.ศ. 2551 - 
2560 ของฝ่ายแบบแผนและก่อสร้าง 
เทศบาลตำบลและองค์การบริหารส่วนตำบลที่สุ่มตรวจสอบ จำนวน 8 แห่ง พบว่า 
มี","พิจารณากำหนดมาตรการดำเนินการให้เป็นไปตามกฎหมายอย่างเคร่งครัดกับเจ้าของอาคารที่เพิกเฉยไม่ส่งรายงานการตรวจสอบสภาพอาคาร 
หากยังเพิกเฉยให้ดำเนินการลงโทษตามที่กฎหมายกำหนด
","อาคาร 9 ประเภท 
เป็นอาคารที่ก่อสร้างเพื่อใช้เป็นที่อยู่อาศัยหรือประกอบกิจการให้บริการประชาชน 
กรณีเจ้าของอาคารส่วนใหญ่ไม่ส่งรายงานตรวจสอบสภาพอาคารตามกฎหมาย 
ย่อมก่อให้เกิดความเสี่ยงที่อาจส่งผลต่อความไม่ปลอดภัยในชีวิตและทรัพย์สินของประชาชนที่อยู่อาศัยหรือใ"
FL-1502,ผลการตรวจสอบด้านอื่น ๆ                                                                              ,อบต.อ่าวนาง,การบังคับใช้กฎหมายควบคุมอาคารเทศบาลตำบลและองค์การบริหารส่วนตำบล,2562,,"ไม่มีมาตรการดำเนินการกับเจ้าของอาคารที่มีการเพิกเฉยไม่ส่งรายงานการตรวจสอบ
สภาพอาคาร
","จากการตรวจสอบเอกสารสมุดคุมใบอนุญาตก่อสร้างฯ (อ.1) ระหว่างปี พ.ศ. 2551 - 
2560 ของฝ่ายแบบแผนและก่อสร้าง 
เทศบาลตำบลและองค์การบริหารส่วนตำบลที่สุ่มตรวจสอบ จำนวน 8 แห่ง พบว่า 
มีจำนวนอาคารที่เข้าข่ายต้องตรวจสอบอาคารฯ ตามมาตรา 32 ทวิ 
ยื่นขออนุญาตก่อสร้างฯ (อ","พิจารณากำหนดมาตรการดำเนินการให้เป็นไปตามกฎหมายอย่างเคร่งครัดกับเจ้าของอาคารที่เพิกเฉยไม่ส่งรายงานการตรวจสอบสภาพอาคาร 
หากยังเพิกเฉยให้ดำเนินการตามที่กฎหมายกำหนด
","อาคาร 9 ประเภท 
เป็นอาคารที่ก่อสร้างเพื่อใช้เป็นที่อยู่อาศัยหรือประกอบกิจการให้บริการประชาชน 
กรณีเจ้าของอาคารส่วนใหญ่ไม่ส่งรายงานตรวจสอบสภาพอาคารตามกฎหมาย 
ย่อมก่อให้เกิดความเสี่ยงที่อาจส่งผลต่อความไม่ปลอดภัยในชีวิตและทรัพย์สินของประชาชนที่อยู่อาศัยหรือใ"
FL-1503,ผลการตรวจสอบด้านอื่น ๆ                                                                              ,อบต.อ่าวนาง,การบังคับใช้กฎหมายควบคุมอาคารเทศบาลตำบลและองค์การบริหารส่วนตำบล,2562,,"ไม่มีมาตรการดำเนินการกับเจ้าของอาคารที่มีการเพิกเฉยไม่ส่งรายงานการตรวจสอบ
สภาพอาคาร
","ข้อตรวจพบที่ 3	การส่งรายงานตรวจสอบสภาพอาคารของอาคาร 9 
ประเภทไม่เป็นไปตามกฎหมาย
จากการตรวจสอบเอกสารสมุดคุมใบอนุญาตก่อสร้างฯ (อ.1) ระหว่างปี พ.ศ. 2551 - 
2560 ของฝ่ายแบบแผนและก่อสร้าง 
เทศบาลตำบลและองค์การบริหารส่วนตำบลที่สุ่มตรวจสอบ จำนวน 8 แห่ง พบว่า 
มี","พิจารณากำหนดมาตรการดำเนินการให้เป็นไปตามกฎหมายอย่างเคร่งครัดกับเจ้าของอาคารที่เพิกเฉยไม่ส่งรายงานการตรวจสอบสภาพอาคาร 
หากยังเพิกเฉยให้ดำเนินการลงโทษตามที่กฎหมายกำหนด
","อาคาร 9 ประเภท 
เป็นอาคารที่ก่อสร้างเพื่อใช้เป็นที่อยู่อาศัยหรือประกอบกิจการให้บริการประชาชน 
กรณีเจ้าของอาคารส่วนใหญ่ไม่ส่งรายงานตรวจสอบสภาพอาคารตามกฎหมาย 
ย่อมก่อให้เกิดความเสี่ยงที่อาจส่งผลต่อความไม่ปลอดภัยในชีวิตและทรัพย์สินของประชาชนที่อยู่อาศัยหรือใ"
FL-1504,ผลการตรวจสอบด้านอื่น ๆ                                                                              ,อบต.อ่าวนาง,การบังคับใช้กฎหมายควบคุมอาคารเทศบาลตำบลและองค์การบริหารส่วนตำบล,2562,,"ไม่มีมาตรการดำเนินการกับเจ้าของอาคารที่มีการเพิกเฉยไม่ส่งรายงานการตรวจสอบ
สภาพอาคาร
","ข้อตรวจพบที่ 3	การส่งรายงานตรวจสอบสภาพอาคารของอาคาร 9 
ประเภทไม่เป็นไปตามกฎหมาย
จากการตรวจสอบเอกสารสมุดคุมใบอนุญาตก่อสร้างฯ (อ.1) ระหว่างปี พ.ศ. 2551 - 
2560 ของฝ่ายแบบแผนและก่อสร้าง 
เทศบาลตำบลและองค์การบริหารส่วนตำบลที่สุ่มตรวจสอบ จำนวน 8 แห่ง พบว่า 
มี","พิจารณากำหนดมาตรการดำเนินการให้เป็นไปตามกฎหมายอย่างเคร่งครัดกับเจ้าของอาคารที่เพิกเฉยไม่ส่งรายงานการตรวจสอบสภาพอาคาร 
หากยังเพิกเฉยให้ดำเนินการลงโทษตามที่กฎหมายกำหนด
","อาคาร 9 ประเภท 
เป็นอาคารที่ก่อสร้างเพื่อใช้เป็นที่อยู่อาศัยหรือประกอบกิจการให้บริการประชาชน 
กรณีเจ้าของอาคารส่วนใหญ่ไม่ส่งรายงานตรวจสอบสภาพอาคารตามกฎหมาย 
ย่อมก่อให้เกิดความเสี่ยงที่อาจส่งผลต่อความไม่ปลอดภัยในชีวิตและทรัพย์สินของประชาชนที่อยู่อาศัยหรือใ"
FL-1505,ผลการตรวจสอบด้านอื่น ๆ                                                                              ,สำนักงานท้องถิ่นจังหวัดเชียงราย,ระบบการจัดการขยะมูลฝอยในพื้นที่จังหวัดเชียงราย,2561,,"สาเหตุ
	1.สถานที่กำจัดขยะมูลฝอย ไม่ได้รับการควบคุม 
กำกับดูแลให้เป็นไปตามมาตรฐานการจัดการด้านขยะมูลฝอยและสิ่งปฏิกูล
	
2.อปท.ไม่ได้ให้ความสำคัญกับการดำเนินการตามอำนาจหน้าที่ให้เป็นไปตามตามพระราชบัญญัติ 
ในการจัดการด้านขยะมูลฝอย เช่น 
พระราชบัญญัติกำหนดแผนแ","ข้อตรวจพบที่ 2 การเก็บรวบรวม ขนส่ง 
และการกำจัดขยะมูลฝอยนอกศูนย์กำจัดขยะมูลฝอยจังหวัดเชียงราย
จากการตรวจสอบพื้นที่ อปท. ที่มีจัดการขยะมูลฝอยนอกระบบศูนย์กำจัดขยะมูลฝอย 
จังหวัดเชียงราย จำนวน 40 แห่ง มีรูปแบบการจัดการ 3 รูปแบบ ได้แก่ อปท. 
บริการเก็บรวบรวมแ","ข้อเสนอแนะ 
ผู้ว่าราชการจังหวัดเชียงราย 
(ประธานคณะกรรมการจัดการสิ่งปฏิกูลและมูลฝอยจังหวัดเชียงราย) ดำเนินการดังนี้
1. ให้นายกเทศมนตรี / นายกองค์การบริหารส่วนตำบล
	     1.1 อปท.จำนวน 40 แห่ง 
และอปท.อื่นที่สำนักงานการตรวจเงินแผ่นดินภูมิภาคที่ 8 (จังหวัดเช","ผลกระทบ 
การเก็บรวบรวม ขนส่ง 
และการกำจัดขยะมูลฝอยนอกระบบศูนย์กำจัดขยะมูลฝอยจังหวัดเชียงรายของ 
อปท.ที่เลือกตรวจสอบ จำนวน 40 แห่งคิดเป็นร้อยละ 100 
ดำเนินการไม่ถูกต้องตามหลักวิชาการและสุขาภิบาลสิ่งแวดล้อม และอปท.อีก 93 
แห่ง 
ที่ไม่ได้ตรวจสอบมีแนวโน้มที่จ"
FL-1506,ผลการตรวจสอบด้านอื่น ๆ                                                                              ,จังหวัดขอนแก่น,โครงการพัฒนาศักยภาพอุตสาหกรรมพืชอาหารและพืชพลังงานทดแทน ปีงบประมาณ พ.ศ.2559,2561,,"1.การคัดเลือกเกษตรกรเข้าร่วมโครงการไม่ได้คัดเลือกจากสมาชิกศูนย์ข้าวชุมชน
ซึ่งเป็นเกษตรกรกลุ่มเป้าหมายของโครงการ
2.ก่อนทำการขุดสระน้ำไม่ได้สำรวจพื้นที่ว่าเกษตรกรที่ขอรับการขุดสระน้ำนั้น
มีสระน้ำเดิม ที่มีปริมาณน้ำใช้ในการทำการเกษตรเพียงพออยู่หรือไม่ 
และไม","ข้อตรวจพบที่ 2 โครงการย่อยที่ดำเนินการแล้วเสร็จไม่ได้ใช้ประโยชน์ตามวัตถุประสงค
โครงการหลัก
   1.โครงการจัดหาแหล่งน้ำขนาดเล็กในไร่นานอกเขตชลประทาน (ขุดสระน้ำ) 
จำนวน 500 บ่อ 
   จากการสุ่มตรวจสอบการขุดสระน้ำขนาดเล็กฯ จำนวน 168 บ่อ พบว่า 
เกษตรกรมีสระน้ำและ","1.ในโอกาสต่อไป การจัดทำโครงการที่มีลักษณะบูรณาการร่วมกันหลายหน่วยงาน
ให้สั่งกำชับหน่วยงานที่รับผิดชอบโครงการต่างๆ พิจารณาคัดเลือกเกษตรกรจาก
กลุ่มเป้าหมายเดียวกัน และต้องพิจารณาจากความต้องการที่แท้จริงของเกษตรกร
2.สั่งการสถานีพัฒนาที่ดินขอนแก่น ตรวจสอบงานข","1.การขุดสระน้ำโดยไม่ทำการสำรวจพื้นที่ก่อนดำเนินการ ทำให้การขุดสระ
เกิดความซ้ำซ้อนเกินความจำเป็น และสระน้ำไม่สามารถเก็บกักน้ำได้ 
ส่งผลให้เกษตรกรที่เป็นสมาชิกศูนย์ข้าวชุมชนและเกษตรกรรายอื่นเสียโอกาสในการ
ใช้ประโยชน์จากแหล่งน้ำ และไม่ได้รับสระน้ำตามโครงการ
"
FL-1507,ผลการตรวจสอบด้านอื่น ๆ                                                                              ,เมืองพัทยา,โครงการพัฒนาประสิทธิภาพศูนย์ควบคุมความปลอดภัยทางทะเล เพื่อควบคุมกำกับดูแลการคมนาคมทางทะเลฯ เมืองพัทยา,2561,,"เจ้าหน้าที่ผู้รับผิดชอบเกี่ยวกับการพัสดุของศูนย์ฯ 
ไม่ได้ติดตามให้ผู้รับจ้างเข้ามา 
บำรุงรักษาตามกำหนดระยะเวลาที่ได้เสนอไว้แก่เมืองพัทยา 
และเมืองพัทยาขาดการพิจารณาความเป็นไปได้ในการดำเนินการตามข้อบัญญัติเมืองพัทยาและระเบียบกฎหมายที่เกี่ยวข้องก่อนกำหนดขอบ","การบำรุงรักษาและการควบคุมดูแลอุปกรณ์และระบบต่าง ๆ ยังไม่ถูกต้องเหมาะสม 
","ให้มีการควบคุมครุภัณฑ์และให้มีการบำรุงรักษาแบบเชิงป้องกันตามระยะเวลา
","ภายหลังส่งมอบงานแต่ละโครงการแล้วเสร็จผู้รับจ้างไม่ได้เข้ามาบำรุงรักษาแบบ 
PM ตามที่กำหนดในสัญญา และการควบคุมดูแลอุปกรณ์และระบบต่าง ๆ 
ยังมีการดำเนินการไม่ถูกต้องตามระเบียบ กฎหมายที่เกี่ยวข้อง 
และยังไม่มีความรัดกุมเพียงพอที่จะทำให้อุปกรณ์และระบบต่าง ๆ 
ได"
FL-1508,ผลการตรวจสอบด้านอื่น ๆ                                                                              ,สำนักงานปลัดกระทรวงพลังงาน,โครงการสูบน้ำพลังงานแสงอาทิตย์สู้ภัยแล้ง,2562,,"สาเหตุที่กลุ่มผู้ใช้น้ำ และบ่อน้ำบาดาลที่มีคุณสมบัติไม่เป็นไปตามหลักเกณฑ์ 
เงื่อนไขที่กำหนด ได้รับการคัดเลือกเข้าร่วมโครงการ 
เกิดจากการตรวจสอบเอกสารที่เกี่ยวข้องกับคุณสมบัติของสมาชิกกลุ่มผู้ใช้น้ำที่ต้องการเข้าร่วมโครงการและบ่อน้ำบาดาลตามของผู้ที่เกี่ยวข","การดำเนินโครงการไม่เป็นไปตามหลักเกณฑ์และเงื่อนไขที่กำหนด
จากการตรวจสอบเอกสารข้อเสนอโครงการสูบน้ำพลังงานแสงอาทิตย์สู้ภัยแล้งพร้อมเอกสารแนบ 
จำนวน 50 แห่ง พบว่า 
การดำเนินโครงการไม่เป็นไปตามหลักเกณฑ์และเงื่อนไขที่กำหนด ดังนี้
	 1.1	
สมาชิกของกลุ่มผู้ใช้น้ำเ","การตรวจสอบเอกสารที่เกี่ยวข้องกับคุณสมบัติของสมาชิกกลุ่มผู้ใช้น้ำที่ต้องการเข้าร่วมโครงการและเอกสารสำคัญอื่น 
ๆ ที่เกี่ยวข้องกับหลักเกณฑ์ เงื่อนไขโครงการต้องดำเนินการอย่างรอบคอบ รัดกุม
","1.การที่บ่อน้ำบาดาลที่เข้าร่วมโครงการมีอัตราการผลิตน้ำน้อยกว่า 5 ลบ.ม./ชม. 
ส่งผลให้สมาชิกกลุ่มผู้ใช้น้ำมีปัญหาบ่อน้ำบาดาลมีปริมาณการผลิตน้ำไม่เพียงพอ 
โดยจากการสอบถามสมาชิกกลุ่มผู้ใช้น้ำและสังเกตการณ์ระบบสูบน้ำพลังงานแสงอาทิตย์พบว่า 
สมาชิกกลุ่มผู้ใช้น้ำ"
FL-1509,ผลการตรวจสอบด้านอื่น ๆ                                                                              ,สำนักงานปลัดกระทรวงพลังงาน,โครงการสูบน้ำพลังงานแสงอาทิตย์สู้ภัยแล้ง,2562,,"1. 
การที่กลุ่มผู้ใช้น้ำเพื่อการเกษตรไม่ได้บริหารจัดการระบบสูบน้ำพลังงานแสงอาทิตย์ตามแนวทางที่กำหนดเกิดจาก 
กลุ่มผู้ใช้น้ำเพื่อการเกษตรส่วนใหญ่ยังไม่เห็นความจำเป็นในการแต่งตั้งคณะกรรมการกลุ่มผู้ใช้น้ำ 
การกำหนดข้อตกลงหรือหลักเกณฑ์การจัดสรรน้ำ 
หรือการกำหน","กลุ่มผู้ใช้น้ำยังไม่ได้บริหารจัดการระบบสูบน้ำพลังงานแสงอาทิตย์ตามแนวทางที่กำหนด

 2.1	สมาชิกผู้ใช้น้ำเพื่อการเกษตรบางส่วนยังไม่มีแหล่งเก็บน้ำเพิ่มเติม	
1) สมาชิกกลุ่มผู้ใช้น้ำที่มีแหล่งเก็บน้ำเพิ่มเติมแล้วมีจำนวน 143 ราย 
คิดเป็นร้อยละ 52.57 
ของสมาชิกกลุ","สำนักงานการตรวจเงินแผ่นดินมีข้อเสนอแนะให้ปลัดกระทรวงพลังงานพิจารณาดำเนินการ 
ดังนี้
	1.	
ในอนาคตหากมีการดำเนินโครงการในลักษณะเดียวกับโครงการดังกล่าว 
ควรพิจารณาดำเนินการ ดังนี้
		1.1 
การกำหนดระยะเวลาเปิดรับสมัครโครงการควรพิจารณาถึงความเหมาะสมและเพียงพอสำ","การที่กลุ่มผู้ใช้น้ำที่เข้าร่วมโครงการไม่ได้บริหารจัดการระบบสูบน้ำพลังงานแสงอาทิตย์ตามแนวทางที่กำหนด 
โดยสมาชิกกลุ่มผู้ใช้น้ำเพื่อการเกษตรบางส่วนยังไม่มีแหล่งเก็บน้ำเพิ่มเติม 
และกลุ่มผู้ใช้น้ำเพื่อการเกษตรส่วนใหญ่ยังไม่มีการจัดการกลุ่มที่ชัดเจนตามแนวทางข"
FL-1510,ผลการตรวจสอบด้านอื่น ๆ                                                                              ,อุทยานแห่งชาติทะเลบัน จ.สตูล,โครงการพัฒนาแหล่งท่องเที่ยวอุทยานแห่งชาติทะเลบันปีงบประมาณ 2558,2560,,"เกิดจากความบกพร่องในขั้นตอนการควบคุมงาน โดยพบว่า 
ผู้ควบคุมงานไม่ได้ระบุรายละเอียดวัสดุงานสุขภัณฑ์ในแต่ละกิจกรรมให้ชัดเจน
","วัสดุงานสุขภัณฑ์โครงการมีให้ตรวจสอบไม่ครบถ้วนและบางส่วนไม่เป็นไปตามแบบรูปรายการ
","ข้อเสนอแนะถึงผวจ.สตูล
สั่งการและติดตามให้ผู้รับจ้างปรับปรุงแก้ไขให้ตรงตามแบบรูปรายการ

ข้อเสนอแนะถึงหัวหน้าอุทยานแห่งชาติทะเลบัน
เร่งเสนอเรื่องต่อผวจ.เพื่อดำเนินการแจ้งให้ผู้รับจ้างปรับปรุงแก้ไขให้ตรงตามแบบรูปรายการเนื่องจากยังอยู่ในระยะเวลาประกัน
","1.กรณีวัสดุงานครุภัณฑ์โครงการมีให้ตรวจสอบไม่ครบถ้วนตามแบบรูปรายการ 
ทำให้เสียค่าใช้จ่ายจริงสูงกว่าวัสดุที่ติดตั้ง
2.กรณีวัสดุงานสุขภัณฑ์โครงการไม่เป็นไปตามแบบรูปรายการ 
ส่งผลต่อคุณภาพและประโยชน์ในการใช้สอยตามวัตถุประสงค์ในการออกแบบแบบรูปรายการละเอียด
"
FL-1511,ผลการตรวจสอบด้านอื่น ๆ                                                                              ,ที่ทำการปกครองจังหวัดสตูล,โครงการพัฒนาการท่องเที่ยวเชิงนิเวศ ป่า เขา และประวัติศาสตร์ปีงบประมาณ 2557,2560,,"1.ในกรณีที่ทรัพย์สินอยู่ในเงื่อนไขการประกันของผู้รับจ้าง 
ผู้รับจ้างยังไม่ดำเนินการซ่อมแซมให้เป็นไปตามสัญญา 
เพื่อให้อยู่ในสภาพพร้อมใช้งาน
2.ในกรณีที่ทรัพย์สินไม่อยู่ในเงื่อนไขการประกันของผู้รับจ้าง 
ที่ทำการปกครองจังหวัดสตูลซึ่งเป็นผู้จัดทำโครงการพัฒนาศั","ทรัพย์สินในโครงการพัฒนาศักยภาพการท่องเที่ยวเชิงนิเวศ 
ป่าเขาและประวัติศาสตร์บางรายการอยู่ในสภาพชำรุด 
เสียหาย/ไม่เหมาะสมกับการใช้ประโยชน์
","ผวจ.สตูล เห็นควรดำเนินการดังนี้
1.สำรวจความชำรุดเสียหายของทรัพย์สินในโครงการฯเพื่อดำเนินการซ่อมแซม ดูแล 
บำรุงรักษาให้อยู่ในสภาพพร้อมใช้งาน
2.เร่งรัดผู้รับจ้างให้ซ่อมแซมแก้ไขทรัพย์สินที่ชำรุดเสียหายให้เป็นไปตามสัญญา
3.โอนทรัพย์สินจากโครงการพัฒนาศักยภาพการ","1.ทำให้เกิดความสูญเปล่าของงบประมาณแผ่นดินประมาณ 2,586,996.00 บาท 
ซึ่งเป็นทรัพย์สินที่ไม่ได้ใช้ประโยชน์ 
เพื่ออำนวยความสะดวกและสร้างความประทับใจให้กับนักท่องเที่ยว
2.ทำให้เกิดความไม่ปลอดภัยในการใช้ทรัพย์สินที่ชำรุดเสียหาย เช่น โป๊ะ 
เป็นต้น 
หรือขาดอุปกรณ"
FL-1512,ผลการตรวจสอบด้านอื่น ๆ                                                                              ,สำนักงานเกษตรจังหวัดนครสวรรค์,การตรวจสอบดำเนินงาน กิจกรรมตามภารกิจหน้าที่ของสำนักงานเกษตรจังหวัดนครสวรรค์และสำนักงานเกษตรจังหวัดกำแพงเพชร,2560,,"จากการที่สำนักงานเกษตรจังหวัด สำนักงานเกษตรอำเภอ และ 
ศพก.ไม่สามารถดำเนินการให้เป็นไปตามแผนงานตั้งแต่ปีงบประมาณ 2557 - 2559 
และยังไม่บรรลุผลสำเร็จตามวัตถุประสงค์เท่าที่ควรก่อให้เกิดผลกระทบ ดังนี้
1. ทำให้องค์ความรู้ที่โดดเด่นของเกษตรกรต้นแบบบางราย 
ยังไม","ข้อตรวจพบที่ 1 
การดำเนินการของศูนย์เรียนรู้การเพิ่มประสิทธิภาพการผลิตสินค้าเกษตรยังไม่เป็นไปตามแผนงานที่กรมส่งเสริมการเกษตรกำหนด
ข้อตรวจพบที่ 2 
การดำเนินการของศูนย์เรียนรู้การเพิ่มประสิทธิภาพการผลิตสินค้าเกษตรยังไม่บรรลุผลสำเร็จตามวัตถุประสงค์ที่กรมส่งเ","เพื่อให้การดำเนินการศูนย์เรียนรู้การเพิ่มประสิทธิภาพการผลิตสินค้าเกษตรเป็นไปอย่างมีประสิทธิภาพและประสิทธิผลมากยิ่งขึ้น 
สำนักงานการตรวจเงินแผ่นดินมีข้อเสนอแนะให้เกษตรอำเภอ เกษตรจังหวัด 
และผู้ว่าราชการจังหวัดพิจารณาดำเนินการ ดังนี้



เกษตรอำเภอ
1. ให้ศูน","การดำเนินการของศูนย์เรียนรู้การเพิ่มประสิทธิภาพการผลิตสินค้าเกษตร 
ไม่เป็นไปตามแผนงานที่กรมส่งเสริมการเกษตรที่กำหนด 
และยังไม่บรรลุวัตถุประสงค์ที่กรมส่งเสริมการเกษตรเท่าที่ควร 
มีสาเหตุที่สำคัญมาจาก
1. การประชาสัมพันธ์ข้อมูลข่าวสารของ ศพก. 
และความรู้ความ"
FL-1513,ผลการตรวจสอบด้านอื่น ๆ                                                                              ,เทศบาลเมืองเดชอุดม,โครงการการบริหารจัดการขยะมูลฝอยของเทศบาลนครอุบลราชธานีและเทศบาลเมืองเดชอุดม,2560,,,"ข้อสังเกตที่ 2 
การก่อสร้างบางรายการไม่เป็นไปตามแบบรูปรายการและเงื่อนไขสัญญาจ้าง 
จากการตรวจสอบสังเกตการณ์งานก่อสร้างตามสัญญาจ้างก่อสร้างฯ เลขที่ 10/2555 
ลงวันที่ 5 กันยายน 2555 
พบว่ามีการก่อสร้างบางรายการไม่เป็นไปตามแบบรูปรายการและเงื่อนไขสัญญาจ้าง 
เช","นายกเทศบาลเมืองเดชอุดมพิจารณาดำเนินการก่อนที่เทศบาลเมืองเดชอุดมจะตรวจรับงานจ้างงวดสุดท้าย 
โดยให้กำชับช่างควบคุมงาน 
คณะกรรมการตรวจการจ้างดำเนินการให้เป็นไปตามระเบียบกระทรวงมหาดไทยว่าด้วยการพัสดุของหน่วยการบริหารราชการส่วนท้องถิ่น 
พ.ศ. 2535 และที่แก้ไขเพ",
FL-1514,ผลการตรวจสอบด้านอื่น ๆ                                                                              ,สำนักงานคณะกรรมการส่งเสริมการลงทุน,การส่งเสริมการลงทุน,2561,,,"๑ การดำเนินงานตามยุทธศาสตร์การส่งเสริมการลงทุนในระยะ ๗ ปี (พ.ศ. ๒๕๕๘ - 
๒๕๖๔) ของ สกท. พบว่า สกท. 
ไม่มีการรายงานความก้าวหน้าของการดำเนินงานตามยุทธศาสตร์ฯ 
ในรูปแบบที่สะท้อนให้เห็นภาพรวมของยุทธศาสตร์ที่แสดงผลการดำเนินงานตามทิศทางการส่งเสริมการลงทุนในแต่ละ","ดำเนินการตามมติ กกท. ในคราวประชุมครั้งที่ ๕/๒๕๕๗ เมื่อวันที่ ๒๕ พฤศจิกายน 
๒๕๕๗ ที่มอบให้ สกท. 
พิจารณาประเมินผลการดำเนินงานตามยุทธศาสตร์การส่งเสริมการลงทุนในระยะ ๗ ปีฯ 
เมื่อครบกำหนด ๓ ปี 
โดยกำหนดรูปแบบการรายงานที่สะท้อนให้เห็นถึงความคืบหน้าในการดำเนินง",
FL-1515,ผลการตรวจสอบด้านอื่น ๆ                                                                              ,สำนักงานคณะกรรมการคุ้มครองผู้บริโภค,การคุ้มครองผู้บริโภคของสำนักงานคณะกรรมการคุ้มครองผู้บริโภค,2560,,"1. วิธีการประชาสัมพันธ์ความรู้ของ สคบ. ไม่สอดคล้องกับช่องทางการรับรู้
ของประชาชน
2.การเผยแพร่ประชาสัมพันธ์ของ สคบ. ยังไม่ครอบคลุมทั้งประเทศ
3.สคบ. ยังไม่มีแผนงาน/แนวทางในการส่งเสริมสนับสนุนให้คณะอนุกรรมการคุ้มครอง
ผู้บริโภคประจำจังหวัด และคณะอนุกรรมการคุ้","ประชาชนยังไม่มีความรู้ความเข้าใจในสิทธิของผู้บริโภค
","ตามข้อเสนอแนะที่ 1
","การที่ประชาชนยังขาดความรู้ความเข้าใจในสิทธิของผู้บริโภค 
ไม่ตระหนักถึงสิทธิในฐานะผู้บริโภคเมื่อถูกเอารัดเอาเปรียบจากการซื้อสินค้า
และบริการ รวมถึงไม่ได้รับรู้ข้อมูลข่าวสาร
ที่เกี่ยวข้องกับการคุ้มครองบริโภค 
ส่งผลให้ประชาชนต้องถูกผู้ประกอบธุรกิจเอารัดเอาเป"
FL-1516,ผลการตรวจสอบด้านอื่น ๆ                                                                              ,สำนักงานปศุสัตว์จังหวัดนครศรีธรรมราช,โครงการนครเกษตรก้าวหน้าประจำปีงบประมาณ 2557,2559,,"สำนักงานเกษตรจังหวัดนครศรีธรรมราช
1.ภัยแล้งไม่มีนำ้ในการเพาะปลูก นำ้ท่วมพื้นที่ๆจะเพาะปลูก
สำนักงานปศุสัตว์จังหวัดนครศรีธรรมราช
1.จัดซื้อวัสดุอุปกรณ์โดยไม่การสอบถามความต้องการของกลุ่มเป้าหมาย
2.ดำเนินการส่งมอบวัสดุล่าช้า
3.ขาดการติดตามทำความเข้สใจให้กลุ่ม","วัสดุอุปกรณ์ที่รักแจกสนับสนุนไม่ใช้ประโยชน์/ใช้ไม่ตรงตามวัตถุประสงค์ของโครงการ
สำนักงานเกษตรจังหวัดนครศรีธรรมราช
2.1 กิจกรรมส่งเสริมการปลูกไม้ดอกไม้ประดับไม้ตัดใบเพื่อการค้ามีการแจกไม่ตรงกับใบจัดสรร 
1 ราย ไม่ติดตั้งอุปกรณ์ระบบนำ้จำนวน 3 ราย
สำนักงานปศุสั","1.ให้สำนักงานเกษตรเร่งรัดติดตามการปลูกไม้ดอกไม้ประดับไม้ตัดใบและติดตั้งระบบแปลงนำ้และให้คำแนะนำช่วยเหลือเพื่อให้เกษตรกรสามารถดำเนินการตามเป้าหมายที่กำหนดได้
2.ให้สำนักงานปศุสัตว์ให้ความสำคัญในการสอบถามความต้องการของกลุ่มเป้าหมายและส่งมอบวัสดุให้ทันเวลาที่","ทำให้วัสดุอุปกรณ์ที่สนัยสนุนไม่ได้ใช้งานให้เป็นไปตามวัตถุประสงค์ของโาครงการ
"
FL-1517,ผลการตรวจสอบด้านอื่น ๆ                                                                              ,สำนักงานธนารักษ์พื้นที่นครศรีธรรมราช,ตรวจสอบการจัดเก็บรายได้ของสำนักงานธนารักษ์พื้นที่นครศรีธรรมราช งวดปีงบประมาณ พ.ศ. 2557,2559,,,"ข้อสังเกต
1.มีลูกหนี้ค่าเช่าที่ร่าชพัสดุค้างชำระ 191 ราย เป็นเงิน 533,665.00 บาท
2.สัญญาเช่าที่ราชพัสดุขาดอายุไม่มีการเรียกผู้เช่ามาต่อสัญญาให้เป็นปัจจุบัน
3.มีการครอบครองที่ราชพัสดุโดยไม่ถูกต้อง ใช้ผิดวัตถุประสงค์ 
","ข้อเสนอแนะ
1.ให้เร่งรัดจัดเก็บลูกหนี้ค่าเช่าค้างชำระให้เสร็จสิ้นเป็นปัจจุบันด้วย
2.ให้ผู้เช่าที่ราชพัสดุที่สัญญาเช่าหมดอายุมาดำเนินการต่อสัญญาเช่าให้เป็นปัจจุบันด้วย
3.ให้ผู้ครอบครองที่ราชพัสดุแล้วนำไปใช้ผิดวัตถุประัสงค์ปฏิบัติตามหนังสือกรมธนารักษ์ 
ด่วนม","ผลกระทบ
1.ทำให้รัฐสูญเสียรายได้

"
FL-1518,ผลการตรวจสอบด้านอื่น ๆ                                                                              ,กรมสรรพากร,การตรวจสอบการจัดการภาษีอากรค้าง,2559,,"1. 
การกำหนดเป้าหมายเร่งรัดอากรค้างยังไม่มีความท้าทายตามหลักการกำหนดเป้าหมายที่ดี
2. การจำหน่ายหนี้ภาษีอากรไม่เป็นไปตามเป้าหมาย
3. การกำหนดกรอบอัตรากำลังเจ้าหน้าที่เร่งรัดไม่สอดคล้องกับปริมาณงาน
4. การจัดสรรเจ้าหน้าที่เร่งรัดไม่เป็นไปตามกรอบอัตรากำลัง
5. ","มีภาษีอากรค้างจำนวนมากและมีแนวโน้มเพิ่มสูงขึ้นอย่างต่อเนื่อง
  จากการตรวจสอบการจัดเก็บภาษีอากรค้างตั้งแต่ ปี พ.ศ. 2553-2557 พบว่า 
มีอากรค้างยกไปเฉลี่ยปีละ 112,487.79 ล้านบาท
","1. ควรทบทวนการกำหนดเป้าหมายการเร่งรัดภาษีอากรค้างให้มีความท้าทาย
2, เร่งรัดให้มีการจัดประชุมคณะกรรมการจำหน่ายหนี้ภาษีอากรอย่างน้อยปีละครั้ง
3. ทบทวนการกำหนดกรอบอัตรากำลังเจ้าหน้าที่เร่งรัด
4. ทบทวนการจัดสรรเจ้าหน้าที่เร่งรัดให้เป็นไปตามกรอบอัตรากำลัง
5. เ","ทำให้รัฐสูญเสียโอกาสในการนำเงินที่จะได้จากการจัดเก็บภาษีอากรค้างดังกล่าว
ไปใช้ในการพัฒนาประเทศทั้งในด้านเศรษฐกิจและสังคม
"
FL-1519,ผลการตรวจสอบด้านอื่น ๆ                                                                              ,กรมวิชาการเกษตร,การควบคุมวัตถุอันตรายทางการเกษตร,2559,,"สาเหตุที่ทำให้ร้านจำหน่ายวัตถุอันตรายทางการเกษตรบางส่วนยังมีการฝ่าฝืนหรือไม่ปฏิบัติตามกฎหมาย 
สรุปได้ดังนี้
	1. 
กรมวิชาการเกษตรยังไม่มีแนวปฏิบัติที่ชัดเจนในการติดตามการต่ออายุใบอนุญาตและการแจ้งยกเลิกใบอนุญาตมีไว้ในครอบครองซึ่งวัตถุอันตราย 
(วอ.8) เพื่อให","๑. 
ร้านจำหน่ายวัตถุอันตรายทางการเกษตรบางส่วนยังมีการฝ่าฝืนหรือไม่ปฏิบัติตามกฎหมายที่กำหนด
     ๑.๑ 
ร้านจำหน่ายวัตถุอันตรายทางการเกษตรโดยไม่ขออนุญาตและไม่ขอต่ออายุใบอนุญาตมีไว้ในครอบครองซึ่งวัตถุอันตราย 
(เพื่อขาย) จากการตรวจสอบร้านจำหน่ายจำนวน ๑๒๓ ร้าน ","จากสภาพปัญหาในการดำเนินงานควบคุมวัตถุอันตรายทางการเกษตรที่ยังไม่เป็นไปตามกฎหมายดังกล่าว 
สำนักงานการตรวจเงินแผ่นดินมีข้อเสนอแนะให้อธิบดีกรมวิชาการเกษตรพิจารณาดำเนินการ 
ดังนี้
	1. กำหนดแนวทางปฏิบัติเพื่อให้การปฏิบัติงานเป็นมาตรฐานเดียวกัน 
ทั้งในกรณีการแจ","จากการที่ยังมีร้านจำหน่ายวัตถุอันตรายทางการเกษตรโดยไม่ขออนุญาต 
และไม่ขอต่ออายุใบอนุญาตมีไว้ในครอบครองซึ่งวัตถุอันตราย (วอ.8) ส่งผลกระทบ 
ดังนี้
	1. 
ทำให้เกิดความเสี่ยงที่ร้านจำหน่ายวัตถุอันตรายทางการเกษตรอาจจำหน่ายวัตถุอันตรายปลอม 
ไม่ได้มาตรฐาน หรือด้อ"
FL-1521,ผลการตรวจสอบด้านอื่น ๆ                                                                              ,กรมส่งเสริมการปกครองท้องถิ่น,โครงการสร้างหลักประกันด้านรายได้แก่ผู้สูงอายุ,2559,,"1. กรมส่งเสริมการปกครองท้องถิ่นไม่ได้กำหนดแนวทางปฏิบัติให้องค์กรปกครอง
ส่วนท้องถิ่นดำเนินการตรวจสอบคุณสมบัติของผู้สูงอายุให้ชัดเจนและครอบคลุม
2.องค์กรปกครองส่วนท้องถิ่นไม่ได้ดำเนินการตรวจสอบคุณสมบัติของผู้มีสิทธ
รับเงินเบี้ยยังชีพผู้สูงอายุให้แน่ใจว่าผู้ส","การบริหารจัดการโครงการไม่เป็นไปตามหลักเกณฑ์ที่กำหนด
  1.องค์กรปกครองส่วนท้องถิ่นมีการจ่ายเงินเบี้ยยังชีพให้แก่ผู้สูงอาย
ที่เสียชีวิตแล้ว จำนวน 52 แห่ง หรือคิดเป็นร้อยละ 83.87 
ขององค์กรปกครองส่วนท้องถิ่นที่สุ่มตรวจสอบ จำนวน 62 แห่ง 
โดยจ่ายให้กับผู้สูงอาย","1.สั่งการให้อธิบดีกรมส่งเสริมการปกครองท้องถิ่น ดำเนินการดังนี้
  1.1 กำหนดแนวทางปฏิบัติให้องค์กรปกครองส่วนท้องถิ่นดำเนินการตรวจสอบคุณสมบัติ
ของผู้สูงอายุให้ชัดเจนและครอบคลุม ในเรื่องต่อไปนี้
      1.1.1 ตรวจสอบสถานะการดำรงชีวิตอยู่ของผู้สูงอายุที่มีสิทธิร","1.การจ่ายเงินเบี้ยยังชีพให้แก่ผู้สูงอายุที่เสียชีวิตแล้วหากไม่มีการตรวจสอบ
ทำให้การใช้จ่ายงบประมาณเกิดความสูญเปล่าของงบประมาณแผ่นดิน 
2.การจ่ายเงินเบี้ยยังชีพให้แก่ผู้สูงอายุที่ได้รับเงินสวัสดิการอื่นจากรัฐ
ทำให้การใช้จ่ายเงินงบประมาณขององค์กรปกครองส่วนท้"
FL-1522,ผลการตรวจสอบด้านอื่น ๆ                                                                              ,สำนักงานคณะกรรมการการศึกษาขั้นพื้นฐาน,การก่อสร้างปรับปรุง ซ่อมแซมสิ่งก่อสร้างที่ชำรุดทรุดโทรมและที่ประสบอุบัติภัยของงบแปรญัตติ ปีงบประมาณ 2555 และ 2556,2558,,"เนื่องจากไม่มีการสำรวจรายการที่มีความจำเป็นเร่งด่วนอย่างแท้จริงตามมติคณะรัฐมนตรี 
โดยมีการกำหนดให้โรงเรียนในสังกัดวิเคราะห์และจัดทำข้อมูลความขาดแคลน 
แต่ต้องดำเนินการตามรายการที่แจ้งในหนังสือแจ้งจัดสรรงบประมาณ 
และการประสานงานจากสมาชิกสภาผู้แทนราษฎร 
ซึ่ง","ข้อตรวจพบที่ 1	การเสนอขอเพิ่ม การพิจารณา 
และการจัดสรรงบประมาณรายจ่ายประจำปีงบประมาณ พ.ศ. 2555 และ 2556 (งบแปรญัตติ) 
ไม่เป็นไปตามแนวทางและหลักเกณฑ์ตามมติคณะรัฐมนตรี
","1. การเสนอขอเพิ่มงบประมาณรายจ่ายประจำปีงบประมาณ (งบแปรญัตติ) 
ควรมีการวิเคราะห์รายการของงบลงทุนตามความต้องการที่เป็นความจำเป็นเร่งด่วน 
ความขาดแคลน และข้อมูลตามเกณฑ์มาตรฐานครุภัณฑ์และสิ่งก่อสร้าง 
โดยมีการสำรวจข้อมูลของโรงเรียน 
และจัดทำฐานข้อมูลเพื่อใช้ใ","(1) ทำให้การใช้จ่ายเงินงบประมาณแผ่นดินเป็นไปอย่างไม่มีประสิทธิภาพ 
ประสิทธิผล และไม่สามารถแก้ไขปัญหาเร่งด่วนและทดแทนความขาดแคลนให้กับโรงเรียน 
(2) ทำให้เกิดความเสียหายต่อเงินงบประมาณแผ่นดินเป็นจำนวนมาก 
โดยมีครุภัณฑ์การศึกษาที่จัดซื้อไม่มีการใช้ประโยชน์ 
"
FL-1729,ผลที่ได้จากโครงการไม่ตรงกับความต้องการของประชาชน                                                    ,กรมบัญชีกลาง,โครงการประชารัฐสวัสดิการ,2562,,"แนวนโยบายในการให้ความช่วยเหลือที่กำหนดตามโครงการ 
เป็นการดำเนินการในลักษณะภาพรวมเดียวกันทั้งประเทศเพื่อให้เกิดความ
สะดวกในการดำเนินงานภาพรวมโครงการ 
ประกอบกับการกำหนดแนวทางโดยภาครัฐยังไม่มีข้อมูลของประชาชนกลุ่ม
เป้าหมายที่จะสามารถใช้ในการวิเคราะห์เชิงลึก ","สวัสดิการที่ช่วยเหลือผ่านบัตรสวัสดิการแห่งรัฐ 
บางรายการยังไม่เกิดประโยชน์สำหรับกลุ่มเป้าหมายอย่างแท้จริง
","เพื่อให้ประชาชนกลุ่มเป้าหมายสามารถใช้ประโยชน์จากสิทธิสวัสดิการแห่งรัฐ
ที่จัดสรรเพื่อเป็นการช่วยเหลือเฉพาะหน้า 
และเพื่อให้สามารถเข้าถึงสวัสดิการแห่งรัฐได้อย่างเท่าเทียมกัน 
สำนักงานการตรวจเงินแผ่นดิน 
มีข้อเสนอแนะให้สำนักงานปลัดกระทรวงการคลังพิจารณาสั่งกา","เกิดความเหลื่อมล้ำในสิทธิการเข้าถึงสวัสดิการแห่งรัฐตามโครงการ 
โดยเฉพาะประชาชนในพื้นที่ชนบทห่างไกล 
ระบบบริการของภาครัฐยังเข้าไม่ถึงกลุ่มประชาชนดังกล่าว อาทิ 
ระบบประปาของการประปาภูมิภาคหรือการประปานครหลวง 
การไฟฟ้านครหลวงหรือการไฟฟ้าส่วนภูมิภาค ตลอดจนระบ"
FL-1730,ผลที่ได้จากโครงการไม่ตรงกับความต้องการของประชาชน                                                    ,เทศบาลเมืองเดชอุดม,โครงการการบริหารจัดการขยะมูลฝอยของเทศบาลนครอุบลราชธานีและเทศบาลเมืองเดชอุดม,2560,,"1. 
หน่วยงานของรัฐขาดการเตรียมความพร้อมด้านการมีส่วนร่วมก่อนที่จะคัดเลือกพื้นที่เพื่อกำจัดขยะมูลฝอย 
เทศบาลฯ องค์การบริหารส่วนตำบลกลาง และหน่วยงานอื่นๆ 
ไม่มีการเตรียมความพร้อมด้านระบบการมีส่วนร่วมของประชาชน ตัวอย่างเช่น 
การจัดตั้งกลุ่มอาสาสมัครสิ่งแวดล้","ข้อตรวจพบที่ 1 
ประชาชนในพื้นที่ส่วนใหญ่คัดค้านไม่ให้เทศบาลเมืองเดชอุดมนำขยะมาทิ้งในโครงการ
","สำนักงานการตรวจเงินแผ่นดินมีข้อเสนอแนะให้หน่วยงานที่รับผิดชอบ 
เพื่อพิจารณาดำเนินการ ดังนี้
1. แจ้งให้องค์การบริหารส่วนตำบลกลาง พิจารณาดำเนินการ ดังนี้
1.1 ให้องค์การบริหารส่วนตำบลกลาง เรียกประชุมผู้ที่เกี่ยวข้องเพื่อสรุปปัญหา 
และหาแนวทางการใช้ประโยชน์โค","1. 
การดำเนินโครงการก่อสร้างระบบกำจัดขยะมูลฝอยของเทศบาลเมืองเดชอุดมมีความล่าช้ากว่าแผนที่กำหนด 
ซึ่งตามแบบเสนอโครงการกำหนดระยะเวลาแล้วเสร็จปีงบประมาณ 2552 
และผูกพันงบประมาณปีงบประมาณ 2552-2553 
(ตามแผนที่ได้รับการสนับสนุนและแผนปฏิบัติการสิ่งแวดล้อม) 
ปัจ"
FL-1731,ผลที่ได้จากโครงการไม่ตรงกับความต้องการของประชาชน                                                    ,เทศบาลเมืองเดชอุดม,โครงการการบริหารจัดการขยะมูลฝอยของเทศบาลนครอุบลราชธานีและเทศบาลเมืองเดชอุดม,2560,,"การที่ประชาชนในพื้นที่ส่วนใหญ่คัดค้านไม่ให้เทศบาลฯ นำขยะมาทิ้งในโครงการ 
มีสาเหตุ ดังนี้
1. 
หน่วยงานของรัฐขาดการเตรียมความพร้อมด้านการมีส่วนร่วมก่อนที่จะคัดเลือกพื้นที่เพื่อกำจัดขยะมูลฝอย 
เทศบาลฯ องค์การบริหารส่วนตำบลกลาง และหน่วยงานอื่นๆ 
ไม่มีการเตรีย","ข้อตรวจพบที่ 	1 
ประชาชนในพื้นที่ส่วนใหญ่คัดค้านไม่ให้เทศบาลเมืองเดชอุดมนำขยะมาทิ้งในโครงการ
ข้อสังเกต	1. การสำรวจความคิดเห็นของประชาชนไม่ถูกต้อง
		2. 
การก่อสร้างบางรายการไม่เป็นไปตามแบบรูปรายการและเงื่อนไขสัญญาจ้าง 

","1. แจ้งให้องค์การบริหารส่วนตำบลกลาง พิจารณาดำเนินการ ดังนี้
1.1 ให้องค์การบริหารส่วนตำบลกลาง เรียกประชุมผู้ที่เกี่ยวข้องเพื่อสรุปปัญหา 
และหาแนวทางการใช้ประโยชน์โครงการในทางสร้างสรรค์ร่วมกัน 
และเป็นที่ยอมรับของประชาชนในพื้นที่ 
เพื่อนำเสนอแนวทางการใช้ประ","1. 
การดำเนินโครงการก่อสร้างระบบกำจัดขยะมูลฝอยของเทศบาลเมืองเดชอุดมมีความล่าช้ากว่าแผนที่กำหนด 
ซึ่งตามแบบเสนอโครงการกำหนดระยะเวลาแล้วเสร็จปีงบประมาณ 2552 
และผูกพันงบประมาณปีงบประมาณ 2552-2553 
(ตามแผนที่ได้รับการสนับสนุนและแผนปฏิบัติการสิ่งแวดล้อม) 
ปัจ"
FL-1750,แผนงานไม่สอดคล้องกับวัตถุประสงค์และสภาพความเป็นจริง                                                 ,กลุ่มจังหวัดภาคกลางตอนบน,โครงการเพิ่มประสิทธิภาพการผลิตเพื่อส่งเสริมอุตสาหกรรมและการเกษตรเชิงสร้างสรรค์,2562,,"เนื่องจากไม่ได้มีการประเมินความสอดคล้องและเชื่อมโยงของตัวชี้วัดและค่าเป้าหมาย 
ระหว่างโครงการกับกิจกรรมภายใต้โครงการ 
ทั้งในขั้นตอนการจัดทำกิจกรรมภายใต้โครงการเพื่อเสนอขออนุมัติของหน่วยดำเนินการ 
และขั้นตอนการพิจารณาให้ความเห็นชอบโครงการและกิจกรรมภายใต้โค","กิจกรรมภายใต้โครงการไม่สนับสนุนต่อความสำเร็จตามตัวชี้วัดและเป้าหมายของโครงการ
   จากการตรวจสอบเอกสารการดำเนินงานกิจกรรมภายใต้โครงการ 
และสัมภาษณ์หรือสอบถามหัวหน้าหน่วยดำเนินการ 
รวมทั้งเจ้าหน้าที่ที่เกี่ยวข้องและกลุ่มเป้าหมายหรือผู้มีส่วนได้ส่วนเสียของกิจ","1.สั่งการกลุ่มงานบริหารยุทธศาสตร์กลุ่มจังหวัดภาคกลางตอนบน 
ให้แจ้งปัญหากิจกรรมภายใต้โครงการไม่สนับสนุนต่อความสำเร็จโครงการ 
และข้อเสนอแนะตามผลการตรวจสอบให้คณะกรรมการบริหารงานกลุ่มจังหวัดแบบบูรณาการ 
ทราบ เพื่อใช้เป็นข้อมูลประกอบในการพิจารณาดำเนินการตามอำน","ทำให้ตัวชี้วัดและค่าเป้าหมายของกิจกรรมภายใต้โครงการไม่สอดคล้องและไม่สามารถเชื่อมโยงเพื่อสนับสนุนหรือส่งผลให้การดำเนินงานโครงการบรรลุผลสำเร็จตามตั้วชี้วัดและเป้าหมายที่กำหนดไว้ได้
"
FL-1751,แผนงานไม่สอดคล้องกับวัตถุประสงค์และสภาพความเป็นจริง                                                 ,ที่ทำการปกครองอำเภอบางซ้าย,โครงการนวัตกรรม วัฒนธรรมสายน้ำเจ้าพระยา-ป่าสัก เพื่อการท่องเที่ยว,2562,,"1. 
หน่วยงานที่รับผิดชอบการดำเนินโครงการขาดการวางแผนการใช้จ่ายเงินงบประมาณอย่างเป็นระบบ 
และใช้จ่ายเงินงบประมาณในการดำเนินกิจกรรมของโครงการโดยไม่ได้คำนึงถึงความสอดคล้องของกิจกรรมนั้น 
ๆ กับวัตถุประสงค์ของโครงการ 
จึงทำให้มีการใช้จ่ายเงินงบประมาณในการดำเนิ","กิจกรรมที่ดำเนินการไม่สอดคล้องกับวัตถุประสงค์ของโครงการ
  1.สำนักงานส่งเสริมการปกครองท้องถิ่นจังหวัดสระบุรี 
มีการดำเนินงานภายใต้กิจกรรมที่ไม่สอดคล้องกับวัตถุประสงค์ของโครงการนวัตกรรมฯ 
จำนวน 2 งาน 
และไม่ได้ส่งมอบทรัพย์สินของโครงการให้อปท.เพื่อดูแลและบริ","1.การดำเนินโครงการในโอกาสต่อไป ควรมีการประเมินความพร้อม 
รวมทั้งศึกษาความเป็นไปได้และความเหมาะสมกับสภาพพื้นที่ดำเนินการ 
เพื่อให้ทราบถึงปัญหาอุปสรรคที่อาจทำให้ไม่สามารถปฏิบัิตงานได้ 
รวมทั้งควรมีการวางแผนการจัดซื้อจัดจ้างและการใช้จ่ายเงินงบประมาณให้มีความ","   กรณีหน่วยงานที่รับผิดชอบการดำเนินโครงการ 
บริหารจัดการโครงการไม่เป็นไปตามแนวทางที่กำหนดไว้ 
โดยใช้จ่ายงบประมาณในการดำเนินงานที่ไม่สอดคล้องกับวัตถุประสงค์ของโครงการซึ่งไม่ได้เป็นการส่งเสริมการท่องเที่ยวหรือพัฒนาแหล่งท่องเที่ยว 
เช่น 
การใช้จ่ายเงินเป็นค"
FL-1752,แผนงานไม่สอดคล้องกับวัตถุประสงค์และสภาพความเป็นจริง                                                 ,สำนักนายกรัฐมนตรี,กองทุนหมู่บ้านและชุมชนเมืองแห่งชาติ,2561,,"1.	
กองทุนหมู่บ้านบางส่วนยังมีปัญหาหรือจุดอ่อนเกี่ยวกับระบบการควบคุมทางด้าน
การเงินและบัญชี 

2.กองทุนหมู่บ้านบางส่วนดำเนินการไม่เป็นไปตามระเบียบที่ สทบ. กำหนด 
โดยพบว่า
2.1ไม่ปิดประกาศเปิดเผยข้อมูลอัตราดอกเบี้ยหรือค่าตอบแทน 
2.2ไม่มีการกำหนดระเบียบ ข้อบั","ข้อตรวจพบที่ 3	
กองทุนหมู่บ้านที่สุ่มตรวจสอบยังมีจุดอ่อนเกี่ยวกับระบบควบคุมการดำเนินงาน
รวมถึงการจัดทำหลักฐานทางด้านการเงินและบัญชี
","สำนักงานการตรวจเงินแผ่นดินมีข้อเสนอแนะให้ผู้อำนวยการสำนักงานกองทุนหมู่บ้าน
และชุมชนเมืองแห่งชาติพิจารณาดำเนินการดังนี้
1. กำหนดแนวทางปฏิบัติต่าง ๆ 
เพื่อให้กองทุนหมู่บ้านทุกกองทุนต้องมีระบบควบคุมทางด้านการเงินและบัญชีในทุกบัญชี 
รวมถึงได้รับการตรวจสอบบัญช",
FL-1753,แผนงานไม่สอดคล้องกับวัตถุประสงค์และสภาพความเป็นจริง                                                 ,กรมที่ดิน,การบริหารจัดการระบบเทคโนโลยีสารสนเทศและการสื่อสาร,2560,,"กรมที่ดินมีการพิจารณาจัดสรรครุภัณฑ์คอมพิวเตอร์และอุปกรณ์ต่าง ๆ โดยไม่ได้มีการลง
สำรวจตรวจสอบครุภัณฑ์คอมพิวเตอร์และอุปกรณ์ต่าง ๆ ในสำนักงานที่ดิน ถึงความมีอยู่
จริง ความต้องการ ความจำเป็น และความเหมาะสมในการใช้งาน ก่อนที่จะดำเนินการจัดสรร
","ครุภัณฑ์คอมพิวเตอร์และอุปกรณ์ในสำนักงานที่ดินยังไม่ได้ใช้ประโยชน์
","1.ในโอกาสต่อไปก่อนการพิจารณาอนุมัติแผนการพัฒนาระบบคอมพิวเตอร์และการจัดสรร
ครุภัณฑ์คอมพิวเตอร์และอุปกรณ์สำหรับใช้ปฏิบัติภารกิจในสำนักงานที่ดิน ให้กรมที่ดิน
สำรวจตรวจสอบครุภัณฑ์คอมพิวเตอร์และอุปกรณ์ในสำนักงานที่ดิน ถึงความมีอยู่จริง 
ความต้องการ ความเหมาะสม","ส่งผลกระทบต่อการใช้จ่ายงบประมาณแผ่นดิน ไม่เป็นไปโดยประหยัดและไม่เกิดความคุ้มค่า 
"
FL-1754,แผนงานไม่สอดคล้องกับวัตถุประสงค์และสภาพความเป็นจริง                                                 ,กรมป้องกันและบรรเทาสาธารณภัย,การบริหารจัดการเครื่องจักรกล ยานพาหนะเพื่อใช้สนับสนุนการปฏิบัติงานบรรเทาและฟื้นฟูสาธารณภัย,2560,,"กรมป้องกันและบรรเทาสาธารณภัยไม่ให้ความสำคัญในการจัดหาเครื่องจักรกล 
ยานพาหนะให้เป็นไปตามมาตรฐานชุดเครื่องจักรกลสาธารณภัยที่กำหนด
","จากการตรวจสอบพบว่า การจัดหาเครื่องจักรกล ยานพาหนะ 
และเครื่องมืออุปกรณ์ที่ใช้
ในการปฏิบัติงานไม่เป็นไปตามมาตรฐานชุดเครื่องจักรกลสาธารณภัยกำหนด จำนวน 5 
ประเภท จำนวน
120 คัน/ลำ ได้แก่ ยานโฮเวอร์คราฟท์ 
รถบรรทุกพร้อมเรือยนต์กู้ภัยเคลื่อนที่เร็ว 
รถยนต์ต่อต้","1.ทบทวนมาตรฐานชุดเครื่องจักรกลสาธารณภัยให้มีความเหมาะสม สอดคล้องกับ
สาธารณภัยที่เกิดขึ้นในเขตพื้นที่รับผิดชอบของศูนย์ ปภ. เขต 
โดยให้หน่วยงานที่เกี่ยวข้องมีส่วนร่วม
ในการจัดทำมาตรฐานชุดเครื่องจักรกลสาธารณภัย และพิจารณาเหตุผล 
ความจำเป็นในการกำหนดมาตรฐานชุ","ศูนย์ ปภ. เขต 
มีค่าใช้จ่ายสำหรับเครื่องจักรกลที่จอดรองานในขณะที่ยังไม่เกิดภัยเพิ่มขึ้น 
"
FL-1755,แผนงานไม่สอดคล้องกับวัตถุประสงค์และสภาพความเป็นจริง                                                 ,กรมพลศึกษา,แผนการก่อสร้างสนามกีฬาระดับอำเภอและตำบล ระยะเวลา 5 ปี (พ.ศ..555-2559) กรมพละศึกษา กระทรวงการท่องเที่ยวและกีฬา,2559,,"1.ไม่ให้ความสำคัญอย่างเคร่งครัดกับการปฏิบัติตามหลักเกณฑ์ในการคัดเลือกพื้นที่
เพื่อก่อสร้างสนามกีฬา อีกทั้งขาดการสำรวจพื้นที่เพื่อสอบทานและปรับปรุงฐานข้อมูล
ที่เสนอคำขอรับจัดสรรสนามกีฬาระดับอำเภอและตำบลก่อนเสนอขอรับการจัดสรร
งบประมาณในแต่ละปี โดยใช้ฐานข้อม","กระบวนการพิจารณาและสนับสนุนเพื่อก่อสร้างสนามกีฬาระดับอำเภอและ ตำบล 
ไม่ได้คำนึงถึงความพร้อม 
ความเหมาะสมสอดคล้องตามสภาพความจำเป็นและความต้องการของพื้นที่เป้าหมาย
","1.หากต้องรับผิดชอบการดำเนินงานตามโครงการใด ๆ ในระยะต่อไป ภายใต
ภารกิจความรับผิดชอบของกรมพลศึกษา ต้องให้ความสำคัญต่อการดำเนินการ
ตามกระบวนการ ขั้นตอน และหลักเกณฑ์ที่กำหนด โดยเคร่งครัด ทั้งนี้ ก่อน
ดำเนินโครงการ หน่วยงานที่รับผิดชอบต้องมีการวางแผนการปฏิบัติ","1.ทำให้การใช้จ่ายเงินงบประมาณแผ่นดินเป็นโดยไม่เกิดความประหยัด 
รวมมูลค่าประมาณ 236.70 ล้านบาท (จากสนามกีฬาที่สุ่มตรวจสอบจำนวน 84 แห่ง) 
เนื่องจากสนามกีฬาบางแห่งมีสิ่งปลูกสร้างเดิมหรือสนามกีฬาเดิมที่ยังสามารถ
ใช้ประโยชน์ได้ดี แต่ได้ทำการทุบรื้อเพื่อก่อสร้า"
FL-1756,แผนงานไม่สอดคล้องกับวัตถุประสงค์และสภาพความเป็นจริง                                                 ,กรมการท่องเที่ยว,การพัฒนาแหล่งท่องเที่ยวของกรมการท่องเที่ยว,2558,,"1.ปัญหาการจัดทำข้อเสนอโครงการของหน่วยงานเจ้าของโครงการ 
โดยยังไม่มีรายละเอียดข้อมูลที่ครบถ้วน ชัดเจน ที่จะสามารถวิเคราะห์ถึงความเหมาะสม
และความสำเร็จที่แท้จริงตามวัตถุประสงค์ของโครงการได้ 
2.กระบวนการพิจารณากลั่นกรองของสำนักงานการท่องเที่ยวและกีฬาจังหวัด/","ผลการดำเนินงานการพัฒนาแหล่งท่องเที่ยวไม่เป็นไปตามแผนที่กำหนดไว้
","ให้อธิบดีกรมการท่องเที่ยว พิจารณาดำเนินการดังนี้
1.รายงานข้อมูลปัญหา อุปสรรค โดยจัดทำอย่างเป็นลายลักษณ์อักษรเสนอไปยัง
ปลัดกระทรวงการท่องเที่ยวและกีฬา เพื่อรับทราบและนำเสนอต่อรัฐมนตรีว่าการ
กระทรวงการท่องเที่ยวและกีฬาเพื่อนำเสนอต่อคณะรัฐมนตรีให้รับทราบปัญห","1.ทำให้สภาพต่าง ๆ ของพื้นที่หรือความต้องการและความจำเป็นอาจเปลี่ยนแปลงไป 
อาจไม่สามารถแก้ปัญหาตามเหตุผลและความจำเป็นที่กำหนดไว้ในแต่ละโครงการ 
ส่งผลให้การใช้จ่ายงบประมาณไม่คุ้มค่า ซึ่งเป็นการบริหารงบประมาณ
ที่ไม่มีประสิทธิภาพ ส่งผลกระทบต่อการหมุนเวียนของเ"
FL-1757,แผนงานไม่สอดคล้องกับวัตถุประสงค์และสภาพความเป็นจริง                                                 ,กรมเจ้าท่า,การพัฒนาและบำรุงรักษาโครงสร้างพื้นฐานด้านการขนส่งทางน้ำ,2559,,"1.รูปแบบแนวทางการสำรวจข้อมูลเบื้องต้นของพื้นที่เป้าหมายแต่ละศูนย์พัฒนา
และบำรุงรักษาทางน้ำหรือหน่วยงานในพื้นที่ไม่ชัดเจน ไม่เป็นมาตรฐานเดียวกัน 
ขณะที่หน่วยงานที่รับผิดชอบในพื้นที่ไม่ได้มีการสำรวจข้อมูลเบื้องต้นสภาพปัจจุบัน
ของร่องน้ำ หรือมีการสำรวจแต่ไม่","ท่าเรือที่ดำเนินการก่อสร้างแล้วเสร็จบางส่วนไม่บรรลุผลสำเร็จตาม
วัตถุประสงค์หรือยังขาดความพร้อมในการใช้ประโยชน์
","1.อธิบดีกรมเจ้าท่า ให้พิจารณาดำเนินการ ดังนี้
1.1 ให้กำหนดเงื่อนไขในการศึกษาความเหมาะสมและความเป็นไปได้ในการก่อสร้าง
โดยท่าเรือเชิงพาณิชย์ จะต้องคำนึงถึงเงื่อนไขในการจัดเก็บรายได้ของกรมธนารักษ์ 
(ค่าเช่าท่าเรือ) ค่าใช้จ่ายในการซ่อมบำรุงท่าเรือ แนวทางการบร","1.ทำให้การใช้จ่ายเงินงบประมาณแผ่นดินในการขุดลอกร่องน้ำไม่มีประสิทธิภาพ 
เนื่องจากการขุดลอกร่องน้ำในแต่ละร่องน้ำไม่เป็นไปตามแผนปฏิบัติงานขุดลอกที่กำหนด 
โดยบางร่องน้ำได้ปริมาณดิน ระยะทางน้อยกว่าแผนที่กำหนด 
หรือดำเนินการไม่เป็นไปตามรูปแบบ/ตามแผนที่ก่อนการข"
FL-1758,แผนงานไม่สอดคล้องกับวัตถุประสงค์และสภาพความเป็นจริง                                                 ,กรมท่าอากาศยาน,การบริหารท่าอากาศยานภูมิภาค 28 แห่ง,2558,,"1.กรมการบินพลเรือนไม่ได้ให้ความสำคัญอย่างจริงจังต่อการบริหารจัดการครุภัณฑ์ 
ด้านความปลอดภัยและอำนวยความสะดวก สำหรับการให้บริการของท่าอากาศยานแต่ละแห่ง 
รวมถึงไม่มีการบริหารจัดการพัสดุอย่างเหมาะสมตามระเบียบที่กำหนดไว้ 
โดยเฉพาะครุภัณฑ์จำนวนมากซึ่งมีอายุการ","พื้นที่บางส่วนของอาคารผู้โดยสารและครุภัณฑ์บางรายการไม่ได้ใช้ประโยชน์ตาม
วัตถุประสงค์ และขาดการดูแลบำรุงรักษา

","1.สั่งการท่าอากาศยานภูมิภาคทุกแห่งให้สำรวจพื้นที่อาคารที่ไม่ได้ใช้ประโยชน์
ตามวัตถุประสงค์ และให้ผู้บริหารท่าอากาศยานภูมิภาคพิจารณาหาแนวทางเบื้องต้น
และวางแผนบริหารจัดการให้มีการใช้ประโยชน์จากพื้นที่ดังกล่าวให้เกิดความคุ้มค่า
ตามความเหมาะสม เสนอให้กรมการบ","1.ทำให้เกิดความไม่คุ้มค่าของเงินงบประมาณ 
โดยคิดมูลค่าของครุภัณฑ์บางรายการที่ไม่ได้ใช้ประโยชน์ ประมาณ 348.98 ล้านบาท 
สำหรับพื้นที่อาคารที่พักผู้โดยสารบางส่วนที่ไม่ได้ใช้ประโยชน์ตามวัตถุประสงค์ 
ทำให้ท่าอากาศยานเสียโอกาสที่จะมีรายได้จากการให้เช่าพื้นที่คิ"
FL-1783,ไม่กำหนดหลักเกณฑ์หรือมาตรฐานที่ใช้ประเมินการบรรลุวัตถุประสงค์                                       ,การท่องเที่ยวแห่งประเทศไทย,การส่งเสริมการท่องเที่ยวเมืองรองและชุมชน,2563,,"มีการกำหนดเป้าหมายการดำเนินงานในพื้นที่จังหวัดท่องเที่ยวเมืองรองทั้งหมด 55      
จังหวัด ซึ่งไม่คำนึงถึงศักยภาพความพร้อมด้านการท่องเที่ยวของแต่ละจังหวัดที่มี    
ความแตกต่างกัน ประกอบกับเป็นนโยบายเร่งด่วนในการกระตุ้นเศรษฐกิจที่มีระยะเวลา     
ดำเนินการสั้","ข้อตรวจพบที่ 2 การส่งเสริมการท่องเที่ยวเมืองรองและชุมชนไม่มีการประเมินผลด้าน
การกระจายตัวของจำนวนนักท่องเที่ยวและรายได้ไปสู่ชุมชนและเศรษฐกิจฐานราก
","1.หารือร่วมกับปลัดกระทรวงการท่องเที่ยวและกีฬา และอธิบดีกรมการท่องเที่ยวในฐานะ   
ที่ร่วมกันเป็นฝ่ายเลขานุการของคณะกรรมการนโยบายการท่องเที่ยวแห่งชาติ เพื่อเสนอ   
ต่อคณะกรรมการฯ ให้มีการกำหนดแผนการส่งเสริมและพัฒนาการท่องเที่ยวจังหวัด          
ท่องเที่ยวเม","ทำให้ไม่สามารถประเมินผลในภาพรวมได้ว่า การดำเนินงานการส่งเสริมการท่องเที่ยว
เมืองรองและชุมชนสามารถบรรลุผลสำเร็จตามวัตถุประสงค์ในการสร้างอุปสงค์ในการเดินทาง
ท่องเที่ยวเข้าสู่ชุมชนและเมืองรอง อันจะก่อให้เกิดการกระจายรายได้สู่เศรษฐกิจฐาน
รากได้อย่างแท้จริง เน"
FL-1784,ไม่กำหนดหลักเกณฑ์หรือมาตรฐานที่ใช้ประเมินการบรรลุวัตถุประสงค์                                       ,สำนักงานจังหวัดมุกดาหาร,การบริหารจัดการกองทุนพัฒนาบทบาทสตรีจังหวัดมุกดาหาร,2560,,,"ข้อตรวจพบที่ 2  การบริหารจัดการกองทุนไม่เป็นไปตามหลักเกณฑ์/ระเบียบ 
ที่กองทุนกำหนด 
2.1  ลูกหนี้กองทุนไม่ชำระหนี้ตามสัญญา
2.1.1   ลูกหนี้กองทุนฯ 
ชำระหนี้เงินต้นและดอกเบี้ยไม่เป็นไปตามที่กำหนดไว้ในสัญญา  
กองทุนอนุมัติเงินทุนหมุนเวียนให้กลุ่มสตรีกู้ยืม เพ","ข้อเสนอแนะ
	สำนักงานการตรวจเงินแผ่นดิน 
มีข้อเสนอแนะให้ประธานอนุกรรมการบริหารกองทุนพัฒนาบทบาทสตรีระดับจังหวัด 
ดำเนินการดังนี้
	1.  ในโอกาสต่อไปการพิจารณาอนุมัติเงินทุนหมุนเวียน 
สั่งการให้คณะอนุกรรมการบริหารกองทุนพัฒนาบทบาทสตรีระดับจังหวัด 
คณะอนุกรรมการ",
FL-1785,ไม่กำหนดหลักเกณฑ์หรือมาตรฐานที่ใช้ประเมินการบรรลุวัตถุประสงค์                                       ,ที่ทำการปกครองจังหวัดพัทลุง,โครงการสนับสนุนการบูรณาการและการขับเคลื่อนนโยบายในระดับอำเภอปีงบประมาณ พ.ศ.2556,2558,,"หน่วยงานผู้เสนอโครงการมีความเข้าใจไม่ชัดเจนในเรื่องการกำหนดโครงการในลักษณะ
การบูรณาการตามที่กรมการปกครองกำหนด 
ทำให้ขาดการบูรณาการทั้งในเรื่องการดำเนินงานและงบประมาณ 

"," การจัดทำข้อเสอนโครงการไม่ชัดเจน ขาดรายละเอียดข้อมูลที่สำคัญ
","ให้ปลัดจังหวัด กำชับ 
ให้หน่วยงานที่เกี่ยวข้องจัดทำโครงการให้สอดคล้องกับวัตถุประสงค์ 
และทิศทางของโครงการฯ โดยต้องมีการประสานความร่วมมือกับภาคส่วนต่าง ๆ 
ในพื้นที่อย่างจริงจัง
","ขาดการบูรณาการ ทำให้เกิดความซ้ำซ้อนกับภารกิจหลักของหน่วยงานอื่น 
อีกทั้งงบประมาณที่อำเภอได้รับมีจำนวนจำกัด 
หากไม่บูรณาการร่วมกับหน่วยงานอื่น 
ทำให้ขาดการแลกเปลี่ยนข้อมูลที่เป็นประโยชน์ 
ไม่สามารถวิเคราะห์ปัญหาได้อย่างถูกต้อง การแก้ปัญหาอาจไม่ครอบคลุม 
ส่"
FL-1786,ไม่กำหนดหลักเกณฑ์หรือมาตรฐานที่ใช้ประเมินการบรรลุวัตถุประสงค์                                       ,กรมที่ดิน,การจัดการที่ดินของรัฐ,2558,,"กรมที่ดินไม่ได้กำหนดเกณฑ์วัดรายได้สำหรับผู้ยากจนและจำนวนที่ดินที่ถือครองของครอบครัวที่ได้รับการคัดเลือกเข้าทำประโยชน์ในที่ดินของรัฐ
","การคัดเลือกบุคคลเข้าทำประโยชน์ในที่ดินของรัฐมีการกำหนดหลักเกณฑ์การชี้วัดที่ไม่ชัดเจน 
	
การคัดเลือกบุคคลเข้าทำประโยชน์ในที่ดินของรัฐไม่เป็นไปตามวัตถุประสงค์ของโครงการ 
ซึ่งกำหนดคุณสมบัติบุคคลที่ได้รับ
การคัดเลือกเข้าทำประโยชน์ในที่ดินของรัฐ คือเป็นผู้ยากจ","กำหนดแนวทางการดำเนินการตามโครงการในส่วนของคุณสมบัติบุคคลที่ได้รับการคัดเลือกเข้าทำประโยชน์ในที่ดินของรัฐ 
โดยกำหนดเกณฑ์รายได้สำหรับผู้ยากจนและเกณฑ์การถือครองที่ดินให้ชัดเจน
","ทำให้ประชาชนผู้ยากจนไม่ได้รับการเพิ่มศักยภาพและโอกาสในการแก้ไขปัญหาความยากจน 
และไม่ได้รับการยกระดับคุณภาพชีวิตของประชาชนให้อยู่ดีมีสุขอย่างยั่งยืน
"
FL-1788,ระบบการเก็บรวบรวมข้อมูลของส่วนราชการไม่สมบูรณ์                                                      ,สำนักงานสถิติแห่งชาติ,โครงการสำมะโนการเกษตร พ.ศ. 2556,2560,,"1.ขาดการบูรณาการข้อมูลกับหน่วยงานหลักที่เกี่ยวข้องด้านการเกษตร
ในขณะที่ข้อมูลที่ใช้เป็นฐานอ้างอิงเป้าหมายการจัดเก็บเป็นข้อมูล
จากการจัดเก็บของโครงการที่ผ่านมาของสำนักงานสถิติแห่งชาติไม่เป็น
ปัจจุบันและการจัดเก็บข้อมูลดังกล่าวอาจยังไม่ครบถ้วน
2.ข้อจำกัดของ","การจัดเก็บข้อมูลโครงการสำมะโนการเกษตร พ.ศ.2556 ไม่ครบถ้วน
ในกลุ่มเป้าหมายของโครงการ ตลอดจนข้อมูลสำคัญที่จัดเก็บบางส่วน
มีความคลาดเคลื่อน
","1.ให้พิจารณาทบทวนการกำหนดเป้าหมายตามโครงการในระยะต่อไปให้มี
จำนวนเป้าหมายที่ครบถ้วนหรือใกล้เคียงข้อเท็จจริงมากที่สุด
โดยอาจมีการประสานงานบูรณาการด้านฐานข้อมูลกับหน่วยงานที่
รับผิดชอบด้านการเกษตรโดยตรง ตลอดจนเพื่อใช้เป็นฐานข้อมูล
เบื้องต้นสำหรับการสอบทานข้","1.ทำให้การใช้จ่ายเงินงบประมาณสำหรับการจัดเก็บข้อมูลตามโครงการ
โดยไม่เกิดความคุ้มค่า ประมาณ 536.30 ล้านบาท เนื่องจากได้ข้อมูล
ไม่ครบถ้วน ไม่ถูกต้อง หรือมีความคลาดเคลื่อนจากข้อเท็จจริง
2.การนำข้อมูลสำหรับใช้ในการวางแผนพัฒนาในระดับประเทศ และระดับ
ท้องถิ่นจะไ"
FL-1802,วัตถุประสงค์และเป้าหมายของโครงการไม่ชัดเจน                                                          ,สำนักงานท้องถิ่น จังหวัดลำปาง,โครงการป้องกันและแก้ไขปัญหายาเสพติด,2561,,"ผู้รับผิดชอบโครงการทุกระดับชั้นไม่ให้ความสำคัญต่อรายละเอียดโครงการ
","ข้อตรวจพบที่3 
อปท.กำหนดวัตถุประสงค์โครงการไม่สอดคล้องกับการป้องกันและแก้ไขปัญหายาเสพติด 
และไม่กำหนดตัวชี้วัดผลสำเร็จของโครงการ
","1.กำชับเจ้าหน้าที่ทุกระดับชั้นให้ตระหนักถึงความสำคัญของรายละเอียดโครงการ
2.ให้ความสำคัญต่อการติดตามประเมินผล
","1.โครงการไม่ประสบผลสำเร็จตามยุทธศาสตร์ของรัฐบาล
2.ทำให้การประเมินผลโครงการไม่สามารถทำได้ 
ขาดหลักเกณฑ์การเปรียบเทียบผลสำเร็จของโครงการ
"
FL-1803,วัตถุประสงค์และเป้าหมายของโครงการไม่ชัดเจน                                                          ,กรมการค้าภายใน,การคุ้มครองผู้บริโภคของกรมการค้าภายใน,2562,,"   การสร้างเครือข่ายอาสาธงฟ้า 1569 ของกรมการค้าภายในไม่เกิดประสิทธิผล 
เกิดจากสาเหตุดังนี้
   1.กรมการค้าภายในขาดการกำกับการปฏิบัติหน้าที่ด้านอื่นของอาสาประจำในการที่
จะช่วยเจ้าหน้าที่สอดส่องพฤติกรรมการค้าที่ไม่เป็นธรรมต่อผู้บริโภค
   2.กรมการค้าภายในไม่ม","ข้อตรวจพบที่ 3 การสร้างเครือข่ายอาสาธงฟ้า 1569 ยังไม่เกิดประสิทธิผล
","   เพื่อให้การสร้างเครือข่ายอาสาธงฟ้า 1569 ของกรมการค้าภายในเกิดประสิทธิผล 
สำนักงานการตรวจเงินแผ่นดินมีข้อเสนอแนะให้อธิบดีกรมการค้าภายในพิจารณาดำเนินการ
ดังนี้
   1.พิจารณาทบทวนเป้าประสงค์ของการสร้างเครือข่ายอาสาธงฟ้า 1569 และกำหนดกิจกรรม
ให้สอดคล้องเหมา","   การที่อาสาธงฟ้า 1569 ประเภทอาสาประจำไม่มีการสอดส่องดูแลพฤติกรรมทางการค้าที่
ไม่เป็นธรรม และสะท้อนปัญหาและข้อเสนอแนะเกี่ยวกับการดูแลราคา ปริมาณ ความเป็นธรรม
ทางการค้า เช่น การไม่ปิดป้ายแสดงราคาสินค้า การขายสินค้าไม่เป็นไปตามป้ายราคา 
การเรียกเก็บค่าใช้จ"
FL-1807,วัตถุประสงค์และเป้าหมายของโครงการไม่สมเหตุสมผล                                                      ,สำนักงานพาณิชย์จังหวัดเพชรบูรณ์,โครงการส่งเสริมการค้า การลงทุน และสร้างพันธมิตรการค้าสู่ประชาคมเศรษฐกิจอาเซียน,2561,,"เกิดจากการดำเนินโครงการไม่เป็นไปตามรายการ/กิจกรรมตามที่ได้รับอนุมัติงบประมาณ 
การดำเนินโครงการไม่ได้ปฏิบัติตามแนวทางหรือหลักเกณฑ์ที่กำหนดและไม่สอดคล้องกับวัตถุประสงค์ 
เป้าหมายของโครงการ 
รวมถึงการดำเนินโครงการไม่มีการติดตามและประเมินผลอย่างเป็นระบบ
","ข้อตรวจพบที่ 2 กลุ่มเป้าหมายไม่สอดคล้องกับวัตถุประสงค์โครงการ
2.1 
ผู้เข้าร่วมโครงการมิใช่กลุ่มเป้าหมายในพื้นที่ของกลุ่มจังหวัดภาคเหนือตอนล่าง 
1
จากการตรวจสอบการดำเนินกิจกรรมจัดงานแสดงและจำหน่ายสินค้า 
ของสำนักงานพาณิชย์จังหวัดพิษณุโลกและจังหวัดสุโขทัย พ","1. แผนปฏิบัติราชการประจำปีของจังหวัด/กลุ่มจังหวัด 
ซึ่งมีความสอดคล้องกับวัตถุประสงค์และทิศทางการพัฒนาตามแผนพัฒนาจังหวัด/กลุ่มจังหวัด 
รวมทั้งกรอบของแผนงาน/โครงการที่กำหนดไว้  ในแผนพัฒนาจังหวัด/กลุ่มจังหวัด 
ตามหลักเกณฑ์และวิธีการจัดทำโครงการที่เป็นคำของบป","ให้การดำเนินโครงการ ไม่บรรลุวัตถุประสงค์และเป้าหมายที่กำหนด 
รวมถึงทำให้การใช้จ่ายงบประมาณไม่คุ้มค่า 
"
FL-1808,วัตถุประสงค์และเป้าหมายของโครงการไม่สมเหตุสมผล                                                      ,สำนักงานพาณิชย์จังหวัดเพชรบูรณ์,โครงการส่งเสริมการค้า การลงทุน และสร้างพันธมิตรการค้าสู่ประชาคมเศรษฐกิจอาเซียน,2561,,"โดยสาเหตุสำคัญเกิดจากการดำเนินโครงการไม่เป็นไปตามรายการ/กิจกรรมตามที่ได้รับอนุมัติงบประมาณ 
การดำเนินโครงการไม่ได้ปฏิบัติตามแนวทางหรือหลักเกณฑ์ที่กำหนดและไม่สอดคล้องกับวัตถุประสงค์ 
เป้าหมายของโครงการ 
รวมถึงการดำเนินโครงการไม่มีการติดตามและประเมินผลอย่าง","2.1 ผู้เข้าร่วมโครงการมิใช่กลุ่มเป้าหมายในพื้นที่ของกลุ่มจังหวัดภาคเหนือตอนล่าง 
1
จากการตรวจสอบการดำเนินกิจกรรมจัดงานแสดงและจำหน่ายสินค้า 
ของสำนักงานพาณิชย์จังหวัดพิษณุโลกและจังหวัดสุโขทัย พบว่า ตามขอบเขตของงาน 
(TOR) ซึ่งเป็นเอกสารส่วนหนึ่งของสัญญา 
ได","1. แผนปฏิบัติราชการประจำปีของจังหวัด/กลุ่มจังหวัด 
ซึ่งมีความสอดคล้องกับวัตถุประสงค์และทิศทางการพัฒนาตามแผนพัฒนาจังหวัด/กลุ่มจังหวัด 
รวมทั้งกรอบของแผนงาน/โครงการที่กำหนดไว้  ในแผนพัฒนาจังหวัด/กลุ่มจังหวัด 
ตามหลักเกณฑ์และวิธีการจัดทำโครงการที่เป็นคำของบป","ส่งผลกระทบให้การดำเนินโครงการ ไม่บรรลุวัตถุประสงค์และเป้าหมายที่กำหนด 
รวมถึงทำให้การใช้จ่ายงบประมาณไม่คุ้มค่า
"
FL-1809,วัตถุประสงค์และเป้าหมายของโครงการไม่สมเหตุสมผล                                                      ,สำนักงานพาณิชย์จังหวัดเพชรบูรณ์,โครงการส่งเสริมการค้า การลงทุน และสร้างพันธมิตรการค้าสู่ประชาคมเศรษฐกิจอาเซียน,2561,,"เกิดจากการดำเนินโครงการไม่เป็นไปตามรายการ/กิจกรรมตามที่ได้รับอนุมัติงบประมาณ 
การดำเนินโครงการไม่ได้ปฏิบัติตามแนวทางหรือหลักเกณฑ์ที่กำหนดและไม่สอดคล้องกับวัตถุประสงค์ 
เป้าหมายของโครงการ 
รวมถึงการดำเนินโครงการไม่มีการติดตามและประเมินผลอย่างเป็นระบบ
","ข้อตรวจพบที่ 2 กลุ่มเป้าหมายไม่สอดคล้องกับวัตถุประสงค์โครงการ
2.1 
ผู้เข้าร่วมโครงการมิใช่กลุ่มเป้าหมายในพื้นที่ของกลุ่มจังหวัดภาคเหนือตอนล่าง 
1
จากการตรวจสอบการดำเนินกิจกรรมจัดงานแสดงและจำหน่ายสินค้า 
ของสำนักงานพาณิชย์จังหวัดพิษณุโลกและจังหวัดสุโขทัย พ","1. แผนปฏิบัติราชการประจำปีของจังหวัด/กลุ่มจังหวัด 
ซึ่งมีความสอดคล้องกับวัตถุประสงค์และทิศทางการพัฒนาตามแผนพัฒนาจังหวัด/กลุ่มจังหวัด 
รวมทั้งกรอบของแผนงาน/โครงการที่กำหนดไว้  ในแผนพัฒนาจังหวัด/กลุ่มจังหวัด 
ตามหลักเกณฑ์และวิธีการจัดทำโครงการที่เป็นคำของบป","ให้การดำเนินโครงการ ไม่บรรลุวัตถุประสงค์และเป้าหมายที่กำหนด 
รวมถึงทำให้การใช้จ่ายงบประมาณไม่คุ้มค่า 
"
FL-1810,วัตถุประสงค์และเป้าหมายของโครงการไม่สมเหตุสมผล                                                      ,สำนักงานพาณิชย์จังหวัดเพชรบูรณ์,โครงการส่งเสริมการค้า การลงทุน และสร้างพันธมิตรการค้าสู่ประชาคมเศรษฐกิจอาเซียน,2561,,"เกิดจากการดำเนินโครงการไม่เป็นไปตามรายการ/กิจกรรมตามที่ได้รับอนุมัติงบประมาณ 
การดำเนินโครงการไม่ได้ปฏิบัติตามแนวทางหรือหลักเกณฑ์ที่กำหนดและไม่สอดคล้องกับวัตถุประสงค์ 
เป้าหมายของโครงการ 
รวมถึงการดำเนินโครงการไม่มีการติดตามและประเมินผลอย่างเป็นระบบ
","ข้อตรวจพบที่ 2 กลุ่มเป้าหมายไม่สอดคล้องกับวัตถุประสงค์โครงการ
2.1 
ผู้เข้าร่วมโครงการมิใช่กลุ่มเป้าหมายในพื้นที่ของกลุ่มจังหวัดภาคเหนือตอนล่าง 
1
จากการตรวจสอบการดำเนินกิจกรรมจัดงานแสดงและจำหน่ายสินค้า 
ของสำนักงานพาณิชย์จังหวัดพิษณุโลกและจังหวัดสุโขทัย พ","1. แผนปฏิบัติราชการประจำปีของจังหวัด/กลุ่มจังหวัด 
ซึ่งมีความสอดคล้องกับวัตถุประสงค์และทิศทางการพัฒนาตามแผนพัฒนาจังหวัด/กลุ่มจังหวัด 
รวมทั้งกรอบของแผนงาน/โครงการที่กำหนดไว้  ในแผนพัฒนาจังหวัด/กลุ่มจังหวัด 
ตามหลักเกณฑ์และวิธีการจัดทำโครงการที่เป็นคำของบป","ให้การดำเนินโครงการ ไม่บรรลุวัตถุประสงค์และเป้าหมายที่กำหนด 
รวมถึงทำให้การใช้จ่ายงบประมาณไม่คุ้มค่า 
"
FL-1811,วัตถุประสงค์และเป้าหมายของโครงการไม่สมเหตุสมผล                                                      ,สำนักงานท้องถิ่น จังหวัดลำปาง,โครงการป้องกันและแก้ไขปัญหายาเสพติด,2561,,"1.อปท.ไม่ให้ความสำคัญต่อการใช้ประโยชน์จากกล้องCCTV
2.อปท.ไม่มีแผนการจัดทำแผนสำรวจตรวจสอบสภาพการใช้งาน การควบคุมดูแล 
บำรุงรักษากล้อง CCTV
3.อปท.ไม่ให้ความสำคัญต่อการปฏิบัติตาม พรบ.การจัดซื้อจัดจ้าง 
และการบริหารงานภาครัฐ พ.ส.2560
","1.กิจกรรมติดตั้งกล้อง CCTV ไม่มีแผนการสำรวจตรวจสอบสภาพการใช้งาน
2.กิจกรรมก่อสร้างลานกีฬา/สนามกีฬาใช้ประโยชน์ไม่คุ้มค่า
3.อปท.กำหนดวัตุประสงค์ไม่สอดคล้องกับการป้องกันและแก้ไขปัญหายาเสพติด 
และไม่กำหนดตัวชี้วัดผลสำเร็จของโครงการ
","1.สั่งการให้อปท.ที่มีกล้องCCTV อยู่ในความครอบครอง ดำเนินการ
  1.1 แต่งตั้งเจ้าหน้าที่รับผิดชอบในการควบคุมดูแลบำรุงรักษา
  1.2 จัดทำแผนการสำรวจตรวจสอบสภาพการใช้งาน
  1.3 กรณี อปท.ที่ติดตั้งอุปกรณ์ควบคุม กล้อง CCTV 
ไว้นอกอาคาสำนักงานที่ไม่ผู้รับผิดชอบให้ดำ","1.ประชาชนสูญเสียโอกาสจากการใช้กล้องCCTV ที่ชำรุด
2ใช้จ่ายเงินงบประมาณแผ่นดินที่ไม่มีประสิทธิภาพ
3.การที่ไม่มีผู้ควบคุมดูแลนอกจากไม่ได้ใช้ประโยชน์ตามวัตถุประสงค์ของโครงการแล้วยังอาจทำให้จอแสดงภาพ 
และอุปกรณ์ต่างๆ 
รวมถึงข้อมูลภาพเหตุกาณ์สำคัญจากเครื่องบันท"
FL-1812,วัตถุประสงค์และเป้าหมายของโครงการไม่สมเหตุสมผล                                                      ,องค์การบริหารส่วนจังหวัดสระบุรี,โครงการจัดซื้อวัสดุครุภัณฑ์ทางการแพทย์ในการเฝ้าระวังและคัดกรองโรควิถีชีวิตมอบให้อาสาสมัครสาธารณสุขจังหวัดสระบุรี,2561,,"1.ผู้ขอรับการสนับสนุนโครงการและ 
อบจ.สระบุรีไม่ได้มีการศึกษาระเบียบที่เกี่ยวข้องให้ถี่ถ้วนก่อนที่จะดำเนินโครงการ 
ว่าโครงการดังกล่าวสามารถจัดทำได้หรือไม่ 
ซึ่งการที่อบจ.สระบุรีจะสนับสนุนเงินงบประมาณเพื่อดำเนินโครงการใดก็ตามนั้น 
นอกจากจะต้องพิจารณาว่าโครง","ข้อตรวจพบที่ 2 การกำหนดกลุ่มเป้าหมายของโครงการไม่เหมาะสม
  ระเบียบกระทรวงสาธารณสุข ว่าด้วยบุคคล ซึ่งกระทรวง ทบวง กรม กรุงเทพมหานคร 
เมืองพัทยา องค์การบริหารส่วนจังหวัด เทศบาล สุขาภิบาล 
องค์การบริหารส่วนท้องถิ่นอื่น 
มอบหมายให้ประกอบวิชาชีพในความควบคุมของ","1.การดำเนินโครงการในโอกาสต่อไป 
หากมีการจัดทำโครงการที่มีลักษณะเป็นการช่วยเหลือหรือให้การสนับสนุนวัสดุครุภัณฑ์ประเภทต่างๆ 
แก่ประชาชนเช่นเดียวกับโครงการนี้ 
ควรกำหนดหลักเกณฑ์ในการคัดเลือกกลุ่มเป้าหมายให้ชัดเจน 
และพิจารณาคัดเลือกผู้ที่มีคุณสมบัติตรงตามหลั","การที่มอบครุภัณฑ์สำหรับเจาะเลือดฝอยจากปลายนิ้วเพื่อตรวจหาค่าระดับน้ำตาลในเลือด 
หรือเพื่อหาค่าระดับไขมันและกรดยูริกในเลือดให้แก่กลุ่มบุคคลที่มิได้เป็น 
อสม.นั้น 
ส่งผลให้เกิดความไม่คุ้มค่าในการใช้จ่ายเงินงบประมาณและสูญเสียเงินงบประมาณโดยใช่เหตุ 
เนื่องจาก"
FL-1813,วัตถุประสงค์และเป้าหมายของโครงการไม่สมเหตุสมผล                                                      ,ที่ทำการปกครองจังหวัดพัทลุง,โครงการสนับสนุนการบูรณาการและการขับเคลื่อนนโยบายในระดับอำเภอปีงบประมาณ พ.ศ.2556,2558,,"1.เจ้าหน้าที่ขาดความรู้ความเข้าใจในกระบวนการจัดทำโครงการที่ดี 
ทำให้การกำหนดรายละเอียด ปัญหา ขั้นตอน วิธีการไม่ชัดเจน 
และไม่สอดคล้องกับวัตถุประสงค์ของโครงการ 
บางโครงการจัดทำขึ้นโดยยังไม่มีปัญหาเกิดขึ้น
2. ลักษณะการจัดสรรงบประมาณเท่ากันทุกอำเภอ ไม่ได้เป็","การดำเนินโครงการบางโครงการไม่บรรลุวัตถุประสงค์ 
และบางโครงการไม่สามารถวัดผลสำเร็จของโครงการได้
","1. ปลัดจังหวัดพิจารณาดำเนินการ ดังนี้
1.1 
กำชับนายอำเภอให้กำำกับดูแลเจ้าหน้าที่ผ้รับผิดชอบให้ความสำคัญในการจัดทำโครงการ 
1.2 
กำชับให้นายอำเภอในฐานะผู้พิจารณาอนุมัติโครงการให้ความสำคัญในการพิจารณาถึง
ความเป็นไปได้ของโครงการ ว่ามีความเหมาะสม สอดคล้องกับวั","1.การกำหนดกิจกรรมไม่สอดคล้องกับวัตถุประสงค์ของโครงการ 
และการไม่ระบุเป้าหมายตัวชี้วัดที่ชัดเจน 
ทำให้การดำเนินงานไม่บรรลุวัตถุประสงค์ และไม่สามารถวัดผลสำเร็จของโครงการได้
2.การจัดทำดครงการแก้ไขปัญหาความเดือดร้อนของประชาชน 
ไม่ได้มาจากสภาพปัญหาที่แท้จริงขอ"
FL-1814,วัตถุประสงค์และเป้าหมายของโครงการไม่สมเหตุสมผล                                                      ,กรมท่าอากาศยาน,การบริหารท่าอากาศยานภูมิภาค 28 แห่ง,2558,,"1.วัตถุประสงค์ของการจัดตั้งสนามบินตั้งแต่เริ่มโครงการ 
ไม่ได้มุ่งเน้นในเชิงพาณิชย์คือมีวัตถุประสงค์หลักทางทหาร  
แต่ภายหลังได้มีการเปลี่ยนวัตถุประสงค์เป็นการให้บริการเชิงพาณิชย์ 
รวมถึงมีการออกแบบก่อสร้างและติดตั้งครุภัณฑ์เพิ่มขึ้นสำหรับรองรับการให้บริการ","การใช้ประโยชน์ท่าอากาศยานภูมิภาคต่ำกว่าศักยภาพที่กำหนดไว้
","1.ให้มีการประเมินผลการดำเนินงานของท่าอากาศยานภูมิภาคทั้ง 28 แห่ง 
และจัดลำดับตามศักยภาพหรือความเป็นไปได้ทางธุรกิจ พิจารณาหาวิธีการ 
หรือรูปแบบในการบริหารจัดการท่าอากาศยานภูมิภาค 
โดยเฉพาะที่ประสบภาวะขาดทุนจากการดำเนินงานอย่างต่อเนื่องทุกปี 
เพื่อปรับทิศทา","1.ทำให้อาคารบริการและครุภัณฑ์ต่าง ๆ 
ที่ได้ออกแบบสำหรับรองรับการให้บริการไม่ได้ถูกใช้ประโยชน์ให้เต็มศักยภาพที่กำหนด 
ในขณะที่ต้องจัดสรรงบประมาณสำหรับบุคลากร รวมถึงการบำรุงรักษาครุภัณฑ์ให้อยู่
ในสภาพที่เหมาะสม พร้อมใช้งานสำหรับบริการผู้โดยสาร จึงส่งผลต่อกา"
FL-1829,หน่วยรับตรวจกำหนดมาตฐานผลงานไว้ไม่เหมาะสม                                                           ,กรมการพลังงานทหาร,การส่งเสริมสนับสนุนการผลิตและการใช้พลังงานทดแทน,2561,,,"การติดตามและประเมินผลเพื่อกำหนดแนวทางการแก้ไขปัญหาและอุปสรรคของการดำเนิน
โครงการขาดความชัดเจนและเป็นรูปธรรม
","1.	ให้ทบทวนและปรับปรุงกระบวนการติดตามและประเมินผล โดยกำหนดหลักเกณฑ์ 
แนวทาง วิธีการ หรือคู่มือการปฏิบัติงานที่ชัดเจนเป็นรูปธรรม 
เพื่อให้ได้ข้อมูลหรือสามารถวัดผลการดำเนินงานได้อย่างเหมาะสม ถูกต้อง 
และครบถ้วน 
และสั่งการหน่วยงานที่รับผิดชอบให้มีการประเมิน",
FL-1830,หน่วยรับตรวจกำหนดมาตฐานผลงานไว้ไม่เหมาะสม                                                           ,กรมที่ดิน,การบริหารจัดการระบบเทคโนโลยีสารสนเทศและการสื่อสาร,2560,,"1.กรมที่ดินไม่มีการสำรวจพื้นที่และความต้องการของสำนักงานที่ดินก่อนจัดทำแผนการ
ประมาณค่าใช้จ่ายในการปรับปรุงอาคารสถานที่
2.กรมที่ดินขาดการควบคุม กำกับ และติดตามผลการดำเนินงาน และการใช้จ่ายเงินตาม
โครงการของสำนักงานที่ดินจังหวัด
","การปรับปรุงอาคารสถานที่เพื่อใช้เป็นห้องติดตั้งระบบเซิร์ฟเวอร์ในสำนักงานที่ดิน
ไม่ครบถ้วนตามแผนประมาณการค่าใช้จ่ายและไม่เป็นไปตามวัตถุประสงค์ที่กำหนด

","ให้อธิบดีกรมที่ดินพิจารณาดำเนินการสั่งการให้หน่วยงานที่เกี่ยวข้องพิจารณาทบทวน
การจัดทำแผนการใช้จ่ายเงินสำหรับงานหรือโครงการที่จะดำเนินการในโอกาสต่อไป 
จะต้องมีการสำรวจพื้นที่และความต้องการของสำนักงานที่ดิน 
","ทำให้รัฐสูญเสียงบประมาณโดยไม่ประหยัด ไม่คุ้มค่า และเสียโอกาสนำเงินคงเหลือจ่าย
จากการดำเนินการดังกล่าวไปใช้เพื่อดำเนินงานหรือโครงการอื่นที่มีความสำคัญหรื
อจำเป็นเร่งด่วน
"
FL-1838,ข้อตรวจพบที่ 1: หมู่บ้านทุกแห่งไม่สามารถรักษาระดับศักยภาพการพัฒนาหมู่บ้านไว้ได้,กรมการพัฒนาชุมชน,โครงการพัฒนาหมู่บ้านเศรษฐกิจพอเพียง,2568,ติดตาม/ประเมินผล/กำกับ,สาเหตุ: 1. กิจกรรมส่วนใหญ่เป็นการถ่ายทอดความรู้และฝึกปฏิบัติในระยะสั้น ไม่ได้มุ่งเน้นการแก้ไขปัญหาเชิงโครงสร้างของชุมชนอย่างแท้จริง. 2. กรมการพัฒนาชุมชนขาดกลไกการติดตามการพัฒนาหมู่บ้านภายหลังสิ้นสุดโครงการ และไม่มีระบบติดตามเพื่อประเมินความต่อเนื่องในการรักษาระดับการพัฒนาของหมู่บ้าน.,"รายละเอียด: จากการตรวจสอบหมู่บ้านที่เข้าร่วมโครงการ 82 แห่ง พบว่าทุกแห่งไม่สามารถรักษาระดับศักยภาพการพัฒนาไว้ได้ โดยไม่สามารถดำเนินการตามเกณฑ์ตัวชี้วัดหลักหมู่บ้านเศรษฐกิจพอเพียงขั้นพื้นฐานได้ต่อเนื่องครบทั้ง 10 ตัวชี้วัด. ตัวชี้วัดที่ไม่ผ่านเกณฑ์มากที่สุดคือ ""มีการจัดทำบัญชีครัวเรือน"" (ไม่ผ่าน 81 แห่ง) รองลงมาคือ ""มีความสามัคคี"" (ไม่ผ่าน 72 แห่ง) และ ""ยึดมั่นในหลักการประชาธิปไตย"" (ไม่ผ่าน 67 แห่ง). นอกจากนี้ เมื่อพิจารณาตัวชี้วัดขั้นก้าวหน้า 13 ตัวชี้วัด พบว่ามี 8 ตัวชี้วัดที่หมู่บ้านไม่สามารถดำเนินการได้ตามเกณฑ์.",ข้อเสนอแนะ: 1. ให้ประเมินสภาพหมู่บ้านที่เข้าร่วมโครงการตั้งแต่ปี 2564 โดยใช้เกณฑ์การประเมินหมู่บ้านเศรษฐกิจพอเพียงต้นแบบของกระทรวงมหาดไทย และติดตามอย่างต่อเนื่อง. 2. รวบรวม วิเคราะห์ และเผยแพร่ข้อมูลการเปลี่ยนแปลงระดับศักยภาพของหมู่บ้าน เพื่อเป็นข้อมูลสนับสนุนการพัฒนาและผลักดันให้หมู่บ้านเกิดการพัฒนาอย่างต่อเนื่อง. 3. ปรับปรุงแนวทางการดำเนินโครงการ โดยกำหนดกิจกรรมที่เหมาะสมกับบริบทของพื้นที่และเน้นการแก้ปัญหาในชุมชนอย่างแท้จริง โดยบูรณาการการทำงานร่วมกับภาคีเครือข่ายในพื้นที่.,ผลกระทบ: การดำเนินโครงการไม่บรรลุวัตถุประสงค์ในการส่งเสริมการใช้หลักปรัชญาของเศรษฐกิจพอเพียง และไม่เกิดระบบการบริหารจัดการชุมชนที่เข้มแข็ง. ซึ่งส่งผลกระทบต่อศักยภาพในการพัฒนาคุณภาพชีวิตของประชาชน และทำให้หมู่บ้านไม่สามารถก้าวสู่การเป็นหมู่บ้านต้นแบบเพื่อขยายผลไปยังหมู่บ้านอื่นได้.
FL-1839,ข้อตรวจพบที่ 2: ศูนย์เรียนรู้เศรษฐกิจพอเพียงส่วนใหญ่ไม่เป็นแหล่งเรียนรู้ตามที่โครงการกำหนด,กรมการพัฒนาชุมชน,โครงการพัฒนาหมู่บ้านเศรษฐกิจพอเพียง,2568,การวางแผน/ตัวชี้วัด,สาเหตุ: 1. การคัดเลือกพื้นที่: ขาดความรอบคอบและไม่มีการประเมินความเหมาะสมของสภาพพื้นที่ที่จะพัฒนาเป็นศูนย์เรียนรู้ฯ อย่างรอบด้าน. 2 การคัดเลือกครัวเรือน: ขาดหลักเกณฑ์ที่ชัดเจนในการประเมินความพร้อมและศักยภาพของผู้แทนครัวเรือน ทำให้บางรายขาดความพร้อมในทางปฏิบัติ. 3 ขาดการสนับสนุนต่อเนื่อง: กรมการพัฒนาชุมชนไม่มีแผนงานหรือกิจกรรมเพื่อสนับสนุน พัฒนาต่อยอด หรือแก้ไขปัญหาให้กับศูนย์เรียนรู้ฯ ภายหลังเข้าร่วมโครงการ. 4 แนวทางไม่ชัดเจน: ไม่มีการกำหนดแนวทางการดำเนินกิจกรรมของศูนย์เรียนรู้ฯ ที่ชัดเจน ทำให้การดำเนินกิจกรรมไม่แตกต่างจากการทำการเกษตรแบบเดิม.,"รายละเอียด: จากการตรวจสอบศูนย์เรียนรู้ฯ 82 แห่ง พบว่า 45 แห่ง (54.88%) ยังไม่เป็นแหล่งเรียนรู้ตามที่กำหนด. ในจำนวนนี้ มี 4 แห่งที่ไม่มีการดำเนินกิจกรรมใดๆ และพื้นที่ส่วนใหญ่มีสภาพรกร้างหรือว่างเปล่า และอีก 41 แห่งดำเนินกิจกรรมในพื้นที่ไม่ครบ 3 องค์ประกอบตามมาตรฐาน ""โคก หนอง นา"".","ข้อเสนอแนะ: 1. กำหนดแนวทางการนำข้อมูลผลการติดตามและประเมินศักยภาพของพื้นที่ ""โคก หนอง นา"" มาใช้วิเคราะห์และวางแผนการสนับสนุนให้ตรงกับบริบทของพื้นที่. 2. จัดทำแนวทางสนับสนุนศูนย์เรียนรู้ฯ ที่มีศักยภาพเพื่อพัฒนาต่อยอดให้เป็นแหล่งเรียนรู้แก่ประชาชนได้อย่างเป็นรูปธรรม. 3. หากมีโครงการลักษณะเดียวกันในอนาคต ควรปรับปรุงหลักเกณฑ์การคัดเลือกพื้นที่และผู้แทนครัวเรือนให้รัดกุมยิ่งขึ้น และทบทวนแนวทางการดำเนินกิจกรรมของศูนย์เรียนรู้ให้มีความชัดเจนและเป็นรูปธรรม.","ผลกระทบ: 1. ชุมชนขาดพื้นที่ต้นแบบหรือสถานที่ในการแลกเปลี่ยนเรียนรู้และสาธิตองค์ความรู้ตามวัตถุประสงค์ของโครงการ. 2. การใช้จ่ายงบประมาณไม่ก่อให้เกิดประโยชน์สูงสุด โดยเฉพาะงบประมาณที่สนับสนุนการขุดปรับพื้นที่ของศูนย์เรียนรู้ที่ไม่มีการดำเนินกิจกรรม อย่างน้อย 4 แห่ง เป็นเงิน 298,400.00 บาท."
FL-1840,ข้อตรวจพบ: การดำเนินงานการแก้ไขปัญหาหนี้นอกระบบยังไม่เกิดประสิทธิผลเท่าที่ควร,กรมการปกครอง,การแก้ไขปัญหาหนี้นอกระบบ,2568,กฎระเบียบ/กฎหมาย,"สาเหตุ: 1. แนวทางแก้ไขปัญหาไม่ครอบคลุม: การประชาสัมพันธ์ไม่ชัดเจน, ไม่ได้เน้นการบังคับใช้กฎหมายเรื่องดอกเบี้ยเกินอัตรา, ขาดการเสริมสร้างความรู้ทางการเงินให้ลูกหนี้, และเป็นมาตรการเชิงรับที่ปลายเหตุ. 2 ข้อจำกัดของกระบวนการไกล่เกลี่ย: ต้องอาศัยความสมัครใจของทั้งสองฝ่าย และมักมีปัญหาข้อมูลเจ้าหนี้ไม่ครบถ้วน ทำให้ติดตามตัวไม่ได้. 3 การเข้าถึงสินเชื่อในระบบยุ่งยาก: ลูกหนี้นอกระบบมักขาดคุณสมบัติที่จำเป็น และวงเงินสินเชื่อที่กำหนด (ไม่เกิน 20,000 บาท) อาจไม่เพียงพอต่อการปลดหนี้. 4 อุปสรรคในการดำเนินคดี: เจ้าหนี้มีการเปลี่ยนรูปแบบการให้กู้เพื่อหลบเลี่ยงกฎหมาย และลูกหนี้ไม่กล้าแจ้งความดำเนินคดีเพราะเกรงกลัวอิทธิพล.","รายละเอียด: 1. การเจรจาไกล่เกลี่ยไม่เป็นไปตามเป้าหมาย: จากลูกหนี้ที่ลงทะเบียนทั้งหมด 153,400 ราย สามารถนำเข้าสู่กระบวนการเจรจาไกล่เกลี่ยได้เพียง 34,284 กรณี คิดเป็น 26.77% ของกรณีพิพาทที่สมัครใจเข้าร่วม ซึ่งต่ำกว่าเป้าหมายที่ตั้งไว้ 100%. 2 การอนุมัติสินเชื่อมีสัดส่วนน้อย: จากผู้ที่ยื่นขอสินเชื่อ 21,104 ราย ได้รับการอนุมัติเพียง 982 ราย คิดเป็น 4.65%. 3 การดำเนินคดีกับเจ้าหนี้น้อย: จากเรื่องที่ส่งให้สำนักงานตำรวจแห่งชาติ 379 กรณี มีการรับคำร้องทุกข์เพื่อดำเนินคดีเพียง 15 กรณี คิดเป็น 3.96%.",ข้อเสนอแนะ: 1. กำหนดหลักเกณฑ์ เงื่อนไข และมาตรการช่วยเหลือให้ชัดเจนก่อนเปิดรับลงทะเบียน. 2. ให้ความสำคัญกับการบังคับใช้กฎหมายกรณีเรียกดอกเบี้ยเกินอัตรา เพื่อใช้เป็นกลไกในการติดตามเจ้าหนี้เข้าสู่กระบวนการ. 3. ประสานงานกับหน่วยงานที่เกี่ยวข้องเพื่อส่งเสริมความรู้ทางการเงินและพัฒนาศักยภาพในการประกอบอาชีพของลูกหนี้. 4. บูรณาการข้อมูลลูกหนี้นอกระบบของหน่วยงานต่างๆ เพื่อให้มีฐานข้อมูลกลางที่ครบถ้วนสำหรับวางแผนแก้ไขปัญหา. 5. ทบทวนหลักเกณฑ์และเงื่อนไขการให้สินเชื่อของสถาบันการเงินให้มีความยืดหยุ่นและผ่อนปรนมากขึ้นสำหรับลูกหนี้นอกระบบ.,"ผลกระทบ: 1. ไม่สามารถบรรเทาความเดือดร้อนให้ลูกหนี้ได้ตามวัตถุประสงค์ ทำให้ลูกหนี้ยังต้องพึ่งพาหนี้นอกระบบและติดกับดักหนี้. 2. ลูกหนี้ยังมีความเสี่ยงที่จะพบปัญหาความรุนแรงจากการทวงถามหนี้. 3. เกิดผลกระทบต่อเศรษฐกิจและสังคมในภาพรวม เช่น การลดกำลังซื้อ, ความเหลื่อมล้ำ, และปัญหาความรุนแรงในครอบครัว."
FL-1841,ข้อตรวจพบที่ 1: การดำเนินโครงการพัฒนาพื้นที่ตามผังเมืองไม่เป็นไปตามแนวทางของแผนแม่บทที่ 6 ภายใต้ยุทธศาสตร์ชาติ 20 ปี,กรมโยธาธิการและผังเมือง,การสนับสนุนด้านการวางผังเมืองและการพัฒนาพื้นที่ เพื่อส่งเสริมเมืองน่าอยู่อัจฉริยะ (Smart City),2568,การวางแผน/ตัวชี้วัด,สาเหตุ: 1. กรมโยธาธิการและผังเมืองไม่ได้กำหนดตัวชี้วัดของโครงการให้สอดคล้องกับตัวชี้วัดหลักของแผนแม่บทที่ 6 และไม่ได้ระบุเป้าหมายเชิงพื้นที่เพื่อเชื่อมโยงกับแผนแม่บทฯ. 2. การคัดเลือกพื้นที่เพื่อดำเนินโครงการไม่ได้มีการพิจารณาถึงพื้นที่เป้าหมายตามแผนแม่บทที่ 6 เป็นลำดับแรก. 3. ขาดการบูรณาการกับสำนักงานส่งเสริมเศรษฐกิจดิจิทัล (depa) ในการนำแผนพัฒนาเมืองอัจฉริยะมาพิจารณา.,"รายละเอียด: 1. ดำเนินโครงการนอกจังหวัดเป้าหมาย: 147 โครงการ (47.73%) งบประมาณ 15,930.40 ล้านบาท ดำเนินการในจังหวัดที่ไม่ใช่เมืองศูนย์กลางทางเศรษฐกิจหรือเมืองในจังหวัดเป้าหมายตามแผนแม่บทฯ. 2 ดำเนินโครงการนอกพื้นที่เมืองอัจฉริยะ: 241 โครงการ (78.25%) งบประมาณ 24,730.72 ล้านบาท ดำเนินการนอกพื้นที่เมืองอัจฉริยะ 36 แห่งที่ประกาศไว้.",ข้อเสนอแนะ: 1. กำหนดตัวชี้วัดของโครงการให้ชัดเจนและสอดคล้องกับบริบทเชิงพื้นที่ของแผนแม่บทที่ 6 โดยระบุพื้นที่ดำเนินงานให้ครอบคลุมเมืองเป้าหมายและเมืองอัจฉริยะ. 2. กำหนดหลักเกณฑ์การคัดเลือกพื้นที่โดยให้ความสำคัญกับพื้นที่เป้าหมายตามแผนแม่บทที่ 6 เป็นลำดับแรก. 3. ประสานงานและบูรณาการกับสำนักงานส่งเสริมเศรษฐกิจดิจิทัล ในการพัฒนาโครงสร้างพื้นฐานเพื่อรองรับการเป็นเมืองอัจฉริยะ.,ผลกระทบ: การใช้จ่ายงบประมาณยังไม่ตอบสนองต่อแนวทางการพัฒนาตามแผนแม่บทพื้นที่และเมืองน่าอยู่อัจฉริยะได้ทั้งหมด ทำให้ยังไม่สามารถผลักดันให้เกิดการพัฒนาเมืองน่าอยู่อัจฉริยะตามเป้าหมายและตัวชี้วัดของแผนแม่บทฯ ได้.
FL-1842,ข้อตรวจพบที่ 2: ผลการดำเนินโครงการภายใต้ภารกิจด้านการพัฒนาเมืองบางโครงการยังไม่เกิดผลสัมฤทธิ์,กรมโยธาธิการและผังเมือง,การสนับสนุนด้านการวางผังเมืองและการพัฒนาพื้นที่ เพื่อส่งเสริมเมืองน่าอยู่อัจฉริยะ (Smart City),2568,ติดตาม/ประเมินผล/กำกับ,"สาเหตุ: 1. โครงการพัฒนาพื้นที่ตามผังเมือง: การออกแบบไม่ได้คำนึงถึงความปลอดภัย, โครงการที่เสร็จแล้วยังไม่สามารถส่งมอบให้ อปท., ขาดแผนการใช้ประโยชน์ที่ชัดเจน และขาดการติดตามประเมินผลการใช้ประโยชน์. 2 โครงการที่ดินที่ได้รับการจัดรูปเพื่อพัฒนา: การคัดเลือกพื้นที่ไม่ได้พิจารณาปัจจัยเกื้อหนุนอื่นๆ เช่น การเชื่อมต่อของถนน, จำนวนเจ้าของที่ดินที่เข้าร่วม, และข้อจำกัดของผังเมืองรวม.",รายละเอียด: จากการสุ่มตรวจสอบโครงการที่แล้วเสร็จ 46 โครงการ พบว่า 10 แห่ง (21.74%) ไม่ได้ใช้ประโยชน์หรือไม่มีการพัฒนา และอีก 13 แห่ง (28.26%) สามารถใช้ประโยชน์ได้แต่ยังไม่เต็มศักยภาพ.,"ข้อเสนอแนะ: 1. สำหรับโครงการพัฒนาตามผังเมือง: ให้กำชับผู้ออกแบบให้คำนึงถึงความปลอดภัย, เร่งรัดการส่งมอบโครงการให้ อปท., กำหนดแผนการใช้ประโยชน์โครงการที่ชัดเจน, และกำหนดแนวทางการติดตามและประเมินผลการใช้ประโยชน์. 2 สำหรับโครงการจัดรูปที่ดิน: การพิจารณาคัดเลือกพื้นที่ควรพิจารณาถึงปัจจัยเกื้อหนุนที่อาจส่งผลต่อการพัฒนาที่ดินในอนาคตด้วย.","ผลกระทบ: ก่อให้เกิดความไม่คุ้มค่าของการใช้เงินงบประมาณ, ความเสี่ยงต่อความไม่ปลอดภัยในชีวิตและทรัพย์สินของประชาชน, และการพัฒนาเมืองไม่ได้เป็นไปตามที่คาดหวัง."
FL-1843,ข้อตรวจพบที่ 1: ผลการดำเนินโครงการกองทุนหมู่บ้านนำร่องที่สุ่มตรวจสอบยังไม่บรรลุวัตถุประสงค์,สำนักงานกองทุนหมู่บ้านและชุมชนเมืองแห่งชาติ,โครงการนำร่องตามโมเดลเศรษฐกิจ BCG กองทุนหมู่บ้านและชุมชนเมือง,2568,การเงิน/พัสดุ,สาเหตุ (สาเหตุร่วม): 1. สทบ. กำหนดแนวปฏิบัติในการคัดเลือกกองทุนเป้าหมายไม่ชัดเจนและไม่ได้สอบทานความพร้อมอย่างรอบด้าน. 2. ขาดการมีส่วนร่วมของ สทบ. สาขาเขต ซึ่งมีความใกล้ชิดกับพื้นที่. 3. สทบ. ขาดความเชี่ยวชาญเฉพาะด้านเกี่ยวกับเทคโนโลยีตามโมเดลเศรษฐกิจ BCG. 4. สทบ. ไม่ได้กำหนดกลไกในการกำกับ ติดตาม และประเมินผลการดำเนินงานหลังการติดตั้งระบบ. 5. สทบ. ไม่ได้กำหนดเงื่อนไขหรือกรอบเวลาที่ชัดเจนให้กองทุนดำเนินการติดตั้งระบบให้แล้วเสร็จ. 6. สทบ. ขาดแนวทางที่ชัดเจนในการประเมินผลสำเร็จของโครงการตามตัวชี้วัด. 7. สทบ. ได้รับจัดสรรงบประมาณจากสำนักงบประมาณล่าช้า.,"รายละเอียด: จากการตรวจสอบกองทุนหมู่บ้านนำร่อง 174 แห่ง พบว่ายังไม่บรรลุวัตถุประสงค์ทั้งหมด โดยแบ่งเป็น: - 88 แห่ง (50.57%) ยังไม่มีการดำเนินกิจกรรมใดๆ ตั้งแต่ติดตั้งระบบแล้วเสร็จ. - 86 แห่ง ที่มีการดำเนินกิจกรรมแล้ว แต่ยังไม่สามารถเป็นต้นแบบได้ เนื่องจาก: ไม่ได้ใช้ประโยชน์จากระบบเทคโนโลยีที่ได้รับ (79 แห่ง), ไม่มีแผนบริหารจัดการโครงการที่ชัดเจน (86 แห่ง), และส่วนใหญ่ไม่สามารถสร้างอาชีพหรือรายได้ให้สมาชิกได้ตามเป้าหมาย (83 แห่ง).","ข้อเสนอแนะ (ข้อเสนอแนะร่วม): 1. การสนับสนุนปัจจุบัน: ให้ติดตามและรวบรวมข้อมูลปัญหาของกองทุนนำร่องเพื่อกำหนดแนวทางสนับสนุนที่เหมาะสมกับแต่ละพื้นที่. 2 การประเมินผล: เร่งรัดจัดทำแนวทางการประเมินผลสำเร็จของโครงการตามตัวชี้วัดให้ชัดเจน. 3 สำหรับโครงการในอนาคต: ควรปรับปรุงหลักเกณฑ์การคัดเลือกโดยให้สาขามีส่วนร่วม, กำหนดแนวทางการติดตามอย่างต่อเนื่อง, จัดทำคู่มือบริหารจัดการ, และวางแผนการจัดทำข้อมูลให้ครบถ้วนตั้งแต่ต้น. 4.0 การถอดบทเรียน: ให้ดำเนินการถอดบทเรียนเพื่อสรุปปัญหาและอุปสรรคจากการดำเนินโครงการ เพื่อใช้เป็นข้อมูลในการกำหนดนโยบายในอนาคต.","ผลกระทบ: 1. งบประมาณไม่คุ้มค่า: ระบบเทคโนโลยีที่ไม่ได้ใช้ประโยชน์มีมูลค่ารวม 159,165,056.78 บาท. 2 สมาชิกไม่ได้รับประโยชน์: สมาชิกกองทุนยังไม่ได้รับประโยชน์หรือรายได้จากการดำเนินโครงการ. 3 ขาดต้นแบบ BCG: ขาดต้นแบบการดำเนินงานตามโมเดลเศรษฐกิจ BCG ที่จะนำไปปรับใช้ในพื้นที่อื่นได้."
FL-1844,ข้อตรวจพบที่ 2: การดำเนินงานโครงการล่าช้าไม่เป็นไปตามแผนงานที่กำหนด,สำนักงานกองทุนหมู่บ้านและชุมชนเมืองแห่งชาติ,โครงการนำร่องตามโมเดลเศรษฐกิจ BCG กองทุนหมู่บ้านและชุมชนเมือง,2568,,สาเหตุ (สาเหตุร่วม): (เป็นสาเหตุชุดเดียวกับข้อตรวจพบที่ 1) ข้อเสนอแนะ (ข้อเสนอแนะร่วม): (เป็นข้อเสนอแนะชุดเดียวกับข้อตรวจพบที่ 1),รายละเอียด: ณ วันสิ้นสุดโครงการตามแผน (31 ต.ค. 66) กองทุนหมู่บ้านและชุมชนเมืองทั้ง 786 แห่ง ยังคงอยู่ระหว่างดำเนินการติดตั้งระบบเทคโนโลยี และยังไม่แล้วเสร็จ. โดยจากการตรวจสอบ ณ วันที่ 19 มี.ค. 68 พบว่าทุกแห่งได้ดำเนินการติดตั้งแล้วเสร็จในภายหลัง.,,ผลกระทบ: การแก้ไขปัญหาความเดือดร้อนและการสร้างอาชีพและรายได้ให้แก่สมาชิกไม่สามารถดำเนินการได้อย่างทันท่วงที ซึ่งไม่สอดคล้องกับวัตถุประสงค์ของการใช้จ่ายงบประมาณจากงบกลาง.
FL-1845,ข้อตรวจพบที่ 1: การดำเนินโครงการไม่บรรลุผลสำเร็จตามที่โครงการมุ่งหวัง,กรมการข้าว,โครงการส่งเสริมการผลิตข้าวอินทรีย์,2567,,,"รายละเอียด: 1. พื้นที่ไม่เป็นไปตามเป้าหมาย: มีพื้นที่การผลิตข้าวที่ผ่านการรับรองมาตรฐาน Organic Thailand เพิ่มขึ้นเพียง 864,369.40 ไร่ คิดเป็น 71.44% ของพื้นที่ส่งเสริมทั้งหมด ซึ่งต่ำกว่าเป้าหมาย 103,559.90 ไร่ 2 กลุ่มเกษตรกรไม่ต่อเนื่อง: จากการตรวจสอบ 86 กลุ่ม พบว่า 62 กลุ่ม (72.09%) สมาชิกไม่ได้รวมกลุ่มกันเพื่อผลิตข้าวอินทรีย์ต่อภายหลังจากสิ้นสุดโครงการ","ข้อเสนอแนะ (ข้อเสนอแนะร่วม): 1. ด้านการสนับสนุนกลุ่ม: ให้สำรวจกลุ่มเกษตรกรที่ยังคงผลิตข้าวอินทรีย์และกำหนดแนวทางสนับสนุนด้านการตลาดเพื่อสร้างแรงจูงใจ 2 ด้านการจ่ายเงิน: ให้ตรวจสอบข้อเท็จจริงกรณีการจ่ายเงินที่ไม่ถูกต้องตามหลักเกณฑ์ และดำเนินการตามกฎหมายหรือระเบียบที่เกี่ยวข้อง 3 สำหรับโครงการในอนาคต: ควรมีการศึกษาข้อมูลรอบด้าน, กำหนดหลักเกณฑ์ให้รัดกุม, ประชาสัมพันธ์ข้อมูลให้ครบถ้วน, มีขั้นตอนการสอบทานคุณสมบัติที่ชัดเจน, ติดตามและกำกับดูแลอย่างต่อเนื่อง และให้ความสำคัญกับความถูกต้องของการจ่ายเงิน",ผลกระทบ: การใช้จ่ายงบประมาณในการดำเนินโครงการบางส่วนไม่คุ้มค่า และปริมาณข้าวอินทรีย์ที่ผ่านการรับรองมาตรฐานในตลาดไม่เพิ่มขึ้นตามที่โครงการคาดหวัง สาเหตุ (สาเหตุร่วม): 1. เงื่อนไขไม่สอดคล้อง: กรมการข้าวกำหนดเงื่อนไขการคัดเลือกเกษตรกรโดยไม่ได้มุ่งเน้นผู้ที่มีวัตถุประสงค์ผลิตเพื่อจำหน่ายเป็นหลัก ทำให้เกษตรกรบางรายผลิตเพื่อบริโภคในครัวเรือนเท่านั้น 2 ประชาสัมพันธ์ไม่ครบถ้วน: กรมการข้าวไม่ได้ประชาสัมพันธ์ข้อมูลรายละเอียดการปฏิบัติในการผลิตข้าวอินทรีย์ ทำให้เกษตรกรบางรายไม่ทราบเงื่อนไขที่แท้จริงและขอถอนตัวในภายหลัง 3 การตรวจสอบบกพร่อง: คณะทำงานข้าวอินทรีย์จังหวัดไม่ได้ปฏิบัติหน้าที่ตรวจสอบคุณสมบัติของเกษตรกรและพื้นที่ตามที่โครงการกำหนดอย่างเคร่งครัด 4 กระบวนการจ่ายเงินขาดความรัดกุม: การจ่ายเงินอุดหนุนขาดการตรวจสอบหรือสอบทานความถูกต้องและความซ้ำซ้อนของข้อมูล ทั้งก่อนและหลังการจ่ายเงิน 5 ขาดการติดตามผล: ไม่มีการติดตามผลการดำเนินงานของกลุ่มเกษตรกรอย่างเป็นระบบหลังการฝึกอบรม ทำให้ไม่ทราบปัญหาและไม่สามารถให้คำแนะนำได้ทันท่วงที 6 ขาดการเชื่อมโยงตลาด: โครงการไม่มีกิจกรรมเชื่อมโยงตลาดเพื่อรองรับผลผลิตข้าวอินทรีย์ ทำให้เกษตรกรต้องนำไปขายในตลาดทั่วไปซึ่งได้ราคาไม่ต่างจากข้าวเคมี และขาดแรงจูงใจในการผลิตต่อ
FL-1846,ข้อตรวจพบที่ 2: ผลการดำเนินโครงการบางส่วนไม่เป็นไปตามหลักเกณฑ์หรือเงื่อนไขที่โครงการกำหนด,กรมการข้าว,โครงการส่งเสริมการผลิตข้าวอินทรีย์,2567,,สาเหตุ (สาเหตุร่วม): (เป็นสาเหตุชุดเดียวกับข้อตรวจพบที่ 1) ข้อเสนอแนะ (ข้อเสนอแนะร่วม): (เป็นข้อเสนอแนะชุดเดียวกับข้อตรวจพบที่ 1),"รายละเอียด: พบว่ามีเกษตรกร 241 ราย ได้รับเงินอุดหนุนไม่เป็นไปตามหลักเกณฑ์ รวมเป็นเงิน 9,524,500.00 บาท โดยมีกรณีต่างๆ ดังนี้: - เกษตรกรมีชื่ออยู่ในทะเบียนเกษตรกรเดียวกัน (6 ราย) - เป็นสมาชิกกลุ่มเกษตรกรที่มีพื้นที่รวมกันน้อยกว่า 100 ไร่ (107 ราย) - พื้นที่ปลูกข้าวไม่เป็นไปตามหลักเกณฑ์ (52 ราย) - ผู้รับเงินไม่ใช่บุคคลตามรายชื่อผู้มีสิทธิ (69 ราย) - ได้รับเงินอุดหนุนเกิน 15 ไร่ต่อราย (2 ราย) - ได้รับเงินอุดหนุนเกินพื้นที่ที่ผ่านการตรวจประเมิน (5 ราย)",,"ผลกระทบ: การใช้จ่ายงบประมาณบางส่วนเป็นไปโดยไม่สมควรทั้งสิ้น 9,524,500.00 บาท และทำให้สูญเสียโอกาสในการนำงบประมาณไปใช้ในกรณีฉุกเฉินหรือจำเป็นอื่นๆ"
FL-1847,ข้อตรวจพบที่ 1: การขับเคลื่อนแผนแม่บทการบริหารจัดการทรัพยากรน้ำ 20 ปี ไปสู่การปฏิบัติ,สำนักงานทรัพยากรน้ำแห่งชาติ,การบริหารจัดการทรัพยากรน้ำ,2566,การเงิน/พัสดุ,สาเหตุ: 1. แผนแม่บทฯ บางส่วนยังขาดฐานข้อมูลสภาพปัญหาและพื้นที่เป้าหมายที่ชัดเจนสำหรับให้หน่วยงานปฏิบัติ 2. การจัดทำร่างแผนแม่บทลุ่มน้ำมีข้อจำกัดในกระบวนการดำเนินการ (เช่น ต้องรอการจัดตั้งองค์กรผู้ใช้น้ำ) และข้อจำกัดด้านงบประมาณ 3. การประสานงานเพื่อให้หน่วยงานปฏิบัติรายงานผลการดำเนินงานตามตัวชี้วัดยังขาดความชัดเจน,รายละเอียด: 1. สทนช. ยังไม่สามารถผลักดันให้ทุกหน่วยงานจัดทำกรอบแผนงานให้สอดคล้องกับแผนแม่บทฯ ได้ 2. การจัดทำร่างแผนแม่บทลุ่มน้ำยังไม่แล้วเสร็จตามกรอบเวลาที่กำหนด 3. ยังไม่สามารถรายงานผลการดำเนินงานตามเป้าหมายตัวชี้วัดของแผนแม่บทฯ ได้อย่างครบถ้วน (ขาด 22 จาก 89 ตัวชี้วัด),ข้อเสนอแนะ: 1. นำข้อมูลการแจ้งยืนยันค่าเป้าหมายของหน่วยงานต่างๆ มาใช้ประเมินความเสี่ยงและประสานกับหน่วยงานปฏิบัติเพื่อหาแนวทางแก้ไข 2. เร่งรัดการดำเนินการทบทวนร่างแผนแม่บทลุ่มน้ำทุกลุ่มน้ำให้แล้วเสร็จตามแผนที่กำหนด 3. หากไม่สามารถรายงานค่าเป้าหมายตัวชี้วัดได้ ควรประสานกับหน่วยงานปฏิบัติเพื่อร่วมกันกำหนดแนวทางการแก้ไขและเสนอให้ กนช. พิจารณา,ผลกระทบ: ทำให้การแก้ไขปัญหาและพัฒนาทรัพยากรน้ำในบางกลยุทธ์ยังไม่มีประสิทธิภาพเท่าที่ควร และการบูรณาการแผนงานในระดับลุ่มน้ำยังไม่เกิดประสิทธิภาพสูงสุด
FL-1848,ข้อตรวจพบที่ 2: การกลั่นกรองและตรวจสอบแผนปฏิบัติการด้านทรัพยากรน้ำ,สำนักงานทรัพยากรน้ำแห่งชาติ,การบริหารจัดการทรัพยากรน้ำ,2566,การเงิน/พัสดุ,สาเหตุ: 1. สทนช. ยังขาดข้อมูลแผนปฏิบัติการด้านทรัพยากรน้ำที่ครบถ้วนจากทุกหน่วยงาน 2. สทนช. ขาดข้อมูลแผนงาน/โครงการที่หน่วยงานได้รับการจัดสรรงบประมาณจากทุกแหล่งงบประมาณ 3. การตรวจสอบข้อมูลความพร้อมของแผนงาน/โครงการมีข้อจำกัด โดยสามารถพิจารณาได้จากเอกสารที่หน่วยรับงบประมาณจัดส่งให้เท่านั้น,"รายละเอียด: ผลการกลั่นกรองโครงการตามแผนปฏิบัติการด้านทรัพยากรน้ำบางส่วนมีความซ้ำซ้อนหรือขาดความพร้อมในการดำเนินการ ทำให้ต้องมีการขอยกเลิกรายการที่ได้รับอนุมัติงบประมาณแล้ว (ปี 2562–2565) จำนวน 474 รายการ วงเงิน 7,283.74 ล้านบาท",ข้อเสนอแนะ: 1. ซักซ้อมทำความเข้าใจกับหน่วยงานที่เกี่ยวข้องว่าทุกโครงการเกี่ยวกับทรัพยากรน้ำที่จะของบประมาณต้องผ่านการพิจารณาจาก กนช. 2. รวบรวมปัญหาในการเข้าถึงและเชื่อมโยงฐานข้อมูลแผนงานโครงการด้านทรัพยากรน้ำ พร้อมเสนอมาตรการแนวทางแก้ไขต่อ กนช. เพื่อพิจารณาและเสนอให้คณะรัฐมนตรีสั่งการต่อไป,ผลกระทบ: อาจส่งผลให้การเบิกจ่ายงบประมาณไม่เป็นไปตามเป้าหมาย และเสียโอกาสในการนำเงินงบประมาณไปใช้แก้ไขปัญหาอื่นที่มีความจำเป็นเร่งด่วน
FL-1849,ข้อตรวจพบที่ 3: การจัดทำผังน้ำตามพระราชบัญญัติทรัพยากรน้ำ พ.ศ. 2561,สำนักงานทรัพยากรน้ำแห่งชาติ,การบริหารจัดการทรัพยากรน้ำ,2566,การเงิน/พัสดุ,สาเหตุ: 1. ข้อจำกัดด้านงบประมาณ ทำให้ไม่สามารถดำเนินการได้พร้อมกันทั้ง 22 ลุ่มน้ำ 2. สถานการณ์การแพร่ระบาดของโรคโควิด-19 ส่งผลกระทบต่อกระบวนการจัดทำผังน้ำ เช่น การสำรวจ และการจัดประชุมรับฟังความคิดเห็น 3. ข้อมูลที่ต้องใช้ในการวิเคราะห์ต้องใช้เวลานานในการขอจากหน่วยงานต่างๆ 4. กระบวนการขออนุญาตเข้าสำรวจพื้นที่ป่าไม้ใช้ระยะเวลานาน,รายละเอียด: สทนช. จัดทำผังน้ำทุกลุ่มน้ำไม่แล้วเสร็จตามระยะเวลาที่กฎหมายกำหนด โดย ณ วันที่ 30 ก.ย. 65 ยังไม่มีการเสนอร่างผังน้ำทุกลุ่มน้ำให้ กนช. พิจารณาเห็นชอบ,ข้อเสนอแนะ: 1. เร่งรัดการดำเนินการจัดทำร่างผังน้ำทุกลุ่มน้ำให้แล้วเสร็จตามแผน และกำหนดแผนการเสนอให้ กนช. พิจารณาอย่างชัดเจน 2. ถอดบทเรียนจากการดำเนินโครงการจัดทำผังน้ำ เพื่อให้เจ้าหน้าที่มีแนวทางการจัดทำผังน้ำที่ชัดเจนในอนาคต,ผลกระทบ: หน่วยงานราชการและประชาชนยังไม่มีข้อมูลผังน้ำเพื่อนำไปใช้ประโยชน์ในด้านต่างๆ เช่น การใช้ประโยชน์ที่ดิน การออกแบบทางน้ำ และการบริหารจัดการน้ำท่วม/น้ำแล้ง
FL-1850,ข้อตรวจพบที่ 4: การจัดทำทะเบียนแหล่งน้ำ,สำนักงานทรัพยากรน้ำแห่งชาติ,การบริหารจัดการทรัพยากรน้ำ,2566,การเงิน/พัสดุ,สาเหตุ: แนวทางการขับเคลื่อนการจัดทำทะเบียนแหล่งน้ำผ่านกลไกความร่วมมือของกรมส่งเสริมการปกครองท้องถิ่นและ อปท. มีข้อจำกัดในการดำเนินการ ทั้งในเรื่องของงบประมาณและบุคลากร,รายละเอียด: ณ วันที่ 30 ก.ย. 65 การจัดทำทะเบียนแหล่งน้ำยังไม่แล้วเสร็จตามแผน โดยข้อมูลแหล่งน้ำส่วนใหญ่ยังอยู่ระหว่างการตรวจสอบความถูกต้อง ความครบถ้วน และความซ้ำซ้อน,ข้อเสนอแนะ: ทบทวนแนวทางการขับเคลื่อนการจัดทำทะเบียนแหล่งน้ำและกำหนดแผนการดำเนินการให้ชัดเจน เพื่อเสนอให้ กนช. พิจารณาให้ความเห็นชอบต่อไป และควรพิจารณาเชื่อมโยงข้อมูลแหล่งน้ำที่ขึ้นทะเบียนเสร็จสมบูรณ์แล้วไปใช้ประโยชน์,ผลกระทบ: หน่วยงานต่างๆ ยังไม่มีฐานข้อมูลแหล่งน้ำที่ถูกต้องครบถ้วนเพื่อนำไปใช้ในการวางแผนและบริหารจัดการน้ำของประเทศได้อย่างมีประสิทธิภาพ
FL-1851,ข้อสังเกตที่ 1: การจัดทำแผนป้องกันและแก้ไขภาวะน้ำแล้ง และแผนป้องกันและแก้ไขภาวะน้ำท่วม,สำนักงานทรัพยากรน้ำแห่งชาติ,การบริหารจัดการทรัพยากรน้ำ,2566,,,รายละเอียด: สทนช. ยังจัดทำร่างแผนป้องกันและแก้ไขภาวะน้ำแล้งและน้ำท่วมของทุกลุ่มน้ำไม่แล้วเสร็จ และยังไม่ได้เสนอให้คณะกรรมการลุ่มน้ำพิจารณา โดยอยู่ระหว่างการทบทวนร่างแผนเดิมให้สอดคล้องกับการแบ่งพื้นที่ลุ่มน้ำใหม่เป็น 22 ลุ่มน้ำ,ข้อเสนอแนะ: เร่งรัดการดำเนินการทบทวนร่างแผนฯ ให้แล้วเสร็จตามกำหนด และประสานงานคณะกรรมการลุ่มน้ำเพื่อพิจารณาเสนอต่อ กนช. ต่อไป โดยในการจัดทำเพิ่มเติมในปี 2567 ควรกำกับดูแลให้เป็นไปตามแผนและให้ความสำคัญกับการมีส่วนร่วมของทุกภาคส่วน,ผลกระทบ: (ไม่ได้ระบุ) สาเหตุ: การทบทวนร่างแผนใช้งบประมาณเหลือจ่ายปี 2565 ทำให้มีข้อจำกัดในการดำเนินการด้านการมีส่วนร่วม จึงมีแผนจะจัดทำเพิ่มเติมในปีงบประมาณ 2567
FL-1852,ข้อสังเกตที่ 2: การขับเคลื่อนโครงการขนาดใหญ่และโครงการสำคัญเพื่อแก้ไขปัญหาทรัพยากรน้ำในพื้นที่ Area based,สำนักงานทรัพยากรน้ำแห่งชาติ,การบริหารจัดการทรัพยากรน้ำ,2566,,,รายละเอียด: ณ วันที่ 30 ก.ย. 65 สทนช. มีแผนดำเนินการศึกษาแผนหลักในพื้นที่ Area Based เพียง 25 จาก 66 พื้นที่ โดยมีโครงการที่ได้รับงบประมาณก่อสร้างแล้ว 241 โครงการ และอยู่ระหว่างขับเคลื่อน 505 โครงการ จากทั้งหมด 746 โครงการ แต่การขับเคลื่อนยังไม่เป็นไปตามแผนเนื่องจากปัญหาการขอใช้พื้นที่ ผลกระทบสิ่งแวดล้อม และการมีส่วนร่วมของประชาชน,,ผลกระทบ: (ไม่ได้ระบุ) สาเหตุ: (ไม่ได้ระบุ) ข้อเสนอแนะ: กำหนดให้มีแนวทางการประเมินหรือทบทวนพื้นที่ Area Based ทั้ง 66 พื้นที่ ให้สอดคล้องกับสภาพปัญหาปัจจุบัน เพื่อนำข้อมูลมาปรับปรุงแผนการขับเคลื่อนโครงการขนาดใหญ่และโครงการสำคัญร่วมกับข้อมูลผลการศึกษาอื่นๆ ให้ตอบสนองต่อความต้องการของประชาชน
FL-1853,ข้อตรวจพบที่ 1: การลดการเผาเพื่อตัดอ้อยส่งโรงงานไม่บรรลุเป้าหมายที่กำหนด,สำนักงานคณะกรรมการอ้อยและน้ำตาลทราย,การแก้ไขปัญหาอ้อยไฟไหม้เพื่อลดฝุ่นละอองขนาดเล็ก (PM 2.5),2567,กฎระเบียบ/กฎหมาย,สาเหตุ: 1. ขาดกิจกรรมที่ช่วยแก้ไขปัญหาในพื้นที่ที่มีข้อจำกัดในการตัดอ้อยสดอย่างเป็นรูปธรรม 2. โครงการช่วยเหลือไม่ได้กำหนดเงื่อนไขที่ทำให้เกษตรกรตระหนักและปรับเปลี่ยนพฤติกรรม 3. การหักเงิน 30 บาท/ตัน ยังไม่ส่งผลต่อการตัดสินใจของเกษตรกรเมื่อเทียบกับต้นทุนการตัดอ้อยสด 4. มาตรการทางกฎหมายต่อโรงงานไม่มีสภาพบังคับและไม่ได้ประกาศใช้อย่างต่อเนื่อง 5. สอน. ขาดการติดตามและประเมินผลสำเร็จของโครงการที่ผ่านมา,รายละเอียด: ปริมาณอ้อยไฟไหม้สูงกว่าเป้าหมายที่กำหนดในทุกฤดูการผลิตตั้งแต่ปี 2562/63 - 2566/67 โดยพบว่า - เกษตรกรที่ได้รับเงินช่วยเหลือเพื่อตัดอ้อยสด ยังคงส่งอ้อยไฟไหม้ในปีถัดไป - เกษตรกรที่ได้รับสินเชื่อซื้อเครื่องจักร ยังคงส่งอ้อยไฟไหม้ (470 จาก 580 ราย) - เกษตรกรที่ยืมเครื่องสางใบอ้อย ยังคงส่งอ้อยไฟไหม้ - เกษตรกรที่ถูกหักเงินจากการส่งอ้อยไฟไหม้ ยังคงเผาอ้อยในปีถัดไป - โรงงานน้ำตาลส่วนใหญ่รับอ้อยไฟไหม้เกินเกณฑ์ที่กำหนด,ข้อเสนอแนะ: 1. ศึกษาและประเมินผลสำเร็จของมาตรการที่ผ่านมาเพื่อปรับปรุงแก้ไข 2. ทบทวนโครงการช่วยเหลือต่างๆ ให้แก้ไขปัญหาที่ต้นเหตุและไม่เป็นภาระงบประมาณระยะยาว 3. ทบทวนอัตราการหักเงินให้เหมาะสมเพื่อจูงใจให้เกษตรกรปรับเปลี่ยนพฤติกรรม 4. ทบทวนมาตรการทางกฎหมายต่อโรงงาน โดยอาจพิจารณามาตรการจูงใจ 5. กำหนดแนวทางส่งเสริมการใช้เครื่องจักรกลการเกษตรในการตัดอ้อยสดในทุกภาคส่วนที่เกี่ยวข้อง,ผลกระทบ: ประชาชนยังมีความเสี่ยงที่จะได้รับมลภาวะฝุ่นละอองขนาดเล็ก (PM 2.5) และการใช้จ่ายงบประมาณแผ่นดินไม่เกิดความคุ้มค่า
FL-1854,ข้อตรวจพบที่ 2: การส่งเสริมการรับซื้อใบอ้อยเพื่อเพิ่มรายได้และลดการเผาใบอ้อยหลังตัดยังไม่เป็นไปตามที่มุ่งหวัง,สำนักงานคณะกรรมการอ้อยและน้ำตาลทราย,การแก้ไขปัญหาอ้อยไฟไหม้เพื่อลดฝุ่นละอองขนาดเล็ก (PM 2.5),2567,,สาเหตุ: 1. สอน. เสนอเรื่องเพื่อขอรับการส่งเสริมโดยขาดการจัดทำแผนกลยุทธ์หรือแผนขับเคลื่อนที่ชัดเจน 2. แนวทางดำเนินโครงการขาดกิจกรรมส่งเสริมให้เกษตรกรจัดการแปลงโดยไม่เผา และโครงการช่วยเหลือไม่ได้กำหนดเงื่อนไขที่ครอบคลุมเรื่องนี้,รายละเอียด: สอน. ยังไม่สามารถผลักดันให้เกิดการใช้ประโยชน์ใบและยอดอ้อยเป็นเชื้อเพลิงชีวมวลได้ และยังมีการซื้อขายใบอ้อยในสัดส่วนเพียง 17.26% ของประมาณการที่สามารถใช้ประโยชน์ได้ เกษตรกรส่วนใหญ่ยังคงใช้วิธีเผาใบอ้อยหลังการเก็บเกี่ยว,ข้อเสนอแนะ: 1. จัดทำแผนกลยุทธ์หรือแผนขับเคลื่อนการใช้ประโยชน์ใบและยอดอ้อยเป็นเชื้อเพลิงชีวมวลร่วมกับหน่วยงานที่เกี่ยวข้อง 2. ส่งเสริมให้เกษตรกรจัดการแปลงปลูกอ้อยโดยไม่เผา และพิจารณากำหนดเงื่อนไขในโครงการช่วยเหลือให้ครอบคลุมการจัดการใบอ้อยหลังเก็บเกี่ยว,ผลกระทบ: ยังไม่สามารถสร้างแรงจูงใจให้เกษตรกรลดการเผาในพื้นที่ปลูกอ้อยได้ และประชาชนยังคงมีความเสี่ยงที่จะได้รับมลภาวะ PM 2.5
FL-1855,ข้อตรวจพบที่ 1: การดำเนินการปฏิรูปที่ดินเพื่อเกษตรกรรมยังไม่บรรลุวัตถุประสงค์ในการแก้ไขปัญหาเกษตรกรผู้ไร้ที่ดินทำกิน,สำนักงานการปฏิรูปที่ดินเพื่อเกษตรกรรม,การจัดที่ดินทำกินให้เกษตรกรและสถาบันเกษตรกรในเขตปฏิรูปที่ดินเพื่อเกษตรกรรม,2567,การเงิน/พัสดุ,สาเหตุ: 1. ไม่มีการกำหนดแผนปฏิบัติงานสำรวจรังวัดพื้นที่คงเหลือ และไม่มีมาตรการเร่งรัดให้ผู้ถือครองเดิมเข้าสู่กระบวนการปฏิรูปที่ดิน 2. หลักเกณฑ์และวิธีการจัดซื้อที่ดินมีกระบวนการหลายขั้นตอนและใช้เวลานาน 3. ความล่าช้าในการดำเนินการนำที่ดินเอกชนแปลงว่างมาจัดให้เกษตรกรรายใหม่ 4. ขาดความต่อเนื่องในการตรวจสอบสิทธิของเกษตรกรผู้ได้รับการจัดที่ดิน 5. ไม่มีการกำหนดกรอบระยะเวลาสำหรับเจ้าหน้าที่ในการดำเนินการกรณีเกษตรกรถึงแก่ความตายโดยไม่มีทายาท 6. ไม่มีการกำหนดเป้าหมายที่ชัดเจนในการจัดที่ดินให้เกษตรกรผู้ไร้ที่ดินทำกินรายใหม่,"รายละเอียด: 1. ที่ดินรัฐคงเหลือ: ไม่มีการนำมาจัดให้เกษตรกรผู้ไร้ที่ดินทำกินรายใหม่ โดยส่วนใหญ่เป็นการจัดให้ผู้ครอบครองเดิม 2 การจัดซื้อที่ดินเอกชน: ไม่เป็นไปตามเป้าหมาย โดยจัดซื้อได้เพียง 4.45% ของแผน และที่ดินบางส่วนยังไม่ได้นำมาจัดให้เกษตรกรรายใหม่ 3 ที่ดินที่ถูกสั่งให้สิ้นสิทธิ: ยังไม่มีการนำที่ดินแปลงที่ถูกสั่งสิ้นสิทธิ (9,705 ไร่) มาจัดให้เกษตรกรรายใหม่ 4 ที่ดินที่ไม่มีทายาทรับมรดก: ยังมีพื้นที่คงเหลือซึ่งไม่มีทายาทมายื่นขอรับมรดกสิทธิประมาณ 1,733,022 ไร่ ที่ยังไม่ได้นำมาจัดให้เกษตรกรผู้ไร้ที่ดินทำกิน",ข้อเสนอแนะ: 1. จัดทำแผนปฏิบัติงานสำรวจที่ดินของรัฐที่ยังไม่เข้าสู่กระบวนการฯ และกำหนดกรอบเวลาให้ผู้ถือครองยื่นคำร้อง 2. ทบทวนกระบวนการจัดซื้อที่ดินเอกชนให้รวดเร็วยิ่งขึ้น 3. เร่งรัดหาข้อสรุปการจัดที่ดินแปลงว่าง 4. กำหนดให้มีการตรวจสอบการมีชีวิตอยู่และคุณสมบัติของเกษตรกรอย่างต่อเนื่อง 5. กำหนดกรอบระยะเวลาในการตรวจสอบที่ดินซึ่งไม่มีทายาทขอรับมรดกสิทธิ 6. กำหนดเป้าหมายการจัดที่ดินให้เกษตรกรผู้ไร้ที่ดินทำกินในแต่ละปีอย่างเป็นรูปธรรม,"ผลกระทบ: เกษตรกรผู้ไร้ที่ดินทำกิน จำนวนไม่น้อยกว่า 366,085 ราย ขาดโอกาสในการถือครองที่ดิน ในขณะที่เกษตรกรบางรายถือครองที่ดินเกินกฎหมายกำหนด สะท้อนให้เห็นถึงความไม่เท่าเทียมทางโอกาสในการเข้าถึงที่ดินทำกิน"
FL-1856,ข้อตรวจพบที่ 2: การพัฒนาโครงสร้างพื้นฐานและการส่งเสริมเกษตรกรและสถาบันเกษตรกรที่ได้รับการจัดที่ดินตามนโยบายรัฐบาล (คทช.) ยังไม่สนับสนุนการประกอบอาชีพเกษตรกรรมของเกษตรกร,สำนักงานการปฏิรูปที่ดินเพื่อเกษตรกรรม,การจัดที่ดินทำกินให้เกษตรกรและสถาบันเกษตรกรในเขตปฏิรูปที่ดินเพื่อเกษตรกรรม,2567,การประสานงาน/บูรณาการ,สาเหตุ: 1. ส.ป.ก. ไม่ได้กำหนดแผนและกรอบเวลาการพัฒนาโครงสร้างพื้นฐานร่วมกับหน่วยงานบูรณาการ 2. ลักษณะภูมิประเทศบางพื้นที่เป็นอุปสรรคต่อการส่งน้ำ และบางแห่งขาดระบบกระจายน้ำ 3. สถาบันเกษตรกรขาดองค์ความรู้ด้านการบริหารจัดการน้ำและไม่ได้บูรณาการกับหน่วยงานอื่น 4. ส.ป.ก. ยังไม่มีการถ่ายโอนภารกิจด้านโครงสร้างพื้นฐานให้ อปท. 5. สถาบันเกษตรกรยังไม่มีกิจกรรมส่งเสริมและสนับสนุนการประกอบอาชีพของสมาชิกอย่างเป็นรูปธรรม,รายละเอียด: 1. โครงสร้างพื้นฐาน: การพัฒนาโครงสร้างพื้นฐานด้านแหล่งน้ำและระบบกระจายน้ำยังไม่แล้วเสร็จในบางพื้นที่ และบางแห่งที่แล้วเสร็จก็ไม่สามารถกระจายน้ำได้อย่างเพียงพอและทั่วถึง 2 การส่งเสริมอาชีพ: การส่งเสริมและพัฒนาอาชีพยังไม่ประสบผลสำเร็จเท่าที่ควร โดยเกษตรกร 32.28% ที่สุ่มตรวจสอบ ไม่ได้ประกอบอาชีพตามที่ได้รับการส่งเสริม,ข้อเสนอแนะ: 1. ร่วมหารือกับหน่วยงานที่เกี่ยวข้องเพื่อกำหนดแผนและกรอบเวลาการพัฒนาโครงสร้างพื้นฐาน 2. จัดทำคู่มือและฝึกอบรมให้สถาบันเกษตรกรด้านการบริหารจัดการน้ำและการบำรุงรักษา 3. เร่งรัดดำเนินการถ่ายโอนภารกิจด้านโครงสร้างพื้นฐานให้แก่ อปท. 4. กำหนดแนวทางส่งเสริมและพัฒนาศักยภาพสถาบันเกษตรกรในการวางแผนการผลิตและการตลาด 5. กำหนดแนวทางส่งเสริมให้สถาบันเกษตรกรใช้ประโยชน์พื้นที่แปลงรวมเพื่อสร้างรายได้และสนับสนุนสมาชิก,ผลกระทบ: เกษตรกรไม่สามารถประกอบอาชีพเพื่อสร้างความมั่นคงได้เต็มศักยภาพ มีต้นทุนสูง หรือละทิ้งที่ดินที่ได้รับจัดสรร ทำให้การใช้ที่ดินของรัฐไม่เกิดประโยชน์สูงสุด
FL-1857,ข้อตรวจพบที่ 3: การเข้าทำประโยชน์ในที่ดินของเกษตรกรที่ได้รับการจัดที่ดินตามนโยบายรัฐบาล (คทช.) บางรายไม่เป็นไปตามหลักเกณฑ์ที่กำหนด,สำนักงานการปฏิรูปที่ดินเพื่อเกษตรกรรม,การจัดที่ดินทำกินให้เกษตรกรและสถาบันเกษตรกรในเขตปฏิรูปที่ดินเพื่อเกษตรกรรม,2567,การเงิน/พัสดุ,"สาเหตุ: 1. พื้นที่บางแห่งไม่เหมาะสมกับการทำเกษตรกรรม (เช่น เป็นที่สูง, ดินไม่ดี) 2. การพัฒนาโครงสร้างพื้นฐาน (ไฟฟ้า, แหล่งน้ำ) ล่าช้า ไม่ครบถ้วน และบางแห่งมีต้นทุนการใช้น้ำสูงเกินกว่าที่เกษตรกรจะรับไหว 3. แผนการส่งเสริมอาชีพไม่สอดคล้องกับความต้องการของเกษตรกร 4. สถาบันเกษตรกรบางแห่งยังไม่สามารถกำกับดูแลการเข้าทำประโยชน์ของสมาชิกให้เป็นไปตามหลักเกณฑ์ได้",รายละเอียด: จากการสุ่มตรวจสอบ 194 แปลง พบว่า 30 แปลง (15.46%) ไม่ได้ทำประโยชน์ตามหลักเกณฑ์ โดยมีการให้ผู้อื่นทำประโยชน์แทน 7 แปลง และถูกทิ้งร้าง 23 แปลง,ข้อเสนอแนะ: 1. ในอนาคต ควรคัดเลือกพื้นที่ที่เหมาะสมกับการทำเกษตรกรรมและพัฒนาโครงสร้างพื้นฐานให้พร้อมก่อนจัดสรร 2. เสริมสร้างความรู้ความเข้าใจในบทบาทหน้าที่ของสถาบันเกษตรกรเกี่ยวกับการกำกับดูแลสมาชิก 3. ศึกษา วิเคราะห์ และถอดบทเรียนจากพื้นที่ที่ประสบความสำเร็จเพื่อนำไปประยุกต์ใช้กับพื้นที่อื่น,ผลกระทบ: การแก้ไขปัญหาการขาดแคลนที่ดินยังไม่สัมฤทธิ์ผลตามที่คาดหวัง กระทบต่อสิทธิของเกษตรกรรายอื่นที่รอรับการจัดสรร และการบริหารจัดการที่ดินของรัฐไม่เกิดประโยชน์สูงสุด
FL-1858,ข้อตรวจพบที่ 1: ผลการดำเนินงานการปลูกฟื้นฟูป่าชายเลนบางส่วนยังไม่สามารถเพิ่มพื้นที่ป่าชายเลนได้อย่างมีประสิทธิผล,กรมทรัพยากรทางทะเลและชายฝั่ง,การบริหารจัดการทรัพยากรป่าชายเลน,2567,การวางแผน/ตัวชี้วัด,สาเหตุ: 1. การสำรวจความเหมาะสมของพื้นที่ปลูกไม่ได้แบ่งแยกโซนพื้นที่ที่แตกต่างกัน และไม่ได้หักพื้นที่ที่ไม่สามารถปลูกได้ออกตั้งแต่ต้น 2. การอนุมัติพื้นที่โครงการคาร์บอนเครดิตเกินศักยภาพของผู้พัฒนา และไม่มีมาตรการจัดการพื้นที่ที่ถูกส่งคืน 3. การกำหนดเป้าหมายและเงื่อนไขของโครงการส่งเสริมการปลูกไม้ป่าชายเลนเศรษฐกิจไม่จูงใจให้เกิดการปรับเปลี่ยนการใช้ประโยชน์ที่ดินมาปลูกป่าใหม่,"รายละเอียด: 1. แปลงปลูกทดแทน: จากการสุ่มตรวจ 33 แปลง พบว่า 17 แปลง มีพื้นที่ที่ไม่พบพันธุ์ไม้หรือพันธุ์ไม้ไม่เจริญเติบโต รวมประมาณ 214.80 ไร่ 2 คาร์บอนเครดิต: ผู้พัฒนาโครงการไม่ได้ดำเนินการปลูกและส่งคืนพื้นที่ 8,453.04 ไร่ 3 ป่าชายเลนเศรษฐกิจ: โครงการไม่เป็นไปตามเป้าหมาย โดยมีผู้เข้าร่วมเพียง 597.56 ไร่ จากเป้า 2,000 ไร่ และพื้นที่ส่วนใหญ่เป็นการปลูกในสวนป่าเดิม ไม่ใช่การเพิ่มพื้นที่ใหม่",ข้อเสนอแนะ: 1. กำหนดหลักเกณฑ์การคำนวณพื้นที่แปลงปลูกให้ชัดเจนโดยหักพื้นที่ที่ไม่สามารถปลูกได้ออก 2. สำรวจตรวจสอบแปลงปลูกที่ใกล้ครบกำหนด 6 ปี แต่ยังไม่ได้ผล เพื่อกำหนดแนวทางการฟื้นฟูที่ถูกต้อง 3. ปรับปรุงการติดตามประเมินผลโดยใช้เทคโนโลยี เช่น ภาพถ่ายดาวเทียม 4. ให้ความสำคัญกับการพิจารณาศักยภาพของผู้พัฒนาโครงการคาร์บอนเครดิต และกำหนดแนวทางจัดการพื้นที่ที่ถูกส่งคืน 5. ทบทวนระเบียบและเงื่อนไขของโครงการส่งเสริมการปลูกไม้ป่าชายเลนเศรษฐกิจฯ เพื่อให้เกิดการเพิ่มพื้นที่ป่าใหม่อย่างมีประสิทธิผล,ผลกระทบ: กรมทรัพยากรทางทะเลและชายฝั่ง (ทช.) ยังไม่สามารถเพิ่มพื้นที่ป่าชายเลนที่อุดมสมบูรณ์ได้ตามเป้าหมาย และการใช้จ่ายงบประมาณยังขาดประสิทธิภาพและความคุ้มค่า
FL-1859,ข้อตรวจพบที่ 2: พื้นที่ป่าชายเลนบางส่วนยังไม่ได้รับการคุ้มครอง ป้องกันไม่ให้มีการบุกรุกเปลี่ยนแปลงสภาพหรือเข้าใช้ประโยชน์ได้อย่างมีประสิทธิผล,กรมทรัพยากรทางทะเลและชายฝั่ง,การบริหารจัดการทรัพยากรป่าชายเลน,2567,การเงิน/พัสดุ,สาเหตุ: 1. การลาดตระเวนเพื่อป้องกันรักษามีข้อจำกัดด้านพื้นที่และขาดข้อมูลการถือครองเอกสารสิทธิ์ที่ชัดเจน 2. การประสานงานส่งต่อข้อมูลระหว่างหน่วยงานที่รับผิดชอบการทวงคืนผืนป่ากับหน่วยงานฟื้นฟูยังไม่ครอบคลุมและเป็นปัจจุบัน 3. ทช. ไม่มีแผนปฏิบัติงานหรือแนวทางที่ชัดเจนในการกำกับดูแลชุมชนที่ได้รับอนุญาตในพื้นที่ คทช. 4. ทช. ยังไม่สามารถกำกับดูแลให้จังหวัดจัดทำหลักเขตหรือเครื่องหมายแสดงแนวเขตพื้นที่ คทช. ได้อย่างชัดเจน เนื่องจากไม่มีงบประมาณ,"รายละเอียด: พบการบุกรุกหรือใช้ประโยชน์ในพื้นที่ป่าชายเลนที่ควรได้รับการคุ้มครองในหลายกรณี: - แปลงปลูกทดแทน: พบการใช้ประโยชน์เป็นที่อยู่อาศัย, บ่อพักน้ำ, ปศุสัตว์ ฯลฯ ประมาณ 25.23 ไร่ ใน 11 แปลง - พื้นที่เตรียมประกาศเขตอนุรักษ์: พบการใช้ประโยชน์เป็นที่อยู่อาศัย, บ่อเลี้ยงสัตว์น้ำ ฯลฯ ประมาณ 157.94 ไร่ ใน 13 แห่ง - พื้นที่ดำเนินคดี (ทวงคืน): พบการเข้าใช้ประโยชน์ใน 3 แปลง ที่คดีสิ้นสุดแล้ว และอีก 1 แปลง ยังไม่ได้ทำลายพืชผลอาสิน (ยางพารา) - พื้นที่ คทช.: พบการขยายพื้นที่อยู่อาศัยและทำกินเกินขอบเขตที่ได้รับอนุญาตประมาณ 5.65 ไร่ ใน 9 แห่ง",ข้อเสนอแนะ: 1. ตรวจสอบข้อเท็จจริงในพื้นที่ที่ สตง. ตรวจพบ และดำเนินการตามกฎหมายเพื่อเร่งนำพื้นที่มาฟื้นฟู 2. สนับสนุนการลาดตระเวนโดยนำเทคโนโลยีภูมิสารสนเทศมาใช้ และเร่งสำรวจข้อมูลการใช้ประโยชน์และการถือครองที่ดิน 3. กำหนดแนวทางการประสานงานเพื่อส่งต่อข้อมูลพื้นที่ดำเนินคดีให้หน่วยงานฟื้นฟูนำไปดำเนินการได้อย่างครบถ้วน 4. จัดทำแผนปฏิบัติงานและแนวทางกำกับดูแลพื้นที่ คทช. ให้ชัดเจน และหารือกับจังหวัดเพื่อหาแนวทางจัดทำหลักเขตแสดงแนวพื้นที่ที่ได้รับอนุญาต,ผลกระทบ: ทรัพยากรป่าชายเลนคงสภาพถูกทำลายเพิ่มขึ้น สภาพพื้นที่เสื่อมโทรม เกิดการพังทลายของดิน และรัฐต้องใช้งบประมาณและเวลาจำนวนมากในการฟื้นฟู
FL-1860,ข้อตรวจพบที่ 3: พื้นที่กำหนดและเตรียมประกาศเขตพื้นที่ป่าชายเลนอนุรักษ์บางแห่ง ทับซ้อนกับพื้นที่มีการแสดงกรรมสิทธิ์หรือสิทธิครอบครองที่ดินของเอกชน และที่ดินของรัฐประเภทอื่น,กรมทรัพยากรทางทะเลและชายฝั่ง,การบริหารจัดการทรัพยากรป่าชายเลน,2567,ข้อมูล/บันทึก/เอกสาร,สาเหตุ: การตรวจสอบข้อมูลการถือครองกรรมสิทธิ์ที่ดินไม่ได้กำหนดให้มีการประสานกับกรมที่ดินและหน่วยงานรัฐอื่นเพื่อให้ตรวจสอบแนวเขตทับซ้อนอย่างชัดเจน แต่ใช้ข้อมูลจากการลงพื้นที่สำรวจภาคสนามซึ่งมีข้อจำกัด,"รายละเอียด: จากการสุ่มตรวจสอบ 23 แห่ง พบว่า 6 แห่ง (เนื้อที่ 155.66 ไร่) ทับซ้อนกับที่ดินเอกชน (โฉนด, นส.3ก) และ 2 แห่ง (เนื้อที่ 11.69 ไร่) ทับซ้อนกับที่ดินของรัฐประเภทอื่น (ที่สาธารณประโยชน์, เขตปฏิรูปที่ดิน) ซึ่งไม่เป็นไปตามมาตรา 18 แห่ง พ.ร.บ.ส่งเสริมการบริหารจัดการทรัพยากรทางทะเลและชายฝั่ง พ.ศ. 2558",ข้อเสนอแนะ: กำหนดแนวทางให้หน่วยงานที่รับผิดชอบประสานกับกรมที่ดินและหน่วยงานของรัฐอื่นๆ เพื่อตรวจสอบข้อมูลการถือครองเอกสารสิทธิ์และแนวเขตที่ดินของรัฐประเภทอื่นในพื้นที่ ก่อนเสนอให้คณะกรรมการฯ พิจารณาเห็นชอบ,ผลกระทบ: ประชาชนและภาคส่วนต่างๆ ไม่ได้รับประโยชน์จากการกำหนดให้พื้นที่ดังกล่าวเป็นเขตป่าชายเลนอนุรักษ์ และไม่สามารถคุ้มครอง สงวน อนุรักษ์ และฟื้นฟูพื้นที่ให้คงสภาพธรรมชาติได้ตามวัตถุประสงค์
FL-1861,ข้อตรวจพบที่ 1: ผลการดำเนินโครงการไม่เป็นไปตามเป้าหมาย,สำนักงานปลัดกระทรวงเกษตรและสหกรณ์,โครงการ 1 ตำบล 1 กลุ่มเกษตรทฤษฎีใหม่,2566,ข้อมูล/บันทึก/เอกสาร,สาเหตุ (สาเหตุร่วม): 1. กำหนดเป้าหมายโดยขาดการสำรวจข้อมูลสภาพพื้นที่และความต้องการของเกษตรกร 2. การคัดเลือกพื้นที่เน้นความเหมาะสมในการขุดสระ โดยขาดการพิจารณาความเหมาะสมด้านอื่น ๆ 3. ขาดหลักเกณฑ์ในการคัดเลือกเกษตรกรที่มีความตั้งใจจริง 4. การพิจารณาความเหมาะสมของพื้นที่สร้างสระเก็บกักน้ำยังไม่แน่ชัดเพียงพอ ทำให้เกิดความคลาดเคลื่อน 5. การดำเนินโครงการล่าช้ากว่าแผน โดยเฉพาะการรับสมัครและการขุดสระ,"รายละเอียด: ณ วันที่ 31 ธันวาคม 2564 ผลการดำเนินโครงการต่ำกว่าเป้าหมายทุกรายการ เช่น พื้นที่เกษตรทฤษฎีใหม่เพิ่มขึ้น 96,587 ไร่ (76.89% ของเป้าหมาย) และมีเกษตรกรได้รับการพัฒนา 27,259 ราย (85.18% ของเป้าหมาย) นอกจากนี้ยังมีเกษตรกรบางส่วนที่ไม่ได้รับการพัฒนาตามแนวทาง เช่น ไม่ได้รับการขุดสระเก็บกักน้ำ 142 ราย และไม่ได้รับการสนับสนุนปัจจัยการผลิต",ข้อเสนอแนะ (ข้อเสนอแนะร่วม): 1. ให้หน่วยงานร่วมดำเนินงานสำรวจความต้องการของเกษตรกรที่ไม่ได้รับการสนับสนุน และกำหนดแนวทางช่วยเหลือ 2. ให้สำนักงานเกษตรและสหกรณ์จังหวัดติดตาม รวบรวมข้อมูล และประเมินศักยภาพเกษตรกรเพื่อกำหนดแนวทางการสนับสนุนที่เหมาะสม 3. หากมีโครงการลักษณะเดียวกันในอนาคต ควรให้ความสำคัญกับการคัดเลือกเกษตรกรและพื้นที่เป้าหมายให้มากขึ้น,ผลกระทบ: 1. ภาครัฐเสียโอกาสในการใช้จ่ายเงินกู้คงเหลือเพื่อฟื้นฟูเศรษฐกิจและสังคม 2. เกษตรกรที่ไม่ได้รับการพัฒนาพื้นที่อาจประสบปัญหาขาดแคลนน้ำ และเสียโอกาสในการนำปัจจัยการผลิตไปใช้ประโยชน์
FL-1862,ข้อตรวจพบที่ 2: ผลการดำเนินโครงการบางส่วนมีความเสี่ยงที่จะไม่เป็นไปตามที่โครงการมุ่งหวัง,สำนักงานปลัดกระทรวงเกษตรและสหกรณ์,โครงการ 1 ตำบล 1 กลุ่มเกษตรทฤษฎีใหม่,2566,ข้อมูล/บันทึก/เอกสาร,สาเหตุ (สาเหตุร่วม): 1. กำหนดเป้าหมายโดยขาดการสำรวจข้อมูลสภาพพื้นที่และความต้องการของเกษตรกร 2. การคัดเลือกพื้นที่เน้นความเหมาะสมในการขุดสระ โดยขาดการพิจารณาความเหมาะสมด้านอื่น ๆ 3. ขาดหลักเกณฑ์ในการคัดเลือกเกษตรกรที่มีความตั้งใจจริง 4. การพิจารณาความเหมาะสมของพื้นที่สร้างสระเก็บกักน้ำยังไม่แน่ชัดเพียงพอ ทำให้เกิดความคลาดเคลื่อน 5. การดำเนินโครงการล่าช้ากว่าแผน โดยเฉพาะการรับสมัครและการขุดสระ,รายละเอียด: จากการสังเกตการณ์ 158 แปลง พบว่า 111 แห่ง (70.25%) ยังไม่ได้ดำเนินกิจกรรมครบ 4 ส่วนตามหลักเกษตรทฤษฎีใหม่ บางแปลงมีสภาพไม่ต่างจากเดิม เป็นพื้นที่ว่างเปล่า หรือสระไม่สามารถเก็บกักน้ำได้,ข้อเสนอแนะ (ข้อเสนอแนะร่วม): 1. ให้หน่วยงานร่วมดำเนินงานสำรวจความต้องการของเกษตรกรที่ไม่ได้รับการสนับสนุน และกำหนดแนวทางช่วยเหลือ 2. ให้สำนักงานเกษตรและสหกรณ์จังหวัดติดตาม รวบรวมข้อมูล และประเมินศักยภาพเกษตรกรเพื่อกำหนดแนวทางการสนับสนุนที่เหมาะสม 3. หากมีโครงการลักษณะเดียวกันในอนาคต ควรให้ความสำคัญกับการคัดเลือกเกษตรกรและพื้นที่เป้าหมายให้มากขึ้น,"ผลกระทบ: 1. งบประมาณที่ใช้ในการดำเนินโครงการมีแนวโน้มที่จะไม่เกิดประโยชน์อย่างคุ้มค่า 2. งบประมาณที่ใช้ขุดสระเก็บกักน้ำอาจสูญเปล่า จำนวน 501,019.57 บาท จากสระที่ไม่สามารถเก็บน้ำได้ 9 แห่ง"
FL-1863,ข้อตรวจพบที่ 1: ผลการดำเนินโครงการบางส่วนไม่เป็นไปตามหลักเกณฑ์และเงื่อนไขที่กำหนด,สำนักงานประกันสังคม,โครงการมาตรการชดเชยรายได้แก่ลูกจ้างของสถานประกอบการที่ได้รับผลกระทบจากการแพร่ระบาดของไวรัสโคโรนา (COVID-19) ซึ่งยังไม่ได้รับการช่วยเหลือเยียวยา,2565,ข้อมูล/บันทึก/เอกสาร,สาเหตุ (สาเหตุร่วม): 1. การตรวจสอบคุณสมบัติขาดความละเอียด รอบคอบ และรัดกุม 2. ระบบรับแจ้งข้อมูล E-form ไม่เพียงพอในการตรวจสอบความถูกต้อง 3. การบันทึกข้อมูลในระบบ Sapiens ไม่ถูกต้องหรือไม่ครบถ้วน 4. ไม่มีกระบวนการสอบทานความถูกต้องของข้อมูลทั้งก่อนและหลังการโอนเงิน 5. ระบบการโอนเงินไม่มีกระบวนการตรวจสอบความถูกต้องของชื่อบัญชีกับชื่อผู้มีสิทธิ 6. การติดตามข้อมูลเลขที่บัญชีที่มีปัญหายังไม่ครบถ้วน,"รายละเอียด: มีผู้ได้รับเงินเยียวยาไม่เป็นไปตามเกณฑ์ 289 ราย เป็นเงิน 4,425,000.00 บาท แบ่งเป็นผู้มีคุณสมบัติไม่ตรงตามเงื่อนไข 249 ราย (เช่น ไม่มีสัญชาติไทย, ได้รับเงินจากมาตรการอื่น) และผู้ได้รับเงินมากกว่า 15,000 บาท จำนวน 40 ราย","ข้อเสนอแนะ (ข้อเสนอแนะร่วม): 1. ให้ตรวจสอบข้อเท็จจริงกรณีจ่ายเงินไม่เป็นไปตามเกณฑ์ และดำเนินการตามกฎหมาย 2. ศึกษาและพัฒนาระบบสารสนเทศที่ใช้ในการจ่ายประโยชน์ทดแทนให้มีประสิทธิภาพมากขึ้น 3. หากมีโครงการลักษณะเดียวกันในอนาคต ควรปรับปรุงกระบวนการต่างๆ เช่น กำชับการตรวจสอบคุณสมบัติ, ปรับปรุงระบบรับแจ้งข้อมูล, กำหนดกระบวนการสอบทาน, ปรับปรุงวิธีการโอนเงิน และกำหนดแนวทางประชาสัมพันธ์ให้ชัดเจน","ผลกระทบ: มีการจ่ายเงินไปโดยไม่สมควร จำนวน 4,425,000.00 บาท และภาครัฐเสียโอกาสในการนำเงินไปใช้ในโครงการอื่น"
FL-1864,ข้อตรวจพบที่ 2: ผู้ประกันตนที่มีสิทธิได้รับเงินเยียวยาตามโครงการบางส่วนไม่ได้รับเงินเยียวยา,สำนักงานประกันสังคม,โครงการมาตรการชดเชยรายได้แก่ลูกจ้างของสถานประกอบการที่ได้รับผลกระทบจากการแพร่ระบาดของไวรัสโคโรนา (COVID-19) ซึ่งยังไม่ได้รับการช่วยเหลือเยียวยา,2565,ข้อมูล/บันทึก/เอกสาร,สาเหตุ (สาเหตุร่วม): 1. การตรวจสอบคุณสมบัติขาดความละเอียด รอบคอบ และรัดกุม 2. ระบบรับแจ้งข้อมูล E-form ไม่เพียงพอในการตรวจสอบความถูกต้อง 3. การบันทึกข้อมูลในระบบ Sapiens ไม่ถูกต้องหรือไม่ครบถ้วน 4. ไม่มีกระบวนการสอบทานความถูกต้องของข้อมูลทั้งก่อนและหลังการโอนเงิน 5. ระบบการโอนเงินไม่มีกระบวนการตรวจสอบความถูกต้องของชื่อบัญชีกับชื่อผู้มีสิทธิ 6. การติดตามข้อมูลเลขที่บัญชีที่มีปัญหายังไม่ครบถ้วน,"รายละเอียด: มีผู้มีสิทธิไม่ได้รับเงินเยียวยา 1,199 ราย เนื่องจากมีปัญหาเกี่ยวกับบัญชีเงินฝากธนาคาร (1,177 ราย) และ สปส. โอนเงินเข้าบัญชีบุคคลอื่น (22 ราย)","ข้อเสนอแนะ (ข้อเสนอแนะร่วม): 1. ให้ตรวจสอบข้อเท็จจริงกรณีจ่ายเงินไม่เป็นไปตามเกณฑ์ และดำเนินการตามกฎหมาย 2. ศึกษาและพัฒนาระบบสารสนเทศที่ใช้ในการจ่ายประโยชน์ทดแทนให้มีประสิทธิภาพมากขึ้น 3. หากมีโครงการลักษณะเดียวกันในอนาคต ควรปรับปรุงกระบวนการต่างๆ เช่น กำชับการตรวจสอบคุณสมบัติ, ปรับปรุงระบบรับแจ้งข้อมูล, กำหนดกระบวนการสอบทาน, ปรับปรุงวิธีการโอนเงิน และกำหนดแนวทางประชาสัมพันธ์ให้ชัดเจน",ผลกระทบ: ผู้ประกันตนไม่ได้รับการบรรเทาความเดือดร้อน และเกิดความไม่เป็นธรรมในการได้รับความช่วยเหลือจากภาครัฐ
FL-1865,ข้อตรวจพบที่ 1: ผลการดำเนินโครงการบางส่วนไม่เป็นไปตามหลักเกณฑ์หรือเงื่อนไขที่กำหนด,สำนักงานปลัดกระทรวงเกษตรและสหกรณ์,โครงการเพื่อช่วยเหลือเกษตรกรที่ได้รับผลกระทบจากการระบาดของโรคติดเชื้อไวรัสโคโรนา 2019,2565,ข้อมูล/บันทึก/เอกสาร,"สาเหตุ (สาเหตุร่วม): 1. ฐานข้อมูลเกษตรกรมีข้อจำกัด, ไม่เป็นปัจจุบัน และวัตถุประสงค์การขึ้นทะเบียนแตกต่างกัน 2. แนวปฏิบัติในการตรวจสอบยืนยันตัวตนไม่ชัดเจน ทำให้การปฏิบัติแตกต่างกัน 3. กระบวนการจ่ายเงินขาดความละเอียดรอบคอบในการตรวจสอบ 4. การกำหนดหลักเกณฑ์เงื่อนไขคุณสมบัติขาดความรัดกุม","รายละเอียด: 1. เกษตรกรที่ได้รับความช่วยเหลือ 12,516 ราย มีคุณสมบัติไม่เป็นไปตามที่กำหนด (เช่น ไม่ได้ประกอบการเกษตร, ขึ้นทะเบียนไม่ตรงตามกำหนด) 2. ผู้มีสิทธิบางส่วนไม่ได้รับเงิน หรือได้รับไม่ครบ/เกินกำหนด 3. ผู้ได้รับเงิน 33 ราย ไม่ใช่บุคคลตามรายชื่อผู้มีสิทธิ","ข้อเสนอแนะ (ข้อเสนอแนะร่วม): 1. หากมีโครงการลักษณะเดียวกันในอนาคต: ควรกำหนดหลักเกณฑ์ให้รัดกุม, ให้ความสำคัญกับความถูกต้องของข้อมูล และกำหนดช่องทางติดต่อที่หลากหลาย 2. สั่งการให้หน่วยงานที่เกี่ยวข้องตรวจสอบข้อเท็จจริงกรณีจ่ายเงินไม่ถูกต้อง 3. ควรศึกษาความเป็นไปได้ในการพัฒนาระบบฐานข้อมูลทะเบียนเกษตรกรให้เป็นฐานข้อมูลเดียว","ผลกระทบ: 1. มีการใช้จ่ายเงินกู้ไปโดยไม่สมควรทั้งสิ้น 189.610 ล้านบาท และสูญเสียโอกาสในการนำเงินไปใช้ในกิจกรรมอื่น 2. เกษตรกรผู้มีสิทธิ 241,491 ราย ไม่ได้รับเงินหรือได้รับน้อยกว่าที่ควร ทำให้ยังคงได้รับความเดือดร้อน"
FL-1866,ข้อตรวจพบที่ 2: การดำเนินโครงการยังไม่ทั่วถึงเกษตรกรผู้มีคุณสมบัติได้รับความช่วยเหลือ,สำนักงานปลัดกระทรวงเกษตรและสหกรณ์,โครงการเพื่อช่วยเหลือเกษตรกรที่ได้รับผลกระทบจากการระบาดของโรคติดเชื้อไวรัสโคโรนา 2019,2565,ข้อมูล/บันทึก/เอกสาร,"สาเหตุ (สาเหตุร่วม): 1. ฐานข้อมูลเกษตรกรมีข้อจำกัด, ไม่เป็นปัจจุบัน และวัตถุประสงค์การขึ้นทะเบียนแตกต่างกัน 2. แนวปฏิบัติในการตรวจสอบยืนยันตัวตนไม่ชัดเจน ทำให้การปฏิบัติแตกต่างกัน 3. กระบวนการจ่ายเงินขาดความละเอียดรอบคอบในการตรวจสอบ 4. การกำหนดหลักเกณฑ์เงื่อนไขคุณสมบัติขาดความรัดกุม 5. ช่องทางการรับแจ้งเลขที่บัญชีมีเพียงช่องทางเดียว ทำให้เกษตรกรบางกลุ่มเข้าถึงได้ยาก","รายละเอียด: มีเกษตรกรชาวไร่อ้อยที่ขึ้นทะเบียนกับสำนักงานคณะกรรมการอ้อยและน้ำตาลทราย (สอน.) จำนวน 165,819 ราย ที่ไม่ซ้ำซ้อนและไม่ได้รับสิทธิช่วยเหลือตามโครงการ","ข้อเสนอแนะ (ข้อเสนอแนะร่วม): 1. หากมีโครงการลักษณะเดียวกันในอนาคต: ควรกำหนดหลักเกณฑ์ให้รัดกุม, ให้ความสำคัญกับความถูกต้องของข้อมูล และกำหนดช่องทางติดต่อที่หลากหลาย 2. สั่งการให้หน่วยงานที่เกี่ยวข้องตรวจสอบข้อเท็จจริงกรณีจ่ายเงินไม่ถูกต้อง 3. ควรศึกษาความเป็นไปได้ในการพัฒนาระบบฐานข้อมูลทะเบียนเกษตรกรให้เป็นฐานข้อมูลเดียว","ผลกระทบ: เกษตรกรชาวไร่อ้อยอย่างน้อย 75,497 ราย สูญเสียโอกาสในการได้รับเงินช่วยเหลือจากโครงการ และอาจยังคงได้รับความเดือดร้อน"
FL-1867,ข้อตรวจพบที่ 3: เงื่อนไขเกี่ยวกับคุณสมบัติเกษตรกรที่ได้รับสิทธิเข้าร่วมโครงการไม่สอดคล้องกับวัตถุประสงค์ของโครงการ,สำนักงานปลัดกระทรวงเกษตรและสหกรณ์,โครงการเพื่อช่วยเหลือเกษตรกรที่ได้รับผลกระทบจากการระบาดของโรคติดเชื้อไวรัสโคโรนา 2019,2565,ข้อมูล/บันทึก/เอกสาร,"สาเหตุ (สาเหตุร่วม): 1. ฐานข้อมูลเกษตรกรมีข้อจำกัด, ไม่เป็นปัจจุบัน และวัตถุประสงค์การขึ้นทะเบียนแตกต่างกัน 2. แนวปฏิบัติในการตรวจสอบยืนยันตัวตนไม่ชัดเจน ทำให้การปฏิบัติแตกต่างกัน 3. กระบวนการจ่ายเงินขาดความละเอียดรอบคอบในการตรวจสอบ 4. การกำหนดหลักเกณฑ์เงื่อนไขคุณสมบัติขาดความรัดกุม 5. ช่องทางการรับแจ้งเลขที่บัญชีมีเพียงช่องทางเดียว ทำให้เกษตรกรบางกลุ่มเข้าถึงได้ยาก","รายละเอียด: ไม่ได้กำหนดเงื่อนไขจำกัดสิทธิเจ้าหน้าที่รัฐทุกประเภท ส่งผลให้พนักงานรัฐวิสาหกิจ 2 แห่ง จำนวน 2,625 ราย ได้รับเงินช่วยเหลือ 39.375 ล้านบาท","ข้อเสนอแนะ (ข้อเสนอแนะร่วม): 1. หากมีโครงการลักษณะเดียวกันในอนาคต: ควรกำหนดหลักเกณฑ์ให้รัดกุม, ให้ความสำคัญกับความถูกต้องของข้อมูล และกำหนดช่องทางติดต่อที่หลากหลาย 2. สั่งการให้หน่วยงานที่เกี่ยวข้องตรวจสอบข้อเท็จจริงกรณีจ่ายเงินไม่ถูกต้อง 3. ควรศึกษาความเป็นไปได้ในการพัฒนาระบบฐานข้อมูลทะเบียนเกษตรกรให้เป็นฐานข้อมูลเดียว",ผลกระทบ: 1. การใช้จ่ายเงินกู้ไม่เป็นไปตามวัตถุประสงค์อย่างน้อย 39.375 ล้านบาท 2. ก่อให้เกิดความไม่เป็นธรรมและความเหลื่อมล้ำทางเศรษฐกิจ
FL-1868,ข้อตรวจพบที่ 1: ผลการดำเนินโครงการบางส่วนไม่เป็นไปตามเงื่อนไขหรือหลักเกณฑ์ที่กำหนด,สำนักงานปลัดกระทรวงการพัฒนาสังคมและความมั่นคงของมนุษย์,โครงการเพื่อช่วยเหลือ เยียวยา และชดเชย ให้แก่ประชาชน ซึ่งได้รับผลกระทบจากการระบาดของโรคติดเชื้อไวรัสโคโรนา 2019 ของกระทรวงการพัฒนาสังคมและความมั่นคงของมนุษย์,2565,ข้อมูล/บันทึก/เอกสาร,สาเหตุ (สาเหตุร่วม): 1. ฐานข้อมูลกลุ่มเป้าหมายมีข้อมูลไม่ถูกต้อง ไม่ครบถ้วน และไม่เป็นปัจจุบัน 2. ขาดการตรวจสอบความถูกต้องของข้อมูลกับฐานข้อมูลทะเบียนราษฎร 3. การตรวจสอบความซ้ำซ้อนกับมาตรการอื่นดำเนินการเพียงครั้งเดียวและไม่เป็นปัจจุบัน 4. การติดตามรายงานสรุปผลการจ่ายเงินจาก อปท. ไม่ต่อเนื่อง 5. ไม่มีการจัดทำฐานข้อมูลผู้ได้รับเงินช่วยเหลือ ทำให้ไม่มีข้อมูลภาพรวมที่ถูกต้อง,"รายละเอียด: พบผู้ได้รับเงินช่วยเหลือไม่เป็นไปตามเกณฑ์ 33,795 ราย ได้แก่ ผู้มีคุณสมบัติไม่ตรงตามเงื่อนไข (เช่น อายุไม่ครบ 60, เสียชีวิตก่อนกำหนด) , ได้รับเงินช่วยเหลือจากมาตรการอื่นแล้ว 33,662 ราย และได้รับเงินมากกว่า 3,000 บาท จำนวน 124 ราย",ข้อเสนอแนะ (ข้อเสนอแนะร่วม): 1. ให้ สป.พม. ติดตามเร่งรัดการจัดส่งรายงานสรุปผลการจ่ายเงินและการโอนคืนเงินเหลือจ่ายของ อปท. 2. จัดทำบัญชีรายชื่อหรือฐานข้อมูลผู้ได้รับเงินช่วยเหลือตามโครงการ 3. ตรวจสอบข้อเท็จจริงกรณีจ่ายเงินไม่เป็นไปตามเงื่อนไข 4. ถอดบทเรียนจากการดำเนินโครงการเพื่อเป็นแนวทางในอนาคต 5. ปรับปรุงข้อมูลในฐานข้อมูลทะเบียนกลางคนพิการให้เป็นปัจจุบัน 6. ประสานหน่วยงานที่เกี่ยวข้องเพื่อปรับปรุงแก้ไขข้อมูลให้ถูกต้อง,"ผลกระทบ: มีการจ่ายเงินไปโดยไม่สมควรอย่างน้อย 101,385,000.00 บาท และภาครัฐเสียโอกาสในการนำเงินไปใช้ประโยชน์ด้านอื่น"
FL-1869,ข้อตรวจพบที่ 2: ผู้มีคุณสมบัติตามเงื่อนไขโครงการบางรายไม่ได้รับเงินช่วยเหลือ,สำนักงานปลัดกระทรวงการพัฒนาสังคมและความมั่นคงของมนุษย์,โครงการเพื่อช่วยเหลือ เยียวยา และชดเชย ให้แก่ประชาชน ซึ่งได้รับผลกระทบจากการระบาดของโรคติดเชื้อไวรัสโคโรนา 2019 ของกระทรวงการพัฒนาสังคมและความมั่นคงของมนุษย์,2565,ข้อมูล/บันทึก/เอกสาร,สาเหตุ (สาเหตุร่วม): 1. ฐานข้อมูลกลุ่มเป้าหมายมีข้อมูลไม่ถูกต้อง ไม่ครบถ้วน และไม่เป็นปัจจุบัน 2. ขาดการตรวจสอบความถูกต้องของข้อมูลกับฐานข้อมูลทะเบียนราษฎร 3. การตรวจสอบความซ้ำซ้อนกับมาตรการอื่นดำเนินการเพียงครั้งเดียวและไม่เป็นปัจจุบัน 4. การติดตามรายงานสรุปผลการจ่ายเงินจาก อปท. ไม่ต่อเนื่อง 5. ไม่มีการจัดทำฐานข้อมูลผู้ได้รับเงินช่วยเหลือ ทำให้ไม่มีข้อมูลภาพรวมที่ถูกต้อง,"รายละเอียด: พบผู้มีคุณสมบัติตามเงื่อนไขแต่ไม่ได้รับเงินช่วยเหลือ 1,251 ราย โดยเป็นผู้มีสิทธิที่ไม่ได้รับเงิน 1,221 ราย (เช่น ไม่มีข้อมูลในระบบ, ถูกระงับการจ่าย) และผู้มีคุณสมบัติแต่ไม่ปรากฏเป็นผู้มีสิทธิ 30 ราย",ข้อเสนอแนะ (ข้อเสนอแนะร่วม): 1. ให้ สป.พม. ติดตามเร่งรัดการจัดส่งรายงานสรุปผลการจ่ายเงินและการโอนคืนเงินเหลือจ่ายของ อปท. 2. จัดทำบัญชีรายชื่อหรือฐานข้อมูลผู้ได้รับเงินช่วยเหลือตามโครงการ 3. ตรวจสอบข้อเท็จจริงกรณีจ่ายเงินไม่เป็นไปตามเงื่อนไข 4. ถอดบทเรียนจากการดำเนินโครงการเพื่อเป็นแนวทางในอนาคต 5. ปรับปรุงข้อมูลในฐานข้อมูลทะเบียนกลางคนพิการให้เป็นปัจจุบัน 6. ประสานหน่วยงานที่เกี่ยวข้องเพื่อปรับปรุงแก้ไขข้อมูลให้ถูกต้อง,ผลกระทบ: ผู้มีคุณสมบัติดังกล่าวไม่ได้รับการบรรเทาความเดือดร้อน และเกิดความไม่เป็นธรรมในการได้รับความช่วยเหลือจากภาครัฐ
FL-1870,ข้อตรวจพบที่ 3: รายงานผลสำเร็จของโครงการไม่สอดคล้องกับข้อเท็จจริง,สำนักงานปลัดกระทรวงการพัฒนาสังคมและความมั่นคงของมนุษย์,โครงการเพื่อช่วยเหลือ เยียวยา และชดเชย ให้แก่ประชาชน ซึ่งได้รับผลกระทบจากการระบาดของโรคติดเชื้อไวรัสโคโรนา 2019 ของกระทรวงการพัฒนาสังคมและความมั่นคงของมนุษย์,2565,ข้อมูล/บันทึก/เอกสาร,สาเหตุ (สาเหตุร่วม): 1. ฐานข้อมูลกลุ่มเป้าหมายมีข้อมูลไม่ถูกต้อง ไม่ครบถ้วน และไม่เป็นปัจจุบัน 2. ขาดการตรวจสอบความถูกต้องของข้อมูลกับฐานข้อมูลทะเบียนราษฎร 3. การตรวจสอบความซ้ำซ้อนกับมาตรการอื่นดำเนินการเพียงครั้งเดียวและไม่เป็นปัจจุบัน 4. การติดตามรายงานสรุปผลการจ่ายเงินจาก อปท. ไม่ต่อเนื่อง 5. ไม่มีการจัดทำฐานข้อมูลผู้ได้รับเงินช่วยเหลือ ทำให้ไม่มีข้อมูลภาพรวมที่ถูกต้อง,"รายละเอียด: รายงานผลสำเร็จของโครงการที่ พม. รายงานต่อ สบน. มีจำนวนผู้มีสิทธิที่จ่ายเงินสำเร็จสูงกว่าข้อมูลที่ได้รับจากหน่วยงานที่ดำเนินการจ่ายเงินจริง โดยสูงกว่า 175,809 ราย ในรายงานฉบับแรก และสูงกว่า 159,143 ราย ในรายงานฉบับเพิ่มเติม",ข้อเสนอแนะ (ข้อเสนอแนะร่วม): 1. ให้ สป.พม. ติดตามเร่งรัดการจัดส่งรายงานสรุปผลการจ่ายเงินและการโอนคืนเงินเหลือจ่ายของ อปท. 2. จัดทำบัญชีรายชื่อหรือฐานข้อมูลผู้ได้รับเงินช่วยเหลือตามโครงการ 3. ตรวจสอบข้อเท็จจริงกรณีจ่ายเงินไม่เป็นไปตามเงื่อนไข 4. ถอดบทเรียนจากการดำเนินโครงการเพื่อเป็นแนวทางในอนาคต 5. ปรับปรุงข้อมูลในฐานข้อมูลทะเบียนกลางคนพิการให้เป็นปัจจุบัน 6. ประสานหน่วยงานที่เกี่ยวข้องเพื่อปรับปรุงแก้ไขข้อมูลให้ถูกต้อง,ผลกระทบ: อาจส่งผลต่อประสิทธิภาพในการบริหารจัดการเงินกู้ในภาพรวม และเสียโอกาสในการนำเงินคงเหลือไปใช้ประโยชน์
FL-1871,ข้อตรวจพบที่ 1: การดำเนินงานโครงการล่าช้าไม่เป็นไปตามแผนงานที่กำหนด,กรมการพัฒนาชุมชน,โครงการพัฒนาพื้นที่ต้นแบบการพัฒนาคุณภาพชีวิตตามหลักทฤษฎีใหม่ ประยุกต์สู่ “โคก หนอง นา โมเดล”,2565,การวางแผน/ตัวชี้วัด,สาเหตุ (สาเหตุร่วม): 1. กำหนดพื้นที่เป้าหมายโดยขาดการพิจารณาความพร้อมและข้อจำกัดของพื้นที่ 2. ขาดการสำรวจพื้นที่และประเมินศักยภาพของผู้เข้าร่วมโครงการก่อนการคัดเลือก 3. แบบมาตรฐานโคก หนอง นา โมเดล ไม่ครอบคลุมและสอดคล้องกับสภาพพื้นที่ที่แตกต่างกัน 4. ไม่ได้กำหนดเงื่อนไขระยะเวลาที่ต้องจัดสร้างฐานเรียนรู้ให้แล้วเสร็จ 5. กำหนดรายการครุภัณฑ์โดยไม่ได้สำรวจความต้องการจากพื้นที่เป้าหมาย,รายละเอียด: ณ วันสิ้นสุดโครงการตามแผนเดิม (30 ก.ย. 64) โครงการยังไม่แล้วเสร็จ 6 จาก 7 กิจกรรม ทำให้ต้องขอขยายเวลา 2 ครั้ง จนสิ้นสุดในเดือนมีนาคม 2565,"ข้อเสนอแนะ (ข้อเสนอแนะร่วม): 1. สั่งการให้หน่วยงานที่เกี่ยวข้องสำรวจและรวบรวมข้อมูลการสร้างฐานการเรียนรู้และการใช้ประโยชน์ครุภัณฑ์ พร้อมกำหนดแนวทางแก้ไข 2. ทบทวนและปรับปรุงเกณฑ์การประเมินศักยภาพพื้นที่ต้นแบบให้ชัดเจน 3. หากมีโครงการลักษณะเดียวกันในอนาคต ควรให้ความสำคัญกับการคัดเลือกพื้นที่และผู้เข้าร่วมที่มีศักยภาพ, กำหนดแนวปฏิบัติให้ชัดเจน, สำรวจความต้องการครุภัณฑ์ก่อนสนับสนุน และกำหนดวิธีตรวจสอบคุณสมบัติผู้เข้าร่วมให้รัดกุม",ผลกระทบ: 1. ประชาชนได้ใช้ประโยชน์จากพื้นที่ต้นแบบล่าช้า 2. การฟื้นฟูเศรษฐกิจชุมชนและท้องถิ่นล่าช้า ไม่สอดคล้องกับวัตถุประสงค์ของเงินกู้
FL-1872,ข้อตรวจพบที่ 2: ผลการดำเนินโครงการบางส่วนมีความเสี่ยงที่จะไม่บรรลุวัตถุประสงค์ในการเป็นพื้นที่เรียนรู้ชุมชนต้นแบบตามที่โครงการมุ่งหวัง,กรมการพัฒนาชุมชน,โครงการพัฒนาพื้นที่ต้นแบบการพัฒนาคุณภาพชีวิตตามหลักทฤษฎีใหม่ ประยุกต์สู่ “โคก หนอง นา โมเดล”,2565,การวางแผน/ตัวชี้วัด,สาเหตุ (สาเหตุร่วม): 1. กำหนดพื้นที่เป้าหมายโดยขาดการพิจารณาความพร้อมและข้อจำกัดของพื้นที่ 2. ขาดการสำรวจพื้นที่และประเมินศักยภาพของผู้เข้าร่วมโครงการก่อนการคัดเลือก 3. แบบมาตรฐานโคก หนอง นา โมเดล ไม่ครอบคลุมและสอดคล้องกับสภาพพื้นที่ที่แตกต่างกัน 4. ไม่ได้กำหนดเงื่อนไขระยะเวลาที่ต้องจัดสร้างฐานเรียนรู้ให้แล้วเสร็จ 5. กำหนดรายการครุภัณฑ์โดยไม่ได้สำรวจความต้องการจากพื้นที่เป้าหมาย,"รายละเอียด: พื้นที่เรียนรู้ระดับตำบลบางแห่งยังดำเนินการไม่เป็นไปตามแนวทาง (เช่น ฐานเรียนรู้ไม่ครบ 9 ฐาน, ขาดสื่อ/อุปกรณ์) , ผู้เข้าร่วมโครงการบางส่วนไม่พร้อมเป็นแหล่งเรียนรู้ และพื้นที่เรียนรู้มีองค์ประกอบไม่เป็นไปตามแนวทางหรือสภาพพื้นที่ไม่เหมาะสม","ข้อเสนอแนะ (ข้อเสนอแนะร่วม): 1. สั่งการให้หน่วยงานที่เกี่ยวข้องสำรวจและรวบรวมข้อมูลการสร้างฐานการเรียนรู้และการใช้ประโยชน์ครุภัณฑ์ พร้อมกำหนดแนวทางแก้ไข 2. ทบทวนและปรับปรุงเกณฑ์การประเมินศักยภาพพื้นที่ต้นแบบให้ชัดเจน 3. หากมีโครงการลักษณะเดียวกันในอนาคต ควรให้ความสำคัญกับการคัดเลือกพื้นที่และผู้เข้าร่วมที่มีศักยภาพ, กำหนดแนวปฏิบัติให้ชัดเจน, สำรวจความต้องการครุภัณฑ์ก่อนสนับสนุน และกำหนดวิธีตรวจสอบคุณสมบัติผู้เข้าร่วมให้รัดกุม",ผลกระทบ: 1. การใช้จ่ายงบประมาณมีความเสี่ยงที่จะไม่คุ้มค่า 2. ชุมชนในบางพื้นที่สูญเสียโอกาสในการมีพื้นที่ต้นแบบและศูนย์เรียนรู้
FL-1873,ข้อตรวจพบที่ 3: การใช้ประโยชน์จากครุภัณฑ์ที่ได้รับการสนับสนุนของพื้นที่เรียนรู้ชุมชนต้นแบบการพัฒนาคุณภาพชีวิตระดับตำบล,กรมการพัฒนาชุมชน,โครงการพัฒนาพื้นที่ต้นแบบการพัฒนาคุณภาพชีวิตตามหลักทฤษฎีใหม่ ประยุกต์สู่ “โคก หนอง นา โมเดล”,2565,การวางแผน/ตัวชี้วัด,สาเหตุ (สาเหตุร่วม): 1. กำหนดพื้นที่เป้าหมายโดยขาดการพิจารณาความพร้อมและข้อจำกัดของพื้นที่ 2. ขาดการสำรวจพื้นที่และประเมินศักยภาพของผู้เข้าร่วมโครงการก่อนการคัดเลือก 3. แบบมาตรฐานโคก หนอง นา โมเดล ไม่ครอบคลุมและสอดคล้องกับสภาพพื้นที่ที่แตกต่างกัน 4. ไม่ได้กำหนดเงื่อนไขระยะเวลาที่ต้องจัดสร้างฐานเรียนรู้ให้แล้วเสร็จ 5. กำหนดรายการครุภัณฑ์โดยไม่ได้สำรวจความต้องการจากพื้นที่เป้าหมาย,รายละเอียด: จากการตรวจสอบ 48 แปลง พบว่าทุกแปลงยังไม่ได้ใช้ประโยชน์จากครุภัณฑ์ครบทุกรายการ โดย 11 แปลง (22.92%) ยังไม่มีการใช้ประโยชน์จากครุภัณฑ์ทุกรายการเลย,"ข้อเสนอแนะ (ข้อเสนอแนะร่วม): 1. สั่งการให้หน่วยงานที่เกี่ยวข้องสำรวจและรวบรวมข้อมูลการสร้างฐานการเรียนรู้และการใช้ประโยชน์ครุภัณฑ์ พร้อมกำหนดแนวทางแก้ไข 2. ทบทวนและปรับปรุงเกณฑ์การประเมินศักยภาพพื้นที่ต้นแบบให้ชัดเจน 3. หากมีโครงการลักษณะเดียวกันในอนาคต ควรให้ความสำคัญกับการคัดเลือกพื้นที่และผู้เข้าร่วมที่มีศักยภาพ, กำหนดแนวปฏิบัติให้ชัดเจน, สำรวจความต้องการครุภัณฑ์ก่อนสนับสนุน และกำหนดวิธีตรวจสอบคุณสมบัติผู้เข้าร่วมให้รัดกุม",ผลกระทบ: การใช้จ่ายงบประมาณในการจัดซื้อครุภัณฑ์มีความเสี่ยงที่จะไม่คุ้มค่า และไม่เป็นไปตามวัตถุประสงค์ของโครงการ
FL-1874,ข้อสังเกตที่ 1: ผู้ที่ได้รับการจ้างงานตามโครงการบางส่วนมีคุณสมบัติไม่เป็นไปตามที่โครงการกำหนด,กรมการพัฒนาชุมชน,โครงการพัฒนาพื้นที่ต้นแบบการพัฒนาคุณภาพชีวิตตามหลักทฤษฎีใหม่ ประยุกต์สู่ “โคก หนอง นา โมเดล”,2565,การวางแผน/ตัวชี้วัด,สาเหตุ (สาเหตุร่วม): 1. กำหนดพื้นที่เป้าหมายโดยขาดการพิจารณาความพร้อมและข้อจำกัดของพื้นที่ 2. ขาดการสำรวจพื้นที่และประเมินศักยภาพของผู้เข้าร่วมโครงการก่อนการคัดเลือก 3. แบบมาตรฐานโคก หนอง นา โมเดล ไม่ครอบคลุมและสอดคล้องกับสภาพพื้นที่ที่แตกต่างกัน 4. ไม่ได้กำหนดเงื่อนไขระยะเวลาที่ต้องจัดสร้างฐานเรียนรู้ให้แล้วเสร็จ 5. กำหนดรายการครุภัณฑ์โดยไม่ได้สำรวจความต้องการจากพื้นที่เป้าหมาย,รายละเอียด: พบผู้ได้รับการจ้างงานมีคุณสมบัติไม่เป็นไปตามที่กำหนด 36 ราย โดยเป็นเจ้าของกรรมสิทธิ์ในที่ดิน หรือเป็นผู้สมัครเข้าร่วมโครงการเสียเอง,"ข้อเสนอแนะ (ข้อเสนอแนะร่วม): 1. สั่งการให้หน่วยงานที่เกี่ยวข้องสำรวจและรวบรวมข้อมูลการสร้างฐานการเรียนรู้และการใช้ประโยชน์ครุภัณฑ์ พร้อมกำหนดแนวทางแก้ไข 2. ทบทวนและปรับปรุงเกณฑ์การประเมินศักยภาพพื้นที่ต้นแบบให้ชัดเจน 3. หากมีโครงการลักษณะเดียวกันในอนาคต ควรให้ความสำคัญกับการคัดเลือกพื้นที่และผู้เข้าร่วมที่มีศักยภาพ, กำหนดแนวปฏิบัติให้ชัดเจน, สำรวจความต้องการครุภัณฑ์ก่อนสนับสนุน และกำหนดวิธีตรวจสอบคุณสมบัติผู้เข้าร่วมให้รัดกุม",ผลกระทบ: (ไม่ได้ระบุแยกไว้เฉพาะ แต่รวมอยู่ในผลกระทบภาพรวมของโครงการ)
FL-1875,ข้อสังเกตที่ 2: ความเหมาะสมและความปลอดภัยของสถานที่จัดเก็บครุภัณฑ์,กรมการพัฒนาชุมชน,โครงการพัฒนาพื้นที่ต้นแบบการพัฒนาคุณภาพชีวิตตามหลักทฤษฎีใหม่ ประยุกต์สู่ “โคก หนอง นา โมเดล”,2565,การวางแผน/ตัวชี้วัด,สาเหตุ (สาเหตุร่วม): 1. กำหนดพื้นที่เป้าหมายโดยขาดการพิจารณาความพร้อมและข้อจำกัดของพื้นที่ 2. ขาดการสำรวจพื้นที่และประเมินศักยภาพของผู้เข้าร่วมโครงการก่อนการคัดเลือก 3. แบบมาตรฐานโคก หนอง นา โมเดล ไม่ครอบคลุมและสอดคล้องกับสภาพพื้นที่ที่แตกต่างกัน 4. ไม่ได้กำหนดเงื่อนไขระยะเวลาที่ต้องจัดสร้างฐานเรียนรู้ให้แล้วเสร็จ 5. กำหนดรายการครุภัณฑ์โดยไม่ได้สำรวจความต้องการจากพื้นที่เป้าหมาย,รายละเอียด: จากการสังเกตการณ์ 48 แปลง พบว่ามี 28 แปลง ที่จัดเก็บครุภัณฑ์บางรายการในสถานที่ไม่เหมาะสมและปลอดภัย,"ข้อเสนอแนะ (ข้อเสนอแนะร่วม): 1. สั่งการให้หน่วยงานที่เกี่ยวข้องสำรวจและรวบรวมข้อมูลการสร้างฐานการเรียนรู้และการใช้ประโยชน์ครุภัณฑ์ พร้อมกำหนดแนวทางแก้ไข 2. ทบทวนและปรับปรุงเกณฑ์การประเมินศักยภาพพื้นที่ต้นแบบให้ชัดเจน 3. หากมีโครงการลักษณะเดียวกันในอนาคต ควรให้ความสำคัญกับการคัดเลือกพื้นที่และผู้เข้าร่วมที่มีศักยภาพ, กำหนดแนวปฏิบัติให้ชัดเจน, สำรวจความต้องการครุภัณฑ์ก่อนสนับสนุน และกำหนดวิธีตรวจสอบคุณสมบัติผู้เข้าร่วมให้รัดกุม",ผลกระทบ: (ไม่ได้ระบุแยกไว้เฉพาะ แต่มีความเสี่ยงที่ครุภัณฑ์จะชำรุดเสียหาย)
FL-1876,ข้อตรวจพบ: ผู้มีบัตรสวัสดิการแห่งรัฐที่ได้รับการช่วยเหลือเยียวยาตามโครงการบางส่วนเป็นผู้ประกันตนตามมาตรา 33 แห่งกฎหมายว่าด้วยประกันสังคม หรือเป็นผู้ที่ได้รับความช่วยเหลือเยียวยาจากโครงการอื่นของรัฐ,สำนักงานปลัดกระทรวงการพัฒนาสังคมและความมั่นคงของมนุษย์,โครงการเพื่อช่วยเหลือ เยียวยา และชดเชย ให้แก่ประชาชน ซึ่งได้รับผลกระทบจากการระบาดของโรคติดเชื้อไวรัสโคโรนา 2019 ของกระทรวงการพัฒนาสังคมและความมั่นคงของมนุษย์,2565,ข้อมูล/บันทึก/เอกสาร,สาเหตุ: 1. สำนักงานเศรษฐกิจการคลัง (สศค.) นำฐานข้อมูลผู้ประกันตนตามมาตรา 33 และฐานข้อมูลโครงการช่วยเหลืออื่นๆ ของภาครัฐที่ไม่เป็นปัจจุบันมาใช้ในการตรวจสอบคัดกรอง โดยข้อมูลส่วนใหญ่เป็นข้อมูล ณ เดือนมีนาคม-พฤษภาคม 2563 ในขณะที่โครงการจ่ายเงินครั้งแรกในเดือนกรกฎาคม 2563 2. โครงการช่วยเหลือเยียวยาอื่นของภาครัฐมีการดำเนินงานในช่วงเวลาใกล้เคียงกัน แต่หน่วยงานที่เกี่ยวข้องไม่สามารถเชื่อมโยงฐานข้อมูลระหว่างกันแบบทันทีและตลอดเวลา (Real-time) ได้ ซึ่งเป็นอุปสรรคต่อการดำเนินงาน,"รายละเอียด: จากการตรวจสอบ พบผู้ได้รับความช่วยเหลือซ้ำซ้อนกับกลุ่มอื่น ดังนี้ - เป็นผู้ประกันตนตามมาตรา 33 จำนวน 5,373 ราย ซึ่งในจำนวนนี้ 124 ราย ได้รับประโยชน์ทดแทนกรณีว่างงานด้วย - เป็นผู้ได้รับเงินช่วยเหลือตามโครงการมาตรการชดเชยรายได้แก่ลูกจ้างฯ ของสำนักงานประกันสังคม จำนวน 196 ราย - เป็นผู้ได้รับเงินช่วยเหลือตามโครงการช่วยเหลือเกษตรกรฯ ของกระทรวงเกษตรและสหกรณ์ จำนวน 4,438 ราย - เป็นผู้ได้รับเงินช่วยเหลือตามโครงการช่วยเหลือกลุ่มเปราะบางฯ ของกระทรวงการพัฒนาสังคมและความมั่นคงของมนุษย์ จำนวน 114 ราย",ข้อเสนอแนะ: 1. สั่งการให้หน่วยงานที่เกี่ยวข้องตรวจสอบข้อเท็จจริงกรณีการจ่ายเงินซ้ำซ้อน และพิจารณาดำเนินการให้เป็นไปตามกฎหมายหรือระเบียบที่เกี่ยวข้อง 2. สั่งการให้ทบทวนและสรุปประเด็นปัญหาอุปสรรคที่เกิดขึ้น เพื่อใช้เป็นแนวทางสำหรับโครงการที่มีลักษณะเดียวกันในอนาคต 3. ในการดำเนินโครงการลักษณะเดียวกันในอนาคต ต้องให้ความสำคัญกับความเป็นปัจจุบันของข้อมูล และประสานความร่วมมือกับหน่วยงานที่รับผิดชอบโครงการโดยตรงเพื่อเข้าถึงข้อมูลได้แบบทันกาล,"ผลกระทบ: เกิดการจ่ายเงินให้แก่ผู้มีบัตรสวัสดิการแห่งรัฐไปโดยไม่สมควร อย่างน้อยจำนวน 5,574 ราย เป็นเงิน 16,722,000 บาท และภาครัฐเสียโอกาสในการนำเงินจำนวนดังกล่าวไปใช้ในโครงการอื่น"
FL-1877,ข้อตรวจพบที่ 1: ผลการดำเนินงานการจัดการน้ำท่วมและอุทกภัยบางส่วนยังไม่บรรลุวัตถุประสงค์,กรมโยธาธิการและผังเมือง,การจัดการน้ำท่วมและอุทกภัย,2566,การประสานงาน/บูรณาการ,"สาเหตุ: 1. ผลการศึกษาความเหมาะสมและออกแบบ หรือการสำรวจและปรับปรุงแบบยังไม่เหมาะสมกับสภาพปัญหาในพื้นที่ เช่น ข้อจำกัดในการทดสอบสภาพชั้นดิน , การกำหนดจุดเชื่อมต่อโครงการไม่เหมาะสม , ขาดการประสานงานกับหน่วยงานเจ้าของพื้นที่ และขาดการคำนึงถึงทิศทางและความรุนแรงของกระแสน้ำ 2. ขาดการสนับสนุนความรู้และให้คำแนะนำการใช้งานและบำรุงรักษาระบบป้องกันน้ำท่วมแก่ อปท. อย่างต่อเนื่อง",รายละเอียด: จากการสุ่มตรวจสอบ 64 โครงการ ในพื้นที่ 10 จังหวัด พบว่ามีโครงการที่ไม่สามารถป้องกันน้ำท่วมหรือการพังทลายของตลิ่งได้ จำนวน 9 โครงการ ได้แก่ - โครงการก่อสร้างระบบป้องกันน้ำท่วมพื้นที่ชุมชน 8 โครงการ - โครงการก่อสร้างเขื่อนป้องกันตลิ่งริมแม่น้ำภายในประเทศ 1 โครงการ นอกจากนี้ ยังพบโครงการก่อสร้างเขื่อนป้องกันตลิ่งอีก 8 โครงการ ที่มีความเสี่ยงที่จะไม่สามารถป้องกันตลิ่งพังทลายได้ในอนาคต,ข้อเสนอแนะ (ข้อเสนอแนะร่วม): 1. สั่งการให้หน่วยงานที่เกี่ยวข้องร่วมกับ อปท. สำรวจและประเมินความพร้อมของระบบป้องกันน้ำท่วมและเขื่อนป้องกันตลิ่งเป็นประจำทุกปี 2. ในขั้นตอนการศึกษาความเหมาะสมและสำรวจออกแบบ ควรตรวจสอบแผนการดำเนินงานและข้อจำกัดของพื้นที่จากหน่วยงานเจ้าของพื้นที่อีกครั้งก่อนขอรับงบประมาณ 3. ให้จัดทำคู่มือหรือแนวทางการปฏิบัติงานในการสำรวจและปรับปรุงแบบรูปรายการ เพื่อให้แบบมีความครบถ้วนสมบูรณ์ 4. ควรกำหนดให้มีการจัดทำคู่มือการใช้งานและบำรุงรักษาระบบป้องกันน้ำท่วมให้แก่ อปท.,ผลกระทบ: พื้นที่ชุมชน โบราณสถาน พื้นที่เศรษฐกิจสำคัญ ได้รับความเสียหาย และประชาชนยังคงได้รับความเดือดร้อนจากปัญหาน้ำท่วมและตลิ่งพังทลาย ทั้งทางด้านความปลอดภัยของชีวิตและทรัพย์สิน รวมทั้งทำให้การใช้จ่ายเงินงบประมาณไม่เกิดความคุ้มค่า
FL-1878,ข้อตรวจพบที่ 2: ผลการดำเนินการก่อสร้างงานจัดการน้ำท่วมและอุทกภัยส่วนใหญ่ไม่เป็นไปตามแผนระยะเวลาที่โครงการกำหนด,กรมโยธาธิการและผังเมือง,การจัดการน้ำท่วมและอุทกภัย,2566,ข้อมูล/บันทึก/เอกสาร,สาเหตุ: รายงานการศึกษาความเหมาะสมและสำรวจออกแบบรายละเอียดยังมีข้อมูลบางส่วนที่ไม่ครบถ้วนสมบูรณ์ ประกอบกับขาดการกำหนดคู่มือหรือแนวทางการปฏิบัติงานในการสำรวจและปรับปรุงแบบรูปรายการ,รายละเอียด: จาก 637 โครงการที่ตรวจสอบ พบว่า 342 โครงการ (ร้อยละ 53.69) มีการก่อสร้างล่าช้ากว่าแผน โดยโครงการระบบป้องกันน้ำท่วมล่าช้าเฉลี่ย 378 วัน และโครงการเขื่อนป้องกันตลิ่งล่าช้าเฉลี่ย 246 วัน ปัญหาสำคัญคือการแก้ไขแบบรูปรายการระหว่างการก่อสร้าง,ข้อเสนอแนะ (ข้อเสนอแนะร่วม): 1. สั่งการให้หน่วยงานที่เกี่ยวข้องร่วมกับ อปท. สำรวจและประเมินความพร้อมของระบบป้องกันน้ำท่วมและเขื่อนป้องกันตลิ่งเป็นประจำทุกปี 2. ในขั้นตอนการศึกษาความเหมาะสมและสำรวจออกแบบ ควรตรวจสอบแผนการดำเนินงานและข้อจำกัดของพื้นที่จากหน่วยงานเจ้าของพื้นที่อีกครั้งก่อนขอรับงบประมาณ 3. ให้จัดทำคู่มือหรือแนวทางการปฏิบัติงานในการสำรวจและปรับปรุงแบบรูปรายการ เพื่อให้แบบมีความครบถ้วนสมบูรณ์ 4. ควรกำหนดให้มีการจัดทำคู่มือการใช้งานและบำรุงรักษาระบบป้องกันน้ำท่วมให้แก่ อปท.,ผลกระทบ: พื้นที่ชุมชนและพื้นที่เศรษฐกิจไม่ได้รับการแก้ไขปัญหาน้ำท่วมและน้ำกัดเซาะตลิ่งอย่างทันท่วงที ประชาชนในพื้นที่มีความเสี่ยงต่อความปลอดภัยในชีวิตและทรัพย์สิน
FL-1879,ข้อสังเกต: การเผยแพร่และใช้ประโยชน์ข้อมูลโครงการวางผังการระบายน้ำจังหวัดในลุ่มน้ำ,กรมโยธาธิการและผังเมือง,การจัดการน้ำท่วมและอุทกภัย,2566,ข้อมูล/บันทึก/เอกสาร,สาเหตุ: (ไม่ได้ระบุโดยตรง แต่เกี่ยวข้องกับข้อจำกัดด้านจำนวนรายงานและการไม่มีแนวทางประชาสัมพันธ์ที่ชัดเจน ),รายละเอียด: กรมโยธาธิการและผังเมืองไม่ได้จัดส่งข้อมูลรายงานการศึกษาฉบับสมบูรณ์ของโครงการวางผังการระบายน้ำฯ ให้แก่องค์กรปกครองส่วนท้องถิ่นทุกแห่ง เนื่องจากมีจำนวนจำกัด และไม่มีการกำหนดแนวทางและช่องทางในการประชาสัมพันธ์เผยแพร่ผลการศึกษาของโครงการฯ นอกจากนี้ยังไม่ได้มีการติดตามและประเมินผลว่าหน่วยงานที่ได้รับรายงานมีการนำข้อมูลไปใช้ประโยชน์หรือไม่,ข้อเสนอแนะ: กำชับให้หน่วยงานภายในที่มีภารกิจเกี่ยวข้องนำข้อมูลรายงานการศึกษาไปพิจารณาใช้ประโยชน์ และกำหนดแนวทางและช่องทางในการประชาสัมพันธ์เพื่อเผยแพร่ผลการศึกษาของโครงการฯ เป็นการทั่วไป,ผลกระทบ: (ไม่ได้ระบุโดยตรง แต่หมายถึงข้อมูลจากโครงการไม่ถูกนำไปใช้ประโยชน์อย่างเต็มศักยภาพ)
FL-1880,ข้อตรวจพบที่ 1: การดำเนินงานโครงการบางส่วนไม่เป็นไปตามแผนที่กำหนด,กรมอุทยานแห่งชาติ สัตว์ป่า และพันธุ์พืช,โครงการพัฒนาศักยภาพแหล่งท่องเที่ยวเรียนรู้ด้านสัตว์ป่า,2566,การเงิน/พัสดุ,สาเหตุ (สาเหตุร่วม): 1. กรมอุทยานฯ กำหนดพื้นที่เป้าหมายโดยขาดการพิจารณาถึงความพร้อมและข้อจำกัดของพื้นที่ 2. ขาดหลักเกณฑ์หรือแนวทางในการประเมินศักยภาพและความพร้อมของพื้นที่ 3. แบบแปลนสิ่งก่อสร้างไม่ครอบคลุมและสอดคล้องกับสภาพพื้นที่เป้าหมาย 4. เปลี่ยนแปลงผู้มีอำนาจในการอนุมัติจัดซื้อครุภัณฑ์อุปกรณ์ดูนกล่าช้า 5. กำหนดแนวทางในการดำเนินกิจกรรมไม่ชัดเจน 6. กำหนดรายการครุภัณฑ์โดยขาดข้อมูลความต้องการจากพื้นที่ 7. สถานการณ์การแพร่ระบาดของโรคโควิด-19,รายละเอียด: ณ วันสิ้นสุดโครงการตามแผนเดิม (ส.ค. 64) กรมอุทยานฯ ดำเนินโครงการยังไม่แล้วเสร็จ 2 กิจกรรม ทำให้ต้องขอขยายระยะเวลา 3 ครั้ง จนสิ้นสุดในเดือนกันยายน 2565,"ข้อเสนอแนะ (ข้อเสนอแนะร่วม): 1. สั่งการให้หน่วยงานที่เกี่ยวข้องสำรวจและรวบรวมข้อมูลผลการดำเนินกิจกรรม ปัญหาอุปสรรค และกำหนดแนวทางแก้ไข 2. ในอนาคตหากมีโครงการลักษณะเดียวกัน ควรให้ความสำคัญกับการกำหนดพื้นที่เป้าหมายที่มีศักยภาพ, กำหนดหลักเกณฑ์คัดเลือกและแนวปฏิบัติให้ชัดเจน, พิจารณาความต้องการใช้งานครุภัณฑ์ก่อนสนับสนุน, และกำหนดแนวทางการติดตามประเมินผลที่ชัดเจน","ผลกระทบ: 1. ประชาชนมีแหล่งท่องเที่ยวเชิงคุณภาพแห่งใหม่ล่าช้า และพื้นที่สามารถสร้างรายได้ล่าช้าออกไป 2. การใช้จ่ายเงินกู้บางส่วนสูญเปล่า 682,240.00 บาท และภาครัฐเสียโอกาสในการนำงบประมาณที่ยังไม่ได้เบิกจ่าย 6,648,641.54 บาท ไปใช้ในโครงการอื่น"
FL-1881,ข้อตรวจพบที่ 2: การดำเนินโครงการบางส่วนมีแนวโน้มที่จะไม่บรรลุผลสำเร็จตามความมุ่งหวัง,กรมอุทยานแห่งชาติ สัตว์ป่า และพันธุ์พืช,โครงการพัฒนาศักยภาพแหล่งท่องเที่ยวเรียนรู้ด้านสัตว์ป่า,2566,การเงิน/พัสดุ,สาเหตุ (สาเหตุร่วม): 1. กรมอุทยานฯ กำหนดพื้นที่เป้าหมายโดยขาดการพิจารณาถึงความพร้อมและข้อจำกัดของพื้นที่ 2. ขาดหลักเกณฑ์หรือแนวทางในการประเมินศักยภาพและความพร้อมของพื้นที่ 3. แบบแปลนสิ่งก่อสร้างไม่ครอบคลุมและสอดคล้องกับสภาพพื้นที่เป้าหมาย 4. เปลี่ยนแปลงผู้มีอำนาจในการอนุมัติจัดซื้อครุภัณฑ์อุปกรณ์ดูนกล่าช้า 5. กำหนดแนวทางในการดำเนินกิจกรรมไม่ชัดเจน 6. กำหนดรายการครุภัณฑ์โดยขาดข้อมูลความต้องการจากพื้นที่ 7. สถานการณ์การแพร่ระบาดของโรคโควิด-19,"รายละเอียด: จากการตรวจสอบ 58 แห่ง พบว่าแหล่งท่องเที่ยวส่วนใหญ่มีจำนวนนักท่องเที่ยวและเงินรายได้ลดลง ไม่เป็นไปตามเป้าหมาย เนื่องจากมีเงื่อนไขและข้อจำกัดสำคัญ เช่น การเข้าถึงพื้นที่อนุรักษ์สัตว์ป่ามีความยุ่งยาก, ขาดการประชาสัมพันธ์, ขาดบุคลากร และยังไม่มีการจัดกิจกรรมการเรียนรู้ด้านสัตว์ป่าตามที่โครงการกำหนด","ข้อเสนอแนะ (ข้อเสนอแนะร่วม): 1. สั่งการให้หน่วยงานที่เกี่ยวข้องสำรวจและรวบรวมข้อมูลผลการดำเนินกิจกรรม ปัญหาอุปสรรค และกำหนดแนวทางแก้ไข 2. ในอนาคตหากมีโครงการลักษณะเดียวกัน ควรให้ความสำคัญกับการกำหนดพื้นที่เป้าหมายที่มีศักยภาพ, กำหนดหลักเกณฑ์คัดเลือกและแนวปฏิบัติให้ชัดเจน, พิจารณาความต้องการใช้งานครุภัณฑ์ก่อนสนับสนุน, และกำหนดแนวทางการติดตามประเมินผลที่ชัดเจน",ผลกระทบ: การใช้จ่ายงบประมาณในการดำเนินโครงการบางส่วนไม่คุ้มค่า และไม่ก่อให้เกิดการฟื้นฟูเศรษฐกิจชุมชนและท้องถิ่น ซึ่งไม่สอดคล้องกับวัตถุประสงค์ของการใช้จ่ายเงินกู้
FL-1882,ข้อตรวจพบที่ 3: การใช้ประโยชน์จากสิ่งอำนวยความสะดวกและอุปกรณ์ในการดูนก,กรมอุทยานแห่งชาติ สัตว์ป่า และพันธุ์พืช,โครงการพัฒนาศักยภาพแหล่งท่องเที่ยวเรียนรู้ด้านสัตว์ป่า,2566,การเงิน/พัสดุ,สาเหตุ (สาเหตุร่วม): 1. กรมอุทยานฯ กำหนดพื้นที่เป้าหมายโดยขาดการพิจารณาถึงความพร้อมและข้อจำกัดของพื้นที่ 2. ขาดหลักเกณฑ์หรือแนวทางในการประเมินศักยภาพและความพร้อมของพื้นที่ 3. แบบแปลนสิ่งก่อสร้างไม่ครอบคลุมและสอดคล้องกับสภาพพื้นที่เป้าหมาย 4. เปลี่ยนแปลงผู้มีอำนาจในการอนุมัติจัดซื้อครุภัณฑ์อุปกรณ์ดูนกล่าช้า 5. กำหนดแนวทางในการดำเนินกิจกรรมไม่ชัดเจน 6. กำหนดรายการครุภัณฑ์โดยขาดข้อมูลความต้องการจากพื้นที่ 7. สถานการณ์การแพร่ระบาดของโรคโควิด-20,"รายละเอียด: พบว่าสิ่งอำนวยความสะดวกบางรายการยังไม่มีการใช้ประโยชน์ หรือใช้ไม่ตรงตามวัตถุประสงค์ เช่น ห้องน้ำรวม 15 แห่ง, อาคารศูนย์บริการนักท่องเที่ยว 4 แห่ง และอุปกรณ์ในการดูนกมีการใช้ประโยชน์ไม่เต็มจำนวนที่ได้รับการสนับสนุนในพื้นที่ส่วนใหญ่","ข้อเสนอแนะ (ข้อเสนอแนะร่วม): 1. สั่งการให้หน่วยงานที่เกี่ยวข้องสำรวจและรวบรวมข้อมูลผลการดำเนินกิจกรรม ปัญหาอุปสรรค และกำหนดแนวทางแก้ไข 2. ในอนาคตหากมีโครงการลักษณะเดียวกัน ควรให้ความสำคัญกับการกำหนดพื้นที่เป้าหมายที่มีศักยภาพ, กำหนดหลักเกณฑ์คัดเลือกและแนวปฏิบัติให้ชัดเจน, พิจารณาความต้องการใช้งานครุภัณฑ์ก่อนสนับสนุน, และกำหนดแนวทางการติดตามประเมินผลที่ชัดเจน",ผลกระทบ: การใช้จ่ายงบประมาณบางส่วนไม่เกิดความคุ้มค่า
FL-1883,ข้อตรวจพบที่ 1: การศึกษา สำรวจ และจัดทำแผนที่น้ำบาดาล ขั้นรายละเอียด ยังไม่บรรลุเป้าหมายตามยุทธศาสตร์บริหารจัดการทรัพยากรน้ำบาดาล,สำนักงานทรัพยากรน้ำแห่งชาติ,การบริหารจัดการทรัพยากรน้ำ,2566,การเงิน/พัสดุ,สาเหตุ: 1. ปัญหาในการจัดจ้างที่ปรึกษาเพื่อดำเนินโครงการ โดยไม่ได้รับการอนุมัติรับราคาจ้างจากรัฐมนตรีว่าการฯ และสุดท้ายคณะกรรมการบริหารกองทุนพัฒนาน้ำบาดาลมีมติให้ยกเลิกโครงการ 2. ข้อจำกัดด้านงบประมาณ เนื่องจากเป็นภารกิจที่ใช้งบประมาณสูงและกองทุนพัฒนาน้ำบาดาลมีงบประมาณจำกัด,"รายละเอียด: กรมทรัพยากรน้ำบาดาลยังไม่สามารถดำเนินการจัดทำแผนที่น้ำบาดาลขั้นรายละเอียด (มาตราส่วน 1:50,000 และ 1:4,000) ในระยะที่ 1 ให้บรรลุเป้าหมายตามยุทธศาสตร์ 20 ปีได้",ข้อเสนอแนะ: ทบทวนแนวทางการดำเนินโครงการ โดยรวบรวมและวิเคราะห์ข้อมูลเพื่อกำหนดพื้นที่เป้าหมายและระยะเวลาดำเนินการตามความเหมาะสมและสอดคล้องกับงบประมาณ โดยในระยะแรกควรพิจารณาพื้นที่ที่มีความจำเป็นเร่งด่วนก่อน,ผลกระทบ: กรมทรัพยากรน้ำบาดาลขาดเครื่องมือที่มีประสิทธิภาพและสอดคล้องกับสถานการณ์ปัจจุบันสำหรับใช้ในการบริหารจัดการทรัพยากรน้ำบาดาล เนื่องจากแผนที่ที่ใช้อยู่ในปัจจุบันจัดทำไว้ตั้งแต่ปี 2532-2544
FL-1884,ข้อตรวจพบที่ 2: โครงการพัฒนาน้ำบาดาลบางแห่งไม่มีการใช้ประโยชน์ และใช้ประโยชน์บางส่วนหรือไม่เป็นไปตามวัตถุประสงค์ของโครงการ,สำนักงานทรัพยากรน้ำแห่งชาติ,การบริหารจัดการทรัพยากรน้ำ,2566,ข้อมูล/บันทึก/เอกสาร,สาเหตุ: 1. ขาดข้อมูลที่สนับสนุนการคัดเลือกพื้นที่โครงการที่สอดคล้องกับสภาพปัจจุบัน เนื่องจากใช้แผนที่น้ำบาดาลที่จัดทำไว้นานแล้ว 2. ความไม่ชัดเจนในการส่งมอบโครงการ ทำให้ อปท. บางแห่งขาดการมีส่วนร่วมในการบริหารจัดการและซ่อมบำรุง 3. กลุ่มผู้ใช้น้ำบาดาลบางกลุ่มยังขาดความรู้ความเข้าใจเกี่ยวกับการบริหารจัดการระบบน้ำบาดาล 4. กรมทรัพยากรน้ำบาดาลขาดการติดตามและประเมินผลโครงการหลังดำเนินการแล้วเสร็จอย่างต่อเนื่อง,รายละเอียด: จากการสุ่มตรวจสอบ 47 แห่ง พบว่ามีโครงการที่ไม่มีการใช้ประโยชน์ 9 แห่ง (19.15%) และมีการใช้ประโยชน์บางส่วนหรือไม่เป็นไปตามวัตถุประสงค์ 4 แห่ง (8.51%) เนื่องจากอุปกรณ์ชำรุด หรือปริมาณน้ำไม่เพียงพอ,ข้อเสนอแนะ: 1. ควรกำหนดให้มีการสำรวจและรวบรวมข้อมูลที่จำเป็นอย่างครบถ้วนเพื่อใช้ประกอบการพิจารณา และกำหนดรูปแบบโครงการให้สอดคล้องกับการใช้งานจริง 2. ควรส่งเสริมการฝึกอบรมและทบทวนองค์ความรู้ให้แก่กลุ่มผู้ใช้น้ำบาดาลอย่างต่อเนื่อง 3. กำหนดแนวทางการติดตามและประเมินผลโครงการหลังแล้วเสร็จให้มีความต่อเนื่อง 4. เร่งถ่ายโอนทรัพย์สินโครงการให้ อปท. ตามระเบียบฯ เพื่อให้การบริหารจัดการเป็นไปอย่างมีประสิทธิภาพ,ผลกระทบ: การดำเนินโครงการยังไม่สามารถช่วยแก้ไขปัญหาการขาดแคลนน้ำให้กับประชาชนในบางพื้นที่ได้ และทำให้การใช้จ่ายงบประมาณยังไม่เกิดความคุ้มค่า
FL-1885,ข้อตรวจพบที่ 3: การอนุรักษ์และฟื้นฟูทรัพยากรน้ำบาดาล,สำนักงานทรัพยากรน้ำแห่งชาติ,การบริหารจัดการทรัพยากรน้ำ,2566,กฎระเบียบ/กฎหมาย,สาเหตุ: 1. ข้อจำกัดด้านงบประมาณ โดยได้รับการจัดสรรงบประมาณน้อยกว่าที่ขอไปอย่างมาก 2. กรมทรัพยากรน้ำบาดาลไม่มีอำนาจตามกฎหมายโดยตรงในการก่อสร้างบ่อสังเกตการณ์ภายในบริเวณโรงงานที่เป็นพื้นที่เสี่ยง 3. ขาดกลไกในระดับพื้นที่สำหรับการบำรุงรักษาบ่อเติมน้ำใต้ดิน และการประชาสัมพันธ์ยังไม่ทั่วถึง,รายละเอียด: 1. บ่อสังเกตการณ์น้ำบาดาลยังไม่เพียงพอและครอบคลุมแอ่งน้ำบาดาลและพื้นที่เสี่ยง 2. บ่อสังเกตการณ์น้ำบาดาลและบ่อเติมน้ำใต้ดินบางส่วนขาดการบำรุงรักษา และอุปกรณ์ตรวจวัดชำรุดเสียหาย,ข้อเสนอแนะ: 1. จัดลำดับความสำคัญของพื้นที่และจัดทำแผนการติดตั้งระบบสังเกตการณ์น้ำบาดาลอย่างเป็นระบบ 2. หารือกรมโรงงานอุตสาหกรรม เกี่ยวกับการปรับปรุงกฎกระทรวงที่เกี่ยวข้องเพื่อให้ครอบคลุมการเฝ้าระวังคุณภาพน้ำบาดาล 3. สร้างกลไกในระดับพื้นที่ สำหรับการบำรุงรักษาบ่อเติมน้ำใต้ดิน และสร้างความรู้ความเข้าใจแก่ผู้เกี่ยวข้อง,ผลกระทบ: อาจทำให้ขาดข้อมูลที่ครบถ้วนเพียงพอสำหรับการเฝ้าระวังและติดตามตรวจสอบระดับและคุณภาพน้ำบาดาล ทำให้ไม่สามารถควบคุมและป้องกันผลกระทบได้อย่างทันท่วงที และการใช้จ่ายงบประมาณไม่เกิดความคุ้มค่า
FL-1886,ข้อตรวจพบที่ 4: การกำกับ ควบคุม การประกอบกิจการน้ำบาดาล,สำนักงานทรัพยากรน้ำแห่งชาติ,การบริหารจัดการทรัพยากรน้ำ,2566,ติดตาม/ประเมินผล/กำกับ,สาเหตุ: 1. ขาดการติดตามตรวจสอบผู้รับใบอนุญาตกรณีที่ยังไม่ได้ติดตั้งเครื่องวัดปริมาณน้ำ 2. ขาดแนวทางปฏิบัติที่ชัดเจนเกี่ยวกับการตรวจสอบผู้รับใบอนุญาตตามประกาศกระทรวงฯ และการดำเนินการกรณีใบอนุญาตสิ้นอายุ,"รายละเอียด: จากการสังเกตการณ์ 108 บ่อ พบปัญหา เช่น ไม่มีเครื่องวัดปริมาณน้ำ 36 บ่อ, มีการต่อท่อแยกโดยไม่ผ่านเครื่องวัด 9 บ่อ, ไม่มีลานคอนกรีต 40 บ่อ และใบอนุญาตสิ้นอายุแต่ยังไม่ต่อ 35 บ่อ (ซึ่ง 22 บ่อยังคงใช้งานอยู่)",ข้อเสนอแนะ: 1. ทบทวนและปรับปรุงแนวปฏิบัติในการออกใบอนุญาตประกอบกิจการน้ำบาดาลให้ครอบคลุมการติดตามตรวจสอบและการดำเนินการกรณีใบอนุญาตใกล้สิ้นอายุ 2. แจ้งเจ้าหน้าที่ให้ดำเนินการบังคับใช้กฎหมายอย่างเคร่งครัดกรณีพบผู้ฝ่าฝืน,ผลกระทบ: อาจส่งผลกระทบต่อการควบคุมการใช้น้ำบาดาลเพื่อให้เกิดความสมดุลและคุณภาพในระยะยาว และทำให้รายได้จากการจัดเก็บค่าใช้น้ำและค่าธรรมเนียมต่ำกว่าความเป็นจริง
FL-1887,ข้อสังเกตที่ 1: การกำหนดมาตรการเพื่อป้องกันและฟื้นฟูพื้นที่ซึ่งมีระดับน้ำบาดาลลดลงอย่างมีนัยสำคัญหรือน้ำบาดาลปนเปื้อนบางแห่งยังขาดความชัดเจน,สำนักงานทรัพยากรน้ำแห่งชาติ,การบริหารจัดการทรัพยากรน้ำ,2566,,สาเหตุ: (ไม่ได้ระบุ),รายละเอียด: จากรายงานสถานการณ์น้ำบาดาลปี 2561-2565 พบว่าหลายพื้นที่มีระดับน้ำบาดาลลดลงอย่างต่อเนื่องหรือมีคุณภาพน้ำสูงเกินเกณฑ์มาตรฐาน แต่กรมทรัพยากรน้ำบาดาลยังไม่มีการกำหนดมาตรการเพื่อป้องกันและฟื้นฟูที่ชัดเจน,ข้อเสนอแนะ: พิจารณาสั่งการให้มีการกำหนดหลักเกณฑ์และแนวทางดำเนินการเกี่ยวกับการกำหนดมาตรการเพื่อป้องกันและฟื้นฟูแหล่งน้ำบาดาล กรณีที่พบว่าระดับน้ำลดลงอย่างมีนัยสำคัญหรือคุณภาพต่ำกว่าเกณฑ์มาตรฐาน,"ผลกระทบ: (ไม่ได้ระบุโดยตรง แต่หมายถึงอาจทำให้ชั้นน้ำบาดาลเสียหาย, ประชาชนไม่สามารถใช้ประโยชน์ได้ และอาจได้รับผลกระทบต่อสุขภาพ )"
FL-1888,ข้อสังเกตที่ 2: การออกหรือต่ออายุใบอนุญาตใช้น้ำบาดาลไม่สอดคล้องตามประเภทการใช้น้ำบาดาล,สำนักงานทรัพยากรน้ำแห่งชาติ,การบริหารจัดการทรัพยากรน้ำ,2566,บุคลากร/สมรรถนะ,สาเหตุ: (ไม่ได้ระบุ แต่เกี่ยวข้องกับความเห็นที่แตกต่างกันของเจ้าหน้าที่ ),รายละเอียด: จากการตรวจสอบ 112 บ่อ พบ 3 บ่อ ที่มีการออก/ต่ออายุใบอนุญาตไม่สอดคล้องตามประเภทการใช้น้ำบาดาล และเจ้าหน้าที่ผู้ปฏิบัติงานบางรายยังมีความเห็นในหลักเกณฑ์ที่แตกต่างกัน,ข้อเสนอแนะ: ซักซ้อมความเข้าใจเกี่ยวกับหลักเกณฑ์การพิจารณาประเภทการใช้น้ำบาดาลให้แก่เจ้าหน้าที่ เพื่อให้การพิจารณาเป็นไปในแนวทางเดียวกันและสอดคล้องกับประกาศกระทรวงฯ,ผลกระทบ: (ไม่ได้ระบุ)
FL-1889,ข้อสังเกตที่ 3: การติดตามหนี้ค้างชำระค่าใช้น้ำบาดาลบางส่วนยังไม่เป็นไปตามแนวทางที่กำหนด,สำนักงานทรัพยากรน้ำแห่งชาติ,การบริหารจัดการทรัพยากรน้ำ,2566,,สาเหตุ: (ไม่ได้ระบุ),รายละเอียด: จากการตรวจสอบ สนง.ทรัพยากรธรรมชาติและสิ่งแวดล้อมจังหวัด 11 แห่ง พบว่า 6 แห่ง ดำเนินการติดตามหนี้ค้างชำระไม่เป็นไปตามระยะเวลาที่กำหนด บางแห่งมีหนี้ค้างชำระที่ยังไม่ส่งเรื่องให้อัยการฟ้องเป็นจำนวนมาก,ข้อเสนอแนะ: 1. แจ้งหน่วยงานที่เกี่ยวข้องให้ดำเนินการติดตามหนี้ค้างชำระให้เป็นไปตามระเบียบอย่างเคร่งครัด และเร่งรัดส่งเรื่องฟ้องบังคับคดีโดยเฉพาะหนี้ที่ใกล้ขาดอายุความ 2. สำรวจปัญหาอุปสรรคในการจัดเก็บค่าใช้น้ำบาดาลและการติดตามหนี้ เพื่อกำหนดแนวทางแก้ไขปัญหาร่วมกับหน่วยงานที่เกี่ยวข้อง,ผลกระทบ: (ไม่ได้ระบุ แต่หมายถึงรัฐอาจสูญเสียรายได้ และหนี้อาจขาดอายุความ)
FL-1890,ข้อตรวจพบ: ผู้ได้รับการช่วยเหลือจากโครงการบางส่วนมีคุณสมบัติไม่เป็นไปตามหลักเกณฑ์และเงื่อนไขที่กำหนด,สำนักงานเศรษฐกิจการคลัง,โครงการเพื่อช่วยเหลือ เยียวยา และชดเชย ให้แก่ประชาชน ซึ่งได้รับผลกระทบจากการระบาดของโรคติดเชื้อไวรัสโคโรนา 2019 ของกระทรวงการคลัง,2566,ข้อมูล/บันทึก/เอกสาร,"สาเหตุ: 1. การคัดกรองตรวจสอบสิทธิ์มีข้อผิดพลาด: สศค. ประมวลผลข้อมูลผู้ลงทะเบียนกับฐานข้อมูลผู้ประกันตนตามมาตรา 40 และให้สิทธิ์ โดยไม่ได้นำไปประมวลผลทวนสอบกับฐานข้อมูลผู้ประกันตนตามมาตรา 33 ซึ่งบางรายมีสถานะเป็น ม.33 ในเวลาเดียวกัน 2. การขาดฐานข้อมูลที่มีประสิทธิภาพ: กลุ่มเป้าหมายส่วนใหญ่เป็นแรงงานนอกระบบที่ภาครัฐไม่เคยมีฐานข้อมูลมาก่อน และฐานข้อมูลที่นำมาใช้ไม่ครอบคลุมหลักเกณฑ์ทั้งหมด เช่น ขาดฐานข้อมูลพนักงานรัฐวิสาหกิจ, องค์การมหาชน หรือบุคคลที่ไม่ได้ประกอบอาชีพ","รายละเอียด: จากการตรวจสอบข้อมูลผู้ได้รับเงิน 15,268,597 ราย พบว่า 27,212 ราย เป็นผู้ประกันตนตามมาตรา 33 ที่มีสิทธิ์รับประโยชน์ทดแทนกรณีว่างงาน ซึ่งเป็นผู้ที่ไม่มีคุณสมบัติตามหลักเกณฑ์ รวมเป็นเงินที่จ่ายไปทั้งสิ้น 407,735,000 บาท",ข้อเสนอแนะ: 1. สั่งการให้ผู้เกี่ยวข้องตรวจสอบข้อเท็จจริงกรณีจ่ายเงินให้ผู้ไม่มีคุณสมบัติ และดำเนินการตามกฎหมายหรือระเบียบที่เกี่ยวข้อง 2. ทบทวนและสรุปปัญหาอุปสรรค โดยเฉพาะข้อจำกัดด้านฐานข้อมูลแรงงานนอกระบบ เสนอต่อคณะรัฐมนตรีเพื่อพิจารณาสั่งการให้หน่วยงานที่เกี่ยวข้องศึกษาความเป็นไปได้ในการจัดทำฐานข้อมูลแรงงานนอกระบบของประเทศ,"ผลกระทบ: รัฐสูญเสียเงินงบประมาณโดยไม่สมควร เป็นจำนวนเงิน 407,415,000 บาท และเสียโอกาสในการนำเงินงบประมาณไปใช้ในการแก้ไขปัญหาด้านอื่น"
FL-1891,ข้อสังเกต: ข้อจำกัดในการดำเนินการตรวจสอบย้อนหลัง (Post Audit),สำนักงานเศรษฐกิจการคลัง,โครงการเพื่อช่วยเหลือ เยียวยา และชดเชย ให้แก่ประชาชน ซึ่งได้รับผลกระทบจากการระบาดของโรคติดเชื้อไวรัสโคโรนา 2019 ของกระทรวงการคลัง,2566,บุคลากร/สมรรถนะ,สาเหตุ: หน่วยงานของรัฐหลายหน่วยงานไม่ให้ความร่วมมือในการรวบรวมและจัดส่งข้อมูลบุคลากรในสังกัดให้ สศค. ดำเนินการตรวจสอบ,รายละเอียด: ณ วันที่ 28 กุมภาพันธ์ 2565 สศค. ได้ดำเนินการตรวจสอบย้อนหลังใน 213 หน่วยงานรัฐ แต่มี 16 หน่วยงานที่ไม่ให้ความร่วมมือในการตรวจสอบ การที่หน่วยงานของรัฐหลายแห่งยืนยันว่าบุคลากรไม่ได้รับเงินช่วยเหลือโดยไม่ส่งมอบข้อมูลให้ตรวจสอบ อาจมีความเสี่ยงที่จะทำให้การตรวจสอบย้อนหลังขาดความน่าเชื่อถือ,ข้อเสนอแนะ: (เป็นส่วนหนึ่งของข้อเสนอแนะรวมของข้อตรวจพบก่อนหน้า ที่ให้ทบทวนกระบวนการและปัญหาทั้งหมด),ผลกระทบ: (ไม่ได้ระบุโดยตรง แต่หมายถึงการตรวจสอบความถูกต้องของการจ่ายเงินไม่สามารถทำได้อย่างสมบูรณ์)
FL-1892,ข้อตรวจพบที่ 1.1 โรงเรียนที่เข้าร่วมโครงการยกระดับคุณภาพโรงเรียนระดับอำเภอฯ ยังไม่เป็นไปตามเป้าหมาย,สถาบันส่งเสริมการสอนวิทยาศาสตร์และเทคโนโลยี,ส่งเสริมสนับสนุนการเรียนการสอนวิทยาศาสตร์ คณิตศาสตร์ และเทคโนโลยี ของสถาบันส่งเสริมการสอนวิทยาศาสตร์และเทคโนโลยี (สสวท.),2565,ข้อมูล/บันทึก/เอกสาร,) 1. สสวท. ยังไม่มีการสำรวจข้อมูลในการจัดทำแผนการส่งเสริม ) 2. หลักเกณฑ์การเข้าร่วมโครงการบางหลักเกณฑ์ยังไม่สอดคล้องกับความพร้อมของโรงเรียนกลุ่มเป้าหมาย,) โรงเรียนที่เข้าร่วมโครงการไม่ครอบคลุมทุกอำเภอทั่วประเทศ (216 อำเภอไม่มีโรงเรียนเข้าร่วม) และโรงเรียนที่ผ่านการคัดเลือกบางแห่งไม่ตรงตามหลักการโครงการที่กำหนดให้เป็นโรงเรียนที่อยู่ในช่วงกลางระหว่างโรงเรียนที่มุ่งความเป็นเลิศกับโรงเรียนด้อยโอกาส,) 1. กำหนดให้มีการสำรวจข้อมูลเพื่อประกอบการจัดทำแผน ) 2. พิจารณาทบทวนหลักเกณฑ์การคัดเลือกโรงเรียนเข้าร่วมโครงการ,) โรงเรียนที่ควรได้รับการพัฒนาเสียโอกาส และนักเรียนเสียโอกาสในการเข้าถึงโรงเรียนคุณภาพใกล้บ้าน
FL-1893,ข้อตรวจพบที่ 1.2 การดำเนินงานโครงการยกระดับคุณภาพโรงเรียนระดับอำเภอฯ ยังไม่เป็นไปตามแนวทางการขับเคลื่อนโรงเรียนตามที่ สสวท. กำหนด,สถาบันส่งเสริมการสอนวิทยาศาสตร์และเทคโนโลยี,ส่งเสริมสนับสนุนการเรียนการสอนวิทยาศาสตร์ คณิตศาสตร์ และเทคโนโลยี ของสถาบันส่งเสริมการสอนวิทยาศาสตร์และเทคโนโลยี (สสวท.),2565,บุคลากร/สมรรถนะ,) 1. สสวท. ยังไม่มีการกำหนดแผนและปฏิทินการฝึกอบรม ) 2. สสวท. ยังไม่มีการกำหนดหลักเกณฑ์ที่ชัดเจนในการสนับสนุนสื่อให้โรงเรียน ) 3. สสวท. ยังไม่มีการกำหนดแนวทางการดำเนินงานประสานกับผู้เชี่ยวชาญจังหวัดและศึกษานิเทศก์ ) 4. สสวท. ยังไม่มีการประสานงานที่ชัดเจนให้ผู้บริหารโรงเรียนทราบถึงวิธีการหรือแนวปฏิบัติ,) 1. ครูผู้สอนบางส่วนยังไม่ได้รับการพัฒนาตามหลักสูตรอบรมของ สสวท. ) 2. โรงเรียนที่เข้าร่วมโครงการยังไม่ได้รับการสนับสนุนสื่อ อุปกรณ์ประกอบการเรียนรู้ ) 3. ผู้เชี่ยวชาญจังหวัดและศึกษานิเทศก์ยังไม่มีบทบาทในการให้คำปรึกษาหรือแนะนำ ) 4. ผู้บริหารโรงเรียนบางแห่งไม่ได้ดำเนินการตามบทบาทภาระหน้าที่ ที่ชัดเจนเกี่ยวกับบทบาทภาระหน้าที่,) 1. จัดทำแผนการฝึกอบรมพัฒนาครูและผู้บริหาร ) 2. กำหนดหลักเกณฑ์ที่ชัดเจนในการสนับสนุนสื่อ อุปกรณ์ ) 3. ประสานงานกับหน่วยงานต้นสังกัดทุกสังกัดเพื่อกำหนดแนวทางการดำเนินงานร่วมกัน ) 4. พิจารณาปรับปรุงคู่มือโครงการให้มี,) 1. การดำเนินงานของโรงเรียนไม่เป็นไปตามแนวทาง ) 2. ผู้บริหารโรงเรียนบางส่วนไม่ได้รับการอบรม ) 3. ครูผู้สอนบางส่วนยังไม่ได้รับการพัฒนา
FL-1894,ข้อตรวจพบที่ 2.1 การพัฒนาครูเพื่อยกระดับคุณภาพการจัดการเรียนการสอนฯ ยังไม่เป็นไปตามเป้าหมายและวัตถุประสงค์ที่กำหนด,สถาบันส่งเสริมการสอนวิทยาศาสตร์และเทคโนโลยี,ส่งเสริมสนับสนุนการเรียนการสอนวิทยาศาสตร์ คณิตศาสตร์ และเทคโนโลยี ของสถาบันส่งเสริมการสอนวิทยาศาสตร์และเทคโนโลยี (สสวท.),2565,บุคลากร/สมรรถนะ,) 1. สสวท. ยังไม่มีแนวทางการคัดกรองคุณสมบัติครูผู้สอน ) 2. สสวท. ยังไม่สามารถผลิตครูพี่เลี้ยงที่จะทำหน้าที่เป็นวิทยากรสนาม ) 3. การประสานงานในการจัดตั้งโรงเรียนที่เป็นศูนย์ฝึกอบรมทางไกลยังไม่ชัดเจน,) 1. ครูผู้สอนที่เข้ารับการอบรมไม่เป็นไปตามกลุ่มเป้าหมาย (20.20%) และครูบางส่วนยังไม่ได้นำความรู้ไปปรับใช้ในการปรับการเรียนเปลี่ยนการสอน (52.78%) ) 2. ครูพี่เลี้ยงบางส่วนไม่ผ่านเกณฑ์การประเมินและไม่สามารถให้คำปรึกษาได้ ) 3. การจัดตั้งโรงเรียนเป็นศูนย์ฝึกอบรมด้วยระบบทางไกลในบางจังหวัดยังไม่ครอบคลุมทุกสังกัด,) 1. กำหนดแนวทางการคัดกรองคุณสมบัติครูผู้สอน ) 2. ทบทวนแนวทางการฝึกอบรมครูพี่เลี้ยง ) 3. ประสานงานกับหน่วยงานต้นสังกัดที่ยังไม่มีโรงเรียนที่เป็นศูนย์ฝึกอบรมด้วยระบบทางไกล,) 1. การพัฒนาครูผู้สอนไม่เป็นไปตามวัตถุประสงค์ ส่งผลโดยตรงต่อการพัฒนาคุณภาพนักเรียน ) 2. ครูผู้สอนในสังกัดที่ไม่มีศูนย์ฝึกอบรมทางไกลของตนเองเสียโอกาสในการเข้ารับการอบรม
FL-1895,ข้อตรวจพบที่ 2.2 การดำเนินงานโครงการส่งเสริมการเรียนภาษาคอมพิวเตอร์ (Coding) ยังไม่เป็นไปตามวัตถุประสงค์ที่กำหนด,สถาบันส่งเสริมการสอนวิทยาศาสตร์และเทคโนโลยี,ส่งเสริมสนับสนุนการเรียนการสอนวิทยาศาสตร์ คณิตศาสตร์ และเทคโนโลยี ของสถาบันส่งเสริมการสอนวิทยาศาสตร์และเทคโนโลยี (สสวท.),2565,บุคลากร/สมรรถนะ,) 1. มีข้อจำกัดเรื่องพื้นฐานความรู้ของครูผู้สอนที่เข้ารับการอบรม ) 2. มีวิทยากรหรือเจ้าหน้าที่ไม่เพียงพอเมื่อเทียบกับจำนวนผู้เข้าอบรม ) 3. แนวทางการจัดเก็บข้อมูลเพื่อติดตามและประเมินผลโครงการยังไม่ครอบคลุม,) 1. ครูที่ผ่านการอบรมนำความรู้ไปปรับใช้ในการจัดการเรียนรู้ได้เพียง 45.83% ) 2. ครูส่วนใหญ่ที่ยังไม่สามารถนำความรู้ไปปรับใช้ได้เป็นครูที่ไม่ได้จบด้านวิทยาการคอมพิวเตอร์โดยตรง,) 1. กำหนดคุณสมบัติของผู้เข้ารับการอบรมให้เหมาะสมกับหลักสูตร ) 2. จัดทีมวิทยากรหรือเจ้าหน้าที่รวมทั้งรูปแบบการฝึกอบรมที่เหมาะสม ) 3. พิจารณาทบทวนแนวทางการติดตามประเมินผลการจัดการเรียนรู้,) 1. ส่งผลต่อการจัดการเรียนรู้วิชาวิทยาการคำนวณและคุณภาพผู้เรียนด้านการคิดเชิงคำนวณ ) 2. กระทบต่อการยกระดับผลสัมฤทธิ์ทางการเรียนของผู้เรียน
FL-1896,ข้อตรวจพบที่ 3 การดำเนินงานส่งเสริมและพัฒนาศักยภาพให้ครู สควค. เป็นผู้นำในการขับเคลื่อนการจัดการเรียนรู้ฯ ยังไม่เป็นไปตามวัตถุประสงค์,สถาบันส่งเสริมการสอนวิทยาศาสตร์และเทคโนโลยี,ส่งเสริมสนับสนุนการเรียนการสอนวิทยาศาสตร์ คณิตศาสตร์ และเทคโนโลยี ของสถาบันส่งเสริมการสอนวิทยาศาสตร์และเทคโนโลยี (สสวท.),2565,บุคลากร/สมรรถนะ,) 1. สสวท. ขาดการกำหนดกรอบแผนการฝึกอบรมพัฒนาศักยภาพครู สควค. ) 2. การขับเคลื่อนให้ครู สควค. มีส่วนร่วมยังขาดกรอบแนวทาง ) 3. ฐานข้อมูลครู สควค. อยู่ระหว่างการรวบรวมและปรับปรุง ) 4. สสวท. ยังไม่มีการประเมินผลการดำเนินงานของศูนย์เครือข่ายครู สควค.,) 1. ครู สควค. ส่วนใหญ่ยังไม่ได้รับการพัฒนาศักยภาพให้เป็นผู้นำทางวิชาการ ) 2. ศูนย์เครือข่ายครู สควค. บางแห่งยังไม่สามารถจัดกิจกรรมส่งเสริมและพัฒนาศักยภาพครู สควค. ได้ ) 3. ฐานข้อมูลครู สควค. ยังไม่เป็นปัจจุบัน และการใช้ประโยชน์ในทางวิชาการยังไม่แพร่หลาย,) 1. กำหนดกรอบแผนการฝึกอบรมพัฒนาศักยภาพครู สควค. ให้เป็นผู้นำทางวิชาการ ) 2. กำหนดกรอบแนวทางการขับเคลื่อนครู สควค. เป็นผู้นำการขับเคลื่อนการจัดการเรียนรู้ ) 3. กำหนดกรอบแผนการพัฒนาฐานข้อมูลครู สควค. ให้เป็นปัจจุบัน ) 4. กำหนดให้มีการติดตามและประเมินผลการดำเนินงานโครงการในระยะที่ผ่านมา,) 1. การจัดการเรียนรู้ด้านวิทยาศาสตร์ คณิตศาสตร์และเทคโนโลยีในสถานศึกษายังไม่ได้รับการพัฒนา ) 2. ครู สควค. เสียโอกาสในการใช้ศักยภาพเพื่อส่งเสริมและพัฒนาการจัดการเรียนรู้ ) 3. เสียโอกาสในการนำข้อมูลความชำนาญของครู สควค. ไปใช้ในการวางแผนพัฒนาศักยภาพ
FL-1897,ข้อตรวจพบที่ 1 การดำเนินงานโครงการพัฒนาการจัดประสบการณ์การเรียนการสอนปฐมวัยบางกิจกรรมยังไม่เป็นไปตามเป้าหมายและวัตถุประสงค์,สำนักงานคณะกรรมการการศึกษาขั้นพื้นฐาน,การจัดการศึกษาระดับปฐมวัย,2566,ติดตาม/ประเมินผล/กำกับ,) 1. แนวปฏิบัติและบทบาทหน้าที่ของผู้รับผิดชอบยังไม่ชัดเจน ) 2. มีข้อจำกัดในการจัดกิจกรรมตามแนวคิดไฮสโคปในสถานการณ์โควิด-19 ) 3. โรงเรียนไม่ได้กำหนดแผนการจัดกิจกรรมตามแนวคิดไฮสโคป ) 4. รูปแบบและความต่อเนื่องของการจัดกิจกรรมยังไม่เพียงพอ ) 5. การติดตามผลการดำเนินงานโครงการ/กิจกรรมย่อยยังไม่ต่อเนื่องและไม่ครอบคลุมประเด็นปัญหาอุปสรรค,) 1. โรงเรียนที่สุ่มตรวจสอบบางแห่งยังไม่สามารถจัดการศึกษาปฐมวัยตามแนวคิดไฮสโคปได้ครบทุกห้องเรียน ) 2. สพป. บางเขตยังไม่ได้ขยายผลการจัดประสบการณ์การเรียนรู้วิทยาการคำนวณระดับปฐมวัย ) 3. ครูผู้สอนบางส่วนยังไม่ได้รับเอกสารแนวทางการส่งเสริมพัฒนาการเด็กวัย 3-6 ปี ) 4. ครูผู้สอนบางแห่งยังไม่สามารถพัฒนาการจัดประสบการณ์การเรียนรู้ที่มุ่งเสริมสร้างพหุปัญญาได้,) 1. กำหนดอำนาจหน้าที่และแนวปฏิบัติที่เกี่ยวข้องกับการจัดกิจกรรมให้ชัดเจน ) 2. ดำเนินการถอดบทเรียนเกี่ยวกับการจัดกิจกรรมภายใต้สถานการณ์โควิด-19 ) 3. ส่งเสริมให้โรงเรียนนำองค์ความรู้ไปบูรณาการไว้ในแผนการจัดประสบการณ์ ) 4. พิจารณาหาวิธีการหรือกำหนดรูปแบบการจัดอบรมสร้างความรู้ความเข้าใจเพิ่มเติมให้กับครูผู้สอน ) 5. จัดให้มีการติดตามผลการดำเนินงานโครงการที่ครอบคลุมทั้งเชิงปริมาณและเชิงคุณภาพ,) ส่งผลต่อการเพิ่มโอกาสให้กับเด็กปฐมวัยอย่างเท่าเทียมและทั่วถึง และกระทบต่อการเตรียมความพร้อมในการเรียนรู้ระดับที่สูงขึ้นของเด็ก
FL-1898,ข้อตรวจพบที่ 2 การพัฒนาการจัดการศึกษาปฐมวัยโครงการบ้านนักวิทยาศาสตร์น้อย ประเทศไทย บางแห่งยังไม่เป็นไปตามแนวทางและวัตถุประสงค์ที่กำหนด,สำนักงานคณะกรรมการการศึกษาขั้นพื้นฐาน,การจัดการศึกษาระดับปฐมวัย,2566,ติดตาม/ประเมินผล/กำกับ,) 1. ครูผู้สอนปฐมวัยยังไม่มีความชำนาญในการจัดกิจกรรมทดลองและจัดทำโครงงาน ) 2. ครูผู้สอนยังไม่มีการจัดทำแผนการจัดกิจกรรม ) 3. ผู้บริหารและครูผู้สอนยังไม่ทราบว่ามีการปรับเปลี่ยนเกณฑ์การจัดกิจกรรม ) 4. สพฐ. ไม่มีแนวปฏิบัติที่จะนำมาใช้ในการจัดกิจกรรมทดลองภายใต้สถานการณ์โควิด-19 ) 5. การติดตามผลการดำเนินงานยังไม่ครอบคลุมประเด็นสภาพปัญหาสำคัญ,) 1. โรงเรียนจำนวน 5 แห่ง (ขนาดเล็กทั้งหมด) ยังไม่สามารถจัดกิจกรรมทดลองและจัดทำโครงงานได้ ) 2. มีโรงเรียนเพียง 2 แห่งที่จัดกิจกรรมต่อเนื่องทุกปี ) 3. กิจกรรมที่จัดส่วนใหญ่เป็นกิจกรรมพื้นฐาน,) 1. จัดอบรมเชิงปฏิบัติการอย่างต่อเนื่องเพื่อเพิ่มองค์ความรู้และทักษะด้านวิทยาศาสตร์ให้กับครูผู้สอนปฐมวัย ) 2. ส่งเสริมให้โรงเรียนกำหนดแผนการจัดกิจกรรมทดลองและจัดทำโครงงาน ) 3. กำกับดูแล และติดตามให้สำนักงานเขตพื้นที่การศึกษาและครูวิทยากรเครือข่ายชี้แจงและให้คำปรึกษาแก่ครูผู้สอน ) 4. จัดให้มีการถอดบทเรียนเกี่ยวกับการจัดกิจกรรมทดลองและจัดทำโครงงานกรณีเกิดเหตุฉุกเฉิน ) 5. รวบรวมข้อมูลสภาพปัญหาและข้อจำกัดที่ส่งผลต่อความสำเร็จในการดำเนินงานโครงการ,) 1. ส่ง ต่อการวางรากฐานเพื่อเตรียมความพร้อมนักเรียนปฐมวัย ) 2. ส่งผลต่อความเชื่อมั่นของผู้ปกครองและบุคคลภายนอก ) 3. นักเรียนปฐมวัยบางส่วนเสียโอกาสในการได้รับการพัฒนาทักษะอย่างมีคุณภาพ
FL-1899,ข้อสังเกตที่ 1 การจัดทำฐานข้อมูลโครงการบ้านนักวิทยาศาสตร์น้อย ประเทศไทย ยังไม่ครบถ้วน และข้อมูลบางส่วนไม่ตรงกับข้อมูลของ สพป.,สำนักงานคณะกรรมการการศึกษาขั้นพื้นฐาน,การจัดการศึกษาระดับปฐมวัย,2566,ข้อมูล/บันทึก/เอกสาร,) สพฐ. ไม่ได้สอบทานความครบถ้วน ถูกต้องของการบันทึกข้อมูล,) 1. การบันทึกข้อมูลรุ่นของโรงเรียนที่เข้าร่วมโครงการยังไม่ครบถ้วน ) 2. ข้อมูลจำนวนโรงเรียนที่เข้าร่วมโครงการมีความแตกต่างกัน,) มอบหมายให้สำนักบริหารงานความเป็นเลิศด้านวิทยาศาสตร์ศึกษาดำเนินการปรับปรุงฐานข้อมูลให้มีความถูกต้องและครบถ้วน,) ส่งผลให้ สพฐ. ขาดข้อมูลที่จำเป็นในการวางแผน ติดตาม ส่งเสริมและปรับปรุงการดำเนินงานโครงการ
FL-1900,ข้อสังเกตที่ 2 โรงเรียนในสังกัด สพป. ที่ยังไม่ได้รับตราพระราชทานฯ เป็นโรงเรียนขนาดเล็กและขนาดกลาง,สำนักงานคณะกรรมการการศึกษาขั้นพื้นฐาน,การจัดการศึกษาระดับปฐมวัย,2566,ข้อมูล/บันทึก/เอกสาร,) - (ไม่มีข้อมูลในเอกสาร),) โรงเรียนที่ไม่สามารถจัดกิจกรรมทดลองและจัดทำโครงงานได้ตามแนวทางและยังไม่ได้รับตราพระราชทานมีจำนวน 146 แห่ง ซึ่งทั้งหมดเป็นโรงเรียนขนาดเล็กและขนาดกลาง,) มอบหมายให้สำนักบริหารงานความเป็นเลิศด้านวิทยาศาสตร์ศึกษาดำเนินการศึกษา วิจัย หรือรวบรวมปัญหา อุปสรรค และข้อจำกัดเกี่ยวกับกรณีที่โรงเรียนขนาดเล็กและขนาดกลางยังไม่สามารถยื่นรับตราพระราชทาน,) - (ไม่มีข้อมูลในเอกสาร)
FL-1901,ข้อตรวจพบที่ 1 การส่งเสริมพัฒนาศักยภาพโรงเรียนคุณภาพประจำตำบลมีความเสี่ยงที่จะไม่บรรลุตามวัตถุประสงค์ที่กำหนด,สำนักงานคณะกรรมการการศึกษาขั้นพื้นฐาน,โครงการโรงเรียนคุณภาพประจำตำบล,2566,การวางแผน/ตัวชี้วัด,) 1. สพฐ. ยังไม่ได้กำหนดเป้าหมาย แผนการขับเคลื่อนโรงเรียนคุณภาพประจำตำบล และคู่มือการดำเนินงานที่ชัดเจน ) 2. ศูนย์ขับเคลื่อนโครงการฯ ยังไม่มีการจัดทำข้อเสนอเชิงนโยบายและแผนยุทธศาสตร์ที่ชัดเจน ) 3. โรงเรียนขาดความชัดเจนในการจัดทำแผนพัฒนาโรงเรียนและการดำเนินงานกิจกรรมตามแผนฯ ( ) 4. การติดตามประเมินผลโครงการยังไม่มีการประเมินความสำเร็จและความก้าวหน้าตามมาตรฐานที่กำหนด,) 1. การสนับสนุนด้านโครงสร้างพื้นฐานยังต่ำกว่าเป้าหมายที่ร้อยละ 85 และมีโรงเรียน 508 แห่ง (6.18%) ที่ไม่ได้รับการจัดสรรงบประมาณเลยในช่วงปี 2564-2565 ) 2. การสนับสนุนด้านการส่งเสริมการศึกษาบางกิจกรรมไม่เป็นไปตามแนวทางที่กำหนด ( ) 3. โรงเรียนบางแห่งไม่มีการดำเนินการพัฒนาตามแผนพัฒนาโรงเรียนคุณภาพประจำตำบลที่กำหนดไว้ ( ) 4. โรงเรียนที่เข้าร่วมโครงการส่วนใหญ่ไม่สามารถดำเนินการจัดกิจกรรมตามจุดเน้นนโยบายได้ครบถ้วน,) 1. กำหนดเป้าหมาย แผนการขับเคลื่อนโรงเรียนคุณภาพประจำตำบล และคู่มือการดำเนินงานให้ชัดเจน ( ) 2. กำชับและเร่งรัดศูนย์ขับเคลื่อนโครงการฯ ให้จัดทำข้อเสนอเชิงนโยบายและแผนยุทธศาสตร์ ( ) 3. ส่งเสริมให้โรงเรียนร่วมวางแผนและสร้างความตระหนักในการรายงานผล ( ) 4. กำชับให้มีการติดตามประเมินผลตามเกณฑ์มาตรฐานโรงเรียนคุณภาพทั้ง 4 ด้าน,) นโยบายและแนวทางการดำเนินงานขาดความชัดเจนและความต่อเนื่องในทุกระดับ ) ศูนย์ขับเคลื่อนโครงการฯ ยังไม่มีการจัดทำข้อเสนอเชิงนโยบายและแผนยุทธศาสตร์ที่ชัดเจน ) โรงเรียนขาดความชัดเจนในการจัดทำแผนพัฒนาโรงเรียนและการดำเนินงานกิจกรรมตามแผนฯ ( ) การติดตามประเมินผลโครงการยังไม่มีการประเมินความสำเร็จและความก้าวหน้าตามมาตรฐานที่กำหนด
FL-1902,ข้อตรวจพบที่ 2 ครุภัณฑ์ที่โรงเรียนคุณภาพประจำตำบลได้รับจัดสรรเพื่อพัฒนาด้านโครงสร้างพื้นฐานยังไม่ได้ใช้ให้เกิดประโยชน์สูงสุดในการส่งเสริมการเรียนรู้ของผู้เรียน,สำนักงานคณะกรรมการการศึกษาขั้นพื้นฐาน,โครงการโรงเรียนคุณภาพประจำตำบล,2566,การเงิน/พัสดุ,) การจัดทำแบบคำขอจัดตั้งงบประมาณพิจารณาตามความต้องการเป็นสำคัญ ทำให้ครุภัณฑ์ที่ได้รับจัดสรรบางส่วนซ้ำซ้อนกับของเดิม ครุภัณฑ์บางรายการอยู่ระหว่างรอการใช้ประโยชน์ร่วมกับอาคารที่อยู่ระหว่างการก่อสร้างซึ่งดำเนินการล่าช้า,) ครุภัณฑ์บางรายการที่จัดซื้อยังไม่มีการใช้ประโยชน์ บางรายการเกินความต้องการหรือเกินกว่าเนื้อหาในหลักสูตร ครุภัณฑ์บางรายการไม่มีการใช้งานมานานกว่า 10 เดือน และเก็บรักษาไม่เหมาะสม,) 1. กำชับให้โรงเรียนพิจารณาจัดทำแบบคำขอจัดตั้งงบประมาณตามความจำเป็นและขาดแคลน ( ) 2. รวบรวมปัญหาและข้อจำกัดเกี่ยวกับการมอบหมายผู้รับผิดชอบจัดซื้อครุภัณฑ์ ( ) 3. สำรวจรายการครุภัณฑ์ที่ไม่ได้ใช้ประโยชน์เพื่อหาแนวทางแก้ไขที่เหมาะสม,) การใช้จ่ายเงินงบประมาณเพื่อพัฒนาโครงสร้างพื้นฐานไม่เกิดประโยชน์สูงสุด ) โรงเรียนเสียโอกาสในการนำงบประมาณไปใช้จ่ายเพื่อกิจกรรมอื่น ( ) นักเรียนเสียโอกาสในการเข้าถึงการเรียนรู้ที่หลากหลาย
FL-1903,ข้อตรวจพบที่ 3 การขับเคลื่อนโดยศูนย์ประสานงานระดับประถมศึกษาและระดับมัธยมศึกษาแต่ละภูมิภาคของโรงเรียนคุณภาพประจำตำบลยังไม่เป็นไปตามแนวทางที่กำหนด,สำนักงานคณะกรรมการการศึกษาขั้นพื้นฐาน,โครงการโรงเรียนคุณภาพประจำตำบล,2566,การประสานงาน/บูรณาการ,) ความไม่ต่อเนื่องในเชิงนโยบายเกี่ยวกับการขับเคลื่อนภารกิจศูนย์ประสานงานฯ ขาดความต่อเนื่องและชัดเจนในการขับเคลื่อนการบริหารจัดการของศูนย์ประสานงานฯ,) ศูนย์ประสานงานฯ ระดับประถมศึกษาและมัธยมศึกษาที่สุ่มตรวจสอบยังไม่ได้ดำเนินการขับเคลื่อนกิจกรรมให้เป็นไปตามบทบาทหน้าที่ที่กำหนด,) กำชับให้สำนักงานเขตพื้นที่การศึกษาร่วมกับศูนย์ประสานงานฯ วางแผนการดำเนินงานและขับเคลื่อนกิจกรรม,) การขับเคลื่อนภารกิจศูนย์ประสานงานฯ ขาดความต่อเนื่องและชัดเจน
FL-1904,ข้อตรวจพบที่ 1 การดำเนินงานการบริหารหนี้สาธารณะตามกรอบที่กฎหมายกำหนดและตามมาตรฐานสากล,สำนักงานบริหารหนี้สาธารณะ,การบริหารหนี้สาธารณะ,2566,การเงิน/พัสดุ,) 1. การกู้เพื่อปรับโครงสร้างหนี้เป็นผลสืบเนื่องจากการกู้เงินในอดีต ( ) 2. MTDS เป็นการกำหนดค่าเป้าหมายที่ต้องการบรรลุในอีก 5 ปีข้างหน้า ซึ่งระหว่างปีอาจมีการปรับเปลี่ยนกรอบสัดส่วนได้ ( ) 3. สัดส่วนภาระดอกเบี้ยจ่ายฯ ได้คำนวณรวมอยู่ในสัดส่วนภาระหนี้ของรัฐบาลต่อประมาณการรายได้ประจำปีงบประมาณแล้ว,) 1. การกู้เงินเพื่อชดเชยการขาดดุลงบประมาณและเพื่อปรับโครงสร้างหนี้มีแนวโน้มเพิ่มสูงขึ้น ( ) 2. สัดส่วนหนี้ที่จะครบกำหนดใน 3 ปี เกินจากกรอบเป้าหมายที่กำหนดและมีแนวโน้มเพิ่มสูงขึ้นอย่างต่อเนื่อง ( ) 3. สัดส่วนภาระดอกเบี้ยจ่ายของรัฐบาลต่อประมาณการรายได้ประจำปีงบประมาณยังไม่มีการกำหนดไว้ตามกฎหมาย,) 1. ทบทวนกลยุทธ์การบริหารหนี้สาธารณะระยะปานกลาง (MTDS) และกรอบการบริหารหนี้ (Portfolio Benchmark) ( ) 2. กำหนดให้มีตัวชี้วัดที่ใช้เป็นกรอบการบริหารหนี้สาธารณะตามมาตรฐานสากล,) การดำเนินงานการบริหารหนี้สาธารณะยังคงมีความเสี่ยงต่อการรักษาระดับตัวชี้วัดและกรอบวินัยทางการคลังที่กำหนดไว้
FL-1905,ข้อตรวจพบที่ 2 การดำเนินงานตามแผนการบริหารหนี้สาธารณะยังมีบางส่วนที่ยังคงมีความเสี่ยงต่อการรักษาระดับตัวชี้วัดและกรอบวินัยทางการคลังที่กำหนดไว้,สำนักงานบริหารหนี้สาธารณะ,การบริหารหนี้สาธารณะ,2566,กฎระเบียบ/กฎหมาย,) 1. การกู้เงินตามกฎหมายเฉพาะที่มีวงเงินกู้สูง ( ) 2. หนี้เงินกู้ของรัฐบาลส่วนใหญ่จะถูกปรับโครงสร้างหนี้เพื่อยืดระยะเวลาการชำระหนี้ ( ) 3. แนวทางการแก้ไขปัญหาและแผนการบริหารหนี้ที่รัฐวิสาหกิจจัดทำไม่มีข้อมูลเชิงปริมาณหรือกรอบระยะเวลาที่ชัดเจน ( ) 4. รัฐวิสาหกิจเหล่านี้อาจไม่มุ่งเน้นการบริหารกิจการให้เป็นไปอย่างมีประสิทธิภาพและประสิทธิผล,) 1. หนี้ที่รัฐบาลกู้มาใช้โดยตรงเพิ่มสูงขึ้นอย่างมีนัยสำคัญในเวลาอันรวดเร็ว ( ) 2. การปรับโครงสร้างหนี้ของรัฐบาลมีแนวโน้มเพิ่มสูงขึ้นอย่างก้าวกระโดดในช่วงปี 2564-2565 ( ) 3. สัดส่วนการชำระต้นเงินกู้ของรัฐบาลต่อต้นเงินกู้ที่ครบกำหนดชำระในแต่ละปีมีแนวโน้มลดลง ( ) 4. รัฐวิสาหกิจที่มี DSCR ต่ำกว่า 1 เท่า ยังคงได้รับอนุมัติให้กู้เงินและบริหารหนี้ได้ โดยแนวทางแก้ไขปัญหาไม่แตกต่างกันในแต่ละปี,) 1. เสนอรายงานการตรวจสอบต่อคณะกรรมการนโยบายและกำกับการบริหารหนี้สาธารณะเพื่อประกอบการกำหนดนโยบาย ( ) 2. มอบหมายกระทรวงเจ้าสังกัดในการเร่งรัดการแก้ไขปัญหาของรัฐวิสาหกิจ,) การดำเนินงานตามแผนการบริหารหนี้สาธารณะยังมีบางส่วนที่ยังคงมีความเสี่ยงต่อการรักษาระดับตัวชี้วัดและกรอบวินัยทางการคลังที่กำหนดไว้
FL-1906,ข้อสังเกตที่ 1 ความไม่สอดคล้องตรงกันของข้อมูลหนี้สาธารณะที่มีการรายงานในแต่ละฉบับ,สำนักงานบริหารหนี้สาธารณะ,การบริหารหนี้สาธารณะ,2566,ข้อมูล/บันทึก/เอกสาร,) สบน. ไม่ได้ระบุเหตุผลหรือ ของข้อมูลที่ไม่ตรงกันในกรณีที่มีการใช้เครื่องมือระยะสั้น สบน. ไม่ได้สอบทานความถูกต้องของข้อมูลหนี้สาธารณะในรายงานแต่ละฉบับ,) ข้อมูลหนี้สาธารณะที่มีการรายงานยังไม่สอดคล้องตรงกันในรายงานฉบับเดียวกันและระหว่างรายงาน 2 ฉบับ,) ให้ สบน. สอบทานความถูกต้องของข้อมูลหนี้สาธารณะที่มีการรายงานและเผยแพร่ให้สาธารณชนรับทราบ,) อาจทำให้สาธารณชนหรือหน่วยงานที่นำข้อมูลหนี้สาธารณะไปใช้ ข้อมูลอาจไม่ถูกต้อง
FL-1907,ข้อตรวจพบที่ 1.1 การดำเนินงานโครงการขับเคลื่อนการจัดการเรียนรู้สะเต็มศึกษา (STEM Education) ยังไม่เป็นไปตามเป้าหมายและวัตถุประสงค์ที่กำหนด,สำนักงานคณะกรรมการส่งเสริมการศึกษาเอกชน (สช.),การจัดการศึกษาขั้นพื้นฐานของโรงเรียนเอกชนในกำกับสำนักงานคณะกรรมการส่งเสริมการศึกษาเอกชน (สช.),2564,บุคลากร/สมรรถนะ,) 1. สำนักงาน สช. ยังไม่ได้กำหนดขั้นตอน/วิธีการให้ผู้สมัครยืนยันการเข้าร่วมอบรมและตรวจสอบคุณสมบัติ ) 2. ครูผู้สอนยังไม่ได้รับการพัฒนาให้มีความรู้ความเข้าใจและพร้อมเพียงพอในการจัดกิจกรรมการเรียนรู้แบบสะเต็มศึกษา ) 3. สำนักงาน สช. ยังไม่มีการติดตามและประเมินผลการพัฒนาครูที่เข้ารับการอบรม,) ผู้บริหารและครูที่เข้ารับการอบรมไม่เป็นไปตามเป้าหมายและหลักเกณฑ์ที่กำหนด มีครู 61.29% ที่ไม่สามารถนำความรู้ไปใช้ในการจัดการเรียนการสอนได้,) 1. กำหนดให้มีการจัดทำแผนการฝึกอบรมและแจ้งให้สถานศึกษาทราบล่วงหน้า ) 2. กำหนดขั้นตอน/วิธีการในการยืนยันการเข้าร่วมอบรมและตรวจสอบคุณสมบัติผู้สมัครให้ตรงตามหลักเกณฑ์ ) 3. พัฒนารูปแบบการอบรมให้สอดคล้องกับสถานการณ์และบริบทของโรงเรียน ) 4. กำหนดให้มีการติดตามประเมินผลการพัฒนาครูหลังการอบรม เพื่อนำข้อมูลไปปรับปรุงการดำเนินงาน,) การที่ผู้บริหารและครูบางส่วนไม่ได้เข้ารับการอบรม ทำให้ไม่ทราบนโยบาย/แนวทาง และการที่ครูยังไม่สามารถสร้างและพัฒนากระบวนการเรียนรู้แบบสะเต็มศึกษาได้ ส่งผลให้นักเรียนเสียโอกาสในการพัฒนาทักษะการคิดวิเคราะห์
FL-1908,ข้อตรวจพบที่ 1.2 โรงเรียนเอกชนยังไม่สามารถดำเนินงานตามแนวทางในการยกระดับผลสัมฤทธิ์ทางการเรียนระดับชาติ (O-NET) ให้สูงขึ้นได้ตามวัตถุประสงค์ที่กำหนด,สำนักงานคณะกรรมการส่งเสริมการศึกษาเอกชน (สช.),การจัดการศึกษาขั้นพื้นฐานของโรงเรียนเอกชนในกำกับสำนักงานคณะกรรมการส่งเสริมการศึกษาเอกชน (สช.),2564,ติดตาม/ประเมินผล/กำกับ,) 1. สำนักงาน สช. ขาดแผนและแนวทางที่ชัดเจนในการส่งเสริมให้โรงเรียนเอกชนนำผล O-NET ไปใช้ ) 2. สำนักงาน สช. ขาดการติดตามและประเมินผลการดำเนินงานโครงการ,") มีโรงเรียนเอกชนบางส่วนไม่นำผลการวิเคราะห์ O-NET มาใช้จัดทำแผนพัฒนาการศึกษา, ไม่สามารถพัฒนาเครื่องมือวัดผลให้สอดคล้องกับแนวทางประเมินระดับชาติ และไม่นำความรู้ไปปรับใช้กับการจัดการเรียนการสอน",) 1. กำหนดแผนและแนวทางการดำเนินงานที่ชัดเจนในการส่งเสริมให้โรงเรียนเอกชนนำผล O-NET ไปใช้เป็นข้อมูลในการพัฒนาคุณภาพการจัดการเรียนการสอน ) 2. กำหนดแนวทางการติดตามและประเมินผลการดำเนินงานโครงการ,) การดำเนินงานตามโครงการไม่สามารถดำเนินกิจกรรมได้ตามแนวทาง ทำให้โรงเรียนเอกชนขาดข้อมูลและเครื่องมือในการวางแผน การวัดและประเมินผลเพื่อยกระดับคุณภาพการจัดการเรียนการสอน
FL-1909,ข้อตรวจพบที่ 1.3 การพัฒนาครูโรงเรียนเอกชนเพื่อส่งเสริมการจัดการศึกษาในศตวรรษที่ 21 ยังไม่เป็นไปตามวัตถุประสงค์ที่กำหนด,สำนักงานคณะกรรมการส่งเสริมการศึกษาเอกชน (สช.),การจัดการศึกษาขั้นพื้นฐานของโรงเรียนเอกชนในกำกับสำนักงานคณะกรรมการส่งเสริมการศึกษาเอกชน (สช.),2564,บุคลากร/สมรรถนะ,) สำนักงาน สช. ขาดการกำหนดคุณสมบัติของผู้เข้ารับการอบรมให้สอดคล้องกับเนื้อหาวิชาและระดับชั้นเรียน,) ครูที่เข้ารับการอบรมส่วนใหญ่ (54.37%) ยังไม่สามารถนำความรู้ไปปรับเปลี่ยนการจัดการเรียนการสอนให้สอดคล้องตามมาตรฐานการศึกษาในศตวรรษที่ 21 ได้,) หากมีการดำเนินงานโครงการในอนาคต ควรกำหนดคุณสมบัติของผู้เข้ารับการอบรมให้สอดคล้องเหมาะสมกับหลักสูตรวิชาและวัตถุประสงค์ที่จัดอบรม,) การดำเนินงานพัฒนาครูยังไม่เป็นไปตามวัตถุประสงค์ ส่งผลต่อการพัฒนาคุณภาพการเรียนรู้ของผู้เรียน ทำให้ผู้เรียนเสียโอกาสในการพัฒนาการเรียนรู้ด้วยตนเองและมีทักษะทางเทคโนโลยี
FL-1910,ข้อตรวจพบที่ 2 การดำเนินงานตามโครงการพัฒนาระบบการประเมินมาตรฐานและการประกันคุณภาพการศึกษา ยังไม่เป็นไปตามแนวดำเนินการประกันคุณภาพภายในสถานศึกษา ประเภทสามัญศึกษา ที่สำนักงานคณะกรรมการส่งเสริมการศึกษาเอกชนกำหนด,สำนักงานคณะกรรมการส่งเสริมการศึกษาเอกชน (สช.),การจัดการศึกษาขั้นพื้นฐานของโรงเรียนเอกชนในกำกับสำนักงานคณะกรรมการส่งเสริมการศึกษาเอกชน (สช.),2564,ติดตาม/ประเมินผล/กำกับ,) 1. ผู้ทำหน้าที่ประเมินไม่มีความรู้ความเข้าใจเกี่ยวกับการประเมิน ) 2. แนวดำเนินการประกันคุณภาพภายในสถานศึกษาขาด ) 3. สช. ไม่มีการติดตามและประเมินผลการดำเนินงาน,) 1. โรงเรียนเอกชน 53.33% ไม่สามารถแสดงหลักฐาน/เครื่องมือ/วิธีการของเกณฑ์คุณภาพตามมาตรฐานได้ ) 2. โรงเรียน 90.00% ไม่มีการประเมินและตรวจสอบคุณภาพภายในอย่างน้อยภาคเรียนละ 1 ครั้ง ) 3. โรงเรียน 33.33% จัดทำรายงานการประเมินตนเอง (SAR) ไม่เป็นไปตามรูปแบบที่ สช. กำหนด และไม่นำเสนอต่อคณะกรรมการบริหารโรงเรียน คำอธิบายที่ชัดเจน ที่ชัดเจนและครอบคลุม,) 1. ทบทวนปรับปรุงแนวดำเนินการประกันคุณภาพภายในสถานศึกษาให้มี ) 2. กำหนดให้มีการติดตามและประเมินผลการดำเนินการประกันคุณภาพการศึกษาของโรงเรียนเอกชน,) การดำเนินงานประกันคุณภาพภายในฯ ไม่เป็นไปตามแนวทาง ส่งผลต่อการสร้างความน่าเชื่อถือ และทำให้ สช. ขาดข้อมูลในการวางแผนปรับปรุงและพัฒนาคุณภาพการจัดการศึกษา
FL-1911,ข้อตรวจพบที่ 3 ระบบเทคโนโลยีสารสนเทศที่ได้รับการพัฒนายังไม่สามารถสนับสนุนงานส่งเสริมการศึกษาเอกชนได้อย่างมีประสิทธิภาพ,สำนักงานคณะกรรมการส่งเสริมการศึกษาเอกชน (สช.),การจัดการศึกษาขั้นพื้นฐานของโรงเรียนเอกชนในกำกับสำนักงานคณะกรรมการส่งเสริมการศึกษาเอกชน (สช.),2564,ข้อมูล/บันทึก/เอกสาร,) 1. สำนักงาน สช. ยังไม่มีการเผยแพร่ข้อมูลข่าวสารหรือประชาสัมพันธ์เกี่ยวกับระบบ REGIS อย่างทั่วถึง ) 2. โรงเรียนเอกชนมีโปรแกรมสำเร็จรูปอื่นอยู่แล้วและไม่เห็นความสำคัญและประโยชน์จากการนำเข้าข้อมูลในระบบ REGIS,) 1. โรงเรียนเอกชน 96.67% ยังไม่มีการใช้งานระบบ REGIS ) 2. โรงเรียนยังนำเข้าข้อมูลในระบบไม่ครบถ้วน ส่งผลต่อการบูรณาการข้อมูลกับระบบฐานข้อมูลกลาง (PEDC),) 1. จัดให้มีการเผยแพร่ประชาสัมพันธ์ส่งเสริมให้โรงเรียนเอกชนทราบถึงประโยชน์ของข้อมูลในระบบ REGIS และ PEDC ) 2. ติดตามและตรวจสอบการดำเนินการนำเข้าข้อมูลในระบบ REGIS ของโรงเรียนเอกชน,) การที่โรงเรียนเอกชนยังไม่มีการใช้งานระบบ REGIS และนำเข้าข้อมูลไม่ครบถ้วน ส่งผลต่อการจัดทำข้อมูลทะเบียนวัดผลการศึกษาให้เป็นมาตรฐานเดียวกันทั่วประเทศ และกระทบต่อการตัดสินใจเชิงนโยบาย
FL-1912,ข้อตรวจพบที่ 1 การส่งเสริมและพัฒนาคุณภาพครู คณาจารย์ และบุคลากรทางการศึกษา ตามโครงการพัฒนาทักษะครู กศน. ต้นแบบการสอนภาษาอังกฤษเพื่อการสื่อสารไม่เป็นไปตามเป้าหมายที่กำหนด,สำนักงานส่งเสริมการศึกษานอกระบบและการศึกษาตามอัธยาศัย,การจัดการศึกษานอกระบบและการศึกษาตามอัธยาศัย ของสำนักงานส่งเสริมการศึกษานอกระบบและการศึกษาตามอัธยาศัย,2564,บุคลากร/สมรรถนะ,) 1. สำนักงาน กศน. ไม่มีหลักเกณฑ์การประเมินศักยภาพการเป็นวิทยากรแกนนำของผู้เข้ารับการอบรม ) 2. สำนักงาน กศน. ไม่มีแนวทางการปฏิบัติการขยายผลหรือการจัดกระบวนการเรียนรู้ ) 3. สำนักงาน กศน. ไม่มีการนิเทศ ติดตามครูและบุคลากร กศน. ที่ผ่านการพัฒนาทักษะ,) ครูและบุคลากร กศน. ที่ได้รับการอบรมยังไม่สามารถเป็นวิทยากรแกนนำได้ตามเป้าหมาย และยังไม่ได้นำเทคนิคการสอนภาษาอังกฤษไปใช้ในการจัดทำแผนการเรียนรู้,) 1. หากมีโครงการในลักษณะเดียวกันในอนาคต ควรกำหนดหลักเกณฑ์การประเมินศักยภาพการเป็นวิทยากรแกนนำ ) 2. กำหนดแนวทางการปฏิบัติในการขยายผลหรือการจัดกระบวนการเรียนการสอน ) 3. กำหนดให้สำนักงาน กศน. จังหวัดและศึกษานิเทศก์รายงานผลการดำเนินงานในเชิงคุณภาพ,) การที่ครูไม่สามารถเป็นวิทยากรแกนนำหรือนำความรู้มาใช้ในการจัดกระบวนการเรียนรู้ได้ ส่ง ต่อการพัฒนาทักษะภาษาอังกฤษเพื่อการสื่อสารของนักศึกษา กศน.
FL-1913,ข้อตรวจพบที่ 2.1 การดำเนินงานโครงการภาษาอังกฤษเพื่อการสื่อสารด้านอาชีพไม่เป็นไปตามเป้าหมายที่กำหนด,สำนักงานส่งเสริมการศึกษานอกระบบและการศึกษาตามอัธยาศัย,การจัดการศึกษานอกระบบและการศึกษาตามอัธยาศัย ของสำนักงานส่งเสริมการศึกษานอกระบบและการศึกษาตามอัธยาศัย,2564,บุคลากร/สมรรถนะ,) 1. การกำหนดหลักสูตรภาษาอังกฤษเพื่อการสื่อสารด้านอาชีพยังไม่มีประสิทธิภาพ ) 2. การกำหนดกลุ่มเป้าหมายประชาชนที่เข้ารับการอบรมยังไม่มีหลักเกณฑ์การคัดเลือกที่ชัดเจน ) 3. สำนักงาน กศน. ขาดข้อมูลเพื่อใช้ในการประเมินผลสัมฤทธิ์เชิงคุณภาพ,) ประชาชนที่เข้ารับการอบรมนำความรู้ภาษาอังกฤษไปใช้ประโยชน์ในการประกอบอาชีพหรือพัฒนางานต่ำกว่าเป้าหมายที่กำหนดไว้ที่ร้อยละ 80,) 1. ควรกำหนดหลักสูตรการฝึกอบรมให้สอดคล้องกับความต้องการและอาชีพของกลุ่มเป้าหมาย ) 2. กำชับให้มีการติดตามประเมินผลตามแนวทางที่กำหนด,) ประชาชนไม่สามารถนำความรู้ไปใช้ในการประกอบอาชีพหรือพัฒนางานได้ ส่ง ต่อการพัฒนาศักยภาพของประชาชนและเป้าหมายการเรียนรู้ตลอดชีวิตของประเทศ
FL-1914,ข้อตรวจพบที่ 2.2 การดำเนินงานโครงการศูนย์ฝึกอาชีพชุมชนไม่เป็นไปตามวัตถุประสงค์ที่กำหนด,สำนักงานส่งเสริมการศึกษานอกระบบและการศึกษาตามอัธยาศัย,การจัดการศึกษานอกระบบและการศึกษาตามอัธยาศัย ของสำนักงานส่งเสริมการศึกษานอกระบบและการศึกษาตามอัธยาศัย,2564,บุคลากร/สมรรถนะ,) 1. การคัดเลือกประชาชนเพื่อเข้ารับการฝึกอบรมในแต่ละหลักสูตรยังไม่มีการกำหนดคุณสมบัติที่ชัดเจน ) 2. ประชาชนที่ผ่านการอบรมไม่มีความพร้อมด้านอุปกรณ์และวัตถุดิบ รวมถึงไม่มีช่องทางการตลาด,) ประชาชนที่ผ่านการอบรมไม่สามารถนำความรู้ไปใช้ประโยชน์ในการประกอบอาชีพเพื่อเพิ่มรายได้ตามวัตถุประสงค์ที่กำหนดไว้,) 1. กำหนดหลักเกณฑ์การคัดเลือกกลุ่มเป้าหมายให้เหมาะสมและสอดคล้องกับหลักสูตร ) 2. ศึกษาแนวทางสนับสนุนช่วยเหลือในการแสวงหาแหล่งทุน อุปกรณ์ และวัตถุดิบที่เหมาะสม,) โครงการไม่สามารถสร้างโอกาสในการประกอบอาชีพและรายได้ที่มั่นคง ส่งผลให้การใช้งบประมาณไม่คุ้มค่า
FL-1915,ข้อตรวจพบที่ 2.3 การดำเนินงานกิจกรรมจัดสร้างแหล่งการเรียนรู้ในระดับตำบลไม่เป็นไปตามวัตถุประสงค์ที่กำหนด,สำนักงานส่งเสริมการศึกษานอกระบบและการศึกษาตามอัธยาศัย,การจัดการศึกษานอกระบบและการศึกษาตามอัธยาศัย ของสำนักงานส่งเสริมการศึกษานอกระบบและการศึกษาตามอัธยาศัย,2564,ติดตาม/ประเมินผล/กำกับ,) 1. ครู กศน.ตำบล ไม่ได้ให้ความสำคัญในการพัฒนา กศน.ตำบล ให้เป็นแหล่งเรียนรู้ ) 2. สำนักงาน กศน. ไม่ได้กำหนดให้หน่วยงานที่เกี่ยวข้องติดตามผลการดำเนินการของ กศน.ตำบล,) กศน.ตำบล ที่สุ่มตรวจสอบยังไม่สามารถดำเนินกิจกรรมได้ครบถ้วนตามมาตรฐานที่กำหนด โดยเฉพาะการเป็นศูนย์ข้อมูลข่าวสารชุมชนและศูนย์สร้างโอกาสการเรียนรู้,) 1. พิจารณาทบทวนแนวทางการดำเนินงานของศูนย์ต่างๆ ให้มีความเหมาะสมและสอดคล้องกับสถานการณ์ปัจจุบัน ) 2. กำหนดแนวทางการติดตามผลการดำเนินงานการจัดกิจกรรมของ กศน.ตำบล,) การดำเนินการกิจกรรมแหล่งการเรียนรู้ในระดับตำบลไม่เป็นไปตามวัตถุประสงค์ ส่งผลให้ประชาชนเสียโอกาสในการเข้าถึงบริการการศึกษาตลอดชีวิตที่หลากหลายและมีคุณภาพ
FL-1916,ข้อตรวจพบที่ 2.4 การส่งเสริมให้มีการจัดการเรียนสอนแบบสะเต็มศึกษา (STEM Education) ไม่เป็นไปตามวัตถุประสงค์ที่กำหนด,สำนักงานส่งเสริมการศึกษานอกระบบและการศึกษาตามอัธยาศัย,การจัดการศึกษานอกระบบและการศึกษาตามอัธยาศัย ของสำนักงานส่งเสริมการศึกษานอกระบบและการศึกษาตามอัธยาศัย,2564,บุคลากร/สมรรถนะ,) 1. ครูผู้สอนที่เข้ารับการอบรมยังขาดความรู้ความเข้าใจเกี่ยวกับการจัดการเรียนการสอนตามแนวทางบูรณาการสะเต็มศึกษา ) 2. สำนักงาน กศน. ยังไม่มีหลักสูตรการศึกษานอกระบบระดับการศึกษาขั้นพื้นฐานโดยใช้กระบวนการ “สะเต็มศึกษา”,) ครู กศน.ตำบล ส่วนใหญ่ (92.47%) ยังไม่สามารถบูรณาการการศึกษาโดยจัดกิจกรรมหรือจัดการเรียนการสอนตามแนวทางสะเต็มศึกษาได้ตามวัตถุประสงค์ที่กำหนด,) 1. กำหนดแนวทางบูรณาการสะเต็มศึกษาและวิธีการจัดกิจกรรม/การจัดการเรียนการสอนในชั้นเรียนที่เหมาะสมกับบริบทของ กศน. ) 2. ในการยกร่างหลักสูตรการศึกษานอกระบบขั้นพื้นฐาน ควรพิจารณาใช้กระบวนการ “สะเต็มศึกษา” เข้ามาผนวกไว้ในหลักสูตร,) การที่สำนักงาน กศน. ยังไม่สามารถส่งเสริมให้มีการจัดการเรียนการสอนแบบสะเต็มศึกษาได้ ส่ง ต่อการจัดการเรียนการสอนในชั้นเรียนของครูผู้สอน และกระทบต่อนักศึกษา กศน.
FL-1917,ข้อตรวจพบที่ 3 การพัฒนาสื่อและเทคโนโลยีดิจิทัลเพื่อการศึกษา ตามโครงการพัฒนาระบบบริหารจัดการและสารสนเทศทางการศึกษานอกระบบและการศึกษาตามอัธยาศัยไม่เป็นไปตามเป้าหมายที่กำหนด,สำนักงานส่งเสริมการศึกษานอกระบบและการศึกษาตามอัธยาศัย,การจัดการศึกษานอกระบบและการศึกษาตามอัธยาศัย ของสำนักงานส่งเสริมการศึกษานอกระบบและการศึกษาตามอัธยาศัย,2564,บุคลากร/สมรรถนะ,) 1. ระบบบางส่วนอยู่ระหว่างการนำเข้าข้อมูลบุคลากร/ทะเบียนทรัพย์สิน ) 2. การบันทึกข้อมูลนักศึกษาในระบบยังมีข้อผิดพลาด/ข้อมูลสูญหาย ) 3. โครงการไม่ได้กำหนดแผนการจัดเตรียมพื้นที่รองรับในการติดตั้งและแผนการบำรุงรักษา,) 1. ระบบบริหารจัดการและสารสนเทศทางการศึกษาฯ ยังเปิดให้ใช้งานไม่ครบทุกระบบ ) 2. ระบบที่เปิดให้ใช้งานยังไม่สามารถใช้งานได้อย่างมีประสิทธิภาพ,) 1. เร่งรัดการนำเข้าข้อมูลครู/บุคลากรและข้อมูลทะเบียนทรัพย์สินให้แล้วเสร็จ ) 2. สั่งการให้เจ้าหน้าที่ระดับอำเภอมีการมอบหมายผู้รับผิดชอบในการตรวจสอบและสอบทานความถูกต้องของข้อมูลในระบบ ) 3. จัดทำแผนการบำรุงรักษาดูแลระบบหลังการรับมอบจากบริษัทผู้รับจ้าง,) การดำเนินโครงการฯ ไม่เป็นไปตามเป้าหมาย ส่งผลให้สำนักงาน กศน. ขาดข้อมูลสำหรับการวางแผน การบริหารจัดการการศึกษา การติดตาม ประเมินและรายงานผล
FL-1918,ข้อสังเกตที่ 1 ผลการทดสอบทางการศึกษาระดับชาติด้านการศึกษานอกระบบโรงเรียน (Non-Formal National Educational Test : N-NET) ไม่เป็นไปตามเป้าหมายที่กำหนด,สำนักงานส่งเสริมการศึกษานอกระบบและการศึกษาตามอัธยาศัย,การจัดการศึกษานอกระบบและการศึกษาตามอัธยาศัย ของสำนักงานส่งเสริมการศึกษานอกระบบและการศึกษาตามอัธยาศัย,2564,ข้อมูล/บันทึก/เอกสาร,) (ไม่มีข้อมูลในเอกสาร),) ผลการทดสอบ N-NET แต่ละระดับ/สาระการเรียนรู้ส่วนใหญ่มีคะแนนเฉลี่ยต่ำกว่าเป้าหมายที่กำหนดไว้ที่ร้อยละ 50,) 1. จัดให้มีการติดตามผลการดำเนินงานในการยกระดับผลการทดสอบ N-NET ) 2. กำหนดให้มีการรวบรวมข้อมูลรูปแบบ/เทคนิค/วิธีการจัดการเรียนการสอนของสถานศึกษาที่มีผลการทดสอบดีขึ้น,) (ไม่มีข้อมูลในเอกสาร)
FL-1919,ข้อสังเกตที่ 2 ประชาชนส่วนใหญ่ยังไม่ได้รับชมรายการส่งเสริมการศึกษานอกระบบผ่านระบบทีวีสาธารณะ (ติวเข้มเต็มความรู้) เพื่อพัฒนาประชาชนตลอดช่วงวัย,สำนักงานส่งเสริมการศึกษานอกระบบและการศึกษาตามอัธยาศัย,การจัดการศึกษานอกระบบและการศึกษาตามอัธยาศัย ของสำนักงานส่งเสริมการศึกษานอกระบบและการศึกษาตามอัธยาศัย,2564,,) ประชาชนไม่รู้จักสถานี ETV ไม่มีเวลา หรือรับชมเฉพาะรายการข่าว,) มีประชาชนเพียง 19% ที่เคยรับชมรายการทางสถานี ETV,) ประชาสัมพันธ์และส่งเสริมการรับชมรายการของสถานี ETV,) ประชาชนไม่ได้รับชมรายการทางสถานี ETV เนื่องจากไม่รู้จักสถานี ไม่มีเวลา หรือรับชมเฉพาะรายการข่าว
FL-1920,ข้อสังเกตที่ 3 อาคารสิ่งก่อสร้าง และครุภัณฑ์ ของ กศน.ตำบล ที่เป็นแหล่งการเรียนรู้ในระดับตำบลบางแห่งชำรุด มีสภาพไม่พร้อมในการให้บริการ,สำนักงานส่งเสริมการศึกษานอกระบบและการศึกษาตามอัธยาศัย,การจัดการศึกษานอกระบบและการศึกษาตามอัธยาศัย ของสำนักงานส่งเสริมการศึกษานอกระบบและการศึกษาตามอัธยาศัย,2564,ข้อมูล/บันทึก/เอกสาร,) (ไม่มีข้อมูลในเอกสาร),) กศน.ตำบล บางแห่งประสบปัญหาด้านความพร้อมในการให้บริการ เช่น อาคารสิ่งก่อสร้างชำรุด ครุภัณฑ์คอมพิวเตอร์ไม่สามารถใช้งานได้ และสื่ออุปกรณ์ไม่สนับสนุนการส่งเสริมการอ่าน,) สำรวจว่ามี กศน. ตำบลใดที่ยังขาดความพร้อมในด้านการบริการ เพื่อนำไปสู่การวางแผนการพัฒนา สนับสนุน ปรับปรุงให้มีประสิทธิภาพ,) (ไม่มีข้อมูลในเอกสาร)
FL-1921,ข้อตรวจพบที่ 1.1 การพัฒนาสาขาวิชา/สาขางานของสถานศึกษาเฉพาะทางบางแห่งยังไม่เป็นไปตามเป้าหมาย,สำนักงานคณะกรรมการอาชีวศึกษา,โครงการส่งเสริมสถานศึกษาอาชีวศึกษาให้มีความเป็นเลิศเฉพาะทาง,2565,บุคลากร/สมรรถนะ,) 1. สถานศึกษาที่เข้าร่วมโครงการยังขาดความพร้อมด้านบุคลากร เครื่องมือและอุปกรณ์ ) 2. ไม่มีการจัดการเรียนการสอนในระดับที่สูงขึ้นเพื่อรองรับการศึกษาต่อ ) 3. สถานศึกษาไม่มีแผนปฏิบัติการที่ชัดเจนเพื่อขอรับการรับรองมาตรฐาน ) 4. ขาดการรวบรวมข้อมูลปัญหาและอุปสรรคจาก สอศ.,) 1. การพัฒนาสาขาวิชา/สาขางานของสถานศึกษาเฉพาะทางในกลุ่ม First S-curve จำนวน 2 แห่งยังไม่เป็นไปตามสาขาเฉพาะทางที่กำหนด ) 2. ในกลุ่ม New S-curve สาขาช่างอากาศยานมี 4 แห่งที่อยู่ระหว่างรอรับการรับรอง และสาขาพาณิชย์นาวี ยังไม่ได้ยื่นขอการรับรอง ตัวชี้วัดประกอบเกณฑ์การคัดเลือกสถานศึกษา,) 1. พิจารณาทบทวนสาขาที่ไม่เป็นไปตามเป้าหมายและพัฒนาครูวิชาชีพเพิ่ม ) 2. กำหนด ) 3. สถานศึกษาควรจัดทำแผนปฏิบัติการเพื่อรับรองมาตรฐาน ) 4. ติดตามความคืบหน้าการรับรองอย่างต่อเนื่อง,) 1. การพัฒนากำลังคนอาชีวศึกษาไม่ตรงตามความต้องการของประเทศ ) 2. ส่งผลต่อความเชื่อมั่นของผู้เรียนและผู้ปกครอง ) 3. นักเรียน/นักศึกษาในสาขาเฉพาะทางมีแนวโน้มลดลง
FL-1922,ข้อตรวจพบที่ 1.2 การพัฒนาครูวิชาชีพให้มีทักษะความเชี่ยวชาญเพื่อเพิ่มสมรรถนะอาชีพและทักษะในสาขาเฉพาะทางยังไม่เป็นไปตามเป้าหมาย และบางส่วนยังไม่นำความรู้ที่ได้รับมาใช้ในการปรับปรุง/พัฒนาแผนการสอน,สำนักงานคณะกรรมการอาชีวศึกษา,โครงการส่งเสริมสถานศึกษาอาชีวศึกษาให้มีความเป็นเลิศเฉพาะทาง,2565,บุคลากร/สมรรถนะ,) 1. ผู้บริหาร ครู และเจ้าหน้าที่ขาดความเข้าใจที่ชัดเจนเกี่ยวกับการกำหนดกิจกรรมและกลุ่มเป้าหมาย ) 2. หลักสูตรขาดจุดเน้นการถ่ายทอดเทคนิคการนำความรู้ไปใช้ ) 3. สอศ. ยังไม่มีการติดตามผลการนำองค์ความรู้ไปใช้,) 1. กิจกรรมพัฒนาครูวิชาชีพ 15.91% ไม่เป็นไปตามเป้าหมาย ) 2. มีกิจกรรมที่ผู้เข้ารับการอบรมไม่ใช่กลุ่มเป้าหมายหลัก 43.24% ) 3. ครูที่สัมภาษณ์นำความรู้ไปใช้ปรับปรุง/พัฒนาแผนการสอนเพียง 54.90% และนำไปใช้พัฒนาสื่อ/นวัตกรรมเพียง 45.10% ) 4. ไม่มีการขยายผลการฝึกอบรมไปสู่ครูท่านอื่น,) 1. ชี้แจงและทำความเข้าใจเกี่ยวกับการกำหนดกิจกรรมและกลุ่มเป้าหมาย ) 2. กำหนดเป้าหมายเชิงคุณภาพของการนำองค์ความรู้ไปใช้ ) 3. จัดให้มีการติดตามผลการนำองค์ความรู้ไปใช้หลังการอบรม,) 1. ส่งผลต่อการพัฒนาครูวิชาชีพและทำให้เสียโอกาส ) 2. ครูไม่สามารถเป็นต้นแบบและขยายเครือข่ายในการฝึกอบรมได้
FL-1923,ข้อตรวจพบที่ 1.3 การพัฒนานักเรียน/นักศึกษาให้มีสมรรถนะอาชีพ และทักษะในสาขาเฉพาะทางยังไม่เป็นไปตามเป้าหมาย,สำนักงานคณะกรรมการอาชีวศึกษา,โครงการส่งเสริมสถานศึกษาอาชีวศึกษาให้มีความเป็นเลิศเฉพาะทาง,2565,บุคลากร/สมรรถนะ,) 1. นักเรียน/นักศึกษายังไม่ให้ความสำคัญและตระหนักถึงประโยชน์ที่จะได้รับ ) 2. การจัดกิจกรรมพัฒนาภาษาอังกฤษเพียงปีละครั้งยังไม่เพียงพอ ) 3. ผู้บริหาร ครู และเจ้าหน้าที่ขาดความเข้าใจที่ชัดเจนเกี่ยวกับการกำหนดกิจกรรมและกลุ่มเป้าหมาย,) 1. มีกิจกรรมที่ผู้เข้ารับการอบรมไม่เป็นไปตามเป้าหมาย 31.87% ) 2. มีกิจกรรมที่ผู้เข้ารับการอบรมไม่ใช่กลุ่มเป้าหมายหลัก 14.52% ) 3. นักเรียน/นักศึกษาส่วนใหญ่ไม่ผ่านการทดสอบภาษาอังกฤษตามเกณฑ์ที่กำหนด,) 1. ประชาสัมพันธ์สร้างความเข้าใจกับนักเรียน/นักศึกษา ) 2. เสริมสร้างความรู้และทักษะด้านภาษาอังกฤษผ่านการจัดการเรียนการสอน ) 3. กำหนดหลักเกณฑ์การคัดเลือกผู้เข้าเรียนในสาขาวิชาที่ต้องใช้พื้นฐานความรู้ ) 4. ชี้แจงและทำความเข้าใจให้แก่ผู้บริหาร ครู และเจ้าหน้าที่ที่เกี่ยวข้อง,) 1. การพัฒนานักเรียน/นักศึกษาไม่เป็นไปตามความต้องการของสถานประกอบการ ) 2. นักเรียน/นักศึกษาไม่ผ่านการทดสอบภาษาอังกฤษส่งผลต่อการสำเร็จการศึกษา ) 3. กระทบต่อการเพิ่มผลสัมฤทธิ์ในการยกระดับคุณภาพของผู้เรียน
FL-1924,ข้อตรวจพบที่ 2 สถานศึกษาเฉพาะทางบางแห่งยังไม่สามารถพัฒนาเพื่อเป็นศูนย์ฝึกอบรมฯ และพัฒนาเครือข่ายความร่วมมือกับต่างประเทศฯ,สำนักงานคณะกรรมการอาชีวศึกษา,โครงการส่งเสริมสถานศึกษาอาชีวศึกษาให้มีความเป็นเลิศเฉพาะทาง,2565,บุคลากร/สมรรถนะ,) 1. สอศ. ยังไม่ได้กำหนดรูปแบบ/แนวทาง/คู่มือการพัฒนาสถานศึกษาเป็นศูนย์ประเภทต่างๆ ) 2. ขาดการรวบรวมข้อมูลมาตรฐานที่เกี่ยวข้อง ) 3. สถานศึกษาขาดความพร้อมด้านบุคลากร อาคารสถานที่ และอุปกรณ์ ) 4. ขาดการรวบรวมข้อมูลการจัดการเรียนการสอนสาขาเฉพาะทางในต่างประเทศ,) 1. 37.50% ของสถานศึกษาที่สุ่มตรวจสอบไม่มีการพัฒนาเป็นศูนย์ประเภทใดประเภทหนึ่ง ) 2. 100% ของสถานศึกษาที่สุ่มตรวจสอบยังไม่มีการพัฒนาเครือข่ายความร่วมมือกับต่างประเทศ เกณฑ์การคัดเลือกสถานศึกษา,) 1. จัดทำรูปแบบ/แนวทาง/คู่มือการพัฒนาสถานศึกษาให้เป็นศูนย์ฯ ) 2. จัดให้มีการสำรวจและรวบรวมมาตรฐานที่เกี่ยวข้อง ) 3. กำหนด ) 4. กำหนดให้มีการรวบรวมข้อมูลการจัดการเรียนการสอนสาขาเฉพาะทางในต่างประเทศ,) 1. ครู นักเรียน/นักศึกษาเสียโอกาสในการพัฒนาความรู้ ทักษะ และความเชี่ยวชาญ ) 2. ส่งผลต่อการเตรียมความพร้อมของสถานศึกษาในการจัดตั้งศูนย์ความเป็นเลิศทางการอาชีวศึกษา
FL-1925,ข้อตรวจพบที่ 3 การพัฒนารูปแบบการเรียนการสอนรองรับการจัดการเรียนการสอนแบบออนไลน์ภายใต้สถานการณ์โควิด-19 ยังไม่เป็นไปตามเป้าหมาย,สำนักงานคณะกรรมการอาชีวศึกษา,โครงการส่งเสริมสถานศึกษาอาชีวศึกษาให้มีความเป็นเลิศเฉพาะทาง,2565,การวางแผน/ตัวชี้วัด,) 1. สถานศึกษาไม่ได้จัดทำแผนปฏิบัติงานและแนวทางที่ชัดเจน ) 2. สอศ. ยังไม่มีการกำหนดผู้รับผิดชอบตรวจประเมินคุณภาพชุดสื่อเพิ่มเติม ) 3. สถานศึกษาไม่ได้จัดทำข้อเสนอโครงการให้คณะกรรมการพิจารณากลั่นกรอง ) 4. การประชาสัมพันธ์เกี่ยวกับการให้บริการชุดสื่อยังไม่ครอบคลุมและทั่วถึง,) 1. ชุดการเรียนการสอนออนไลน์ 45.93% ไม่ได้รับการตรวจประเมินคุณภาพครบ ) 2. เนื้อหา 56.99% ไม่สอดคล้องกับสาขาเฉพาะทาง ) 3. การใช้งานชุดการเรียนการสอนออนไลน์ยังไม่แพร่หลายเท่าที่ควร การจัดกิจกรรมย่อย,) 1. หากมีกิจกรรมลักษณะเดียวกัน ควรจัดให้มีแผนปฏิบัติงานและแนวทางที่ชัดเจน ) 2. จัดให้มีการสำรวจและให้สถานศึกษาที่ผลิตชุดสื่อส่งเข้ามาตรวจประเมินคุณภาพให้ครบถ้วน ) 3. พิจารณาชี้แจงทำความเข้าใจเกี่ยวกับ ) 4. เผยแพร่ข้อมูลข่าวสารและประชาสัมพันธ์ให้ผู้เกี่ยวข้องทราบ,) 1. ครูผู้สอน นักเรียน/นักศึกษาเสียโอกาสในการใช้ประโยชน์จากสื่อที่ได้มาตรฐาน ) 2. มีความเสี่ยงในด้านลิขสิทธิ์ของชุดสื่อ
FL-1926,ข้อตรวจพบที่ 1 การพัฒนารายวิชาสำหรับการเรียนการสอนออนไลน์ในระบบเปิดสำหรับมหาชน (MOOC) เพื่อรองรับการเทียบโอนหน่วยกิต (Credit Transfer) ระหว่างสถาบันอุดมศึกษา ไม่เป็นไปตามวัตถุประสงค์ที่กำหนด,สำนักงานปลัดกระทรวงการอุดมศึกษา วิทยาศาสตร์ วิจัยและนวัตกรรม,การจัดการศึกษาระดับอุดมศึกษาของมหาวิทยาลัยไซเบอร์ไทยและการพัฒนาแพลตฟอร์ม,2565,การวางแผน/ตัวชี้วัด,) 1. โครงการมหาวิทยาลัยไซเบอร์ไทยไม่มีแผนงานหรือแนวทางพัฒนารายวิชาเพื่อรองรับการเทียบโอนหน่วยกิต ) 2. มาตรฐานการเรียนและแนวปฏิบัติการเรียนการสอน MOOC ยังไม่มีการกำหนด,) 1. รายวิชาที่พัฒนาส่วนใหญ่ (85.54%) เป็นรายวิชาเพื่อพัฒนาความรู้ตามอัธยาศัย ) 2. มีเพียง 14 รายวิชาที่รองรับการเทียบโอนหน่วยกิต ) 3. ชั่วโมงเรียนรู้ของรายวิชา MOOC น้อยกว่ามาตรฐาน เกี่ยวกับการคำนวณจำนวนหน่วยกิตและระยะเวลาการศึกษา,) 1. จัดทำแผนงานหรือแนวทางกำหนดเป้าหมายการพัฒนารายวิชาเพื่อการเทียบโอนหน่วยกิต ) 2. ประสานกับหน่วยงานที่เกี่ยวข้องเพื่อกำหนดมาตรฐานการเรียนการสอน MOOC,) นักเรียน นักศึกษา และประชาชนสูญเสียโอกาสที่จะนำผลการศึกษาจากระบบ Thai-MOOC ไปเทียบโอนผลการเรียนหรือถ่ายโอนหน่วยกิต
FL-1927,ข้อตรวจพบที่ 2 แพลตฟอร์มดิจิทัลกลางเพื่อการเรียนรู้ ตามโครงการพัฒนามหาวิทยาลัยไซเบอร์ไทยเพื่อการจัดการเรียนการสอนในระบบเปิด (Thai-MOOC) ไม่สามารถใช้งานได้อย่างมีประสิทธิภาพตามเป้าหมายที่กำหนด,สำนักงานปลัดกระทรวงการอุดมศึกษา วิทยาศาสตร์ วิจัยและนวัตกรรม,การจัดการศึกษาระดับอุดมศึกษาของมหาวิทยาลัยไซเบอร์ไทยและการพัฒนาแพลตฟอร์ม,2565,การวางแผน/ตัวชี้วัด,) 1. โครงการมหาวิทยาลัยไซเบอร์ไทยยังไม่มีการกำหนดแผนแม่บท ) 2. การจัดการเรียนการสอนออนไลน์อยู่ในขั้นตอนการวัดประเมินผลเชิงความรู้ตามเนื้อหาเฉพาะรายวิชา ) 3. ขาดการติดตามและประเมินผลการใช้งานระบบ,") 1. ระบบเปิดใช้งานเพียง 5 ระบบ และระบบย่อย 2 ระบบยังไม่เปิดใช้งาน ) 2. ผู้ใช้งานบางส่วนพบปัญหาการใช้งานระบบ (ความไม่เสถียร, Interface ยุ่งยาก, ความไม่ชำนาญในการใช้งาน)",) 1. จัดทำแผนแม่บทหรือแผนกลยุทธ์เพื่อวางทิศทางการทำงาน ) 2. จัดทำแนวทางและหลักเกณฑ์การพัฒนาระบบคลังข้อสอบ ) 3. ติดตามและประเมินผลการใช้งานระบบ,) ส่งผลต่อการส่งเสริมการจัดการศึกษาทางไกลในระดับอุดมศึกษาและการศึกษาตลอดชีวิตให้เป็นไปตามระบบได้อย่างมีประสิทธิภาพ
FL-1928,ข้อสังเกตที่ 1 ผู้เรียนในระบบจัดการเรียนการสอนออนไลน์ในระบบเปิดสำหรับมหาชน (Thai-MOOC) บางรายวิชาไม่ผ่านเกณฑ์การประเมินของแต่ละรายวิชาที่กำหนด,สำนักงานปลัดกระทรวงการอุดมศึกษา วิทยาศาสตร์ วิจัยและนวัตกรรม,การจัดการศึกษาระดับอุดมศึกษาของมหาวิทยาลัยไซเบอร์ไทยและการพัฒนาแพลตฟอร์ม,2565,ข้อมูล/บันทึก/เอกสาร,) - (ไม่มีข้อมูลในเอกสาร) ที่ผู้เรียนไม่ผ่านเกณฑ์การประเมินของแต่ละรายวิชา รวมถึงทบทวนการกำหนดเป้าหมายตัวชี้วัดการผ่านเกณฑ์การประเมินให้มีความเหมาะสม,) มีผู้เรียนจบผ่านเกณฑ์การประเมินในรายวิชาเพียง 38.92% ของจำนวนการลงทะเบียนเรียนทั้งหมด ) มี 83.16% ของรายวิชาที่มีผู้เรียนจบตามเกณฑ์น้อยกว่า 50%,) ศึกษาวิเคราะห์,) - (ไม่มีข้อมูลในเอกสาร)
FL-1929,ข้อสังเกตที่ 2 ระบบจัดการเรียนการสอนออนไลน์ในระบบเปิดสำหรับมหาชน (Thai-MOOC) ไม่สามารถบูรณาการเชื่อมโยงข้อมูลกับแพลตฟอร์มอื่น,สำนักงานปลัดกระทรวงการอุดมศึกษา วิทยาศาสตร์ วิจัยและนวัตกรรม,การจัดการศึกษาระดับอุดมศึกษาของมหาวิทยาลัยไซเบอร์ไทยและการพัฒนาแพลตฟอร์ม,2565,เทคโนโลยี/ระบบสารสนเทศ,) การออกแบบ Thai-MOOC ในส่วนของการพัฒนาระบบไม่สามารถเชื่อมโยงโดยตรงกับซอฟต์แวร์ของแพลตฟอร์มอื่นได้,) ระบบ Thai-MOOC ไม่สามารถเชื่อมโยงข้อมูลกับแพลตฟอร์มอื่น 3 โครงการได้โดยตรง,) ประสานความร่วมมือกับหน่วยงานที่เกี่ยวข้องเพื่อกำหนดแนวทางการเชื่อมโยงข้อมูลและระบบจัดการเบื้องหลัง,) - (ไม่มีข้อมูลในเอกสาร)
FL-1930,ข้อตรวจพบที่ 1 การดำเนินงานโครงการ Innovation For Thai Education (IFTE) นวัตกรรมการศึกษา เพื่อพัฒนาการศึกษาของบางจังหวัดยังไม่เป็นไปตามเป้าหมายและแนวทางที่กำหนด,สำนักงานปลัดกระทรวงศึกษาธิการ,โครงการปฏิรูปการเรียนรู้,2566,การวางแผน/ตัวชี้วัด,) การดำเนินงานของหน่วยงานที่ร่วมขับเคลื่อนยังไม่ได้นำองค์ความรู้ไปสร้างนวัตกรรมการศึกษาเพื่อพัฒนาคุณภาพการศึกษาในระดับพื้นที่ตามเป้าหมาย,) นวัตกรรมการศึกษาเพื่อพัฒนาคุณภาพการศึกษาของบางจังหวัดยังไม่เป็นไปตามเป้าหมายที่กำหนด,) ทบทวนการกำหนดตัวชี้วัดและแนวทางการดำเนินงานให้ชัดเจน,) สถานศึกษาบางแห่งขาดโอกาสในการพัฒนาความรู้ ทักษะ และประสบการณ์ในการสร้างนวัตกรรม
FL-1931,ข้อตรวจพบที่ 2 การดำเนินงานขับเคลื่อนแพลตฟอร์มด้านการศึกษาเพื่อความเป็นเลิศ (ระบบ DEEP) ระยะที่ 1 มีความเสี่ยงที่จะไม่บรรลุตามวัตถุประสงค์ที่กำหนด,สำนักงานปลัดกระทรวงศึกษาธิการ,โครงการปฏิรูปการเรียนรู้,2566,การประสานงาน/บูรณาการ,) 1. แพลตฟอร์มยังอยู่ในช่วงทดลองและระบบไม่เสถียร 2. ผู้ใช้งานขาดความรู้ความเข้าใจ 3. ขาดการประสานงานและบูรณาการในระดับกระทรวง,) กลุ่มผู้ใช้งานเป้าหมาย (ครูในสังกัดกระทรวงศึกษาธิการ) ยังไม่ได้ใช้งานแพลตฟอร์ม DEEP ตามวัตถุประสงค์,) 1. สร้างความรู้ความเข้าใจเกี่ยวกับการใช้งานระบบ 2. ทบทวนการให้คำปรึกษา/แก้ไขปัญหาการใช้งาน 3. ประสานงานและบูรณาการในระดับกระทรวง,) การใช้งานระบบ DEEP ของครูและบุคลากรทางการศึกษายังไม่แพร่หลาย
FL-1932,ข้อตรวจพบที่ 1 การพัฒนาทักษะอาชีพแก่สตรีและครอบครัวยังไม่บรรลุตามวัตถุประสงค์ที่กำหนด,กรมกิจการสตรีและสถาบันครอบครัว,โครงการพัฒนาทักษะอาชีพแก่สตรีและครอบครัวสู่ความยั่งยืนของสตรีและครอบครัว,2566,บุคลากร/สมรรถนะ,) 1. ผู้เข้ารับการฝึกอบรมมีวัตถุประสงค์เพื่อใช้เวลาว่าง ไม่ได้มุ่งเน้นการประกอบอาชีพ 2. ขาดการวิเคราะห์ความต้องการของตลาดแรงงาน 3. ขาดการบูรณาการความร่วมมือกับหน่วยงานที่เกี่ยวข้อง 4. ขาดแนวทางการติดตามประเมินผลระหว่างการฝึกอบรม,) ผู้สำเร็จการฝึกอบรมส่วนใหญ่ (61.94%) ไม่สามารถนำความรู้ไปประกอบอาชีพเพื่อสร้างรายได้อย่างมั่นคงได้,) 1. พิจารณาหารือร่วมกับหน่วยงานที่เกี่ยวข้องเกี่ยวกับการกำหนดช่วงอายุและขยายช่วงอายุกลุ่มเป้าหมาย 2. การคัดเลือกผู้เข้ารับการฝึกอบรมควรให้ความสำคัญกับกลุ่มเป้าหมายที่มีวัตถุประสงค์เพื่อนําความรู้ไปใช้ในการประกอบอาชีพก่อน 3. ศึกษาวิเคราะห์และสํารวจความต้องการของตลาดแรงงาน 4. พิจารณาและหารือกับหน่วยงานที่เกี่ยวข้องเพื่อเสริมสร้างการบูรณาการความร่วมมือกับทุกภาคส่วน 5. กําหนดแนวทางการติดตามประเมินผลระหว่างการฝึกอบรมอาชีพที่ชัดเจน,) โครงการไม่สามารถสร้างโอกาสในการสร้างรายได้อย่างมั่นคง และทำให้เศรษฐกิจฐานรากไม่เข้มแข็ง
FL-1933,ข้อตรวจพบที่ 2 การพัฒนาหลักสูตรและการจัดกิจกรรมฝึกอบรมทักษะอาชีพของหน่วยงานระดับพื้นที่ยังไม่เป็นไปในทิศทางเดียวกันและยังไม่สอดคล้องกับหลักการที่ดี,กรมกิจการสตรีและสถาบันครอบครัว,โครงการพัฒนาทักษะอาชีพแก่สตรีและครอบครัวสู่ความยั่งยืนของสตรีและครอบครัว,2566,กฎระเบียบ/กฎหมาย,) 1. กรมกิจการสตรีและสถาบันครอบครัวยังไม่มีการกำหนดหลักสูตรฝึกอบรมทักษะอาชีพที่เป็นมาตรฐานของแต่ละวิชาชีพ 2. ไม่มีระเบียบ หลักเกณฑ์ หรือคู่มือการจัดทำหลักสูตรที่ชัดเจน,) การจัดทำหลักสูตรฝึกอบรมทักษะอาชีพในสถาบันของหน่วยงานระดับพื้นที่ยังไม่เป็นไปในทิศทางเดียวกันและไม่เป็นไปตามหลักการจัดทำหลักสูตรที่ดี,) 1. กำหนดหลักสูตรฝึกอบรมทักษะอาชีพที่เป็นมาตรฐานสำหรับแต่ละวิชาชีพ 2. จัดทำคู่มือและแนวทางปฏิบัติที่ชัดเจนเพียงพอต่อการนำไปใช้งาน 3. จัดอบรมให้ความรู้กับบุคลากรที่มีส่วนเกี่ยวข้องกับระบบงานประกันคุณภาพการศึกษา,) การพัฒนาหลักสูตรยังไม่สามารถส่งเสริมให้กลุ่มเป้าหมายเกิดการพัฒนาทักษะและสมรรถนะอาชีพอย่างมีประสิทธิภาพได้
FL-1934,ข้อตรวจพบที่ 1 การดำเนินการพัฒนาชุมชนตามโครงการธุรกิจชุมชนสร้างไทยยังไม่เป็นไปตามเป้าหมายและหลักเกณฑ์ที่กำหนด,ธนาคารเพื่อการเกษตรและสหกรณ์การเกษตร,โครงการธุรกิจชุมชนสร้างไทย,2567,การวางแผน/ตัวชี้วัด,) 1. การจัดทำแผนธุรกิจชุมชนขาดการวิเคราะห์ที่ละเอียดและไม่สอดคล้องกับกิจกรรมจริงของชุมชน 2. การกำหนดเป้าหมายตัวชี้วัดเรื่องการอำนวยสินเชื่อไม่มีความชัดเจน 3. ธ.ก.ส. ยังไม่มีการเก็บรวบรวม ที่แผนธุรกิจไม่ได้รับการอนุมัติสินเชื่อ 4. เครื่องมือในการจัดทำแผนธุรกิจยังไม่ครอบคลุมและไม่สอดคล้องกับหลักเกณฑ์ ของแผนธุรกิจที่ไม่ได้รับการอนุมัติสินเชื่อ 4. ทบทวนเครื่องมือของโครงการให้ครอบคลุม,) 1. การพัฒนาแผนธุรกิจชุมชนและการอำนวยสินเชื่อธุรกิจ: จำนวนแผนธุรกิจชุมชนที่ได้รับการพัฒนาและสินเชื่อต่ำกว่าเป้าหมายที่กำหนด และแผนธุรกิจชุมชนส่วนใหญ่ไม่ครบถ้วนและไม่สอดคล้องกับกิจกรรมจริง 2. การดำเนินกิจกรรมทางเศรษฐกิจของชุมชนเป้าหมาย: มีชุมชนจำนวนน้อยที่นำแผนธุรกิจไปใช้จริง และมีเพียง 2 แห่งที่บรรลุวัตถุประสงค์โครงการครบทุกด้าน ตามหลักเกณฑ์เพื่อการบันทึกข้อมูลที่ถูกต้อง,) 1. กำชับเจ้าหน้าที่ ธ.ก.ส. ให้เก็บรวบรวมข้อมูลปัญหาและความต้องการของชุมชน 2. ทบทวนการกำหนดเป้าหมายตัวชี้วัดเชิงปริมาณเรื่องการอำนวยสินเชื่อ 3. สำรวจและเก็บรวบรวม,) การดำเนินงานโครงการไม่เป็นไปตามเป้าหมายและหลักเกณฑ์ ส่งผลให้ชุมชนขาดโอกาสในการเข้าถึงแหล่งเงินทุนดอกเบี้ยต่ำเพื่อพัฒนาธุรกิจ และขาดโอกาสในการพัฒนา ยกระดับ หรือต่อยอดธุรกิจชุมชน
FL-1935,ข้อตรวจพบที่ 1 การดำเนินการจัดการศึกษาต่อเนื่องของศูนย์ฝึกอาชีพชุมชนยังไม่บรรลุตามวัตถุประสงค์ที่กำหนด,กรมส่งเสริมการเรียนรู้,โครงการศูนย์ฝึกอาชีพชุมชน,2567,ข้อมูล/บันทึก/เอกสาร,) 1. การกำหนดตัวชี้วัดโครงการไม่ครอบคลุมวัตถุประสงค์และผลสัมฤทธิ์ที่ต้องการ ( ) 2. แนวทางการดำเนินงานไม่มี ) 3. การกำหนดหลักสูตรขาดการวิเคราะห์ความเหมาะสมและโอกาสทางการตลาด ( ) 4. ขาดการสนับสนุนและส่งเสริมด้านช่องทางการตลาดและการสร้างเครือข่าย ( ) 5. ขาดกระบวนการติดตามและรายงานผลการนำความรู้ไปใช้จริง,) 1. ผู้ผ่านการฝึกอาชีพส่วนใหญ่ไม่สามารถนำความรู้ไปใช้ประกอบอาชีพได้: ผู้ผ่านการอบรม 93.34% ไม่ได้นำความรู้ไปใช้ประกอบอาชีพหรือต่อยอดอาชีพเดิม ( ) 2. ผู้ผ่านการฝึกอาชีพยังไม่สามารถนำความรู้ไปใช้พัฒนาตนเองและครอบครัว: การเก็บข้อมูลการใช้ประโยชน์ไม่ถูกต้องและไม่สะท้อนข้อเท็จจริง ( ) 3. ผู้ผ่านการฝึกอาชีพไม่สามารถรวมกลุ่มเพื่อนำความรู้ไปต่อยอดและพัฒนาอาชีพในระดับชุมชนได้: มีเพียง 18 หลักสูตรจาก 119 หลักสูตรที่สามารถรวมกลุ่มได้ ( ) 4. ยังไม่มีการพัฒนาหลักสูตรอาชีพที่นิยมเรียนและประสบความสำเร็จ: การรายงานหลักสูตรที่ประสบความสำเร็จยังไม่ใช่ข้อมูลที่ประชาชนนำไปประกอบอาชีพและสร้างรายได้จริง ที่ชัดเจนและครบถ้วน (,) 1. กำหนดเป้าหมายตัวชี้วัดที่สะท้อนผลสัมฤทธิ์จริง ( ) 2. ทบทวนและปรับปรุงแนวทางการดำเนินงานให้ชัดเจนและครอบคลุมวัตถุประสงค์ ( ) 3. ปรับปรุงหลักสูตรโดยวิเคราะห์ความต้องการของกลุ่มเป้าหมายและโอกาสทางการตลาด ( ) 4. ประสานความร่วมมือกับหน่วยงานรัฐและเอกชนเพื่อเพิ่มช่องทางการตลาด ( ) 5. กำหนดแนวทางการติดตามและประเมินผลโครงการอย่างเป็นระบบ,) ประชาชนไม่สามารถนำความรู้ไปใช้ประโยชน์ได้ตามวัตถุประสงค์ ส่งผลให้โครงการไม่สามารถสร้างโอกาสในการสร้างรายได้ที่มั่นคงและทำให้เศรษฐกิจฐานรากไม่เข้มแข็ง
FL-1936,ข้อตรวจพบที่ 2 การดำเนินงานกิจกรรม 1 อำเภอ 1 อาชีพ ยังไม่สามารถขับเคลื่อนไปสู่การเป็นหลักสูตรอาชีพที่โดดเด่นระดับอำเภอ,กรมส่งเสริมการเรียนรู้,โครงการศูนย์ฝึกอาชีพชุมชน,2567,การวางแผน/ตัวชี้วัด,) 1. การดำเนินงานยังคงเป็นไปตามภารกิจประจำของหน่วยงาน ( ) 2. ขาดการสร้างความเข้าใจในวัตถุประสงค์และเป้าหมายของโครงการ ( ) 3. การกำหนดหลักเกณฑ์การคัดเลือกผลิตภัณฑ์และวิทยากรยังไม่ชัดเจน,) มีหลักสูตรเพียง 5 หลักสูตรจาก 131 หลักสูตรเท่านั้นที่สามารถขับเคลื่อนเป็นหลักสูตรอาชีพที่โดดเด่นระดับอำเภอได้,) 1. ทบทวนบทบาทหน้าที่ของหน่วยงานที่เกี่ยวข้องและจัดทำแนวทางปฏิบัติให้ชัดเจน ( ) 2. กำหนดเกณฑ์การคัดเลือกผลิตภัณฑ์และวิทยากรที่ชัดเจนและเหมาะสม ( ) 3. สร้างฐานข้อมูลหลักสูตรที่ประสบความสำเร็จเพื่อใช้ในการคัดเลือก,) ประชาชนกลุ่มเป้าหมายขาดโอกาสในการได้รับความรู้และพัฒนาต่อยอดอาชีพ
FL-1937,ข้อตรวจพบที่ 1 การดูแลบำรุงรักษาโบราณสถานของอุทยานประวัติศาสตร์ที่สุ่มตรวจสอบยังไม่ครอบคลุมโบราณสถานในความรับผิดชอบและเป็นมาตรฐานเดียวกัน,กรมศิลปากร,โครงการศูนย์สร้างสรรค์และพัฒนาอุตสาหกรรมวัฒนธรรมไทย,2567,ติดตาม/ประเมินผล/กำกับ,) 1. กรมศิลปากรไม่ได้กำหนดแนวทางการดำเนินโครงการที่ชัดเจน ( ) 2. การกำหนดแผนบำรุงรักษาไม่มี ) 3. การติดตามผลการดำเนินงานยังไม่ครอบคลุม,) อุทยานประวัติศาสตร์ยังไม่ได้สำรวจสภาพปัญหาและสรุปผลอย่างเป็นระบบ การบำรุงรักษาไม่ครอบคลุมและไม่เป็นมาตรฐานเดียวกัน รวมถึงพบอุปกรณ์ป้องกันอัคคีภัยมีสภาพไม่พร้อมใช้งาน และไม่เป็นมาตรฐาน (,) 1. กำหนดแนวทางการดำเนินโครงการโดยเน้นการทำงานเชิงรุกด้านการอนุรักษ์ 2. กำหนดมาตรการ/แนวทางการดูแลบำรุงรักษาโบราณสถาน และความถี่ในการปฏิบัติงานให้เหมาะสม 3. กำหนดมาตรการ/แนวทางในการตรวจตราโบราณสถาน และการรายงานผลการดำเนินงานให้เป็นไปในแนวทางเดียวกัน,) มีความเสี่ยงในการทำนุบำรุงรักษาคุ้มครองป้องกันโบราณสถาน และกระทบต่อความปลอดภัยของนักท่องเที่ยว รวมถึงศักยภาพในการแข่งขันและสร้างรายได้ให้กับประเทศ
FL-1938,ข้อตรวจพบที่ 2 การจัดกิจกรรมของพิพิธภัณฑสถานแห่งชาติที่สุ่มตรวจสอบบางแห่งยังไม่สามารถเสริมสร้างการเป็นแหล่งเรียนรู้,กรมศิลปากร,โครงการศูนย์สร้างสรรค์และพัฒนาอุตสาหกรรมวัฒนธรรมไทย,2567,การสื่อสาร,) กรมศิลปากรไม่ได้มีการชี้แจงเพื่อสร้างความเข้าใจเกี่ยวกับวัตถุประสงค์การจัดกิจกรรมเสริมสร้างให้พิพิธภัณฑสถานแห่งชาติเป็นแหล่งเรียนรู้,) การจัดกิจกรรมส่วนใหญ่เป็นกิจกรรมเพื่อกระตุ้น ส่งเสริมให้ประชาชนใช้พิพิธภัณฑสถานแห่งชาติเป็นแหล่งเรียนรู้ แต่ไม่สอดคล้องกับวัตถุประสงค์ในการเพิ่มบทบาทการบริการการศึกษาเชิงรุก,") 1. กำชับให้สำนักพิพิธภัณฑสถานแห่งชาติชี้แจงเพื่อสร้างความเข้าใจเกี่ยวกับวัตถุประสงค์ 2. กำหนดแนวทางการดำเนินกิจกรรมให้สอดคล้องกับวัตถุประสงค์ทั้ง 3 ประการ (กระตุ้น, เพิ่มบทบาทเชิงรุก, สร้างเครือข่าย)",) พิพิธภัณฑสถานแห่งชาติสูญเสียโอกาสในการประชาสัมพันธ์ให้กลุ่มเป้าหมายได้ทราบถึงบทบาทของพิพิธภัณฑสถานแห่งชาติในฐานะแหล่งเรียนรู้ตลอดชีวิต
FL-1939,ข้อตรวจพบที่ 3 การดำเนินงานของโรงละครแห่งชาติยังมีความเสี่ยงด้านการบริหารจัดการ,กรมศิลปากร,โครงการศูนย์สร้างสรรค์และพัฒนาอุตสาหกรรมวัฒนธรรมไทย,2567,การเงิน/พัสดุ,) 1. สำนักการสังคีตยังไม่มีการกำหนดแผนและปฏิทินการจัดแสดงที่ทันสมัยและเป็นปัจจุบัน 2. ยังไม่มีแนวทางปฏิบัติที่ชัดเจนและเป็นมาตรฐานเดียวกันในการส่งเสริมการใช้ประโยชน์โรงละคร 3. การกำหนดกรอบระยะเวลาการเบิกจ่ายงบประมาณไม่สอดคล้องกับงวดงานที่กำหนดไว้ในสัญญา,) การใช้ประโยชน์โรงละครแห่งชาติยังไม่เป็นไปอย่างมีประสิทธิภาพและต่อเนื่อง โดยมีการจัดแสดงนาฏดุริยางคศิลป์และดนตรีไม่เป็นไปตามแผนที่กำหนดไว้,) 1. กำหนดกรอบแนวทางการดำเนินโครงการและซักซ้อมความเข้าใจเกี่ยวกับวัตถุประสงค์และเป้าหมาย 2. กำหนดบทบาทหน้าที่ของหน่วยงานส่วนกลางและส่วนภูมิภาคให้ชัดเจนในการบริหารจัดการและกำกับดูแล 3. พิจารณาทบทวนแผนการจัดแสดงและปฏิทินการจัดแสดงนาฏศิลป์และดนตรี 4. กำหนดแนวทางในการส่งเสริมการใช้ประโยชน์โรงละครอย่างต่อเนื่อง,) การใช้ประโยชน์โรงละครแห่งชาติยังไม่เกิดประสิทธิภาพและไม่ต่อเนื่อง ส่ง ต่อการสร้างรายได้ให้กับประเทศ และเกิดความเสี่ยงต่อการเสื่อมสภาพของอุปกรณ์และอาคาร
FL-1940,ข้อตรวจพบที่ 1 การปรับสภาพแวดล้อมที่อยู่อาศัยสำหรับคนพิการบางรายยังไม่สามารถขจัดอุปสรรค และสนับสนุนให้คนพิการสามารถดำรงชีวิต และปฏิบัติกิจกรรมในชีวิตประจำวันได้,กรมส่งเสริมและพัฒนาคุณภาพชีวิตคนพิการ,โครงการส่งเสริมการจัดสิ่งอำนวยความสะดวกสำหรับคนพิการ ของกรมส่งเสริมและพัฒนาคุณภาพชีวิตคนพิการ,2567,บุคลากร/สมรรถนะ,) 1. สำนักงานพัฒนาสังคมและความมั่นคงของมนุษย์จังหวัดบางจังหวัดยังไม่ได้ให้ความสำคัญกับการตรวจเยี่ยมบ้าน ( ) 2. กรมส่งเสริมและพัฒนาคุณภาพชีวิตคนพิการไม่ได้กำหนดแนวทางให้สำนักงานพัฒนาสังคมและความมั่นคงของมนุษย์จังหวัดต้องมีการติดตามการปรับสภาพแวดล้อมที่อยู่อาศัย ( ) 3. สำนักงานพัฒนาสังคมและความมั่นคงของมนุษย์จังหวัดไม่มีการจัดเก็บข้อมูลสำคัญอื่น เช่น อาชีพของคนพิการและครอบครัว การถือครองทรัพย์สิน ไว้ในแบบรายงานการสอบสภาพครอบครัว ( ) 4. การจัดกิจกรรมอบรมการปรับสภาพแวดล้อมที่อยู่อาศัยยังไม่ครอบคลุมเป้าหมายทั่วประเทศ,) 1. ที่อยู่อาศัยของคนพิการบางหลังที่ได้รับการปรับปรุงยังไม่เอื้อต่อความพิการ ( ) 2. การปรับปรุงสภาพแวดล้อมที่อยู่อาศัยสำหรับคนพิการบางส่วนไม่มีการใช้ประโยชน์ ( ) 3. การปรับสภาพแวดล้อมให้คนพิการบางรายที่มีคุณสมบัติยังไม่เป็นไปตามเกณฑ์ที่กำหนด,) 1. กำหนดแนวทางในการดำเนินการเพื่อประเมินความเหมาะสมของการให้ความช่วยเหลือ 2. กำหนดแนวทางให้มีการติดตามการปรับสภาพแวดล้อมที่อยู่อาศัยสำหรับคนพิการ 3. ปรับปรุงแบบรายงานการสอบสภาพครอบครัวให้ครอบคลุมข้อมูลที่จำเป็น 4. พิจารณาจัดกิจกรรมการอบรมให้ครอบคลุมเป้าหมายทั่วประเทศ,) การใช้จ่ายเงินงบประมาณเพื่อการปรับสภาพแวดล้อมที่อยู่อาศัยไม่เกิดความคุ้มค่า และคนพิการรายอื่นที่มีคุณสมบัติเหมาะสมเสียโอกาสในการได้รับความช่วยเหลือ
FL-1941,ข้อตรวจพบที่ 2 การจัดสิ่งอำนวยความสะดวกสำหรับคนพิการในหน่วยงานตามมติคณะรัฐมนตรียังไม่ครบถ้วน,กรมส่งเสริมและพัฒนาคุณภาพชีวิตคนพิการ,โครงการส่งเสริมการจัดสิ่งอำนวยความสะดวกสำหรับคนพิการ ของกรมส่งเสริมและพัฒนาคุณภาพชีวิตคนพิการ,2567,ติดตาม/ประเมินผล/กำกับ,) 1. ขาดการสร้างความตระหนักและส่งเสริมให้หน่วยงานภาครัฐเห็นถึงความสำคัญในการจัดสิ่งอำนวยความสะดวกสำหรับคนพิการ ( ) 2. กรมส่งเสริมและพัฒนาคุณภาพชีวิตคนพิการไม่มีการสำรวจและติดตามการจัดสิ่งอำนวยความสะดวกอย่างต่อเนื่อง ( ) 3. ขาดความชัดเจนในการกำหนดมาตรฐานการจัดสิ่งอำนวยความสะดวกสำหรับคนพิการในพื้นที่ต่าง ๆ,") 1. มีสถานที่ราชการที่ไม่มีการจัดสิ่งอำนวยความสะดวกขั้นพื้นฐานสำหรับคนพิการถึง 12 แห่ง ( ) 2. สถานที่ราชการที่จัดสิ่งอำนวยความสะดวกไม่ครบถ้วน (74 แห่ง) ( ) 3. สิ่งอำนวยความสะดวกที่จัดทำขึ้นส่วนใหญ่ยังไม่เป็นไปตามมาตรฐานที่กำหนด (ทางลาด, ที่จอดรถ, ห้องน้ำ)",) 1. ประสานความร่วมมือกับภาคส่วนต่าง ๆ ให้พิจารณานำมาตรฐานการจัดสิ่งอำนวยความสะดวกสำหรับคนพิการมาเป็นเกณฑ์พื้นฐานในการประเมิน 2. สำรวจและติดตามผลการจัดสิ่งอำนวยความสะดวกอย่างต่อเนื่องเพื่อนำไปใช้ในการวางแผนแก้ไขปัญหา 3. ทบทวนและปรับปรุงกฎกระทรวงที่เกี่ยวข้องให้สอดคล้องกับหลักการออกแบบที่เป็นสากล,) การจัดสิ่งอำนวยความสะดวกที่ไม่เป็นไปตามมาตรฐานส่งผลให้คนพิการไม่สามารถเข้าถึงและใช้ประโยชน์ได้อย่างปลอดภัยและสะดวก
FL-1942,ข้อตรวจพบที่ 1 การจัดทำโครงการภายใต้แผนแม่บทย่อยยังไม่เป็นไปตามแนวทางการขับเคลื่อนการดำเนินงานเพื่อบรรลุเป้าหมายยุทธศาสตร์ชาติ และหลักการความสัมพันธ์เชิงเหตุและผล (XYZ),ไม่ชัดเจน,แผนแม่บทภายใต้ยุทธศาสตร์ชาติประเด็นการบริการประชาชนและประสิทธิภาพภาครัฐ สำนักงานคณะกรรมการพัฒนาระบบราชการ,2567,การวางแผน/ตัวชี้วัด,) 1. หน่วยงานที่ร่วมขับเคลื่อนเป้าหมายแผนแม่บทย่อยยังไม่ได้มุ่งเน้นการบรรลุเป้าหมายของแผนแม่บทฯ ( ) 2. หน่วยงานเจ้าภาพขับเคลื่อนเป้าหมายระดับแผนแม่บทย่อยยังไม่ได้ดำเนินการประสานและบูรณาการการทำงานร่วมกันระหว่างหน่วยงานทั้งหมด,) 1. โครงการปกติของหน่วยงานที่ร่วมขับเคลื่อนแผนแม่บทย่อยบางส่วนยังไม่สอดคล้องตามเป้าหมาย แนวทางการพัฒนา และห่วงโซ่คุณค่าฯ ( ) 2. หน่วยงานที่ร่วมขับเคลื่อนแผนแม่บทย่อยไม่ได้นำข้อสังเกตจากการประเมินโครงการสำคัญมาปรับปรุงแก้ไขข้อเสนอโครงการที่จะเข้ารับการคัดเลือกเป็นโครงการสำคัญในปีถัดไป ( ) 3. ปัจจัยที่เป็นช่องว่างการพัฒนา (ปัจจัยกล่องแดง) บางปัจจัยยังไม่มีโครงการสำคัญมารองรับ,) 1. นำทิศทางและแผนการดำเนินงานที่หารือร่วมกันไปดำเนินการประสานและบูรณาการการดำเนินงานระหว่างหน่วยงานของรัฐ ( ) 2. รวบรวมปัญหา อุปสรรค หรือข้อจำกัดที่เกิดจากการดำเนินการขับเคลื่อนแผนแม่บทฯ ( ) 3. ทบทวนวิธีการประเมินตัวชี้วัดระดับความพึงพอใจ,) โครงการที่จัดทำภายใต้แผนแม่บทย่อยไม่ได้เป็นกลไกในการขับเคลื่อนแผนแม่บทฯ ส่งผลต่อการแปลงแผนไปสู่การปฏิบัติให้บรรลุเป้าหมายของแผนแม่บทฯ ได้อย่างมีประสิทธิภาพและประสิทธิผล
FL-1943,ข้อตรวจพบที่ 2 การขับเคลื่อนแผนแม่บทประเด็นการบริการประชาชนและประสิทธิภาพภาครัฐ ยังไม่สอดคล้องตามหลักการความสัมพันธ์เชิงเหตุและผล (XYZ) และมีความเสี่ยงที่จะส่งผลต่อความสำเร็จของการบรรลุเป้าหมายระดับประเด็นแผนแม่บทฯ (Y2),ไม่ชัดเจน,แผนแม่บทภายใต้ยุทธศาสตร์ชาติประเด็นการบริการประชาชนและประสิทธิภาพภาครัฐ สำนักงานคณะกรรมการพัฒนาระบบราชการ,2567,ข้อมูล/บันทึก/เอกสาร,) 1. หน่วยงานเจ้าภาพขับเคลื่อนเป้าหมายระดับประเด็นแผนแม่บทฯ (จ.2) ยังไม่ได้ดำเนินการตามบทบาทหน้าที่หลักในการประสานและบูรณาการการทำงานร่วมกัน ( ) 2. หน่วยงานเจ้าภาพขับเคลื่อนเป้าหมายระดับประเด็นแผนแม่บทฯ (จ.2) ไม่ได้ติดตามตรวจสอบการดำเนินงานของหน่วยงานที่ร่วมขับเคลื่อน ( ) 3. การประเมินผลตามตัวชี้วัดยังไม่สามารถสอบยันข้อมูลงานบริการที่สะท้อนความสำเร็จของการดำเนินงานโครงการ,) 1. การจัดทำโครงการภายใต้แผนแม่บทฯ ยังไม่สอดคล้องตามหลักการความสัมพันธ์เชิงเหตุและผล (XYZ) ( ) 2. ความสำเร็จของประเด็นแผนแม่บทฯ เป้าหมายบริการของรัฐมีประสิทธิภาพและมีคุณภาพเป็นที่ยอมรับของผู้ใช้บริการ ไม่สามารถสะท้อนการขับเคลื่อนแผนแม่บทย่อยได้ ( ) 3. ความสำเร็จของตัวชี้วัดเป้าหมายภาครัฐมีการดำเนินการที่มีประสิทธิภาพด้วยการนำนวัตกรรม เทคโนโลยีมาประยุกต์ใช้ อาจไม่สามารถสะท้อนการขับเคลื่อนประเด็นแผนแม่บทฯ ได้,) 1. หารือร่วมกับหน่วยงานเจ้าภาพทุกระดับเพื่อทำความเข้าใจและกำหนดแผนการดำเนินงานร่วมกันเกี่ยวกับทิศทางการขับเคลื่อนแผนแม่บทฯ ( ) 2. รวบรวมปัญหา อุปสรรค หรือข้อจำกัดที่เกิดจากการดำเนินการขับเคลื่อนแผนแม่บทฯ ( ) 3. ทบทวนวิธีการประเมินตัวชี้วัดระดับความพึงพอใจในคุณภาพการให้บริการของภาครัฐ,) การบรรลุค่าเป้าหมายระดับประเด็นแผนแม่บทฯ ไม่ได้สะท้อนมาจากการดำเนินงานภายใต้แผนแม่บทย่อย
FL-1944,ข้อตรวจพบที่ 3 การรายงานผลสัมฤทธิ์การดำเนินงานของหน่วยงานที่ร่วมขับเคลื่อนแผนแม่บทย่อยยังไม่ครบถ้วน ถูกต้อง และเป็นไปในแนวทางเดียวกัน,ไม่ชัดเจน,แผนแม่บทภายใต้ยุทธศาสตร์ชาติประเด็นการบริการประชาชนและประสิทธิภาพภาครัฐ สำนักงานคณะกรรมการพัฒนาระบบราชการ,2567,ข้อมูล/บันทึก/เอกสาร,) หน่วยงานเจ้าภาพขับเคลื่อนเป้าหมายระดับแผนแม่บทย่อย (จ.3) ไม่ได้ติดตามการรายงานผลสัมฤทธิ์การดำเนินงานของหน่วยงานที่ร่วมขับเคลื่อนแผนแม่บทย่อยว่ามีการรายงานเป็นไปตามแนวทางที่กำหนดหรือไม่,) 1. การรายงานผลสัมฤทธิ์ของโครงการ/การดำเนินงาน (M6) และการรายงานผลสัมฤทธิ์ของแผนปฏิบัติราชการรายปียังไม่ครบถ้วน ( ) 2. การรายงานผลสัมฤทธิ์ของแผนปฏิบัติราชการรายปียังไม่ถูกต้อง ( ) 3. การรายงานผลสัมฤทธิ์ของแผนปฏิบัติราชการรายปียังไม่เป็นไปในแนวทางเดียวกัน,) รวบรวมปัญหา อุปสรรค หรือข้อจำกัดที่เกิดจากการรายงานผลสัมฤทธิ์ของโครงการ/การดำเนินงาน,) ส่งผลต่อการปรับปรุงการดำเนินการ (Act) ตามหลักการบริหารงานคุณภาพ (PDCA) เพื่อขับเคลื่อนยุทธศาสตร์ชาติไปสู่การปฏิบัติ
FL-1945,ข้อตรวจพบ การขับเคลื่อนประเด็นแผนแม่บท เป้าหมายภาครัฐมีการดำเนินการที่มีประสิทธิภาพ ด้วยการนำนวัตกรรม เทคโนโลยีมาประยุกต์ใช้ ยังมีประเด็นความเสี่ยงในการดำเนินงานที่จะส่งผลต่อการบรรลุค่าเป้าหมายที่กำหนด,ไม่ชัดเจน,แผนแม่บทภายใต้ยุทธศาสตร์ชาติประเด็นการบริการประชาชนและประสิทธิภาพภาครัฐ,2567,การวางแผน/ตัวชี้วัด,) การขับเคลื่อนเพื่อบรรลุเป้าหมายยุทธศาสตร์ชาติยังไม่ได้ระบุวิธีปฏิบัติที่จะนำไปสู่การดำเนินการตามบทบาทหน้าที่ของหน่วยงานเจ้าภาพแต่ละระดับอย่างชัดเจน,) 1. ความสำเร็จของตัวชี้วัดเป้าหมายภาครัฐมีการดำเนินการที่มีประสิทธิภาพด้วยการนำนวัตกรรม เทคโนโลยีมาประยุกต์ใช้ อาจไม่สามารถสะท้อนการขับเคลื่อนประเด็นแผนแม่บทได้ ( ) 2. การจัดทำโครงการภายใต้แผนแม่บทการบริการประชาชนและประสิทธิภาพภาครัฐ ยังไม่สอดคล้องตามหลักการความสัมพันธ์เชิงเหตุและผล (Causal Relationship : XYZ),) 1. หารือร่วมกับหน่วยงานเจ้าภาพทุกระดับเพื่อทำความเข้าใจและกำหนดแผนการดำเนินงานร่วมกันเกี่ยวกับทิศทางการขับเคลื่อนแผนแม่บท ( ) 2. รวบรวมปัญหา อุปสรรค หรือข้อจำกัดที่เกิดจากการดำเนินการขับเคลื่อนเป้าหมายระดับประเด็นแผนแม่บท,) การขับเคลื่อนการพัฒนาตามค่าเป้าหมายระดับประเด็นแผนแม่บท (Y2) อาจไม่ได้สะท้อนมาจากผลการขับเคลื่อนเป้าหมายของแผนแม่บทย่อย (Y1) ตามหลักการความสัมพันธ์เชิงเหตุและผล
FL-1946,ข้อตรวจพบที่ 1 การจัดทำโครงการภายใต้แผนแม่บทย่อยยังไม่เป็นไปตามแนวทางการขับเคลื่อนการดำเนินงานเพื่อบรรลุเป้าหมายยุทธศาสตร์ชาติ และหลักการความสัมพันธ์เชิงเหตุและผล (XYZ),ไม่ชัดเจน,แผนแม่บทย่อยการปรับสมดุลภาครัฐ สำนักงานปลัดสำนักนายกรัฐมนตรี,2567,การวางแผน/ตัวชี้วัด,) 1. หน่วยงานที่ร่วมขับเคลื่อนเป้าหมายแผนแม่บทย่อยยังคงจัดทำโครงการโดยพิจารณาจากบทบาทภารกิจของหน่วยงานมากกว่ามุ่งเป้าไปยังเป้าหมายของการพัฒนาร่วมกัน ( ) 2. หน่วยงานเจ้าภาพขับเคลื่อนเป้าหมายระดับแผนแม่บทย่อย (จ.3) ยังไม่ได้ดำเนินการประสานและบูรณาการการทำงานร่วมกันระหว่างหน่วยงานทั้งหมด,) 1. โครงการปกติของหน่วยงานที่ร่วมขับเคลื่อนแผนแม่บทย่อยบางส่วนยังไม่สอดคล้องตามเป้าหมาย แนวทางการพัฒนา และห่วงโซ่คุณค่าของแผนแม่บทย่อย ( ) 2. ปัจจัยที่เป็นช่องว่างการพัฒนา (ปัจจัยกล่องแดง) บางปัจจัยยังไม่มีโครงการสำคัญมารองรับ ( ) 3. หน่วยงานที่ร่วมขับเคลื่อนแผนแม่บทย่อยไม่ได้นำข้อสังเกตจากการประเมินโครงการสำคัญมาปรับปรุงแก้ไขข้อเสนอโครงการที่จะเข้ารับการคัดเลือกเป็นโครงการสำคัญในปีถัดไป,) 1. หารือร่วมกับหน่วยงานเจ้าภาพทุกระดับเพื่อทำความเข้าใจและกำหนดแผนการดำเนินงานร่วมกัน ( ) 2. ประสานและบูรณาการการดำเนินงานระหว่างหน่วยงานของรัฐ ( ) 3. รวบรวมปัญหา อุปสรรค หรือข้อจำกัดที่เกิดจากการดำเนินการขับเคลื่อนแผนแม่บทฯ,) โครงการที่จัดทำภายใต้แผนแม่บทย่อยไม่ได้เป็นกลไกในการขับเคลื่อนแผนแม่บทฯ ส่งผลต่อการแปลงแผนไปสู่การปฏิบัติให้บรรลุเป้าหมายของแผนแม่บทฯ ได้อย่างมีประสิทธิภาพและประสิทธิผล
FL-1947,ข้อตรวจพบที่ 2 การรายงานผลสัมฤทธิ์การดำเนินงานหน่วยงานของรัฐยังไม่ครบถ้วน และเป็นไปในแนวทางเดียวกัน,ไม่ชัดเจน,แผนแม่บทย่อยการปรับสมดุลภาครัฐ สำนักปลัดสำนักนายกรัฐมนตรี,2567,ข้อมูล/บันทึก/เอกสาร,) หน่วยงานเจ้าภาพขับเคลื่อนเป้าหมายแผนแม่บทย่อย (จ.3) ไม่ได้ติดตามการรายงานผลสัมฤทธิ์การดำเนินงานของหน่วยงานที่ร่วมขับเคลื่อนแผนแม่บทย่อยว่ามีการรายงานเป็นไปตามแนวทางที่กำหนดหรือไม่,) มีบางหน่วยงานรายงานผลสัมฤทธิ์การดำเนินงานโครงการ/การดำเนินการ (M6) ไม่ครบทุกไตรมาส ( ) การรายงานผลสัมฤทธิ์ของแผนปฏิบัติราชการรายปียังไม่เป็นไปในแนวทางเดียวกันและไม่ครบถ้วน,) รวบรวมปัญหา อุปสรรค หรือข้อจำกัดที่เกิดจากการรายงานผลสัมฤทธิ์ของโครงการ/การดำเนินงาน,) ส่งผลต่อการปรับปรุงการดำเนินการ (Act) ตามหลักการบริหารงานคุณภาพ (PDCA) เพื่อขับเคลื่อนยุทธศาสตร์ชาติ
FL-1948,ข้อตรวจพบที่ 1 การจัดทำโครงการภายใต้แผนแม่บทย่อยยังไม่เป็นไปตามแนวทางการขับเคลื่อนการดำเนินงานเพื่อบรรลุเป้าหมายยุทธศาสตร์ชาติ และหลักการความสัมพันธ์เชิงเหตุและผล (XYZ),กรมส่งเสริมการปกครองท้องถิ่น,การจัดการศึกษาระดับปฐมวัยขององค์กรปกครองส่วนท้องถิ่น กรมส่งเสริมการปกครองท้องถิ่น กระทรวงมหาดไทย,2567,การวางแผน/ตัวชี้วัด,) 1. หน่วยงานที่ร่วมขับเคลื่อนเป้าหมายแผนแม่บทย่อยยังคงจัดทำโครงการโดยพิจารณาจากบทบาทภารกิจของหน่วยงานมากกว่ามุ่งเป้าไปยังเป้าหมายของการพัฒนาร่วมกัน ( ) 2. หน่วยงานเจ้าภาพขับเคลื่อนเป้าหมายระดับแผนแม่บทย่อย (จ.3) ยังไม่ได้ดำเนินการประสานและบูรณาการการทำงานร่วมกัน ( ) 3. เกณฑ์การประเมินประสิทธิภาพขององค์กรปกครองส่วนท้องถิ่น (Local Performance Assessment: LPA) ในปัจจุบันยังไม่ครอบคลุมเป้าหมายแผนแม่บทย่อย,) 1. โครงการปกติของหน่วยงานที่ร่วมขับเคลื่อนแผนแม่บทย่อยบางส่วนยังไม่สอดคล้องกับเป้าหมาย แนวทางการพัฒนา และห่วงโซ่คุณค่าฯ ของแผนแม่บทย่อย ( ) 2. ปัจจัยที่เป็นช่องว่างการพัฒนา (ปัจจัยกล่องแดง) บางปัจจัยยังไม่มีโครงการสำคัญมารองรับ ( ) 3. หน่วยงานที่ร่วมขับเคลื่อนแผนแม่บทย่อยไม่ได้นำข้อสังเกตจากการประเมินโครงการสำคัญมาปรับปรุงแก้ไขข้อเสนอโครงการที่จะเข้ารับการคัดเลือกเป็นโครงการสำคัญในปีถัดไป,) 1. หารือร่วมกับหน่วยงานเจ้าภาพทุกระดับเพื่อทำความเข้าใจและกำหนดแผนการดำเนินงานร่วมกันเกี่ยวกับทิศทางการขับเคลื่อนแผนแม่บทย่อย ( ) 2. ประสานและบูรณาการการดำเนินงานระหว่างหน่วยงานของรัฐ ( ) 3. รวบรวมปัญหา อุปสรรค หรือข้อจำกัดที่เกิดจากการดำเนินการขับเคลื่อนแผนแม่บทภายใต้ยุทธศาสตร์ชาติ ( ) 4. พิจารณาทบทวนเกณฑ์การประเมิน LPA ให้ครอบคลุมเป้าหมายแผนแม่บทย่อย,) การดำเนินงานดังกล่าวส่งผลต่อการแปลงแผนไปสู่การปฏิบัติให้บรรลุเป้าหมายของแผนแม่บทฯ ได้อย่างมีประสิทธิภาพและประสิทธิผล
FL-1949,ข้อตรวจพบที่ 2 การรายงานผลสัมฤทธิ์การดำเนินงานหน่วยงานของรัฐยังไม่ครบถ้วน และเป็นไปในแนวทางเดียวกัน,กรมส่งเสริมการปกครองท้องถิ่น,การจัดการศึกษาระดับปฐมวัยขององค์กรปกครองส่วนท้องถิ่น กรมส่งเสริมการปกครองท้องถิ่น กระทรวงมหาดไทย,2567,ข้อมูล/บันทึก/เอกสาร,) หน่วยงานเจ้าภาพขับเคลื่อนเป้าหมายแผนแม่บทย่อย (จ.3) ไม่ได้ติดตามการรายงานผลสัมฤทธิ์การดำเนินงานของหน่วยงานที่ร่วมขับเคลื่อนแผนแม่บทย่อยว่ามีการรายงานเป็นไปตามแนวทางที่กำหนดหรือไม่,) การรายงานผลสัมฤทธิ์ของโครงการ/การดำเนินงาน (M6) ผ่านระบบ eMENSCR มีความไม่ครบถ้วน เช่น รายงานผลไม่ครบทุกไตรมาส ( ) การรายงานผลสัมฤทธิ์ของแผนปฏิบัติราชการรายปียังไม่เป็นไปในแนวทางเดียวกัน,) รวบรวมปัญหา อุปสรรค หรือข้อจำกัดที่เกิดจากการรายงานผลสัมฤทธิ์ของโครงการ/การดำเนินงาน,) ส่งผลต่อการปรับปรุงการดำเนินการ (Act) ตามหลักการบริหารงานคุณภาพ (PDCA) เพื่อขับเคลื่อนยุทธศาสตร์ชาติไปสู่การปฏิบัติ
FL-1950,ข้อตรวจพบที่ 1 การจัดทำโครงการภายใต้แผนแม่บทย่อย ยังไม่เป็นไปตามแนวทางการขับเคลื่อนการดำเนินงานเพื่อบรรลุเป้าหมายยุทธศาสตร์ชาติและหลักการความสัมพันธ์เชิงเหตุและผล (XYZ),สำนักงานคณะกรรมการข้าราชการพลเรือน,การขับเคลื่อนแผนแม่บทย่อยการสร้างและพัฒนาบุคลากรภาครัฐ,2567,ข้อมูล/บันทึก/เอกสาร,) 1. การดำเนินงานของหน่วยงานที่ร่วมขับเคลื่อนเป้าหมายแผนแม่บทย่อยยังไม่ได้มุ่งเน้นการบรรลุเป้าหมายของแผนแม่บทฯ ( ) 2. หน่วยงานเจ้าภาพขับเคลื่อนเป้าหมายระดับแผนแม่บทย่อย (จ.3) ยังไม่ได้ดำเนินการประสานและบูรณาการการทำงานร่วมกันระหว่างหน่วยงานทั้งหมดภายใต้เป้าหมายแผนแม่บทย่อย ( ) 3. การประเมินผลตามตัวชี้วัดยังไม่สามารถสอบยันข้อมูลงานบริการที่สะท้อนความสำเร็จของการดำเนินงานโครงการ,) 1. โครงการปกติของหน่วยงานขับเคลื่อนแผนแม่บทย่อยบางแห่งยังไม่สอดคล้องตาม เป้าหมาย แนวทางการพัฒนา และห่วงโซ่คุณค่าของประเทศไทย ( ) 2. หน่วยงานที่ร่วมขับเคลื่อนแผนแม่บทย่อยบางแห่งยังไม่ได้นำข้อสังเกตจากการประเมินโครงการสำคัญมาปรับปรุงแก้ไขข้อเสนอโครงการที่จะเข้ารับการคัดเลือกเป็นโครงการสำคัญในปีถัดไป ( ) 3. ปัจจัยที่เป็นช่องว่างการพัฒนา (ปัจจัยกล่องแดง) ยังไม่มีโครงการสำคัญมารองรับ อาจส่งผลต่อการขับเคลื่อนการบรรลุเป้าหมายตามยุทธศาสตร์ชาติได้อย่างเป็นรูปธรรม,) 1. นำทิศทางและแผนการดำเนินงานที่หารือร่วมกันไปดำเนินการประสานและบูรณาการการดำเนินงานระหว่างหน่วยงานของรัฐ ( ) 2. รวบรวมปัญหา อุปสรรค หรือข้อจำกัดที่เกิดจากการดำเนินการขับเคลื่อนแผนแม่บทฯ ( ) 3. ทบทวนวิธีการประเมินตัวชี้วัดระดับความพึงพอใจในคุณภาพการให้บริการของภาครัฐ,) การจัดทำโครงการภายใต้แผนแม่บทย่อยยังไม่เป็นไปตามแนวทางการขับเคลื่อนการดำเนินงานเพื่อบรรลุเป้าหมายยุทธศาสตร์ชาติและหลักการความสัมพันธ์เชิงเหตุและผล (XYZ) ย่อมส่งผลต่อประสิทธิภาพในการพัฒนาบุคลากรภาครัฐให้ยึดค่านิยมในการทำงานเพื่อประชาชน ยึดหลักคุณธรรม จริยธรรม มีจิตสำนึก มีความสามารถสูง มุ่งมั่น และเป็นมืออาชีพตามเป้าหมายของแผนแม่บทย่อย
FL-1951,ข้อตรวจพบที่ 2 การรายงานผลสัมฤทธิ์การดำเนินงานของหน่วยงานที่ร่วมขับเคลื่อนแผนแม่บทย่อยยังไม่ครบถ้วน ถูกต้อง และเป็นไปในแนวทางเดียวกัน,สำนักงานคณะกรรมการข้าราชการพลเรือน,การขับเคลื่อนแผนแม่บทย่อยการสร้างและพัฒนาบุคลากรภาครัฐ,2567,ข้อมูล/บันทึก/เอกสาร,) หน่วยงานเจ้าภาพขับเคลื่อนเป้าหมายแผนแม่บทย่อย (จ.3) ไม่ได้ติดตามการรายงานผลสัมฤทธิ์การดำเนินงานของหน่วยงานที่ร่วมขับเคลื่อนแผนแม่บทย่อยว่ามีการรายงานเป็นไปตามแนวทางที่กำหนดหรือไม่,) การรายงานผลสัมฤทธิ์การดำเนินงานของหน่วยงานที่ร่วมขับเคลื่อนแผนแม่บทย่อยยังไม่ครบถ้วน ถูกต้อง และเป็นไปในแนวทางเดียวกัน,) รวบรวมปัญหา อุปสรรค หรือข้อจำกัดที่เกิดจากการรายงานผลสัมฤทธิ์ของโครงการ/การดำเนินงาน,) ส่งผลต่อการปรับปรุงการดำเนินการ (Act) ตามหลักการบริหารงานคุณภาพ (PDCA) เพื่อขับเคลื่อนยุทธศาสตร์ชาติไปสู่การปฏิบัติที่สามารถส่งผลต่อการบรรลุผลลัพธ์ตามเป้าหมายของแผนแม่บทฯ และผลสัมฤทธิ์ตามเป้าหมายของยุทธศาสตร์ชาติอย่างเป็นรูปธรรมได้
FL-1952,ข้อตรวจพบที่ 1 การส่งเสริมผู้ประกอบการ MSME ผ่านระบบ BDS ยังไม่เป็นไปตามเป้าหมายที่กำหนด,สำนักงานส่งเสริมวิสาหกิจขนาดกลางและขนาดย่อม,โครงการส่งเสริมผู้ประกอบการผ่านระบบ BDS (Business Development Service) ของสำนักงานส่งเสริมวิสาหกิจขนาดกลางและขนาดย่อม,2568,ข้อมูล/บันทึก/เอกสาร,) 1. ทบทวนการกำหนดเป้าหมายเชิงปริมาณที่เหมาะสม ( ) 2. พัฒนากระบวนการประเมินผลและรวบรวมข้อมูลมูลค่าเพิ่มทางเศรษฐกิจ ( ) 3. กำหนดให้มีกระบวนการติดตามประเมินผลการพัฒนาธุรกิจของผู้ประกอบการ,) 1. ผู้ประกอบการ MSME ที่ได้รับเงินอุดหนุนค่าใช้จ่ายในการพัฒนาธุรกิจ ยังไม่เป็นไปตามเป้าหมาย ( ) 2. มีการประเมินมูลค่าเพิ่มทางเศรษฐกิจจากการเข้าร่วมโครงการไม่สอดคล้องกับวัตถุประสงค์โครงการ ( ) 3. การประเมินความพึงพอใจของผู้ประกอบการยังไม่ครอบคลุมและไม่สามารถนำมาใช้ในการปรับปรุงและพัฒนาโครงการได้,) 1. ทบทวนการกำหนดเป้าหมายเชิงปริมาณที่เหมาะสม ( ) 2. พัฒนากระบวนการประเมินผลและรวบรวมข้อมูลมูลค่าเพิ่มทางเศรษฐกิจ ( ) 3. กำหนดให้มีกระบวนการติดตามประเมินผลการพัฒนาธุรกิจของผู้ประกอบการ,) การกำหนดเป้าหมายเชิงปริมาณของโครงการไม่มีความชัดเจนและไม่สอดคล้องกับหลักการวิเคราะห์โครงการที่ดี ( ) 2. การประเมินมูลค่าเพิ่มทางเศรษฐกิจขาดความสอดคล้องและมีข้อจำกัดในการประเมินผล ( ) 3. ขาดการประเมินผลความพึงพอใจของผู้ประกอบการและผู้ให้บริการทางธุรกิจ
FL-1953,ข้อตรวจพบที่ 1 ผู้เข้าร่วมโครงการฯ บางส่วนไม่ใช่กลุ่มเป้าหมายและบางส่วนยังไม่สอดคล้องกับความเสี่ยงตามที่โครงการมุ่งแก้ไข,ไม่ชัดเจน,โครงการความปลอดภัยและอาชีวอนามัยของประเทศไทย (กสร.),2568,ข้อมูล/บันทึก/เอกสาร,) 1. การประชาสัมพันธ์อย่างทั่วถึงยังไม่ครอบคลุม ( ) 2. การกำหนดกลุ่มเป้าหมายที่เข้าร่วมโครงการยังไม่มีความชัดเจน ( ) 3. ขาดการวิเคราะห์ข้อมูลความเสี่ยงและสภาพปัญหาของแต่ละสถานประกอบการ,) 1. ผู้เข้าร่วมโครงการบางส่วนไม่ใช่กลุ่มเป้าหมายที่กรมสวัสดิการและคุ้มครองแรงงานมุ่งแก้ไขปัญหา ( ) 2. มีการจัดอบรมกิจกรรมที่ผู้เข้าร่วมโครงการไม่สอดคล้องกับความเสี่ยงหรือประเภทความรุนแรงตามที่โครงการมุ่งแก้ไขปัญหา ( ) 3. การกำหนดตัวชี้วัดโครงการบางส่วนยังไม่สอดคล้องกับวัตถุประสงค์ที่กำหนดไว้,) 1. กำหนดกลุ่มเป้าหมายในการดำเนินกิจกรรมให้ชัดเจน ( ) 2. สร้างความรู้ความเข้าใจเกี่ยวกับการจัดกิจกรรม ( ) 3. ทบทวนตัวชี้วัดโครงการให้สอดคล้องกับวัตถุประสงค์,) การดำเนินโครงการไม่บรรลุตามวัตถุประสงค์ที่กำหนด ( ) การดำเนินงานของแต่ละกิจกรรมยังไม่เกิดประสิทธิภาพ ( ) การกำหนดตัวชี้วัดโครงการบางส่วนยังไม่สอดคล้องกับวัตถุประสงค์
FL-1954,ข้อตรวจพบที่ 2 กิจกรรมให้คำปรึกษาแนะนำสถานประกอบการในการดำเนินงานด้านความปลอดภัยในการทำงานยังไม่ครอบคลุมและไม่ต่อเนื่อง,ไม่ชัดเจน,โครงการความปลอดภัยและอาชีวอนามัยของประเทศไทย (กสร.),2568,บุคลากร/สมรรถนะ,) 1. สถานประกอบการส่วนใหญ่ไม่ทราบว่ามีบริการให้คำปรึกษาแนะนำ ( ) 2. ขาดการประชาสัมพันธ์อย่างทั่วถึงและต่อเนื่อง ( ) 3. ขาดบุคลากรที่มีความรู้ความเชี่ยวชาญ,) 1. การให้คำปรึกษาแนะนำสถานประกอบการยังไม่ครอบคลุมทุกสถานประกอบการที่เข้าร่วมโครงการ ( ) 2. ผู้เข้าร่วมโครงการที่ได้รับการให้คำปรึกษาแนะนำยังไม่ได้รับการติดตามผล,) 1. พัฒนารูปแบบการให้คำปรึกษาแนะนำให้เหมาะสมกับสถานประกอบการแต่ละประเภท ( ) 2. ส่งเสริมให้มีการจัดทำสื่อประชาสัมพันธ์ช่องทางการให้บริการ ( ) 3. จัดอบรมความรู้ความเข้าใจเกี่ยวกับการให้บริการให้คำปรึกษาแนะนำ,) สถานประกอบการส่วนใหญ่ไม่ทราบว่ามีบริการให้คำปรึกษาแนะนำ ( ) การให้คำปรึกษาแนะนำยังไม่ครอบคลุมและไม่มีความต่อเนื่อง
FL-1955,ข้อสังเกตที่ 1 ผลสัมฤทธิ์ของโครงการความปลอดภัยและอาชีวอนามัยของประเทศไทย (Safety Thailand) มีแนวโน้มที่จะไม่บรรลุตามเป้าหมายตัวชี้วัดที่กำหนด,ไม่ชัดเจน,โครงการความปลอดภัยและอาชีวอนามัยของประเทศไทย (กสร.),2568,ข้อมูล/บันทึก/เอกสาร,) 1. การกำหนดเป้าหมายตัวชี้วัดขาดการนำข้อมูลสภาพปัญหาและข้อจำกัดที่เกี่ยวข้องมาพิจารณาประกอบการกำหนด ( ) 2. ข้อมูลสถิติจำนวนลูกจ้างที่ประสบอันตรายฯ ของกรมสวัสดิการและคุ้มครองแรงงานและสำนักงานประกันสังคมไม่สอดคล้องกัน,) อัตราการประสบอันตรายจากการทำงานยังไม่สามารถลดลงได้ตามเป้าหมายที่กำหนดไว้,) 1. ทบทวนการกำหนดตัวชี้วัดให้มีความเหมาะสม ( ) 2. หารือร่วมกับสำนักงานประกันสังคมเพื่อปรับปรุงฐานข้อมูลให้สอดคล้องกัน ( ) 3. กำหนดมาตรการ/แนวทางในการใช้ฐานข้อมูลร่วมกัน,) การกำหนดนโยบายและการวางแผนมาตรการเชิงป้องกันด้านความปลอดภัย อาชีวอนามัย และสภาพแวดล้อมในการทำงานในอนาคตขาดประสิทธิภาพ
FL-1956,ข้อตรวจพบที่ 1 การเผยแพร่องค์ความรู้ที่ได้จากผลงานทางวิชาการยังไม่ครอบคลุม ทั่วถึง,ไม่ชัดเจน,โครงการความปลอดภัยและอาชีวอนามัยของประเทศไทย (สสปท.),2568,ข้อมูล/บันทึก/เอกสาร,) 1. การกำหนดเกณฑ์การคัดเลือกผู้เข้าร่วมโครงการยังไม่มีความชัดเจน ( ) 2. สสปท. ขาดการสำรวจและจัดเก็บข้อมูลความต้องการของกลุ่มเป้าหมายอย่างเป็นระบบ ( ) 3. สสปท. ยังไม่มีการติดตามและประเมินผลโครงการอย่างต่อเนื่อง,) สสปท. มีการพัฒนางานวิจัยและวิชาการ แต่การเผยแพร่ยังไม่ครอบคลุมและทั่วถึง ( ) 1. มีผู้เข้าร่วมอบรมไม่ตรงกับกลุ่มเป้าหมายที่กำหนดไว้ในโครงการถึง 60.54% ( ) 2. มีสถานประกอบกิจการที่เข้าร่วมโครงการส่วนน้อยที่นำองค์ความรู้ไปใช้ประโยชน์จริง,) 1. กำหนดเกณฑ์การคัดเลือกผู้เข้าร่วมโครงการให้มีความชัดเจนและสอดคล้องกับวัตถุประสงค์ ( ) 2. ส่งเสริมให้มีการสำรวจข้อมูลความต้องการของกลุ่มเป้าหมาย ( ) 3. กำหนดให้มีการติดตามและประเมินผลการนำองค์ความรู้ไปใช้ประโยชน์อย่างต่อเนื่อง,) การวัดผลดำเนินงานตามตัวชี้วัดเชิงคุณภาพยังไม่สามารถสะท้อนความสำเร็จจากการดำเนินโครงการได้ ทำให้ สสปท. ไม่มีข้อมูลประกอบการพัฒนาและต่อยอดผลงานวิชาการเพื่อนำไปใช้ลดความเสี่ยงและสถิติการประสบอันตรายจากการทำงานได้
FL-1957,ข้อตรวจพบที่ 1 การพัฒนาทักษะเฉพาะของแรงงานอิสระยังไม่สามารถสร้างโอกาสในการประกอบอาชีพได้,กรมพัฒนาฝีมือแรงงาน,โครงการพัฒนาทักษะเฉพาะของแรงงานอิสระยุค 4.0 (Gig Worker) กรมพัฒนาฝีมือแรงงาน กระทรวงแรงงาน,2568,บุคลากร/สมรรถนะ,) 1. การกำหนดหลักสูตรยังขาดการวิเคราะห์ความเหมาะสมและโอกาสในการนำไปประกอบอาชีพ ( ) 2. การคัดเลือกผู้เข้ารับการฝึกอบรมยังไม่มีการกำหนดคุณสมบัติที่ชัดเจน ( ) 3. ขาดการส่งเสริมและสนับสนุนเครื่องมือพื้นฐานและช่องทางการตลาด ( ) 4. ขาดกระบวนการติดตามและประเมินผล,) 1. ผู้ผ่านการฝึกอบรมไม่สามารถนำความรู้ที่ได้รับไปใช้ประกอบอาชีพหรือพัฒนาอาชีพเดิมได้ตามวัตถุประสงค์ ( ) 2. อัตราการประกอบอาชีพของผู้ผ่านการฝึกอบรมต่ำกว่าเป้าหมายที่กำหนด,) 1. ปรับปรุงหลักสูตรให้สอดคล้องกับความต้องการของตลาดแรงงาน ( ) 2. กำหนดเกณฑ์การคัดเลือกผู้เข้ารับการฝึกอบรมให้ชัดเจน ( ) 3. ประสานความร่วมมือกับหน่วยงานที่เกี่ยวข้องเพื่อสนับสนุนเครื่องมือและช่องทางการตลาด ( ) 4. จัดทำแนวทางการติดตามและประเมินผลโครงการอย่างเป็นระบบ,) การดำเนินโครงการยังไม่สามารถสร้างโอกาสในการประกอบอาชีพให้กับแรงงานอิสระได้ ทำให้รัฐเสียโอกาสในการแก้ไขปัญหาความเหลื่อมล้ำทางเศรษฐกิจและสังคม และการใช้จ่ายงบประมาณไม่เกิดประสิทธิผล
FL-1958,ข้อตรวจพบที่ 2 การติดตามและรายงานผลความสำเร็จของโครงการยังไม่เป็นไปตามแนวทางที่กำหนด,กรมพัฒนาฝีมือแรงงาน,โครงการพัฒนาทักษะเฉพาะของแรงงานอิสระยุค 4.0 (Gig Worker) กรมพัฒนาฝีมือแรงงาน กระทรวงแรงงาน,2568,ข้อมูล/บันทึก/เอกสาร,) สถาบัน/สำนักงานพัฒนาฝีมือแรงงานจังหวัดขาดความเข้าใจเกี่ยวกับการติดตามและรายงานผล และขาดการให้ความสำคัญกับการรายงานผล,) การรายงานผลความสำเร็จของโครงการยังไม่เป็นไปตามแนวทางที่กำหนด และข้อมูลที่รายงานยังมีความคลาดเคลื่อนและไม่ถูกต้อง,) กำชับให้สถาบัน/สำนักงานพัฒนาฝีมือแรงงานจังหวัดให้ความสำคัญกับการติดตามและรายงานผลโครงการให้ถูกต้องครบถ้วนตามหลักเกณฑ์,) ข้อมูลที่ได้ไม่สามารถนำไปใช้วางแผนหรือกำหนดนโยบายเพื่อพัฒนารูปแบบการฝึกอบรมได้อย่างมีประสิทธิภาพและประสิทธิผล
FL-1959,ข้อตรวจพบ จำนวนประชาชนที่ขึ้นทะเบียนแรงงานนอกระบบ (แรงงานอิสระ) ไม่เป็นไปตามเป้าหมายที่กำหนด ซึ่งส่งผลต่อการยกระดับคุณภาพชีวิตแรงงานนอกระบบ (แรงงานอิสระ),สำนักงานปลัดกระทรวงแรงงาน,โครงการยกระดับคุณภาพชีวิตแรงงานนอกระบบโดยเครือข่ายชุมชนผ่านการขึ้นทะเเบียนแรงงานนอกระบบ (แรงงานอิสระ) สำนักงานปลัดกระทรวงแรงงาน กระทรวงแรงงาน,2568,ข้อมูล/บันทึก/เอกสาร,) ครู ก และครู ข ที่รับผิดชอบการขึ้นทะเบียนขาดความรู้ความเข้าใจเกี่ยวกับระบบและไม่เห็นประโยชน์จากการขึ้นทะเบียน ทำให้ข้อมูลที่ได้ไม่มีความครบถ้วน ถูกต้อง และเป็นปัจจุบัน,) การขึ้นทะเบียนแรงงานนอกระบบ (แรงงานอิสระ) ไม่เป็นไปตามเป้าหมายที่กำหนด,) 1. กำหนดให้มีการสร้างความรู้ความเข้าใจเกี่ยวกับการใช้งานระบบให้ง่ายและสะดวกต่อการใช้งาน ( ) 2. สร้างความรู้ความเข้าใจกับบุคลากรที่เกี่ยวข้องและสร้างแรงจูงใจให้แรงงานอิสระขึ้นทะเบียน ( ) 3. กำหนดให้มีมาตรการ/แนวทางในการกำกับ ดูแล และติดตามการดำเนินงาน,) ข้อมูลที่ได้ไม่สามารถนำไปใช้ในการวางแผนหรือกำหนดนโยบายเพื่อยกระดับคุณภาพชีวิตแรงงานอิสระได้อย่างมีประสิทธิภาพและประสิทธิผล
FL-1960,ข้อตรวจพบที่ 1 การจัดการพลังงานและการลดมลพิษภาคอุตสาหกรรมตามมาตรการในโครงการยังไม่เป็นไปตามเป้าหมายที่กำหนด,กรมโรงงานอุตสาหกรรม,โครงการพัฒนาและใช้นวัตกรรมลดมลพิษภาคอุตสาหกรรม ของกรมโรงงานอุตสาหกรรม,2568,ติดตาม/ประเมินผล/กำกับ,) 1. แนวทางการดำเนินงานขาดความชัดเจนและไม่มีความต่อเนื่อง ( ) 2. ผู้เข้าร่วมโครงการขาดความรู้ความเข้าใจในการนำมาตรการไปใช้ ( ) 3. ขาดการติดตามและประเมินผลการดำเนินงานอย่างต่อเนื่อง ( ) 4. มาตรการบางส่วนไม่เหมาะสมกับสภาพการดำเนินงานจริง,) การดำเนินงานโครงการไม่สามารถบรรลุวัตถุประสงค์ในการลดมลพิษภาคอุตสาหกรรมได้จริง ทำให้เกิดความสูญเปล่าของงบประมาณ,) 1. กำหนดแผนปฏิบัติการและแนวทางการดำเนินงานให้ชัดเจน ( ) 2. จัดอบรมให้ความรู้และให้คำปรึกษาอย่างต่อเนื่อง ( ) 3. ติดตามและประเมินผลการดำเนินงานอย่างเป็นระบบ ( ) 4. จัดทำฐานข้อมูลเพื่อใช้ในการวิเคราะห์และประเมินผล,) การใช้จ่ายงบประมาณไม่เกิดความคุ้มค่าและไม่บรรลุวัตถุประสงค์
FL-1961,ข้อตรวจพบที่ 2 ระบบการจัดการความปลอดภัยในโรงงานอุตสาหกรรม (DIW Safety Application) ยังไม่มีการใช้งานตามวัตถุประสงค์,กรมโรงงานอุตสาหกรรม,โครงการพัฒนาและใช้นวัตกรรมลดมลพิษภาคอุตสาหกรรม ของกรมโรงงานอุตสาหกรรม,2568,,) กรมโรงงานอุตสาหกรรมยังไม่มีการกำหนดแนวทางที่ชัดเจนให้โรงงานอุตสาหกรรมทุกแห่งต้องจัดทำแบบตรวจประเมินความปลอดภัยฯ โดยเป็นการจัดทำในลักษณะภาคสมัครใจ,) การใช้จ่ายงบประมาณที่ใช้ในการพัฒนาระบบการจัดการความปลอดภัยฯ จำนวนรวม 6.9 ล้านบาท ไม่เกิดความคุ้มค่า,) กำหนดแนวทางเพื่อให้โรงงานอุตสาหกรรมทุกแห่งมีการใช้งานระบบการจัดการความปลอดภัยฯ และกำกับดูแลให้มีการใช้งานอย่างต่อเนื่อง,) เกิดความไม่คุ้มค่าของการใช้จ่ายงบประมาณ
FL-1962,ข้อตรวจพบ: การดำเนินการของระบบติดตามและประเมินผลแห่งชาติ (eMENSCR) บางส่วน ยังไม่สามารถดำเนินการได้ตามระเบียบฯ,สำนักงานสภาพัฒนาการเศรษฐกิจและสังคมแห่งชาติ,การติดตามและประเมินผลการดำเนินงานตามแผนแม่บทภายใต้ยุทธศาสตร์ชาติ ประเด็นการเกษตร,2564,ข้อมูล/บันทึก/เอกสาร,สาเหตุ: 1. ระบบ eMENSCR อยู่ในช่วงการพัฒนาและยังไม่สมบูรณ์ 2. ขาดแนวทางที่ชัดเจนในการเผยแพร่ช่องทางการมีส่วนร่วมของประชาชนและการเชื่อมโยงฐานข้อมูล 3. ระบบฐานข้อมูลของบางหน่วยงานมีปัญหาทางเทคนิค ทำให้ยังไม่สามารถเชื่อมโยงได้,รายละเอียด: 1. การมีส่วนร่วมของประชาชน: ยังไม่มีการเผยแพร่ช่องทางให้ประชาชนเข้าถึงเพื่อแสดงความคิดเห็นและข้อเสนอแนะผ่านระบบ eMENSCR แม้จะมี Dashboard แสดงผล แต่ประชาชนยังไม่สามารถเข้าถึงรายละเอียดโครงการได้ และข้อมูลบางส่วนยังไม่เป็นปัจจุบัน 2 การเชื่อมโยงฐานข้อมูล: การเชื่อมโยงฐานข้อมูลของหน่วยงานรัฐเข้ากับระบบ eMENSCR ยังไม่ครบถ้วน โดยหน่วยงานส่วนใหญ่ในสังกัดกระทรวงเกษตรและสหกรณ์ที่ตรวจสอบยังไม่ได้เชื่อมโยยงฐานข้อมูล และบางส่วนไม่ทราบว่าต้องดำเนินการ,ข้อเสนอแนะ: 1. เร่งรัดการพัฒนาส่วนการแสดงความคิดเห็นของประชาชนในระบบ eMENSCR และปรับปรุงข้อมูลใน Dashboard ให้เป็นปัจจุบัน 2. กำหนดแนวทางการเชื่อมโยงฐานข้อมูลให้ชัดเจน ทั้งด้านเทคนิค รูปแบบข้อมูล และกรอบเวลา 3. ประสานและเร่งรัดการเชื่อมโยงฐานข้อมูลกับหน่วยงานสำคัญ เช่น GFMIS และ e-Budgeting พร้อมทั้งสร้างความเข้าใจกับหน่วยงานต่าง ๆ,ผลกระทบ: 1. ประชาชนขาดการมีส่วนร่วมในการแสดงความคิดเห็นและตรวจสอบการดำเนินงานของภาครัฐ 2. ระบบ eMENSCR มีข้อมูลไม่ครบถ้วน ทำให้การติดตาม ตรวจสอบ และประเมินผลขาดประสิทธิภาพ
FL-1963,ข้อสังเกตที่ 1: การถ่ายทอดความรู้เกี่ยวกับแนวทางการบันทึกข้อมูลลงในระบบ eMENSCR ยังไม่เพียงพอ,สำนักงานสภาพัฒนาการเศรษฐกิจและสังคมแห่งชาติ,การติดตามและประเมินผลการดำเนินงานตามแผนแม่บทภายใต้ยุทธศาสตร์ชาติ ประเด็นการเกษตร,2564,,,รายละเอียด: 1. การถ่ายทอดความรู้ไม่เพียงพอ: หน่วยงานส่วนใหญ่ (54.54%) เห็นว่าการถ่ายทอดความรู้การใช้งานระบบ eMENSCR ยังไม่เพียงพอ เป็นการอธิบายในภาพรวม ไม่ได้ลงลึกในรายละเอียด ทำให้การนำเข้าข้อมูลอาจไม่เป็นไปในทิศทางเดียวกัน 2 คู่มือไม่ชัดเจน: คู่มือการใช้งานไม่ได้ระบุรายละเอียดหรือคำนิยามที่ชัดเจน ทำให้หน่วยงานไม่สามารถนำเข้าข้อมูลได้ครบถ้วนทุกรายการ,ข้อเสนอแนะ: สศช. ควรปรับปรุงคู่มือการใช้งานระบบ eMENSCR ให้มีความชัดเจน ง่ายต่อการปฏิบัติ มีคำนิยามและตัวอย่างประกอบ พร้อมทั้งสำรวจความเห็นจากผู้ใช้งานเพื่อนำมาปรับปรุง,ผลกระทบ: หน่วยงานของรัฐไม่สามารถนำเข้าข้อมูลได้อย่างครบถ้วน ทำให้ สศช. ไม่สามารถนำข้อมูลไปใช้ในการวิเคราะห์และจัดทำรายงานผลการดำเนินการตามยุทธศาสตร์ชาติได้
FL-1964,ข้อสังเกตที่ 2: การสื่อสารเกี่ยวกับคำนิยามและตัวชี้วัดของแผนแม่บทย่อย ประเด็นการเกษตร ยังไม่ชัดเจน,สำนักงานสภาพัฒนาการเศรษฐกิจและสังคมแห่งชาติ,การติดตามและประเมินผลการดำเนินงานตามแผนแม่บทภายใต้ยุทธศาสตร์ชาติ ประเด็นการเกษตร,2564,,,รายละเอียด: 1. คำนิยามไม่ชัดเจน: หน่วยงานส่วนใหญ่ (63.64%) เห็นว่าคำนิยามของแผนแม่บทย่อยยังไม่ชัดเจน สามารถตีความได้หลากหลาย ทำให้การบรรจุโครงการลงในแผนแม่บทย่อยอาจไม่สอดคล้องกัน 2 ข้อมูลตัวชี้วัดไม่ชัดเจน: การกำหนดข้อมูลประกอบการจัดทำตัวชี้วัด (Proxy) ยังไม่มีความชัดเจน โดยเฉพาะประเภทสินค้าและราคาที่จะใช้วัดผล 3 ตัวชี้วัดปี 2562 ไม่สมบูรณ์: ตัวชี้วัดที่ใช้ประเมินผลในปี 2562 ยังไม่สมบูรณ์และอาจไม่สะท้อนการปฏิบัติงานจริง,ข้อเสนอแนะ: 1. ให้กระทรวงเกษตรและสหกรณ์พิจารณาทบทวนและปรับปรุงคำสั่งเกี่ยวกับบทบาทหน้าที่ของสำนักงานเศรษฐกิจการเกษตรในการขับเคลื่อนยุทธศาสตร์ชาติให้ชัดเจน 2. ให้สำนักงานเศรษฐกิจการเกษตรกำหนดแนวทางแก้ไขปัญหาร่วมกับหน่วยงานที่เกี่ยวข้องในเรื่องความชัดเจนของคำนิยามและแนวทางปฏิบัติในการบรรจุโครงการ,ผลกระทบ: การกำหนดตัวชี้วัดที่ไม่ชัดเจนอาจทำให้ไม่สามารถวัดผลลัพธ์ที่แท้จริงได้ และการรายงานผลอาจไม่สะท้อนความสำเร็จของการดำเนินงาน
FL-1965,ข้อสังเกตที่ 3: กระบวนการจัดทำโครงการสำคัญประจำปีงบประมาณ พ.ศ. 2565 อาจยังมีความเสี่ยงต่อการบรรลุเป้าหมายตามยุทธศาสตร์ชาติ,สำนักงานสภาพัฒนาการเศรษฐกิจและสังคมแห่งชาติ,การติดตามและประเมินผลการดำเนินงานตามแผนแม่บทภายใต้ยุทธศาสตร์ชาติ ประเด็นการเกษตร,2564,,,รายละเอียด: กระบวนการพิจารณาคัดเลือกโครงการสำคัญในปี 2565 ยังมีความเสี่ยง เนื่องจากหลักเกณฑ์และกระบวนการให้คะแนนยังไม่มีประสิทธิภาพเพียงพอ และการประเมินโดยใช้ดุลยพินิจอาจทำให้ผลการคัดเลือกไม่สอดคล้องกับข้อเท็จจริง ผลกระทบ: โครงการสำคัญที่ได้รับการคัดเลือกอาจไม่สามารถเชื่อมโยงกับเป้าหมายของแผนแม่บทประเด็นการเกษตรได้ และอาจส่งผลกระทบต่อประสิทธิภาพการวัดผลตามยุทธศาสตร์ชาติ ข้อเสนอแนะ: ติดตามผลการดำเนินการตามแนวทางและหลักเกณฑ์การพิจารณาคัดเลือกโครงการสำคัญในปี 2566 ที่มีการปรับปรุงใหม่ ว่ายังมีขั้นตอนใดที่มีความเสี่ยงต่อการบรรลุเป้าหมายตามยุทธศาสตร์ชาติหรือไม่,,
FL-1966,ข้อตรวจพบที่ 1: การกำหนดแนวทางและข้อมูลเพื่อดำเนินงานให้สอดคล้องตามเป้าหมายตัวชี้วัดยังไม่เพียงพอ,สำนักงานปลัดกระทรวงเกษตรและสหกรณ์,ตามยุทธศาสตร์ชาติด้านการสร้างความสามารถในการแข่งขัน ภายใต้แผนแม่บท ประเด็นการเกษตร,2564,การเงิน/พัสดุ,สาเหตุ: 1. คำนิยามของแผนแม่บทย่อยไม่ชัดเจน ทำให้ตีความแตกต่างกัน 2. การสื่อสารและถ่ายทอดความรู้จากหน่วยงานที่เกี่ยวข้องยังไม่เพียงพอ 3. มีข้อจำกัดด้านเวลาในการจัดทำคำของบประมาณ ทำให้เน้นโครงการเดิมที่มีอยู่แล้ว 4. หน่วยงานที่รับผิดชอบขับเคลื่อนแผนแม่บทฯ ไม่ใช่กลุ่ม ป.ย.ป. ตามข้อสั่งการนายกฯ ทำให้เกิดความซ้ำซ้อนในการประสานงาน,รายละเอียด: 1. ขาดแนวทางปฏิบัติที่ชัดเจน: การบรรจุโครงการลงแผนแม่บทย่อยในปี 2563 ยังขาดแนวทางที่ชัดเจน ทำให้เกิดปัญหาในการปฏิบัติ 2 ตัวชี้วัดไม่เชื่อมโยง: การกำหนดตัวชี้วัดของโครงการยังไม่สอดคล้องหรือเชื่อมโยงกับตัวชี้วัดตามแผนแม่บทย่อย 3 การแปลงค่าตัวชี้วัดทำได้ยาก: การแปลงค่าเป้าหมายจากระดับกิจกรรมไปสู่ระดับยุทธศาสตร์ชาติทำได้ยากและยังไม่มีแนวทางชัดเจน 4 ข้อมูลวัดผลไม่ชัดเจน: การกำหนดข้อมูลเพื่อใช้วัดผลตัวชี้วัดตามแผนแม่บทย่อยบางส่วนยังไม่มีความชัดเจน,ข้อเสนอแนะ: 1. มอบหมายให้ สศก. หารือกับหน่วยงานที่เกี่ยวข้องเพื่อแก้ไขปัญหาเรื่องคำนิยามและแนวทางการบรรจุโครงการ และพิจารณาทบทวนการจัดทำห่วงโซ่คุณค่า (Value Chain) 2. สั่งการให้มีหน่วยงานรับผิดชอบกำหนดแนวทางแก้ไขปัญหาเบื้องต้นเกี่ยวกับความชัดเจนของคำนิยามและแนวทางปฏิบัติภายในกระทรวงฯ 3. กำหนดให้มีช่วงเวลาในการทบทวนปัญหาอุปสรรคจากการดำเนินงาน เพื่อปรับปรุงแก้ไข 4. พิจารณาปรับปรุงคำสั่งของกระทรวงฯ เพื่อกำหนดบทบาทหน้าที่ของ สศก. ให้สอดคล้องกับโครงสร้างของกลุ่ม ป.ย.ป.,ผลกระทบ: 1. กระทบต่อการบรรลุเป้าหมาย: การที่คำนิยามและตัวชี้วัดไม่ชัดเจน อาจทำให้การบรรจุโครงการคลาดเคลื่อนและไม่บรรลุเป้าหมายของแผนแม่บทย่อย 2 กระทบต่อการรายงานผล: ขาดข้อมูลสำคัญและแนวทางที่ชัดเจนในการวัดผล อาจทำให้ไม่สามารถประเมินผลการบรรลุเป้าหมายได้โดยตรง และข้อมูลที่รายงานอาจไม่เพียงพอ
FL-1967,ข้อตรวจพบที่ 2: การรายงานผลการดำเนินงานยังขาดข้อมูลสำคัญบางส่วนเพื่อสนับสนุนการรายงานผลตัวชี้วัด,สำนักงานปลัดกระทรวงเกษตรและสหกรณ์,ตามยุทธศาสตร์ชาติด้านการสร้างความสามารถในการแข่งขัน ภายใต้แผนแม่บท ประเด็นการเกษตร,2564,,,"รายละเอียด: 1. ยังไม่มีหน่วยงานรับผิดชอบจัดเก็บข้อมูล: ข้อมูลสำคัญ 2 รายการ คือ ""ราคาสินค้าเกษตร GAP (พืช ประมง)"" และ ""ราคาสินค้าเกษตรอินทรีย์ (พืช ประมง)"" ยังไม่มีการกำหนดหน่วยงานรับผิดชอบจัดเก็บ 2 ไม่มีระบบฐานข้อมูลรองรับ: ข้อมูล ""จำนวนวิสาหกิจการเกษตรขนาดกลางและขนาดย่อมและผลิตภัณฑ์จากฐานชีวภาพ"" ยังไม่มีระบบฐานข้อมูลรองรับการจัดเก็บ",,ผลกระทบ: อาจทำให้ขาดข้อมูลสำคัญในการประเมินค่าเป้าหมายของตัวชี้วัดให้สมบูรณ์ ส่งผลให้สถานการณ์การบรรลุเป้าหมายอยู่ในระดับต่ำกว่าที่ควรจะเป็น สาเหตุ: 1. หน่วยงานเจ้าภาพยังไม่ได้กำหนดหน่วยงานรับผิดชอบและแนวทางการจัดเก็บข้อมูลตัวชี้วัดบางรายการอย่างชัดเจน 2. การดำเนินงานตามแผนแม่บทย่อยยังไม่ได้ผลักดันให้เกิดการดำเนินงานที่เป็นรูปธรรม ทำให้ไม่มีข้อมูลในการวัดผล 3. ยังไม่มีการประสานขอข้อมูลจากหน่วยงานภายนอกที่อาจมีข้อมูลที่เกี่ยวข้อง ข้อเสนอแนะ: 1. มอบหมายให้ สศก. หารือร่วมกับหน่วยงานที่เกี่ยวข้องเพื่อกำหนดหน่วยงานรับผิดชอบและแนวทางการจัดเก็บข้อมูลตัวชี้วัดให้ชัดเจน 2. กำหนดให้มีการประสานขอข้อมูลจากหน่วยงานภายนอกที่เกี่ยวข้อง 3. พิจารณาทบทวนการกำหนดตัวชี้วัดให้สอดคล้องกับข้อมูลที่สามารถจัดเก็บได้จริง 4. ปรับปรุงการรายงานผลให้สะท้อนผลการดำเนินงานที่แท้จริง
FL-1968,ข้อสังเกต: การนำเข้าข้อมูลโครงการในระบบติดตามและประเมินผลแห่งชาติ (eMENSCR) ยังไม่ครบถ้วน,สำนักงานปลัดกระทรวงเกษตรและสหกรณ์,ตามยุทธศาสตร์ชาติด้านการสร้างความสามารถในการแข่งขัน ภายใต้แผนแม่บท ประเด็นการเกษตร,2564,,,รายละเอียด: จากการตรวจสอบ พบว่าการนำเข้าข้อมูลโครงการในระบบ eMENSCR ของหน่วยงานในสังกัดกระทรวงเกษตรและสหกรณ์ยังไม่ครบถ้วนสมบูรณ์ในหลายรายการ โดยเฉพาะข้อมูลเกี่ยวกับผลผลิต/ผลลัพธ์ และความสอดคล้องกับยุทธศาสตร์ชาติ ผลกระทบ: ทำให้ข้อมูลในภาพรวมระดับประเทศที่ได้จากระบบ eMENSCR ขาดความครบถ้วนสมบูรณ์ และส่งผลต่อความน่าเชื่อถือของข้อมูล สาเหตุ: 1. คู่มือการใช้งานระบบ eMENSCR ยังขาดรายละเอียดที่ชัดเจนในแต่ละหัวข้อ 2. ผู้ใช้งานยังขาดความเข้าใจในการนำเข้าข้อมูล และต้องใช้วิจารณญาณส่วนบุคคล 3. ช่องทางการติดต่อสื่อสารระหว่างหน่วยงานกับ สศช. มีน้อยและติดต่อยาก ข้อเสนอแนะ: 1. กำหนดให้มีขั้นตอนการสอบทานความครบถ้วนของข้อมูลรายโครงการก่อนการอนุมัติ 2. สร้างความรู้ความเข้าใจให้กับผู้รับผิดชอบในการนำเข้าข้อมูลในระบบ eMENSCR ในทุกระดับ,,
FL-1969,ข้อตรวจพบ: การผลิตและกระจายเมล็ดพันธุ์ข้าวของกรมการข้าว ในแต่ละปีมียอดคงเหลือเป็นปริมาณสูง,กรมการข้าว,การเพิ่มประสิทธิภาพกระบวนการผลิตข้าว,2564,การวางแผน/ตัวชี้วัด,สาเหตุ: 1. การวางแผนผลิตล่วงหน้า: กรมการข้าวต้องวางแผนการผลิตล่วงหน้า ในขณะที่ความต้องการของเกษตรกรเปลี่ยนแปลงไปตามราคาตลาด ทำให้เมล็ดพันธุ์บางส่วนคงเหลือ 2 ศักยภาพการผลิตไม่เพียงพอและไม่สอดคล้อง: ศักยภาพการผลิตของศูนย์เมล็ดพันธุ์ข้าวมีไม่เพียงพอต่อความต้องการทั้งประเทศ และเป้าหมายการผลิตที่ได้รับมอบหมายไม่สอดคล้องกับกำลังการผลิตและความต้องการของเกษตรกรในพื้นที่,"รายละเอียด: 1. เมล็ดพันธุ์ชั้นพันธุ์คัดและพันธุ์หลักคงเหลือสูง: ในช่วงปี 2559-2562 มีเมล็ดพันธุ์ข้าวชั้นพันธุ์คัดคงเหลือ 23.17% และชั้นพันธุ์หลักคงเหลือ 8.76% ซึ่งเมล็ดพันธุ์ที่เสื่อมสภาพจะถูกจำหน่ายในราคาต่ำกว่าทุน 2 เมล็ดพันธุ์ชั้นพันธุ์ขยายและพันธุ์จำหน่ายคงเหลือสูง: ในช่วงปี 2560-2563 มีเมล็ดพันธุ์ข้าวคงเหลือเฉลี่ยปีละ 7,504.039 ตัน (9.08% ของผลผลิตทั้งหมด) และต้องนำมาจำหน่ายลดราคา",ข้อเสนอแนะ: 1. กำหนดแนวทางแก้ไขปัญหากระบวนการกำหนดเป้าหมายและวางแผนการผลิตเมล็ดพันธุ์ข้าวให้สอดคล้องกับศักยภาพของศูนย์และเพียงพอต่อความต้องการของเกษตรกร 2. กำหนดแนวทางปฏิบัติเพื่อให้สามารถกำหนดแผนการผลิตได้ใกล้เคียงกับความต้องการ โดยใช้ข้อมูลในอดีตและบูรณาการการวางแผนร่วมกับหน่วยงานที่เกี่ยวข้อง 3. จัดให้มีการสำรวจการปรับเปลี่ยนชนิดพันธุ์และความต้องการเมล็ดพันธุ์ข้าวในแต่ละพื้นที่ เพื่อใช้เป็นฐานข้อมูลประกอบการวางแผน,"ผลกระทบ: 1. การผลิตและกระจายเมล็ดพันธุ์ข้าวชั้นพันธุ์คัดไม่ตรงตามความต้องการของเกษตรกร ทำให้รัฐสูญเสียรายได้ และการใช้งบประมาณไม่คุ้มค่า คิดเป็นเงิน 13,204,760 บาท 2. เกษตรกรในบางพื้นที่เสียโอกาสในการเข้าถึงเมล็ดพันธุ์ข้าวคุณภาพดีอย่างเพียงพอและทั่วถึง"
FL-1970,ข้อสังเกตที่ 1: การกำหนดตัวชี้วัดตามโครงการสำคัญด้านการเพิ่มประสิทธิภาพการผลิตข้าว บางส่วนอาจยังไม่เชื่อมโยงกับแผนแม่บทฯ,กรมการข้าว,การเพิ่มประสิทธิภาพกระบวนการผลิตข้าว,2564,,,รายละเอียด: การกำหนดเป้าหมายตัวชี้วัดของโครงการบางส่วนขาดความเชื่อมโยงหรือไม่สอดคล้องโดยตรงกับข้อมูลที่ใช้ในการคำนวณตัวชี้วัดตามแผนแม่บทภายใต้ยุทธศาสตร์ชาติ ประเด็นเกษตร: 1. ด้านปริมาณผลผลิต: บางโครงการกำหนดตัวชี้วัดเป็นจำนวนพื้นที่ (ไร่) หรือจำนวนเกษตรกร ซึ่งไม่สะท้อนปริมาณผลผลิตข้าวที่ผลิตได้โดยตรง 2 ด้านราคาผลผลิต: บางโครงการไม่มีการกำหนดเป้าหมายตัวชี้วัดที่เชื่อมโยงกับราคาผลผลิตข้าวโดยตรง ทำให้ไม่ทราบว่าเกษตรกรสามารถจำหน่ายข้าวได้ในราคาที่สูงขึ้นหรือไม่,ข้อเสนอแนะ: ปรับปรุงตัวชี้วัดผลการดำเนินงานโครงการให้มีตัวชี้วัดร่วมกันที่มีความชัดเจน และเชื่อมโยงกับตัวชี้วัดตามแผนแม่บทฯ พร้อมทั้งปรับปรุงระบบการติดตามและรายงานผลให้สอดคล้องกัน,ผลกระทบ: อาจไม่สามารถนำตัวชี้วัดตามโครงการไปใช้ในการประเมินผลการบรรลุค่าเป้าหมายตัวชี้วัดตามแผนแม่บทภายใต้ยุทธศาสตร์ชาติ ประเด็นการเกษตร ในภาพรวมได้อย่างแท้จริง
FL-1971,ข้อสังเกตที่ 2: การดำเนินงานโครงการสำคัญด้านการเพิ่มประสิทธิภาพการผลิตข้าว บางโครงการยังมีปัญหาการเชื่อมโยงตลาด,กรมการข้าว,การเพิ่มประสิทธิภาพกระบวนการผลิตข้าว,2564,,,รายละเอียด: จากการตรวจสอบ พบว่า โครงการสำคัญบางโครงการยังมีปัญหาในการเชื่อมโยงตลาด หรือมีความเสี่ยงที่จะไม่สามารถยกระดับมูลค่าสินค้าข้าวได้ตามที่คาดหวัง ผลกระทบ: การดำเนินโครงการบางส่วนยังไม่สามารถยกระดับราคาข้าวคุณภาพได้ตามวัตถุประสงค์ ซึ่งอาจไม่ส่งผลต่อการยกระดับความเป็นอยู่ของเกษตรกรให้ดีขึ้น ข้อเสนอแนะ: สำรวจข้อมูลสภาพปัญหา อุปสรรค ของโครงการที่ยังไม่สามารถเชื่อมโยงตลาดและยกระดับราคาข้าวได้ เพื่อปรับปรุงแนวทางการดำเนินงานในระยะต่อไป โดยอาจพิจารณาสำรวจศักยภาพของกลุ่มเกษตรกรและผู้ประกอบการค้าข้าว เพื่อสร้างเครือข่ายกับโรงสีที่มีตลาดคุณภาพรองรับ,,
FL-1972,ข้อตรวจพบที่ 1: การดำเนินการส่งเสริมการพัฒนามาตรฐานโรงสีข้าวไม่บรรลุผลตามความมุ่งหมาย,สำนักงานปลัดสำนักนายกรัฐมนตรี กรมส่งเสริมการเกษตร สำนักงานเศรษฐกิจการเกษตร,การส่งเสริมการจำหน่ายข้าวและการแปรรูป,2564,ข้อมูล/บันทึก/เอกสาร,"สาเหตุ: 1. ขาดความชัดเจนในแนวทางการพัฒนาและการบูรณาการระหว่างหน่วยงาน, ขาดข้อมูลพื้นฐานของโรงสีข้าวทั่วประเทศ 2. ผู้ประกอบการโรงสีข้าวยังไม่เห็นความสำคัญของมาตรฐานความปลอดภัยอาหาร 3. ขาดแนวทางการตรวจรับรองที่เป็นมาตรฐานเดียวกัน","รายละเอียด: โรงสีข้าวหลายแห่งยังขาดการพัฒนามาตรฐานความปลอดภัยของอาหาร (GMP และ HACCP) โดยพบปัญหาหลายประการ เช่น ขาดการดูแลความสะอาด, ไม่มีการควบคุมป้องกันแมลง, ไม่มีการแสดงรหัสการรับซื้อเพื่อตรวจสอบย้อนกลับ, ไม่แสดงราคารับซื้อที่ชัดเจน, และขาดการจัดการของเสียที่ถูกสุขลักษณะ นอกจากนี้ การสนับสนุนจากหน่วยงานภาครัฐยังมีความซ้ำซ้อนและไม่สอดคล้องกับความต้องการ และโรงสีบางแห่งไม่ต่ออายุใบรับรองมาตรฐาน",ข้อเสนอแนะ: 1. นำเสนอต่อคณะกรรมการนโยบายและบริหารข้าวแห่งชาติเพื่อกำหนดนโยบายและแผนการพัฒนาระบบการจัดการสินค้าข้าวและการแปรรูปที่ชัดเจน และบูรณาการแผนงานร่วมกับหน่วยงานที่เกี่ยวข้อง 2. กำหนดแนวทางส่งเสริมให้ผู้ประกอบการโรงสีข้าวเห็นประโยชน์ของการเข้าสู่ระบบมาตรฐานความปลอดภัย และส่งเสริมการจัดการของเสียจากการผลิตข้าว 3. ประสานกับหน่วยงานภายนอกเพื่อกำหนดตราสัญลักษณ์มาตรฐาน GMP และ HACCP ของไทยให้เป็นที่ยอมรับในระดับสากล,ผลกระทบ: 1. การใช้งบประมาณไม่คุ้มค่าและเกิดความซ้ำซ้อน ทำให้สูญเสียโอกาสในการพัฒนาโรงสีข้าวอื่น ๆ 2. กระทบต่อการยกระดับมาตรฐานความปลอดภัยทางอาหารตลอดห่วงโซ่การผลิต และสร้างความเชื่อมั่นต่อสินค้าเกษตรของไทย
FL-1973,ข้อตรวจพบที่ 2: การดำเนินการส่งเสริมการเชื่อมโยงตลาดข้าวคุณภาพไม่บรรลุผลตามวัตถุประสงค์และเป้าหมายที่กำหนด,สำนักงานปลัดสำนักนายกรัฐมนตรี กรมส่งเสริมการเกษตร สำนักงานเศรษฐกิจการเกษตร,การส่งเสริมการจำหน่ายข้าวและการแปรรูป,2564,ข้อมูล/บันทึก/เอกสาร,"สาเหตุ: 1. ขาดข้อมูลทางการตลาดที่ถูกต้องและครบถ้วน, ขาดการวางแผนพัฒนาระบบตลาดภายในประเทศที่ชัดเจน 2. มาตรฐานสินค้าเกษตรอินทรีย์ของไทยยังไม่เป็นที่ยอมรับในระดับสากล และตราสัญลักษณ์ผลิตภัณฑ์ยังขาดความเป็นเอกภาพ 3. กระบวนการรายงาน ติดตาม และประเมินผลการดำเนินงานไม่เป็นไปตามคู่มือที่กำหนด","รายละเอียด: 1. โครงการเชื่อมโยงตลาดข้าวอินทรีย์และข้าว GAP: ปริมาณการซื้อขายข้าวตามข้อตกลง (MOU) ลดลงอย่างต่อเนื่องและต่ำกว่าเป้าหมายมาก, การส่งออกไปสหภาพยุโรปไม่เป็นไปตามเป้าหมาย และไม่สอดคล้องกับปริมาณการรับซื้อจากเกษตรกร 2 โครงการส่งเสริมการผลิตและการตลาดข้าวพันธุ์ กข43: กิจกรรมการเชื่อมโยงการรับซื้อหยุดชะงัก, เกษตรกรประสบปัญหาคุณภาพข้าวไม่ได้มาตรฐาน, และช่องทางการจำหน่ายยังไม่แพร่หลาย",ข้อเสนอแนะ: 1. ศึกษาข้อมูลความต้องการของผู้บริโภคเพื่อบริหารจัดการการค้าและการตลาดข้าวให้เหมาะสม 2. จัดทำระบบตรวจสอบและรับรองมาตรฐานที่เข้มงวดและมีหลักฐานครบถ้วน 3. พัฒนาการประกอบการโรงสีข้าวโดยรวบรวมข้อมูลและสำรวจการคงไว้ซึ่งมาตรฐาน 4. พัฒนาระบบการค้าและตลาดข้าวอินทรีย์หรือข้าว GAP โดยศึกษาโครงสร้างการจัดจำหน่าย 5. พิจารณาแนวทางการกำหนดตราสัญลักษณ์มาตรฐานสินค้าเกษตรอินทรีย์ของไทยให้เป็นที่ยอมรับ 6. ให้มีการติดตามและประเมินผลการดำเนินงานภายใต้แผนการผลิตและการตลาดข้าวครบวงจรอย่างเคร่งครัด,ผลกระทบ: 1. การใช้จ่ายงบประมาณเพื่อส่งเสริมการผลิตข้าวอินทรีย์และข้าว GAP เกิดความไม่คุ้มค่า 2. เกษตรกรขาดความเข้มแข็งและยังต้องพึ่งพาการอุดหนุนจากภาครัฐ 3. ขาดความก้าวหน้าในการพัฒนามาตรฐานความปลอดภัยของสินค้าเกษตรตามแนวทางยุทธศาสตร์ชาติ
FL-1974,ข้อตรวจพบที่ 3: วิสาหกิจชุมชนยังไม่สามารถพัฒนาการบริหารจัดการเพื่อยกระดับศักยภาพ,สำนักงานปลัดสำนักนายกรัฐมนตรี กรมส่งเสริมการเกษตร สำนักงานเศรษฐกิจการเกษตร,การส่งเสริมการจำหน่ายข้าวและการแปรรูป,2564,,,"รายละเอียด: วิสาหกิจชุมชนที่ประกอบการเกี่ยวกับข้าวยังประสบปัญหาด้านการบริหารจัดการหลายด้าน เช่น การกำหนดนโยบายและแผนงาน, การมีส่วนร่วมของสมาชิก, การขาดเครือข่ายทางการค้าและช่องทางการจำหน่าย, และไม่มีมาตรการควบคุมคุณภาพมาตรฐานของสินค้า บางแห่งหยุดประกอบกิจการเนื่องจากพึ่งพาผู้นำเพียงคนเดียว และบางแห่งยังขาดการจัดทำบัญชีที่ถูกต้อง",,ผลกระทบ: 1. การกำหนดนโยบายและแผนการพัฒนาและส่งเสริมวิสาหกิจชุมชนอาจไม่บรรลุผลสำเร็จ 2. ขาดการพัฒนาระบบเศรษฐกิจชุมชนเพื่อสร้างความเข้มแข็งและความมั่นคงทางรายได้ให้กับเกษตรกร สาเหตุ: 1. ข้อมูลพื้นฐานเพื่อจัดทำแผนการส่งเสริมพัฒนาวิสาหกิจชุมชนระดับจังหวัดยังขาดความชัดเจนและครบถ้วน 2. ขาดการบูรณาการระหว่างหน่วยงานที่เกี่ยวข้องในการแลกเปลี่ยนข้อมูลและการส่งเสริมสนับสนุน 3. ขาดการติดตามและประเมินผลการดำเนินงานของวิสาหกิจชุมชนอย่างต่อเนื่อง ข้อเสนอแนะ: 1. ให้คณะกรรมการส่งเสริมวิสาหกิจชุมชนแห่งชาติกำหนดแนวทางการจัดทำแผนปฏิบัติการส่งเสริมวิสาหกิจชุมชนของจังหวัดให้ชัดเจน 2. ให้คณะกรรมการส่งเสริมวิสาหกิจชุมชนระดับจังหวัดบูรณาการแผนงาน/โครงการร่วมกับหน่วยงานที่เกี่ยวข้อง 3. จัดให้มีฐานข้อมูลกลางเกี่ยวกับวิสาหกิจชุมชนเพื่อใช้ในการวางแผนและส่งเสริม 4. พัฒนาระบบการประเมินศักยภาพวิสาหกิจชุมชนให้สะท้อนข้อเท็จจริง และส่งเสริมให้วิสาหกิจชุมชนเห็นประโยชน์ของการประเมิน
FL-1975,ข้อสังเกตที่ 1: การดำเนินโครงการส่งเสริมการเกษตรแบบแปลงใหญ่ (นาแปลงใหญ่) มีข้อจำกัด,สำนักงานปลัดสำนักนายกรัฐมนตรี กรมส่งเสริมการเกษตร สำนักงานเศรษฐกิจการเกษตร,การส่งเสริมการจำหน่ายข้าวและการแปรรูป,2564,,,รายละเอียด: โครงการฯ มีข้อจำกัดบางประการที่อาจส่งผลกระทบต่อการพัฒนาการผลิตและการตลาดข้าวคุณภาพของกลุ่มเกษตรกรได้อย่างยั่งยืน เช่น การขาดการวางแผนการผลิตที่สอดคล้องกับความต้องการของตลาด และการขาดการเชื่อมโยงกับผู้ประกอบการค้าข้าวอย่างเป็นระบบ ข้อเสนอแนะ: ควรมีการประเมินผลการดำเนินโครงการฯ ในภาพรวม และปรับปรุงแนวทางการดำเนินงานให้สามารถแก้ไขปัญหาและอุปสรรคได้อย่างมีประสิทธิภาพ,,
FL-1976,ข้อสังเกตที่ 2: ข้อมูลสารสนเทศด้านข้าวของประเทศยังไม่สมบูรณ์,สำนักงานปลัดสำนักนายกรัฐมนตรี กรมส่งเสริมการเกษตร สำนักงานเศรษฐกิจการเกษตร,การส่งเสริมการจำหน่ายข้าวและการแปรรูป,2564,,,รายละเอียด: ข้อมูลสารสนเทศด้านข้าวของประเทศที่จัดทำโดยสำนักงานเศรษฐกิจการเกษตรยังไม่ครอบคลุมข้อมูลที่จำเป็นสำหรับการวางแผนและบริหารจัดการด้านการตลาด เช่น ข้อมูลปริมาณผลผลิตข้าวคุณภาพแต่ละชนิด และข้อมูลระดับราคาการรับซื้อข้าวเปลือก ข้อเสนอแนะ: ให้สำนักงานเศรษฐกิจการเกษตรพิจารณาประสานข้อมูลกับหน่วยงานที่เกี่ยวข้องเพื่อจัดเก็บรวบรวมฐานข้อมูลด้านข้าวให้มีความครอบคลุมตั้งแต่การผลิตจนถึงการจำหน่าย,,
FL-1977,ข้อตรวจพบที่ 1: กลุ่มแปลงใหญ่ข้าวส่วนใหญ่มีการใช้ประโยชน์สิ่งที่ได้รับการสนับสนุนจากโครงการฯ แต่ไม่ครบทุกกิจกรรม/ทุกรายการ,กรมส่งเสริมการเกษตร,โครงการยกระดับแปลงใหญ่ด้วยเกษตรสมัยใหม่และเชื่อมโยงตลาด,2565,บุคลากร/สมรรถนะ,"สาเหตุ: 1. สภาพภูมิอากาศ: การใช้ประโยชน์อุปกรณ์บางอย่างขึ้นอยู่กับสภาพอากาศ เช่น เครื่องหยอดข้าวและเครื่องอัดฟาง 2 โครงการเร่งด่วน: ระยะเวลาเสนอโครงการที่จำกัด ทำให้กลุ่มอาจไม่ได้พิจารณาอย่างรอบด้าน และขาดความรู้ความเข้าใจในการพัฒนาด้านต่าง ๆ 3 ขาดการดำเนินกิจกรรมร่วมกัน: กลุ่มรวมตัวเพื่อขอรับการสนับสนุน แต่ขาดการวางแผนการผลิตและรวบรวมผลผลิตร่วมกัน 4 การพิจารณาอนุมัติไม่รัดกุม: คณะกรรมการฯ ระดับจังหวัดอาจพิจารณาอนุมัติโดยไม่ได้คำนึงถึงความพร้อมของกลุ่มในด้านอื่น ๆ เช่น บุคลากร, ระบบสาธารณูปโภค 5 ขาดการกำกับติดตาม: หน่วยงานเจ้าของสินค้าแปลงใหญ่ในพื้นที่ขาดการกำกับและติดตามผลหลังสิ้นสุดโครงการ",รายละเอียด: จากการสุ่มตรวจสอบกลุ่มแปลงใหญ่ข้าว 80 แปลง พบว่า: - ใช้ประโยชน์แต่ไม่ครบ: 57 แปลง (71.25%) มีการใช้ประโยชน์สิ่งที่ได้รับแต่ไม่ครบทุกรายการ โดยมี 159 รายการที่ไม่ได้ใช้ประโยชน์ (มูลค่า 20.98 ล้านบาท) และ 95 รายการที่ใช้ประโยชน์ในระดับน้อย (มูลค่า 20.28 ล้านบาท) - ไม่ใช้ประโยชน์เลย: 2 แปลง (2.50%) ไม่มีการใช้ประโยชน์สิ่งที่ได้รับเลย (16 รายการ มูลค่า 5.93 ล้านบาท),"ข้อเสนอแนะ: 1. สำหรับโครงการในอนาคต: ควรกำหนดกรอบเวลาเสนอโครงการที่เหมาะสม, มีหลักเกณฑ์การพิจารณาที่ชัดเจน, และเพิ่มการพิจารณาความพร้อมของกลุ่มในด้านต่าง ๆ 2 การกำกับดูแล: กำหนดแนวทางและผู้รับผิดชอบในการกำกับดูแลและติดตามการดำเนินงานของกลุ่มแปลงใหญ่หลังสิ้นสุดโครงการให้ชัดเจน",ผลกระทบ: 1. สิ่งที่ไม่ได้ใช้ประโยชน์ (มูลค่า 26.91 ล้านบาท) ทำให้ระยะเวลารับประกันสูญไปโดยเปล่าประโยชน์ และกลุ่มต้องรับภาระค่าซ่อมแซมเองในอนาคต 2. สมาชิกเสียโอกาสในการนำเทคโนโลยีเกษตรสมัยใหม่มาใช้เพื่อเพิ่มประสิทธิภาพและลดต้นทุน 3. การใช้งบประมาณเงินกู้ในโครงการที่ไม่เร่งด่วนทำให้เกิดค่าเสียโอกาสและต้นทุนดอกเบี้ยโดยไม่จำเป็น
FL-1978,ข้อตรวจพบที่ 2: การดำเนินการของกลุ่มแปลงใหญ่ข้าวบางส่วนยังไม่บรรลุผลลัพธ์ตามที่กำหนดไว้,กรมส่งเสริมการเกษตร,โครงการยกระดับแปลงใหญ่ด้วยเกษตรสมัยใหม่และเชื่อมโยงตลาด,2565,,สาเหตุ: (เป็นสาเหตุชุดเดียวกับข้อตรวจพบที่ 1) ข้อเสนอแนะ: (เป็นข้อเสนอแนะชุดเดียวกับข้อตรวจพบที่ 1),รายละเอียด: จากการสุ่มตรวจสอบกลุ่มแปลงใหญ่ข้าว 80 แปลง พบว่า: - ด้านการผลิต (80 แปลง): 77 แปลง (96.25%) บรรลุผลลัพธ์ แต่ 3 แปลง (3.75%) ไม่บรรลุผล เนื่องจากไม่มีการใช้ประโยชน์จากสิ่งที่ได้รับหรือให้บริการในราคาเดียวกับภายนอก - ด้านคุณภาพ/มาตรฐาน (33 แปลง): 24 แปลง (72.73%) ไม่บรรลุผลลัพธ์ - ด้านการตลาด (11 แปลง): 11 แปลง (100%) ไม่บรรลุผลลัพธ์ นอกจากนี้ กลุ่มแปลงใหญ่ส่วนใหญ่ยังไม่สามารถดำเนินการให้บรรลุวัตถุประสงค์ทุกข้อและยังไม่ได้จัดสรรรายได้ตามสัดส่วนที่กำหนดไว้ในข้อเสนอโครงการ,,"ผลกระทบ: กลุ่มแปลงใหญ่ข้าวยังไม่สามารถเพิ่มประสิทธิภาพการผลิต, ยกระดับสินค้าสู่มาตรฐาน, หรือสร้างมูลค่าเพิ่มได้ตามที่มุ่งหวัง การไม่จัดสรรรายได้เพื่อบำรุงรักษาสิ่งที่ได้รับทำให้เกิดความเสี่ยงต่อการบริหารจัดการและความยั่งยืน"
FL-1979,ข้อสังเกตที่ 1: การดำเนินงานโครงการฯ และการเบิกจ่ายงบประมาณ ไม่เป็นไปตามแผนที่กำหนด,กรมส่งเสริมการเกษตร,โครงการยกระดับแปลงใหญ่ด้วยเกษตรสมัยใหม่และเชื่อมโยงตลาด,2565,,สาเหตุ: โครงการฯ มีระยะเวลาดำเนินการที่จำกัด และสถานการณ์การแพร่ระบาดของโรคโควิด-19 ทำให้การดำเนินกิจกรรมบางอย่างล่าช้า ข้อเสนอแนะ: หากมีโครงการลักษณะเดียวกันในอนาคต ควรกำหนดกรอบเวลาที่เหมาะสมและพิจารณาปัจจัยเสี่ยงที่อาจส่งผลกระทบต่อการดำเนินโครงการ,"รายละเอียด: กรมการข้าวได้รับงบประมาณสำหรับกลุ่มแปลงใหญ่ 2,637 แปลง แต่มีกลุ่มที่ไม่ประสงค์เข้าร่วมโครงการ 608 แปลง (23.06%) ทำให้ต้องตัดคืนงบอุดหนุน 1,513.3310 ล้านบาท ผลการดำเนินงานจริงต่ำกว่าเป้าหมาย โดยมีกลุ่มที่จัดซื้อแล้วเสร็จ 2,025 แปลง และมีเงินงบประมาณคงเหลือส่งคืน 87.6604 ล้านบาท",,ผลกระทบ: 1. การกระตุ้นเศรษฐกิจไม่เป็นไปตามคาดหวัง และกลุ่มแปลงใหญ่ที่ไม่เข้าร่วมโครงการ 608 แปลง เสียโอกาสในการเข้าถึงโครงการของรัฐ 2. งบประมาณเงินกู้ที่ไม่ได้ใช้ประโยชน์ทำให้เกิดค่าเสียโอกาสและมีภาระดอกเบี้ยโดยไม่จำเป็น
FL-1980,ข้อสังเกตที่ 2: การจดทะเบียนรถใช้งานเกษตรกรรมและรถประเภทอื่นที่ได้รับการสนับสนุนจากโครงการฯ,กรมส่งเสริมการเกษตร,โครงการยกระดับแปลงใหญ่ด้วยเกษตรสมัยใหม่และเชื่อมโยงตลาด,2565,,,รายละเอียด: กลุ่มแปลงใหญ่ข้าวบางกลุ่มยังไม่สามารถจดทะเบียนรถใช้งานเกษตรกรรมและรถประเภทอื่นที่ได้รับการสนับสนุนจากโครงการฯ ได้ เนื่องจากขาดแนวทางการดำเนินการที่ชัดเจนในคู่มือโครงการฯ และความสับสนเกี่ยวกับกรรมสิทธิ์ของทรัพย์สิน,ข้อเสนอแนะ: 1. เร่งดำเนินการประสานงานกับหน่วยงานที่เกี่ยวข้องเพื่อกำหนดแนวทางการจดทะเบียนรถในนามนิติบุคคลให้ชัดเจน 2. หากมีโครงการลักษณะเดียวกันในอนาคต ควรพิจารณาดำเนินการในแต่ละขั้นตอนอย่างรอบคอบ และกำหนดแนวทางที่ชัดเจนในประเด็นที่เกี่ยวข้องกับระเบียบของหน่วยงานอื่น ๆ,ผลกระทบ: กลุ่มแปลงใหญ่ข้าวไม่สามารถใช้ประโยชน์จากรถที่ได้รับการสนับสนุนได้อย่างเต็มประสิทธิภาพ และอาจมีปัญหาทางกฎหมายหากนำไปใช้งานโดยไม่มีทะเบียน สาเหตุ: คู่มือโครงการฯ ไม่ได้กำหนดแนวทางการจดทะเบียนรถและไม่ได้ระบุให้ชัดเจนว่ากรรมสิทธิ์เป็นของบุคคลหรือกลุ่ม
FL-1981,ข้อตรวจพบที่ 1: กลุ่มแปลงใหญ่ข้าวส่วนใหญ่มีการใช้ประโยชน์สิ่งที่ได้รับการสนับสนุนจากโครงการฯ แต่ไม่ครบทุกกิจกรรม/ทุกรายการ,กรมส่งเสริมการเกษตร,โครงการยกระดับแปลงใหญ่ด้วยเกษตรสมัยใหม่และเชื่อมโยงตลาด,2565,,,"รายละเอียด: จากการสุ่มตรวจสอบกลุ่มแปลงใหญ่ข้าว 80 แปลง พบว่า 57 แปลง (71.25%) มีการใช้ประโยชน์สิ่งที่ได้รับแต่ไม่ครบทุกรายการ โดยมี 159 รายการที่ไม่ได้ใช้ประโยชน์ (มูลค่า 20.98 ล้านบาท) และอีก 2 แปลง (2.50%) ไม่มีการใช้ประโยชน์สิ่งที่ได้รับเลย (มูลค่า 5.93 ล้านบาท) ผลกระทบ: 1. สิ่งที่ไม่ได้ใช้ประโยชน์ (มูลค่ารวม 26.91 ล้านบาท) ทำให้ระยะเวลารับประกันสูญไปโดยเปล่าประโยชน์ และกลุ่มต้องรับภาระค่าซ่อมแซมเองในอนาคต 2. สมาชิกกลุ่มเสียโอกาสในการนำเทคโนโลยีเกษตรสมัยใหม่มาใช้เพื่อเพิ่มประสิทธิภาพและลดต้นทุนการผลิต 3. การใช้งบประมาณเงินกู้ในโครงการที่ไม่เร่งด่วนทำให้เกิดค่าเสียโอกาสและมีภาระต้นทุนดอกเบี้ยโดยไม่จำเป็น สาเหตุ: 1. สภาพภูมิอากาศเป็นอุปสรรคต่อการใช้อุปกรณ์บางชนิด 2. ระยะเวลาเสนอโครงการที่จำกัด ทำให้กลุ่มอาจไม่ได้พิจารณาอย่างรอบด้าน 3. กลุ่มขาดการวางแผนการผลิตและรวบรวมผลผลิตร่วมกัน 4. คณะกรรมการฯ ระดับจังหวัดอาจอนุมัติโครงการโดยไม่ได้คำนึงถึงความพร้อมของกลุ่มในด้านอื่น ๆ 5. ขาดการกำกับและติดตามผลหลังสิ้นสุดโครงการ ข้อเสนอแนะ: 1. สำหรับโครงการในอนาคต: ควรกำหนดกรอบเวลาเสนอโครงการที่เหมาะสม, มีหลักเกณฑ์การพิจารณาที่ชัดเจน, และเพิ่มการพิจารณาความพร้อมของกลุ่มในด้านต่าง ๆ 2. การกำกับดูแล: กำหนดแนวทางและผู้รับผิดชอบในการกำกับดูแลและติดตามการดำเนินงานของกลุ่มแปลงใหญ่หลังสิ้นสุดโครงการให้ชัดเจน",,
FL-1982,ข้อตรวจพบที่ 2: การดำเนินการของกลุ่มแปลงใหญ่ข้าวบางส่วนยังไม่บรรลุผลลัพธ์ตามที่กำหนดไว้,กรมส่งเสริมการเกษตร,โครงการยกระดับแปลงใหญ่ด้วยเกษตรสมัยใหม่และเชื่อมโยงตลาด,2565,,,"รายละเอียด: จากการตรวจสอบ 80 แปลง พบว่า: - ด้านการผลิต: 3 แปลง (3.75%) ไม่บรรลุผลลัพธ์ - ด้านคุณภาพ/มาตรฐาน: 24 จาก 33 แปลง (72.73%) ไม่บรรลุผลลัพธ์ - ด้านการตลาด: 11 แปลง (100%) ไม่บรรลุผลลัพธ์ นอกจากนี้ กลุ่มแปลงใหญ่ส่วนใหญ่ยังไม่ได้จัดสรรรายได้ตามสัดส่วนที่กำหนดไว้ในข้อเสนอโครงการ ผลกระทบ: กลุ่มแปลงใหญ่ข้าวยังไม่สามารถเพิ่มประสิทธิภาพการผลิต, ยกระดับสินค้าสู่มาตรฐาน, หรือสร้างมูลค่าเพิ่มได้ตามที่มุ่งหวัง การไม่จัดสรรรายได้เพื่อบำรุงรักษาสิ่งที่ได้รับทำให้เกิดความเสี่ยงต่อความยั่งยืน สาเหตุ: (เป็นสาเหตุชุดเดียวกับข้อตรวจพบที่ 1) ข้อเสนอแนะ: (เป็นข้อเสนอแนะชุดเดียวกับข้อตรวจพบที่ 1)",,
FL-1983,ข้อสังเกตที่ 1: การดำเนินงานโครงการฯ และการเบิกจ่ายงบประมาณ ไม่เป็นไปตามแผนที่กำหนด,กรมส่งเสริมการเกษตร,โครงการยกระดับแปลงใหญ่ด้วยเกษตรสมัยใหม่และเชื่อมโยงตลาด,2565,,,"รายละเอียด: กรมการข้าวได้รับงบประมาณสำหรับ 2,637 แปลง แต่มีกลุ่มที่ไม่ประสงค์เข้าร่วมโครงการ 608 แปลง (23.06%) ทำให้ต้องตัดคืนงบประมาณ 1,513.3310 ล้านบาท และมีเงินงบประมาณคงเหลือส่งคืนอีก 87.6604 ล้านบาท ผลกระทบ: การกระตุ้นเศรษฐกิจไม่เป็นไปตามคาดหวัง และกลุ่มแปลงใหญ่ที่ไม่เข้าร่วม 608 แปลง เสียโอกาสในการเข้าถึงโครงการของรัฐ สาเหตุ: โครงการฯ มีระยะเวลาดำเนินการที่จำกัด และสถานการณ์การแพร่ระบาดของโรคโควิด-19 ทำให้การดำเนินกิจกรรมบางอย่างล่าช้า ข้อเสนอแนะ: หากมีโครงการลักษณะเดียวกันในอนาคต ควรกำหนดกรอบเวลาที่เหมาะสมและพิจารณาปัจจัยเสี่ยงที่อาจส่งผลกระทบต่อการดำเนินโครงการ",,
FL-1984,ข้อสังเกตที่ 2: การจดทะเบียนรถใช้งานเกษตรกรรมและรถประเภทอื่นที่ได้รับการสนับสนุนจากโครงการฯ,กรมส่งเสริมการเกษตร,โครงการยกระดับแปลงใหญ่ด้วยเกษตรสมัยใหม่และเชื่อมโยงตลาด,2565,,,รายละเอียด: กลุ่มแปลงใหญ่ข้าวบางกลุ่มยังไม่สามารถจดทะเบียนรถที่ได้รับจากโครงการได้ เนื่องจากขาดแนวทางการดำเนินการที่ชัดเจนในคู่มือ และมีความสับสนเกี่ยวกับกรรมสิทธิ์ของทรัพย์สิน ผลกระทบ: กลุ่มแปลงใหญ่ไม่สามารถใช้ประโยชน์จากรถที่ได้รับการสนับสนุนได้อย่างเต็มประสิทธิภาพ และอาจมีปัญหาทางกฎหมายหากนำไปใช้งานโดยไม่มีทะเบียน สาเหตุ: คู่มือโครงการไม่ได้กำหนดแนวทางการจดทะเบียนรถและไม่ได้ระบุให้ชัดเจนว่ากรรมสิทธิ์เป็นของบุคคลหรือกลุ่ม ข้อเสนอแนะ: 1. เร่งประสานงานกับหน่วยงานที่เกี่ยวข้องเพื่อกำหนดแนวทางการจดทะเบียนรถในนามนิติบุคคลให้ชัดเจน 2. หากมีโครงการลักษณะเดียวกันในอนาคต ควรกำหนดแนวทางที่ชัดเจนในประเด็นที่เกี่ยวข้องกับระเบียบของหน่วยงานอื่น ๆ ก่อนเริ่มโครงการ,,
FL-1985,ข้อตรวจพบที่ 1: การดำเนินโครงการฯ ในระยะที่ 1 มีการเบิกจ่ายงบประมาณต่ำกว่าเป้าหมาย,สำนักงานปลัดกระทรวงการอุดมศึกษา วิทยาศาสตร์ วิจัยและนวัตกรรม,โครงการ 1 ตำบล 1 มหาวิทยาลัย,2565,,,"รายละเอียด: มีการเบิกจ่ายงบประมาณเพียง 88.66% ของงบประมาณที่ได้รับจัดสรร โดยมีงบประมาณเหลือจ่าย 1,062.43 ล้านบาท เนื่องจากข้อจำกัดในการดำเนินงานช่วงสถานการณ์โควิด-19 และการจ้างงานไม่เป็นไปตามเป้าหมาย ผลกระทบ: ประชาชนในตำบลเป้าหมายเสียโอกาสในการพัฒนาและยกระดับเศรษฐกิจและสังคม และการจ้างงานไม่เป็นไปตามเป้าหมายทำให้บัณฑิตจบใหม่และประชาชนว่างงานเสียโอกาสในการมีงานทำ สาเหตุ: 1. การแพร่ระบาดของโควิด-19 ทำให้ไม่สามารถจัดกิจกรรมลงพื้นที่ได้ 2. การรับสมัครผู้ปฏิบัติงานไม่เป็นไปตามเป้าหมาย 3. การดำเนินกิจกรรมบางส่วนใช้งบประมาณน้อยกว่าที่ตั้งไว้ 4. มีการปรับเปลี่ยนกิจกรรมเนื่องจากสถานการณ์โควิด-19 ข้อเสนอแนะ: 1. ควรกำหนดแนวทางบริหารความเสี่ยงเพื่อรองรับสถานการณ์ที่ไม่คาดฝัน 2. ควรมีการสำรวจและจัดทำฐานข้อมูลกลุ่มเป้าหมายการจ้างงานให้ชัดเจน 3. ควรเปิดโอกาสให้มหาวิทยาลัยเสนอโครงการที่สอดคล้องกับศักยภาพและความต้องการของพื้นที่",,
FL-1986,ข้อตรวจพบที่ 2: การดำเนินงานโครงการฯ ไม่มีการจัดทำหรือพัฒนาระบบเทคโนโลยีสารสนเทศเพื่อการบริหารจัดการโครงการ,สำนักงานปลัดกระทรวงการอุดมศึกษา วิทยาศาสตร์ วิจัยและนวัตกรรม,โครงการ 1 ตำบล 1 มหาวิทยาลัย,2565,,,รายละเอียด: สป.อว. ไม่ได้จัดทำระบบเทคโนโลยีสารสนเทศเพื่อใช้ในการบริหารจัดการโครงการตามที่ระบุไว้ในข้อเสนอโครงการ ทำให้การรายงานผลและการติดตามการดำเนินงานขาดประสิทธิภาพ และมีปัญหาข้อมูลไม่ถูกต้อง ไม่เป็นปัจจุบัน ผลกระทบ: ขาดข้อมูลที่ถูกต้องและเป็นปัจจุบันในการติดตามและประเมินผล ซึ่งอาจส่งผลต่อการตัดสินใจเชิงนโยบาย และทำให้ฐานข้อมูลชุมชน (Community Big Data) ที่ได้จากโครงการขาดความน่าเชื่อถือ สาเหตุ: มีข้อจำกัดด้านระยะเวลาและงบประมาณในการพัฒนาระบบ และการรายงานผลผ่านระบบ PBM ที่มีอยู่แล้วมีปัญหาความไม่เสถียรและความไม่เข้าใจของผู้ใช้งาน ข้อเสนอแนะ: หากมีการจัดทำระบบเพื่อติดตามผลในอนาคต ควรทบทวนและวิเคราะห์ปัญหาที่เกิดขึ้น เพื่อปรับปรุงแก้ไข และควรมีการอบรมและจัดทำคู่มือการใช้งานที่ชัดเจน,,
FL-1987,ข้อตรวจพบที่ 1: กลุ่มแปลงใหญ่ยางพาราส่วนใหญ่มีการใช้ประโยชน์สิ่งที่ได้รับการสนับสนุนจากโครงการฯ แต่ไม่ครบทุกกิจกรรม/ทุกรายการ,กรมส่งเสริมการเกษตร,โครงการยกระดับแปลงใหญ่ด้วยเกษตรสมัยใหม่และเชื่อมโยงตลาด,2565,,,"รายละเอียด: จากการตรวจสอบ 15 แปลง พบว่า 14 แปลง (93.33%) มีการใช้ประโยชน์สิ่งที่ได้รับแต่ไม่ครบทุกรายการ โดยมี 66 รายการที่ไม่ได้ใช้ประโยชน์ (มูลค่า 22.02 ล้านบาท) และ 36 รายการที่ใช้ประโยชน์ในระดับน้อย (มูลค่า 9.53 ล้านบาท) ผลกระทบ: 1. สิ่งที่ไม่ได้ใช้ประโยชน์ (มูลค่า 22.02 ล้านบาท) ทำให้ระยะเวลารับประกันสูญไป และกลุ่มต้องรับภาระค่าซ่อมแซมเอง 2. สมาชิกเสียโอกาสในการนำเทคโนโลยีมาใช้เพื่อเพิ่มประสิทธิภาพและลดต้นทุน 3. การใช้งบประมาณเงินกู้ไม่เกิดความคุ้มค่า สาเหตุ: 1. สภาพภูมิอากาศ (ฝนตก) เป็นอุปสรรค 2. ระยะเวลาเสนอโครงการจำกัด ทำให้กลุ่มไม่ได้พิจารณาอย่างรอบด้าน 3. ขาดการดำเนินกิจกรรมร่วมกันในกลุ่ม 4. การพิจารณาอนุมัติไม่ได้คำนึงถึงความพร้อมของกลุ่มในด้านอื่น 5. ขาดการกำกับติดตามหลังสิ้นสุดโครงการ ข้อเสนอแนะ: 1. สำหรับโครงการในอนาคต: ควรกำหนดกรอบเวลาเสนอโครงการที่เหมาะสม, มีหลักเกณฑ์การพิจารณาที่ชัดเจน, และเพิ่มการพิจารณาความพร้อมของกลุ่มในด้านต่าง ๆ 2. การกำกับดูแล: กำหนดแนวทางและผู้รับผิดชอบในการกำกับดูแลและติดตามการดำเนินงานของกลุ่มแปลงใหญ่หลังสิ้นสุดโครงการให้ชัดเจน",,
FL-1988,ข้อตรวจพบที่ 2: การดำเนินการของกลุ่มแปลงใหญ่ยางพาราบางส่วนยังไม่บรรลุผลลัพธ์ตามที่กำหนดไว้,กรมส่งเสริมการเกษตร,โครงการยกระดับแปลงใหญ่ด้วยเกษตรสมัยใหม่และเชื่อมโยงตลาด,2565,,,"รายละเอียด: จากการตรวจสอบ 15 แปลง พบว่า: - ด้านการผลิต: 2 แปลง (13.33%) ไม่บรรลุผลลัพธ์ - ด้านคุณภาพ/มาตรฐาน: 4 จาก 6 แปลง (66.67%) ไม่บรรลุผลลัพธ์ - ด้านการตลาด: 2 จาก 5 แปลง (40%) ไม่บรรลุผลลัพธ์ นอกจากนี้ กลุ่มแปลงใหญ่ส่วนใหญ่ยังไม่ได้จัดสรรรายได้ตามสัดส่วนที่กำหนดไว้ในข้อเสนอโครงการ ผลกระทบ: กลุ่มแปลงใหญ่ยางพารายังไม่สามารถเพิ่มประสิทธิภาพการผลิต, ยกระดับสินค้าสู่มาตรฐาน, หรือสร้างมูลค่าเพิ่มได้ตามที่มุ่งหวัง การไม่จัดสรรรายได้เพื่อบำรุงรักษาทำให้เกิดความเสี่ยงต่อความยั่งยืน สาเหตุ: (เป็นสาเหตุชุดเดียวกับข้อตรวจพบที่ 1) ข้อเสนอแนะ: (เป็นข้อเสนอแนะชุดเดียวกับข้อตรวจพบที่ 1)",,
FL-1989,ข้อสังเกตที่ 1: การดำเนินงานโครงการฯ และการเบิกจ่ายงบประมาณ ไม่เป็นไปตามแผนที่กำหนด,กรมส่งเสริมการเกษตร,โครงการยกระดับแปลงใหญ่ด้วยเกษตรสมัยใหม่และเชื่อมโยงตลาด,2565,,,รายละเอียด: กยท. ได้รับงบประมาณสำหรับ 299 แปลง แต่มีกลุ่มที่ไม่ประสงค์เข้าร่วม 56 แปลง (18.73%) ทำให้ต้องตัดคืนงบประมาณ 141.67 ล้านบาท และมีเงินงบประมาณคงเหลือส่งคืนอีก 11.08 ล้านบาท ผลกระทบ: 1. การกระตุ้นเศรษฐกิจไม่เป็นไปตามคาดหวัง และกลุ่มแปลงใหญ่ที่ไม่เข้าร่วม 56 แปลง เสียโอกาสในการเข้าถึงโครงการ 2. งบประมาณเงินกู้ที่ไม่ได้ใช้ประโยชน์ทำให้เกิดค่าเสียโอกาสและมีภาระดอกเบี้ยโดยไม่จำเป็น สาเหตุ: โครงการฯ มีระยะเวลาดำเนินการที่จำกัด และสถานการณ์โควิด-19 ทำให้การดำเนินกิจกรรมบางอย่างล่าช้า ข้อเสนอแนะ: หากมีโครงการลักษณะเดียวกันในอนาคต ควรกำหนดกรอบเวลาที่เหมาะสมและพิจารณาปัจจัยเสี่ยงที่อาจส่งผลกระทบต่อการดำเนินโครงการ,,
FL-1990,ข้อสังเกตที่ 2: การจดทะเบียนรถใช้งานเกษตรกรรมและรถประเภทอื่นที่ได้รับการสนับสนุนจากโครงการฯ,กรมส่งเสริมการเกษตร,โครงการยกระดับแปลงใหญ่ด้วยเกษตรสมัยใหม่และเชื่อมโยงตลาด,2565,,,รายละเอียด: กลุ่มแปลงใหญ่ยางพาราบางกลุ่มยังไม่สามารถจดทะเบียนรถที่ได้รับจากโครงการได้ เนื่องจากขาดแนวทางการดำเนินการที่ชัดเจนในคู่มือ และมีความสับสนเกี่ยวกับกรรมสิทธิ์ของทรัพย์สิน ผลกระทบ: กลุ่มแปลงใหญ่ไม่สามารถใช้ประโยชน์จากรถที่ได้รับการสนับสนุนได้อย่างเต็มประสิทธิภาพ และอาจมีปัญหาทางกฎหมายหากนำไปใช้งานโดยไม่มีทะเบียน สาเหตุ: คู่มือโครงการไม่ได้กำหนดแนวทางการจดทะเบียนรถและไม่ได้ระบุให้ชัดเจนว่ากรรมสิทธิ์เป็นของบุคคลหรือกลุ่ม ข้อเสนอแนะ: 1. เร่งประสานงานกับหน่วยงานที่เกี่ยวข้องเพื่อกำหนดแนวทางการจดทะเบียนรถในนามนิติบุคคลให้ชัดเจน 2. หากมีโครงการลักษณะเดียวกันในอนาคต ควรกำหนดแนวทางที่ชัดเจนในประเด็นที่เกี่ยวข้องกับระเบียบของหน่วยงานอื่น ๆ ก่อนเริ่มโครงการ,,
FL-1991,ข้อตรวจพบที่ 1: กลุ่มแปลงใหญ่ส่วนใหญ่มีการใช้ประโยชน์สิ่งที่ได้รับการสนับสนุนจากโครงการฯ แต่ไม่ครบทุกกิจกรรม/ทุกรายการ,กรมส่งเสริมการเกษตร,โครงการยกระดับแปลงใหญ่ด้วยเกษตรสมัยใหม่และเชื่อมโยงตลาด,2565,,,"รายละเอียด: จากการสุ่มตรวจสอบ 265 แปลง พบว่า 205 แปลง (77.36%) มีการใช้ประโยชน์แต่ไม่ครบทุกรายการ และอีก 13 แปลง (4.91%) ไม่มีการใช้ประโยชน์เลย ซึ่งคิดเป็นมูลค่าสิ่งที่ไม่ได้ใช้ประโยชน์รวม 112.98 ล้านบาท ผลกระทบ: 1. สิ่งที่ไม่ได้ใช้ประโยชน์ทำให้ระยะเวลารับประกันสูญไป และกลุ่มต้องรับภาระค่าซ่อมแซมเอง 2. สมาชิกเสียโอกาสในการนำเทคโนโลยีมาใช้เพื่อเพิ่มประสิทธิภาพและลดต้นทุน 3. การใช้งบประมาณเงินกู้ไม่เกิดความคุ้มค่า สาเหตุ: 1. สภาพภูมิอากาศเป็นอุปสรรค 2. ระยะเวลาเสนอโครงการจำกัด ทำให้กลุ่มไม่ได้พิจารณาอย่างรอบด้าน 3. ขาดการดำเนินกิจกรรมร่วมกันในกลุ่ม 4. การพิจารณาอนุมัติไม่ได้คำนึงถึงความพร้อมของกลุ่มในด้านอื่น 5. ขาดการกำกับติดตามหลังสิ้นสุดโครงการ ข้อเสนอแนะ: 1. สำหรับโครงการในอนาคต: ควรกำหนดกรอบเวลาเสนอโครงการที่เหมาะสม, มีหลักเกณฑ์การพิจารณาที่ชัดเจน, และเพิ่มการพิจารณาความพร้อมของกลุ่มในด้านต่าง ๆ 2. การกำกับดูแล: กำหนดแนวทางและผู้รับผิดชอบในการกำกับดูแลและติดตามการดำเนินงานของกลุ่มแปลงใหญ่หลังสิ้นสุดโครงการให้ชัดเจน",,
FL-1992,ข้อตรวจพบที่ 2: การดำเนินการของกลุ่มแปลงใหญ่บางส่วนยังไม่บรรลุผลลัพธ์ตามที่กำหนดไว้,กรมส่งเสริมการเกษตร,โครงการยกระดับแปลงใหญ่ด้วยเกษตรสมัยใหม่และเชื่อมโยงตลาด,2565,,,"รายละเอียด: จากการตรวจสอบ 265 แปลง พบว่า: - ด้านการผลิต: 23 แปลง (8.68%) ไม่บรรลุผลลัพธ์ - ด้านคุณภาพ/มาตรฐาน: 73 จาก 118 แปลง (61.86%) ไม่บรรลุผลลัพธ์ - ด้านการตลาด: 29 จาก 41 แปลง (70.73%) ไม่บรรลุผลลัพธ์ นอกจากนี้ กลุ่มแปลงใหญ่ส่วนใหญ่ยังไม่ได้จัดสรรรายได้ตามสัดส่วนที่กำหนดไว้ในข้อเสนอโครงการ ผลกระทบ: กลุ่มแปลงใหญ่ยังไม่สามารถเพิ่มประสิทธิภาพการผลิต, ยกระดับสินค้าสู่มาตรฐาน, หรือสร้างมูลค่าเพิ่มได้ตามที่มุ่งหวัง การไม่จัดสรรรายได้เพื่อบำรุงรักษาทำให้เกิดความเสี่ยงต่อความยั่งยืน สาเหตุ: (เป็นสาเหตุชุดเดียวกับข้อตรวจพบที่ 1) ข้อเสนอแนะ: (เป็นข้อเสนอแนะชุดเดียวกับข้อตรวจพบที่ 1)",,
FL-1993,ข้อสังเกตที่ 1: การดำเนินงานโครงการฯ และการเบิกจ่ายงบประมาณ ไม่เป็นไปตามแผนที่กำหนด,กรมส่งเสริมการเกษตร,โครงการยกระดับแปลงใหญ่ด้วยเกษตรสมัยใหม่และเชื่อมโยงตลาด,2565,,,"รายละเอียด: กรมส่งเสริมการเกษตรได้รับงบประมาณสำหรับ 1,829 แปลง แต่มีกลุ่มที่ไม่ประสงค์เข้าร่วม 285 แปลง (15.58%) ทำให้ต้องตัดคืนงบประมาณ 696.53 ล้านบาท และมีเงินงบประมาณคงเหลือส่งคืนอีก 116.71 ล้านบาท ผลกระทบ: 1. การกระตุ้นเศรษฐกิจไม่เป็นไปตามคาดหวัง และกลุ่มแปลงใหญ่ที่ไม่เข้าร่วม 285 แปลง เสียโอกาสในการเข้าถึงโครงการ 2. งบประมาณเงินกู้ที่ไม่ได้ใช้ประโยชน์ทำให้เกิดค่าเสียโอกาสและมีภาระดอกเบี้ยโดยไม่จำเป็น สาเหตุ: โครงการฯ มีระยะเวลาดำเนินการที่จำกัด และสถานการณ์โควิด-19 ทำให้การดำเนินกิจกรรมบางอย่างล่าช้า ข้อเสนอแนะ: หากมีโครงการลักษณะเดียวกันในอนาคต ควรกำหนดกรอบเวลาที่เหมาะสมและพิจารณาปัจจัยเสี่ยงที่อาจส่งผลกระทบต่อการดำเนินโครงการ",,
FL-1994,ข้อสังเกตที่ 2: กลุ่มแปลงใหญ่ส่วนใหญ่ที่จดทะเบียนนิติบุคคลไม่สามารถดำเนินการในรูปแบบนิติบุคคลได้,กรมส่งเสริมการเกษตร,โครงการยกระดับแปลงใหญ่ด้วยเกษตรสมัยใหม่และเชื่อมโยงตลาด,2565,,,รายละเอียด: กลุ่มแปลงใหญ่ส่วนใหญ่ที่จดทะเบียนเป็นนิติบุคคล (บริษัท/ห้างหุ้นส่วนจำกัด) ไม่สามารถดำเนินการได้จริง โดยยังคงดำเนินกิจกรรมในรูปแบบกลุ่มเหมือนเดิม และบางกลุ่มต้องการยกเลิกการจดทะเบียนนิติบุคคล ผลกระทบ: 1. การบริหารจัดการทรัพย์สินของกลุ่มอาจเกิดความไม่โปร่งใส 2. การใช้จ่ายงบประมาณไม่คุ้มค่า เนื่องจากกลุ่มไม่สามารถใช้ประโยชน์จากการเป็นนิติบุคคลได้ สาเหตุ: 1. กลุ่มแปลงใหญ่ขาดความพร้อมและศักยภาพในการบริหารจัดการในรูปแบบนิติบุคคล 2. การประชาสัมพันธ์เพื่อสร้างความรู้ความเข้าใจเกี่ยวกับบทบาทหน้าที่ของนิติบุคคลแปลงใหญ่ยังไม่ชัดเจน ข้อเสนอแนะ: หาแนวทางหรือมาตรการรองรับกรณีที่กลุ่มแปลงใหญ่ต้องการยกเลิกการจดทะเบียนนิติบุคคล และแนวทางการบริหารจัดการทรัพย์สิน สำหรับกลุ่มที่ต้องการดำเนินการต่อ ควรสั่งการให้มีการเสริมสร้างความรู้ความเข้าใจที่ชัดเจนเกี่ยวกับรูปแบบการดำเนินงาน,,
FL-1995,ข้อตรวจพบ: การพัฒนาการคมนาคมขนส่งของประเทศไทยตามตัวชี้วัดเป้าหมายการพัฒนาที่ยั่งยืนส่วนใหญ่ยังไม่มีข้อมูลความก้าวหน้าหรือมีข้อมูลไม่ครบถ้วน และไม่มีการกำหนดค่าเป้าหมายตัวชี้วัด,สำนักงานสภาพัฒนาการเศรษฐกิจและสังคมแห่งชาติ,ของหน่วยงานรัฐที่เกี่ยวข้องกับการขนส่งที่ยั่งยืน (Sustainable Transport),2565,,,รายละเอียด: 1. ข้อมูลไม่ครบถ้วน: ตัวชี้วัดที่เกี่ยวข้องกับการคมนาคมขนส่ง 6 จาก 9 ตัวชี้วัด ยังไม่มีข้อมูลความก้าวหน้าหรือมีข้อมูลไม่ครบถ้วน 2. ไม่มีค่าเป้าหมาย: ตัวชี้วัด 8 จาก 9 ตัวชี้วัด ยังไม่มีการกำหนดค่าเป้าหมายตัวชี้วัดของประเทศไทย ผลกระทบ: ไม่สามารถทราบสถานการณ์และทิศทางการพัฒนาที่แท้จริง ทำให้การวางแผนและกำหนดนโยบายขาดข้อมูลสนับสนุนที่สำคัญ และอาจส่งผลต่อการบรรลุเป้าหมายการพัฒนาที่ยั่งยืนในภาพรวม สาเหตุ: 1. การจัดเก็บข้อมูลมีความล่าช้าและขาดความต่อเนื่อง 2. ขาดการบูรณาการข้อมูลระหว่างหน่วยงาน 3. ยังไม่มีหน่วยงานเจ้าภาพที่ชัดเจนในการจัดทำและประมวลผลข้อมูลบางตัวชี้วัด ข้อเสนอแนะ: 1. ให้ สศช. ประสานกับหน่วยงานที่เกี่ยวข้องเพื่อกำหนดหน่วยงานเจ้าภาพและแนวทางการจัดเก็บข้อมูลให้ชัดเจน 2. กำหนดให้มีการจัดทำและปรับปรุงข้อมูลอย่างต่อเนื่องและเป็นปัจจุบัน 3. พิจารณากำหนดค่าเป้าหมายตัวชี้วัดของประเทศให้ครบถ้วน,,
FL-1996,ข้อสังเกต: การส่งเสริมเป้าหมายการพัฒนาที่ยั่งยืนในระดับพื้นที่ยังไม่สามารถสะท้อนการพัฒนาได้อย่างเป็นรูปธรรม,สำนักงานสภาพัฒนาการเศรษฐกิจและสังคมแห่งชาติ,ของหน่วยงานรัฐที่เกี่ยวข้องกับการขนส่งที่ยั่งยืน (Sustainable Transport),2565,,,รายละเอียด: การดำเนินการจัดทำแผนพัฒนาท้องถิ่นของ อปท. ยังขาดการนำเป้าหมายการพัฒนาที่ยั่งยืน (SDGs) มาเป็นกรอบในการจัดทำแผนอย่างเป็นรูปธรรม ทำให้ไม่สามารถสะท้อนการพัฒนาในระดับพื้นที่ได้ ผลกระทบ: การจัดทำแผนพัฒนาท้องถิ่นอาจยังไม่สามารถสะท้อนการพัฒนาตามเป้าหมาย SDGs ได้อย่างเป็นรูปธรรม และ อปท. จำนวนมากเสียโอกาสในการนำแนวคิดการพัฒนาที่ยั่งยืนไปปรับใช้ ข้อเสนอแนะ: ให้ สศช. (ในฐานะเลขานุการ กพย.) พิจารณาให้ความสำคัญกับการเสริมสร้างความรู้ความเข้าใจให้กับ อปท. ในการนำแนวคิดการพัฒนาที่ยั่งยืนไปสู่การปฏิบัติ และสนับสนุนการมีส่วนร่วมของ อปท.,,
FL-1997,ข้อตรวจพบที่ 1: การพัฒนาท่าเรือเพื่อการท่องเที่ยวและการส่งเสริมการท่องเที่ยวทางน้ำยังไม่เป็นไปตามเป้าหมายของแผนแม่บทฯ,กรมเจ้าท่า,การพัฒนาการท่องเที่ยวสำราญทางน้ำ,2566,,,รายละเอียด: 1. การพัฒนาท่าเรือ: กรมเจ้าท่ายังไม่สามารถพัฒนาท่าเรือให้ได้มาตรฐานครบ 100 แห่งตามเป้าหมาย และการพัฒนาท่าเรืออัจฉริยะยังอยู่ในระยะเริ่มต้น 2. การส่งเสริมการท่องเที่ยว: การส่งเสริมการท่องเที่ยวทางน้ำยังไม่ครอบคลุมและขาดความต่อเนื่อง ผลกระทบ: นักท่องเที่ยวอาจไม่ได้รับความสะดวกสบายและความปลอดภัย และส่งผลกระทบต่อภาพลักษณ์การท่องเที่ยวทางน้ำของประเทศ สาเหตุ: 1. การบริหารจัดการโครงการของกรมเจ้าท่ายังขาดประสิทธิภาพและไม่ต่อเนื่อง 2. ขาดการบูรณาการระหว่างหน่วยงานที่เกี่ยวข้องในการพัฒนาและส่งเสริมการท่องเที่ยวทางน้ำ ข้อเสนอแนะ: 1. ให้กรมเจ้าท่าเร่งรัดการดำเนินงานและจัดทำแผนการพัฒนาท่าเรือให้ชัดเจน 2. ให้กระทรวงการท่องเที่ยวและกีฬากับกระทรวงคมนาคมบูรณาการการทำงานร่วมกัน 3. ให้มีการติดตามและประเมินผลการดำเนินงานอย่างสม่ำเสมอ,,
FL-1998,ข้อตรวจพบที่ 2: การรับรองมาตรฐานคุณภาพแหล่งท่องเที่ยวและที่พักเพื่อการท่องเที่ยวทางน้ำยังไม่ครอบคลุม,กรมเจ้าท่า,การพัฒนาการท่องเที่ยวสำราญทางน้ำ,2566,,,"รายละเอียด: 1. แหล่งท่องเที่ยวชายหาด: มีชายหาดที่ได้รับการรับรองมาตรฐานเพียง 15 แห่ง จากทั้งหมด 366 แห่ง (4.10%) 2. ที่พักเพื่อการท่องเที่ยว: มีโรงแรมและรีสอร์ทที่ได้รับการรับรองมาตรฐาน 1,811 แห่ง จากทั้งหมด 15,282 แห่ง (11.85%) ผลกระทบ: นักท่องเที่ยวขาดข้อมูลในการตัดสินใจเลือกใช้บริการแหล่งท่องเที่ยวและที่พักที่ได้มาตรฐาน และอาจไม่ได้รับความปลอดภัยและความสะดวกสบาย สาเหตุ: 1. การประชาสัมพันธ์เพื่อสร้างการรับรู้เกี่ยวกับตราสัญลักษณ์มาตรฐานการท่องเที่ยวไทยยังจำกัดในวงแคบ 2. ขาดการติดตามและกำกับดูแลแหล่งท่องเที่ยวที่ได้รับการรับรองมาตรฐานแล้ว ข้อเสนอแนะ: 1. กำหนดแนวทางประชาสัมพันธ์สร้างการรับรู้ตราสัญลักษณ์มาตรฐานการท่องเที่ยวไทยแก่ทุกภาคส่วน 2. ส่งเสริมและสนับสนุนให้ผู้ประกอบการยื่นขอรับการรับรองมาตรฐานคุณภาพ 3. พัฒนาและยกระดับแนวทางการติดตามและกำกับดูแลแหล่งท่องเที่ยวที่ได้รับการรับรองแล้ว",,
FL-1999,ข้อตรวจพบที่ 1 การดำเนินงานโครงการฯ และการใช้จ่ายเงินงบประมาณไม่เป็นไปตามแผนที่กำหนดไว้,มหาวิทยาลัยมหาสารคาม,โครงการวิจัยเชิงปฏิบัติการส่งเสริมการพัฒนายกระดับทักษะอาชีพในภาคเกษตรกรรม เพื่อสร้างมูลค่าเพิ่มและสร้างความเข้มแข็งแก่เศรษฐกิจฐานรากของชุมชน,2566,,,,,
FL-2000,ข้อตรวจพบที่ 2 การดำเนินงานโครงการฯ บางส่วนไม่บรรลุวัตถุประสงค์ตามที่กำหนด,มหาวิทยาลัยมหาสารคาม,โครงการวิจัยเชิงปฏิบัติการส่งเสริมการพัฒนายกระดับทักษะอาชีพในภาคเกษตรกรรม เพื่อสร้างมูลค่าเพิ่มและสร้างความเข้มแข็งแก่เศรษฐกิจฐานรากของชุมชน,2566,,,,,
FL-2001,ข้อตรวจพบที่ 3 กระบวนการจัดสรรปัจจัยการผลิตและวัสดุอุปกรณ์ให้กับกลุ่มวิสาหกิจชุมชน ไม่มีประสิทธิภาพ,มหาวิทยาลัยมหาสารคาม,โครงการวิจัยเชิงปฏิบัติการส่งเสริมการพัฒนายกระดับทักษะอาชีพในภาคเกษตรกรรม เพื่อสร้างมูลค่าเพิ่มและสร้างความเข้มแข็งแก่เศรษฐกิจฐานรากของชุมชน,2566,,,,,
FL-2002,ข้อสังเกต กลุ่มวิสาหกิจชุมชนที่เข้าร่วมโครงการฯ มีการกระจุกตัวในบางพื้นที่ โดยไม่มีการกระจายตัวของกลุ่มเป้าหมายอย่างทั่วถึงและครอบคลุมในแต่ละพื้นที่,มหาวิทยาลัยมหาสารคาม,โครงการวิจัยเชิงปฏิบัติการส่งเสริมการพัฒนายกระดับทักษะอาชีพในภาคเกษตรกรรม เพื่อสร้างมูลค่าเพิ่มและสร้างความเข้มแข็งแก่เศรษฐกิจฐานรากของชุมชน,2566,,,,,
FL-2003,ข้อตรวจพบ การดำเนินงานกิจกรรมของโครงการฯ ยังไม่ก่อให้เกิดผลลัพธ์ตามที่คาดหวัง และการใช้จ่ายเงินงบประมาณไม่เป็นไปตามแผนที่กำหนด,มหาวิทยาลัยราชภัฏมหาสารคาม,โครงการวิจัยและพัฒนาการสร้างอาชีพ สร้างรายได้ เพื่อฟื้นฟูเศรษฐกิจฐานรากจากผลกระทบการระบาดของโรคโควิด 19 สู่การพัฒนาที่ยั่งยืน ในเขตพื้นที่ภาคตะวันออกเฉียงเหนือและภาคใต้,2566,,,,,
FL-2004,ข้อสังเกตที่ 1 การประเมินผลของโครงการฯ ไม่เป็นไปตามแผนที่กำหนดและไม่สามารถประเมินผลได้ทุกผลลัพธ์จากแบบประเมินผลโครงการฯ,มหาวิทยาลัยราชภัฏมหาสารคาม,โครงการวิจัยและพัฒนาการสร้างอาชีพ สร้างรายได้ เพื่อฟื้นฟูเศรษฐกิจฐานรากจากผลกระทบการระบาดของโรคโควิด 19 สู่การพัฒนาที่ยั่งยืน ในเขตพื้นที่ภาคตะวันออกเฉียงเหนือและภาคใต้,2566,,,,,
FL-2005,ข้อสังเกตที่ 2 กลุ่มเป้าหมายที่เข้าร่วมโครงการฯ มีการกระจุกตัวในบางพื้นที่,มหาวิทยาลัยราชภัฏมหาสารคาม,โครงการวิจัยและพัฒนาการสร้างอาชีพ สร้างรายได้ เพื่อฟื้นฟูเศรษฐกิจฐานรากจากผลกระทบการระบาดของโรคโควิด 19 สู่การพัฒนาที่ยั่งยืน ในเขตพื้นที่ภาคตะวันออกเฉียงเหนือและภาคใต้,2566,,,,,
FL-2006,ข้อตรวจพบที่ 1 การดำเนินงานโครงการฯ ไม่เป็นไปตามแผนที่กำหนดไว้,มหาวิทยาลัยเทคโนโลยีราชมงคลอีสาน,โครงการถ่ายทอดเทคโนโลยีและนวัตกรรมด้านเกษตรกรรมและสมุนไพร สร้างความมั่นคงทางอาหารและด้านสุขภาพสู่ชุมชน เพื่อเพิ่มมูลค่าเสริมสร้างความเข้มแข็งของเศรษฐกิจฐานรากในภาวะวิกฤตโควิด - 19,2566,,,,,
FL-2007,ข้อตรวจพบที่ 2 กลุ่มเกษตรกรและชุมชนที่สุ่มตรวจสอบยังไม่มีการใช้ประโยชน์ปัจจัยการผลิตที่ได้รับสนับสนุนบางรายการ และการใช้ประโยชน์ปัจจัยการผลิตบางส่วนไม่เป็นไปตามเอกสารประกอบการฝึกอบรม,มหาวิทยาลัยเทคโนโลยีราชมงคลอีสาน,โครงการถ่ายทอดเทคโนโลยีและนวัตกรรมด้านเกษตรกรรมและสมุนไพร สร้างความมั่นคงทางอาหารและด้านสุขภาพสู่ชุมชน เพื่อเพิ่มมูลค่าเสริมสร้างความเข้มแข็งของเศรษฐกิจฐานรากในภาวะวิกฤตโควิด - 19,2566,,,,,
FL-2008,ข้อสังเกต กลุ่มเกษตรกรและชุมชนที่เข้าร่วมโครงการฯ กระจุกตัวในบางพื้นที่,มหาวิทยาลัยเทคโนโลยีราชมงคลอีสาน,โครงการถ่ายทอดเทคโนโลยีและนวัตกรรมด้านเกษตรกรรมและสมุนไพร สร้างความมั่นคงทางอาหารและด้านสุขภาพสู่ชุมชน เพื่อเพิ่มมูลค่าเสริมสร้างความเข้มแข็งของเศรษฐกิจฐานรากในภาวะวิกฤตโควิด - 19,2566,,,,,
FL-2009,ข้อตรวจพบที่ 1 การดำเนินงานตามกิจกรรมของโครงการเป็นไปตามเป้าหมายที่กำหนดไว้บางส่วน,มหาวิทยาลัยเกษตรศาสตร์,โครงการเสริมสร้างความเข้มแข็งให้กับเกษตรกร และเพิ่มประสิทธิภาพการจัดการสินค้าเกษตรสู่ผู้บริโภค,2566,,,,,
FL-2010,ข้อตรวจพบที่ 2 การตรวจรับงานจ้างเหมาพัฒนาระบบแพลตฟอร์มการตลาดออนไลน์บางส่วนเป็นไปตามขอบเขตของงาน,มหาวิทยาลัยเกษตรศาสตร์,โครงการเสริมสร้างความเข้มแข็งให้กับเกษตรกร และเพิ่มประสิทธิภาพการจัดการสินค้าเกษตรสู่ผู้บริโภค,2566,,,,,
FL-2011,ข้อสังเกต โครงการมีการรายงานความก้าวหน้าในการดำเนินโครงการฯ และรายงานปัญหา/อุปสรรค รวมทั้งแนวทางการแก้ไขปัญหา แต่ยังไม่เป็นไปตามระยะเวลาที่กำหนด,มหาวิทยาลัยเกษตรศาสตร์,โครงการเสริมสร้างความเข้มแข็งให้กับเกษตรกร และเพิ่มประสิทธิภาพการจัดการสินค้าเกษตรสู่ผู้บริโภค,2566,,,,,
FL-2012,ข้อตรวจพบที่ 1 การดำเนินงานไม่เป็นไปตามค่าเป้าหมายตัวชี้วัดที่กำหนดไว้ตามแผนย่อยการท่องเที่ยวสำราญทางน้ำตามแผนแม่บทภายใต้ยุทธศาสตร์ชาติ ประเด็นการท่องเที่ยว,กรมเจ้าท่า,การพัฒนาการท่องเที่ยวสำราญทางน้ำ,2566,,,,,
FL-2013,ข้อตรวจพบที่ 2 ท่าเรือท่องเที่ยวจำนวนหนึ่งมีสภาพไม่เป็นไปตามหลักเกณฑ์ที่กำหนดด้านความปลอดภัย,กรมเจ้าท่า,การพัฒนาการท่องเที่ยวสำราญทางน้ำ,2566,,,,,
FL-2014,ข้อตรวจพบที่ 1 การดำเนินงานโครงการฯ และการใช้จ่ายเงินงบประมาณไม่เป็นไปตามแผนที่กำหนดไว้,มหาวิทยาลัยมหาสารคาม,โครงการวิจัยเชิงปฏิบัติการส่งเสริมการพัฒนายกระดับทักษะอาชีพในภาคเกษตรกรรม เพื่อสร้างมูลค่าเพิ่มและสร้างความเข้มแข็งแก่เศรษฐกิจฐานรากของชุมชน,2566,,,,,
FL-2015,ข้อตรวจพบที่ 2 การดำเนินงานโครงการฯ บางส่วนไม่บรรลุวัตถุประสงค์ตามที่กำหนด,มหาวิทยาลัยมหาสารคาม,โครงการวิจัยเชิงปฏิบัติการส่งเสริมการพัฒนายกระดับทักษะอาชีพในภาคเกษตรกรรม เพื่อสร้างมูลค่าเพิ่มและสร้างความเข้มแข็งแก่เศรษฐกิจฐานรากของชุมชน,2566,,,,,
FL-2016,ข้อตรวจพบที่ 3 กระบวนการจัดสรรปัจจัยการผลิตและวัสดุอุปกรณ์ให้กับกลุ่มวิสาหกิจชุมชน ไม่มีประสิทธิภาพ,มหาวิทยาลัยมหาสารคาม,โครงการวิจัยเชิงปฏิบัติการส่งเสริมการพัฒนายกระดับทักษะอาชีพในภาคเกษตรกรรม เพื่อสร้างมูลค่าเพิ่มและสร้างความเข้มแข็งแก่เศรษฐกิจฐานรากของชุมชน,2566,,,,,
FL-2017,ข้อสังเกต กลุ่มวิสาหกิจชุมชนที่เข้าร่วมโครงการฯ มีการกระจุกตัวในบางพื้นที่ โดยไม่มีการกระจายตัวของกลุ่มเป้าหมายอย่างทั่วถึงและครอบคลุมในแต่ละพื้นที่,มหาวิทยาลัยมหาสารคาม,โครงการวิจัยเชิงปฏิบัติการส่งเสริมการพัฒนายกระดับทักษะอาชีพในภาคเกษตรกรรม เพื่อสร้างมูลค่าเพิ่มและสร้างความเข้มแข็งแก่เศรษฐกิจฐานรากของชุมชน,2566,,,,,
FL-2018,ข้อตรวจพบ การดำเนินงานกิจกรรมของโครงการฯ ยังไม่ก่อให้เกิดผลลัพธ์ตามที่คาดหวัง และการใช้จ่ายเงินงบประมาณไม่เป็นไปตามแผนที่กำหนด,มหาวิทยาลัยราชภัฏมหาสารคาม,โครงการวิจัยและพัฒนาการสร้างอาชีพ สร้างรายได้ เพื่อฟื้นฟูเศรษฐกิจฐานรากจากผลกระทบการระบาดของโรคโควิด 19 สู่การพัฒนาที่ยั่งยืน ในเขตพื้นที่ภาคตะวันออกเฉียงเหนือและภาคใต้,2566,,,,,
FL-2019,ข้อสังเกตที่ 1 การประเมินผลของโครงการฯ ไม่เป็นไปตามแผนที่กำหนดและไม่สามารถประเมินผลได้ทุกผลลัพธ์จากแบบประเมินผลโครงการฯ,มหาวิทยาลัยราชภัฏมหาสารคาม,โครงการวิจัยและพัฒนาการสร้างอาชีพ สร้างรายได้ เพื่อฟื้นฟูเศรษฐกิจฐานรากจากผลกระทบการระบาดของโรคโควิด 19 สู่การพัฒนาที่ยั่งยืน ในเขตพื้นที่ภาคตะวันออกเฉียงเหนือและภาคใต้,2566,,,,,
FL-2020,ข้อสังเกตที่ 2 กลุ่มเป้าหมายที่เข้าร่วมโครงการฯ มีการกระจุกตัวในบางพื้นที่,มหาวิทยาลัยราชภัฏมหาสารคาม,โครงการวิจัยและพัฒนาการสร้างอาชีพ สร้างรายได้ เพื่อฟื้นฟูเศรษฐกิจฐานรากจากผลกระทบการระบาดของโรคโควิด 19 สู่การพัฒนาที่ยั่งยืน ในเขตพื้นที่ภาคตะวันออกเฉียงเหนือและภาคใต้,2566,,,,,
FL-2021,ข้อตรวจพบที่ 1 การดำเนินงานโครงการฯ ไม่เป็นไปตามแผนที่กำหนดไว้,มหาวิทยาลัยเทคโนโลยีราชมงคลอีสาน,โครงการถ่ายทอดเทคโนโลยีและนวัตกรรมด้านเกษตรกรรมและสมุนไพร สร้างความมั่นคงทางอาหารและด้านสุขภาพสู่ชุมชน เพื่อเพิ่มมูลค่าเสริมสร้างความเข้มแข็งของเศรษฐกิจฐานรากในภาวะวิกฤตโควิด - 19,2566,,,,,
FL-2022,ข้อตรวจพบที่ 2 กลุ่มเกษตรกรและชุมชนที่สุ่มตรวจสอบยังไม่มีการใช้ประโยชน์ปัจจัยการผลิตที่ได้รับสนับสนุนบางรายการ และการใช้ประโยชน์ปัจจัยการผลิตบางส่วนไม่เป็นไปตามเอกสารประกอบการฝึกอบรม,มหาวิทยาลัยเทคโนโลยีราชมงคลอีสาน,โครงการถ่ายทอดเทคโนโลยีและนวัตกรรมด้านเกษตรกรรมและสมุนไพร สร้างความมั่นคงทางอาหารและด้านสุขภาพสู่ชุมชน เพื่อเพิ่มมูลค่าเสริมสร้างความเข้มแข็งของเศรษฐกิจฐานรากในภาวะวิกฤตโควิด - 19,2566,,,,,
FL-2023,ข้อสังเกต กลุ่มเกษตรกรและชุมชนที่เข้าร่วมโครงการฯ กระจุกตัวในบางพื้นที่,มหาวิทยาลัยเทคโนโลยีราชมงคลอีสาน,โครงการถ่ายทอดเทคโนโลยีและนวัตกรรมด้านเกษตรกรรมและสมุนไพร สร้างความมั่นคงทางอาหารและด้านสุขภาพสู่ชุมชน เพื่อเพิ่มมูลค่าเสริมสร้างความเข้มแข็งของเศรษฐกิจฐานรากในภาวะวิกฤตโควิด - 19,2566,,,,,
FL-2024,ข้อตรวจพบที่ 1 การดำเนินงานตามกิจกรรมของโครงการเป็นไปตามเป้าหมายที่กำหนดไว้บางส่วน,มหาวิทยาลัยเกษตรศาสตร์,โครงการเสริมสร้างความเข้มแข็งให้กับเกษตรกร และเพิ่มประสิทธิภาพการจัดการสินค้าเกษตรสู่ผู้บริโภค,2566,,,,,
FL-2025,ข้อตรวจพบที่ 2 การตรวจรับงานจ้างเหมาพัฒนาระบบแพลตฟอร์มการตลาดออนไลน์บางส่วนเป็นไปตามขอบเขตของงาน,มหาวิทยาลัยเกษตรศาสตร์,โครงการเสริมสร้างความเข้มแข็งให้กับเกษตรกร และเพิ่มประสิทธิภาพการจัดการสินค้าเกษตรสู่ผู้บริโภค,2566,,,,,
FL-2026,ข้อสังเกต โครงการมีการรายงานความก้าวหน้าในการดำเนินโครงการฯ และรายงานปัญหา/อุปสรรค รวมทั้งแนวทางการแก้ไขปัญหา แต่ยังไม่เป็นไปตามระยะเวลาที่กำหนด,มหาวิทยาลัยเกษตรศาสตร์,โครงการเสริมสร้างความเข้มแข็งให้กับเกษตรกร และเพิ่มประสิทธิภาพการจัดการสินค้าเกษตรสู่ผู้บริโภค,2566,,,,,
FL-2027,ข้อตรวจพบที่ 1 การดำเนินงานไม่เป็นไปตามค่าเป้าหมายตัวชี้วัดที่กำหนดไว้ตามแผนย่อยการท่องเที่ยวสำราญทางน้ำตามแผนแม่บทภายใต้ยุทธศาสตร์ชาติ ประเด็นการท่องเที่ยว,กรมเจ้าท่า,การพัฒนาการท่องเที่ยวสำราญทางน้ำ,2566,,,,,
FL-2028,ข้อตรวจพบที่ 2 ท่าเรือท่องเที่ยวจำนวนหนึ่งมีสภาพไม่เป็นไปตามหลักเกณฑ์ที่กำหนดด้านความปลอดภัย,กรมเจ้าท่า,การพัฒนาการท่องเที่ยวสำราญทางน้ำ,2566,,,,,
FL-2029,ข้อตรวจพบที่ 1 การขับเคลื่อนแผนแม่บทภายใต้ยุทธศาสตร์ชาติ ประเด็น (21) การต่อต้านการทุจริตและประพฤติมิชอบ บางส่วนยังไม่บรรลุค่าเป้าหมายของตัวชี้วัดตามที่กำหนด,สำนักงานคณะกรรมการป้องกันและปราบปรามการทุจริตแห่งชาติ,ตามยุทธศาสตร์ชาติด้านการปรับสมดุลและพัฒนาระบบการบริหารจัดการภาครัฐ ภายใต้แผนแม่บทการต่อต้านการทุจริตและประพฤติมิชอบ,2567,,,,,
FL-2030,ข้อตรวจพบที่ 2 การจัดสรรเงินกองทุน ป.ป.ช. ปีงบประมาณ พ.ศ. 2563 - 2566 ไม่ได้รวบรวมข้อมูลการสนับสนุนเงินกองทุน ป.ป.ช. ในแต่ละตัวชี้วัดของแผนแม่บทฯ,สำนักงานคณะกรรมการป้องกันและปราบปรามการทุจริตแห่งชาติ,ตามยุทธศาสตร์ชาติด้านการปรับสมดุลและพัฒนาระบบการบริหารจัดการภาครัฐ ภายใต้แผนแม่บทการต่อต้านการทุจริตและประพฤติมิชอบ,2567,,,,,
FL-2031,ข้อสังเกต เครื่องมือที่ใช้ในการประเมินคุณธรรมและความโปร่งใสของหน่วยงานภาครัฐ บางส่วนยังไม่ชัดเจน,สำนักงานคณะกรรมการป้องกันและปราบปรามการทุจริตแห่งชาติ,ตามยุทธศาสตร์ชาติด้านการปรับสมดุลและพัฒนาระบบการบริหารจัดการภาครัฐ ภายใต้แผนแม่บทการต่อต้านการทุจริตและประพฤติมิชอบ,2567,,,,,
FL-2032,ข้อตรวจพบ ผลการดำเนินงานโครงการฯ ไม่บรรลุผลลัพธ์ตามตัวชี้วัดที่กำหนด,มหาวิทยาลัยมหาสารคาม,โครงการพัฒนาศักยภาพผู้ประกอบการผลิตภัณฑ์ชุมชน เพื่อฟื้นฟูเศรษฐกิจท้องถิ่นและชุมชน,2567,,,,,
FL-2033,ข้อตรวจพบที่ 1 การดำเนินโครงการไม่บรรลุวัตถุประสงค์การใช้จ่ายงบประมาณรายจ่ายงบกลาง รายการเงินสำรองจ่ายเพื่อกรณีฉุกเฉินหรือจำเป็น และไม่ครอบคลุมกลุ่มเป้าหมายที่ควรได้รับความช่วยเหลือ,สำนักงบประมาณ,การใช้จ่ายเงินงบประมาณ พ.ศ. 2565 งบกลาง รายการเงินสำรองจ่ายเพื่อกรณีฉุกเฉินหรือจำเป็น เพื่อดำเนินงานโครงการช่วยเหลือเกษตรกรที่ประสบปัญหาจากการแพร่ระบาดของโรคติดเชื้อไวรัสโคโรนา 2019 (โควิด-19),2567,,,,,
FL-2034,ข้อตรวจพบที่ 2 มหาวิทยาลัยบางแห่งใช้จ่ายเงินโครงการเป็นค่าบำรุงมหาวิทยาลัย ซึ่งไม่ใช่รายการที่มีความเร่งด่วน ฉุกเฉินหรือจำเป็น,สำนักงบประมาณ,การใช้จ่ายเงินงบประมาณ พ.ศ. 2565 งบกลาง รายการเงินสำรองจ่ายเพื่อกรณีฉุกเฉินหรือจำเป็น เพื่อดำเนินงานโครงการช่วยเหลือเกษตรกรที่ประสบปัญหาจากการแพร่ระบาดของโรคติดเชื้อไวรัสโคโรนา 2019 (โควิด-19),2567,,,,,
FL-2035,ข้อตรวจพบที่ 3 มหาวิทยาลัยบางแห่งกำหนดค่าตอบแทนนักวิจัย และค่าจ้างผู้ช่วยนักวิจัยในจำนวนมาก,สำนักงบประมาณ,การใช้จ่ายเงินงบประมาณ พ.ศ. 2565 งบกลาง รายการเงินสำรองจ่ายเพื่อกรณีฉุกเฉินหรือจำเป็น เพื่อดำเนินงานโครงการช่วยเหลือเกษตรกรที่ประสบปัญหาจากการแพร่ระบาดของโรคติดเชื้อไวรัสโคโรนา 2019 (โควิด-19),2567,,,,,
FL-2036,ข้อตรวจพบที่ 1 การใช้จ่ายงบประมาณรายจ่ายบูรณาการ แผนงานบูรณาการต่อต้านการทุจริตและประพฤติมิชอบยังไม่มีประสิทธิภาพเท่าที่ควร,สำนักงานคณะกรรมการป้องกันและปราบปรามการทุจริตแห่งชาติ,แผนงานบูรณาการต่อต้านการทุจริตและประพฤติมิชอบ,2568,,,,,
FL-2037,ข้อตรวจพบที่ 2 การติดตามและประเมินผลโครงการยังไม่สามารถสะท้อนผลสัมฤทธิ์ของการใช้จ่ายงบประมาณรายจ่ายบูรณาการ แผนงานบูรณาการต่อต้านการทุจริตและประพฤติมิชอบ,สำนักงานคณะกรรมการป้องกันและปราบปรามการทุจริตแห่งชาติ,แผนงานบูรณาการต่อต้านการทุจริตและประพฤติมิชอบ,2568,,,,,
FL-2038,ข้อตรวจพบ การดำเนินโครงการรถไฟความเร็วสูงเชื่อม 3 สนามบิน ไม่เป็นไปตามแผนที่กำหนดไว้,การรถไฟแห่งประเทศไทย,โครงการรถไฟความเร็วสูงเชื่อม 3 สนามบิน,2567,,,,,
FL-2039,ข้อตรวจพบที่ 1 การดำเนินงานโครงการฯ และการใช้จ่ายเงินงบประมาณไม่เป็นไปตามแผนที่กำหนดไว้,มหาวิทยาลัยมหาสารคาม,โครงการวิจัยเชิงปฏิบัติการส่งเสริมการพัฒนายกระดับทักษะอาชีพในภาคเกษตรกรรม เพื่อสร้างมูลค่าเพิ่มและสร้างความเข้มแข็งแก่เศรษฐกิจฐานรากของชุมชน,2566,,,,,
FL-2040,ข้อตรวจพบที่ 2 การดำเนินงานโครงการฯ บางส่วนไม่บรรลุวัตถุประสงค์ตามที่กำหนด,มหาวิทยาลัยมหาสารคาม,โครงการวิจัยเชิงปฏิบัติการส่งเสริมการพัฒนายกระดับทักษะอาชีพในภาคเกษตรกรรม เพื่อสร้างมูลค่าเพิ่มและสร้างความเข้มแข็งแก่เศรษฐกิจฐานรากของชุมชน,2566,,,,,
FL-2041,ข้อตรวจพบที่ 3 กระบวนการจัดสรรปัจจัยการผลิตและวัสดุอุปกรณ์ให้กับกลุ่มวิสาหกิจชุมชน ไม่มีประสิทธิภาพ,มหาวิทยาลัยมหาสารคาม,โครงการวิจัยเชิงปฏิบัติการส่งเสริมการพัฒนายกระดับทักษะอาชีพในภาคเกษตรกรรม เพื่อสร้างมูลค่าเพิ่มและสร้างความเข้มแข็งแก่เศรษฐกิจฐานรากของชุมชน,2566,,,,,
FL-2042,ข้อสังเกต กลุ่มวิสาหกิจชุมชนที่เข้าร่วมโครงการฯ มีการกระจุกตัวในบางพื้นที่ โดยไม่มีการกระจายตัวของกลุ่มเป้าหมายอย่างทั่วถึงและครอบคลุมในแต่ละพื้นที่,มหาวิทยาลัยมหาสารคาม,โครงการวิจัยเชิงปฏิบัติการส่งเสริมการพัฒนายกระดับทักษะอาชีพในภาคเกษตรกรรม เพื่อสร้างมูลค่าเพิ่มและสร้างความเข้มแข็งแก่เศรษฐกิจฐานรากของชุมชน,2566,,,,,
FL-2043,ข้อตรวจพบ การดำเนินงานกิจกรรมของโครงการฯ ยังไม่ก่อให้เกิดผลลัพธ์ตามที่คาดหวัง และการใช้จ่ายเงินงบประมาณไม่เป็นไปตามแผนที่กำหนด,มหาวิทยาลัยราชภัฏมหาสารคาม,โครงการวิจัยและพัฒนาการสร้างอาชีพ สร้างรายได้ เพื่อฟื้นฟูเศรษฐกิจฐานรากจากผลกระทบการระบาดของโรคโควิด 19 สู่การพัฒนาที่ยั่งยืน ในเขตพื้นที่ภาคตะวันออกเฉียงเหนือและภาคใต้,2566,,,,,
FL-2044,ข้อสังเกตที่ 1 การประเมินผลของโครงการฯ ไม่เป็นไปตามแผนที่กำหนดและไม่สามารถประเมินผลได้ทุกผลลัพธ์จากแบบประเมินผลโครงการฯ,มหาวิทยาลัยราชภัฏมหาสารคาม,โครงการวิจัยและพัฒนาการสร้างอาชีพ สร้างรายได้ เพื่อฟื้นฟูเศรษฐกิจฐานรากจากผลกระทบการระบาดของโรคโควิด 19 สู่การพัฒนาที่ยั่งยืน ในเขตพื้นที่ภาคตะวันออกเฉียงเหนือและภาคใต้,2566,,,,,
FL-2045,ข้อสังเกตที่ 2 กลุ่มเป้าหมายที่เข้าร่วมโครงการฯ มีการกระจุกตัวในบางพื้นที่,มหาวิทยาลัยราชภัฏมหาสารคาม,โครงการวิจัยและพัฒนาการสร้างอาชีพ สร้างรายได้ เพื่อฟื้นฟูเศรษฐกิจฐานรากจากผลกระทบการระบาดของโรคโควิด 19 สู่การพัฒนาที่ยั่งยืน ในเขตพื้นที่ภาคตะวันออกเฉียงเหนือและภาคใต้,2566,,,,,
FL-2046,ข้อตรวจพบที่ 1 การดำเนินงานโครงการฯ ไม่เป็นไปตามแผนที่กำหนดไว้,มหาวิทยาลัยเทคโนโลยีราชมงคลอีสาน,โครงการถ่ายทอดเทคโนโลยีและนวัตกรรมด้านเกษตรกรรมและสมุนไพร สร้างความมั่นคงทางอาหารและด้านสุขภาพสู่ชุมชน เพื่อเพิ่มมูลค่าเสริมสร้างความเข้มแข็งของเศรษฐกิจฐานรากในภาวะวิกฤตโควิด - 19,2566,,,,,
FL-2047,ข้อตรวจพบที่ 2 กลุ่มเกษตรกรและชุมชนที่สุ่มตรวจสอบยังไม่มีการใช้ประโยชน์ปัจจัยการผลิตที่ได้รับสนับสนุนบางรายการ และการใช้ประโยชน์ปัจจัยการผลิตบางส่วนไม่เป็นไปตามเอกสารประกอบการฝึกอบรม,มหาวิทยาลัยเทคโนโลยีราชมงคลอีสาน,โครงการถ่ายทอดเทคโนโลยีและนวัตกรรมด้านเกษตรกรรมและสมุนไพร สร้างความมั่นคงทางอาหารและด้านสุขภาพสู่ชุมชน เพื่อเพิ่มมูลค่าเสริมสร้างความเข้มแข็งของเศรษฐกิจฐานรากในภาวะวิกฤตโควิด - 19,2566,,,,,
FL-2048,ข้อสังเกต กลุ่มเกษตรกรและชุมชนที่เข้าร่วมโครงการฯ กระจุกตัวในบางพื้นที่,มหาวิทยาลัยเทคโนโลยีราชมงคลอีสาน,โครงการถ่ายทอดเทคโนโลยีและนวัตกรรมด้านเกษตรกรรมและสมุนไพร สร้างความมั่นคงทางอาหารและด้านสุขภาพสู่ชุมชน เพื่อเพิ่มมูลค่าเสริมสร้างความเข้มแข็งของเศรษฐกิจฐานรากในภาวะวิกฤตโควิด - 19,2566,,,,,
FL-2049,ข้อตรวจพบที่ 1 การดำเนินงานตามกิจกรรมของโครงการเป็นไปตามเป้าหมายที่กำหนดไว้บางส่วน,มหาวิทยาลัยเกษตรศาสตร์,โครงการเสริมสร้างความเข้มแข็งให้กับเกษตรกร และเพิ่มประสิทธิภาพการจัดการสินค้าเกษตรสู่ผู้บริโภค,2566,,,,,
FL-2050,ข้อตรวจพบที่ 2 การตรวจรับงานจ้างเหมาพัฒนาระบบแพลตฟอร์มการตลาดออนไลน์บางส่วนเป็นไปตามขอบเขตของงาน,มหาวิทยาลัยเกษตรศาสตร์,โครงการเสริมสร้างความเข้มแข็งให้กับเกษตรกร และเพิ่มประสิทธิภาพการจัดการสินค้าเกษตรสู่ผู้บริโภค,2566,,,,,
FL-2051,ข้อสังเกต โครงการมีการรายงานความก้าวหน้าในการดำเนินโครงการฯ และรายงานปัญหา/อุปสรรค รวมทั้งแนวทางการแก้ไขปัญหา แต่ยังไม่เป็นไปตามระยะเวลาที่กำหนด,มหาวิทยาลัยเกษตรศาสตร์,โครงการเสริมสร้างความเข้มแข็งให้กับเกษตรกร และเพิ่มประสิทธิภาพการจัดการสินค้าเกษตรสู่ผู้บริโภค,2566,,,,,
FL-2052,ข้อตรวจพบที่ 1 การดำเนินงานไม่เป็นไปตามค่าเป้าหมายตัวชี้วัดที่กำหนดไว้ตามแผนย่อยการท่องเที่ยวสำราญทางน้ำตามแผนแม่บทภายใต้ยุทธศาสตร์ชาติ ประเด็นการท่องเที่ยว,กรมเจ้าท่า,การพัฒนาการท่องเที่ยวสำราญทางน้ำ,2566,,,,,
FL-2053,ข้อตรวจพบที่ 2 ท่าเรือท่องเที่ยวจำนวนหนึ่งมีสภาพไม่เป็นไปตามหลักเกณฑ์ที่กำหนดด้านความปลอดภัย,กรมเจ้าท่า,การพัฒนาการท่องเที่ยวสำราญทางน้ำ,2566,,,,,
FL-2054,ข้อตรวจพบที่ 1 การขับเคลื่อนแผนแม่บทภายใต้ยุทธศาสตร์ชาติ ประเด็น (21) การต่อต้านการทุจริตและประพฤติมิชอบ บางส่วนยังไม่บรรลุค่าเป้าหมายของตัวชี้วัดตามที่กำหนด,สำนักงานคณะกรรมการป้องกันและปราบปรามการทุจริตแห่งชาติ,ตามยุทธศาสตร์ชาติด้านการปรับสมดุลและพัฒนาระบบการบริหารจัดการภาครัฐ ภายใต้แผนแม่บทการต่อต้านการทุจริตและประพฤติมิชอบ,2567,,,,,
FL-2055,ข้อตรวจพบที่ 2 การจัดสรรเงินกองทุน ป.ป.ช. ปีงบประมาณ พ.ศ. 2563 - 2566 ไม่ได้รวบรวมข้อมูลการสนับสนุนเงินกองทุน ป.ป.ช. ในแต่ละตัวชี้วัดของแผนแม่บทฯ,สำนักงานคณะกรรมการป้องกันและปราบปรามการทุจริตแห่งชาติ,ตามยุทธศาสตร์ชาติด้านการปรับสมดุลและพัฒนาระบบการบริหารจัดการภาครัฐ ภายใต้แผนแม่บทการต่อต้านการทุจริตและประพฤติมิชอบ,2567,,,,,
FL-2056,ข้อสังเกต เครื่องมือที่ใช้ในการประเมินคุณธรรมและความโปร่งใสของหน่วยงานภาครัฐ บางส่วนยังไม่ชัดเจน,สำนักงานคณะกรรมการป้องกันและปราบปรามการทุจริตแห่งชาติ,ตามยุทธศาสตร์ชาติด้านการปรับสมดุลและพัฒนาระบบการบริหารจัดการภาครัฐ ภายใต้แผนแม่บทการต่อต้านการทุจริตและประพฤติมิชอบ,2567,,,,,
FL-2057,ข้อตรวจพบ ผลการดำเนินงานโครงการฯ ไม่บรรลุผลลัพธ์ตามตัวชี้วัดที่กำหนด,มหาวิทยาลัยมหาสารคาม,โครงการพัฒนาศักยภาพผู้ประกอบการผลิตภัณฑ์ชุมชน เพื่อฟื้นฟูเศรษฐกิจท้องถิ่นและชุมชน,2567,,,,,
FL-2058,ข้อตรวจพบที่ 1 การดำเนินโครงการไม่บรรลุวัตถุประสงค์การใช้จ่ายงบประมาณรายจ่ายงบกลาง รายการเงินสำรองจ่ายเพื่อกรณีฉุกเฉินหรือจำเป็น และไม่ครอบคลุมกลุ่มเป้าหมายที่ควรได้รับความช่วยเหลือ,สำนักงบประมาณ,การใช้จ่ายเงินงบประมาณ พ.ศ. 2565 งบกลาง รายการเงินสำรองจ่ายเพื่อกรณีฉุกเฉินหรือจำเป็น เพื่อดำเนินงานโครงการช่วยเหลือเกษตรกรที่ประสบปัญหาจากการแพร่ระบาดของโรคติดเชื้อไวรัสโคโรนา 2019 (โควิด-19),2567,,,,,
FL-2059,ข้อตรวจพบที่ 2 มหาวิทยาลัยบางแห่งใช้จ่ายเงินโครงการเป็นค่าบำรุงมหาวิทยาลัย ซึ่งไม่ใช่รายการที่มีความเร่งด่วน ฉุกเฉินหรือจำเป็น,สำนักงบประมาณ,การใช้จ่ายเงินงบประมาณ พ.ศ. 2565 งบกลาง รายการเงินสำรองจ่ายเพื่อกรณีฉุกเฉินหรือจำเป็น เพื่อดำเนินงานโครงการช่วยเหลือเกษตรกรที่ประสบปัญหาจากการแพร่ระบาดของโรคติดเชื้อไวรัสโคโรนา 2019 (โควิด-19),2567,,,,,
FL-2060,ข้อตรวจพบที่ 3 มหาวิทยาลัยบางแห่งกำหนดค่าตอบแทนนักวิจัย และค่าจ้างผู้ช่วยนักวิจัยในจำนวนมาก,สำนักงบประมาณ,การใช้จ่ายเงินงบประมาณ พ.ศ. 2565 งบกลาง รายการเงินสำรองจ่ายเพื่อกรณีฉุกเฉินหรือจำเป็น เพื่อดำเนินงานโครงการช่วยเหลือเกษตรกรที่ประสบปัญหาจากการแพร่ระบาดของโรคติดเชื้อไวรัสโคโรนา 2019 (โควิด-19),2567,,,,,
FL-2061,ข้อตรวจพบ การดำเนินโครงการรถไฟความเร็วสูงเชื่อม 3 สนามบิน ไม่เป็นไปตามแผนที่กำหนดไว้,การรถไฟแห่งประเทศไทย,โครงการรถไฟความเร็วสูงเชื่อม 3 สนามบิน,2567,,,,,
FL-2062,ข้อตรวจพบที่ 1 การใช้จ่ายงบประมาณรายจ่ายบูรณาการ แผนงานบูรณาการต่อต้านการทุจริตและประพฤติมิชอบยังไม่มีประสิทธิภาพเท่าที่ควร,สำนักงานคณะกรรมการป้องกันและปราบปรามการทุจริตแห่งชาติ,แผนงานบูรณาการต่อต้านการทุจริตและประพฤติมิชอบ,2568,,,,,
FL-2063,ข้อตรวจพบที่ 2 การติดตามและประเมินผลโครงการยังไม่สามารถสะท้อนผลสัมฤทธิ์ของการใช้จ่ายงบประมาณรายจ่ายบูรณาการ แผนงานบูรณาการต่อต้านการทุจริตและประพฤติมิชอบ,สำนักงานคณะกรรมการป้องกันและปราบปรามการทุจริตแห่งชาติ,แผนงานบูรณาการต่อต้านการทุจริตและประพฤติมิชอบ,2568,,,,,
FL-2064,ข้อตรวจพบที่ 1 ผู้ที่มีภาวะพึ่งพิงบางรายไม่สามารถเข้าถึงระบบการดูแลระยะยาวด้านสาธารณสุข และบางรายยังไม่ได้รับการดูแลอย่างต่อเนื่อง,กรมอนามัย,การพัฒนาและขับเคลื่อนระบบการส่งเสริมและคุ้มครองสุขภาพผู้สูงอายุที่มีภาวะพึ่งพิงที่บ้านและชุมชน,2568,,,,,
FL-2065,ข้อตรวจพบที่ 2 หน่วยจัดบริการบางแห่งมีจำนวนบุคลากรการดูแลผู้ที่มีภาวะพึ่งพิงไม่เพียงพอ และบางรายยังไม่ได้รับการฟื้นฟูศักยภาพตามที่หลักสูตรกำหนด,กรมอนามัย,การพัฒนาและขับเคลื่อนระบบการส่งเสริมและคุ้มครองสุขภาพผู้สูงอายุที่มีภาวะพึ่งพิงที่บ้านและชุมชน,2568,,,,,
FL-2066,ข้อตรวจพบที่ 3 ระบบข้อมูลบุคลากรการดูแลระยะยาวและแผนการดูแลรายบุคคลของกรมอนามัย (ระบบ 3C) ยังไม่ครบถ้วน ถูกต้อง และเป็นปัจจุบัน,กรมอนามัย,การพัฒนาและขับเคลื่อนระบบการส่งเสริมและคุ้มครองสุขภาพผู้สูงอายุที่มีภาวะพึ่งพิงที่บ้านและชุมชน,2568,,,,,
FL-2067,ข้อตรวจพบที่ 4 การขับเคลื่อนการออกเทศบัญญัติตามประกาศกระทรวงสาธารณสุข เรื่อง มาตรการควบคุมกำกับดูแลการประกอบกิจการให้บริการดูแลผู้สูงอายุที่บ้านของผู้รับบริการ พ.ศ. 2564 ยังไม่เป็นไปตามเป้าหมายที่กำหนดไว้,กรมอนามัย,การพัฒนาและขับเคลื่อนระบบการส่งเสริมและคุ้มครองสุขภาพผู้สูงอายุที่มีภาวะพึ่งพิงที่บ้านและชุมชน,2568,,,,,
FL-2068,ข้อตรวจพบ การบริหารจัดการกากขยะแผงเซลล์แสงอาทิตย์ (Solar cell) ของประเทศยังไม่มีประสิทธิภาพเท่าที่ควร,กระทรวงพลังงาน,ระบบการบริหารจัดการกากขยะแผงเซลล์แสงอาทิตย์ (Solar cell),2568,,,,,
FL-2069,ข้อตรวจพบที่ 1 ผลการดำเนินงานโครงการฯ ยังไม่บรรลุผลสัมฤทธิ์ตามที่โครงการฯ มุ่งหวัง,มหาวิทยาลัยการกีฬาแห่งชาติ,โครงการพัฒนาศักยภาพนักกีฬาสู่ความเป็นเลิศ,2568,,,,,
FL-2070,ข้อตรวจพบที่ 2 ครุภัณฑ์การศึกษาบางรายการไม่มีการใช้ประโยชน์ตามวัตถุประสงค์ของโครงการฯ,มหาวิทยาลัยการกีฬาแห่งชาติ,โครงการพัฒนาศักยภาพนักกีฬาสู่ความเป็นเลิศ,2568,,,,,
FL-2071,ข้อตรวจพบ การถ่ายโอนภารกิจโรงพยาบาลส่งเสริมสุขภาพตำบลไปยังองค์การบริหารส่วนจังหวัดยังพบปัญหาด้านบุคลากร ด้านทรัพย์สิน และด้านการเงิน,สำนักงานปลัดสำนักนายกรัฐมนตรี,การตรวจสอบผลสัมฤทธิ์และประสิทธิภาพในการถ่ายโอนโรงพยาบาลส่งเสริมสุขภาพตำบลไปยังองค์การบริหารส่วนจังหวัด,2568,,,,,
FL-2072,ข้อตรวจพบที่ 1 การดำเนินงานโครงการฯ ไม่สามารถสะท้อนถึงผลสัมฤทธิ์ที่เกิดขึ้นจริง,สำนักงานปลัดกระทรวงพลังงาน,โครงการเพิ่มสมรรถนะด้านการบริหารและจัดการพลังงานครบวงจรในชุมชนระดับตำบล และเครือข่ายพลังงานชุมชน,2568,,,,,
FL-2073,ข้อตรวจพบที่ 2 กลุ่มเป้าหมายที่เข้าร่วมโครงการฯ บางส่วน ไม่ได้ใช้ประโยชน์จากเทคโนโลยีพลังงานชุมชนที่ได้รับการสนับสนุน,สำนักงานปลัดกระทรวงพลังงาน,โครงการเพิ่มสมรรถนะด้านการบริหารและจัดการพลังงานครบวงจรในชุมชนระดับตำบล และเครือข่ายพลังงานชุมชน,2568,,,,,
FL-2074,ข้อตรวจพบที่ 1: การบริหารจัดการสถานศึกษาในสังกัดองค์กรปกครองส่วนท้องถิ่นไม่เป็นไปตามมาตรฐานที่กำหนด,สำนักงานคณะกรรมการการศึกษาขั้นพื้นฐาน,การจัดการศึกษาระดับปฐมวัย,2564,บุคลากร/สมรรถนะ,"สาเหตุ: 1. อปท. ขาดการมอบหมายหรือแต่งตั้งผู้รับผิดชอบโดยตรงในการสำรวจ ติดตาม และประเมินผลสภาพแวดล้อมของสถานศึกษาอย่างต่อเนื่อง. 2. อปท., สถานศึกษา, และบุคลากรที่เกี่ยวข้องขาดความเข้าใจในการปฏิบัติให้เป็นไปตามมาตรฐานสถานพัฒนาเด็กปฐมวัยแห่งชาติ. 3. อปท. ขาดการบริหารจัดการบุคลากรทางการศึกษาอย่างเป็นระบบและมีประสิทธิภาพในการจัดอัตราส่วนครูให้เพียงพอ.","รายละเอียด: 1. การบริหารจัดการสภาพแวดล้อม: อปท. ที่สุ่มตรวจสอบ 16 แห่ง ไม่ได้บริหารจัดการสภาพแวดล้อมของสถานศึกษาในสังกัดให้เป็นไปตามมาตรฐานสถานพัฒนาเด็กปฐมวัยแห่งชาติ โดยไม่เป็นไปตามมาตรฐานมากถึง 11 จาก 12 ตัวบ่งชี้ย่อย เช่น การจัดการความปลอดภัยของพื้นที่เล่น, ระบบรับเหตุฉุกเฉิน และการจัดห้องน้ำให้เพียงพอและปลอดภัย. 2. การบริหารจัดการบุคลากร: สถานศึกษาในสังกัด อปท. ส่วนใหญ่มีอัตราส่วนนักเรียนต่อครูหรือผู้ดูแลเด็กไม่เป็นไปตามเกณฑ์ที่กำหนด โดยเฉพาะในปีการศึกษา 2562 ในกลุ่มเด็กอายุ 2-3 ปี มีศูนย์พัฒนาเด็กเล็กถึง 35 แห่งที่ไม่เป็นไปตามเกณฑ์.","ข้อเสนอแนะ: 1. กำชับให้ อปท. บริหารจัดการสภาพแวดล้อมของสถานศึกษาให้เป็นไปตามมาตรฐานฯ โดยจัดทำนโยบายและแผน, มอบหมายผู้รับผิดชอบ, และจัดให้มีระบบความปลอดภัยต่างๆ. 2. สร้างความรู้ความเข้าใจให้แก่ครูและบุคลากรที่เกี่ยวข้องเกี่ยวกับมาตรฐานสถานพัฒนาเด็กปฐมวัยแห่งชาติ. 3. กำชับให้ อปท. บริหารจัดการบุคลากรโดยจัดหาครูหรือผู้ดูแลเด็กให้มีอัตราส่วนเหมาะสมเพียงพอต่อจำนวนนักเรียนตามเกณฑ์.",ผลกระทบ: 1. เด็กปฐมวัยมีโอกาสได้รับอุบัติเหตุและอันตราย มีคุณภาพชีวิตที่ไม่ดี และเสี่ยงต่อโรคภัยไข้เจ็บ. 2. เด็กปฐมวัย โดยเฉพาะช่วงอายุ 2-3 ปี ไม่ได้รับการอบรมเลี้ยงดูและพัฒนาอย่างเพียงพอและเต็มประสิทธิภาพ.
FL-2075,ข้อตรวจพบที่ 2: การจัดประสบการณ์การเรียนรู้และการเล่นเพื่อพัฒนาเด็กปฐมวัยในสถานศึกษาสังกัดองค์กรปกครองส่วนท้องถิ่นไม่เป็นไปตามมาตรฐานที่กำหนด,สำนักงานคณะกรรมการการศึกษาขั้นพื้นฐาน,การจัดการศึกษาระดับปฐมวัย,2564,การเงิน/พัสดุ,สาเหตุ: 1. กรมส่งเสริมการปกครองท้องถิ่น (สถ.) ไม่ได้จัดทำคู่มือการจัดประสบการณ์เรียนรู้สำหรับเด็กอายุต่ำกว่า 3 ปี และสถานศึกษาส่วนใหญ่ไม่สามารถเข้าถึงข้อมูลแนวทางการจัดทำหลักสูตรได้. 2. ครูและบุคลากรขาดความรู้ความเข้าใจในหลักสูตรและไม่ได้รับการพัฒนาทักษะอย่างเพียงพอ. 3. อปท. ขาดการนิเทศ กำกับ และติดตามการดำเนินงานของสถานศึกษา. 4. ครูหรือผู้ดูแลเด็กมีภาระงานด้านอื่น ๆ มากเกินไป เช่น งานบัญชี การเงิน และพัสดุ.,"รายละเอียด: 1. การจัดทำหลักสูตร: สถานศึกษา 31 แห่ง จากที่สุ่มตรวจสอบ 32 แห่ง มีการจัดทำหลักสูตรการศึกษาไม่เป็นไปตามขั้นตอนที่กำหนด เช่น ไม่มีการตรวจสอบคุณภาพหลักสูตร หรือไม่ติดตามและประเมินผลการใช้หลักสูตร. 2 การจัดประสบการณ์การเรียนรู้: สถานศึกษาทั้ง 32 แห่งที่สุ่มตรวจสอบ มีการจัดประสบการณ์การเรียนรู้และการเล่นไม่เป็นไปตามมาตรฐานใน 6 ตัวบ่งชี้ย่อย เช่น ไม่มีแผนการจัดประสบการณ์ที่สอดคล้องกับหลักสูตร, ไม่จัดพื้นที่หรือมุมประสบการณ์ที่หลากหลาย, และไม่เฝ้าระวังติดตามพัฒนาการเด็กรายบุคคล.","ข้อเสนอแนะ: 1. ให้ สถ. จัดทำคู่มือสำหรับเด็กอายุต่ำกว่า 3 ปี, พัฒนาเครื่องมือประเมินพัฒนาการ, และเผยแพร่ข้อมูลให้สถานศึกษาสามารถเข้าถึงได้อย่างแพร่หลาย. 2. สร้างความรู้ความเข้าใจให้ครูและบุคลากรเกี่ยวกับมาตรฐานฯ และหลักสูตร พร้อมทั้งส่งเสริมให้ได้รับการอบรมพัฒนาทักษะอย่างเพียงพอ. 3. กำชับให้ อปท. นิเทศ กำกับ ติดตาม การดำเนินการของสถานศึกษาในสังกัด. 4. ให้ สถ. สำรวจปัญหาภาระงานอื่นของครู และกำชับให้ อปท. ปฏิบัติตามระเบียบที่เกี่ยวข้องเพื่อลดภาระงานที่ไม่ใช่การสอน.",ผลกระทบ: 1. เด็กปฐมวัยไม่ได้รับการพัฒนาอย่างเหมาะสมตามคุณลักษณะที่พึงประสงค์ และสถานศึกษาขาดกรอบและทิศทางในการจัดการศึกษา. 2. พัฒนาการและคุณภาพของเด็กปฐมวัยไม่สมดุลทุกด้านและไม่เต็มศักยภาพ.
FL-2076,ข้อตรวจพบที่ 3: การดำเนินการขององค์กรปกครองส่วนท้องถิ่นด้านการจัดการศึกษาระดับปฐมวัยจากงบประมาณเงินอุดหนุนทั่วไปไม่เป็นไปตามแนวทางที่กำหนด และไม่บรรลุวัตถุประสงค์ของการส่งเสริมศักยภาพการจัดการศึกษาท้องถิ่น,สำนักงานคณะกรรมการการศึกษาขั้นพื้นฐาน,การจัดการศึกษาระดับปฐมวัย,2564,การวางแผน/ตัวชี้วัด,สาเหตุ: 1. แนวทางการจัดกิจกรรมพัฒนาคุณภาพผู้เรียนของ สถ. ขาดความชัดเจนว่าต้องจัดให้ครบทุกกิจกรรม ทำให้เกิดความสับสนในการปฏิบัติงาน. 2. ผู้รับผิดชอบขาดความรู้ความเข้าใจ และไม่ได้บรรจุกิจกรรมทั้งหมดไว้ในแผนปฏิบัติการอย่างละเอียด. 3. อปท. และสถานศึกษาขาดการสำรวจความต้องการและความจำเป็นในการส่งเสริมศักยภาพการจัดการศึกษาก่อนจัดทำแผน.,"รายละเอียด: 1. การจัดกิจกรรมพัฒนาคุณภาพผู้เรียน: โรงเรียนอนุบาล 60% และศูนย์พัฒนาเด็กเล็ก 71.74% จากกลุ่มที่สุ่มตรวจสอบ ไม่ได้จัดกิจกรรมพัฒนาคุณภาพผู้เรียนครบทั้ง 4 กิจกรรมตามแนวทางที่กำหนด (กิจกรรมวิชาการ, คุณธรรม จริยธรรม, ทัศนศึกษา, ICT). 2. การส่งเสริมศักยภาพการจัดการศึกษาท้องถิ่น: อปท. และโรงเรียนอนุบาลบางแห่ง ไม่ได้นำงบประมาณที่ได้รับไปดำเนินการจัดกิจกรรมตามแนวทาง (เช่น ปรับปรุงอาคาร, พัฒนาห้องสมุด) หรือนำไปใช้จ่ายในรายการอื่นที่ไม่เกี่ยวข้อง.",ข้อเสนอแนะ: 1. ให้ สถ. ทบทวนและกำหนดแนวทางการจัดกิจกรรมพัฒนาคุณภาพผู้เรียนให้ชัดเจน พร้อมทั้งซักซ้อมความเข้าใจกับ อปท. เพื่อให้สามารถวางแผนและดำเนินการได้ครบถ้วนทุกกิจกรรม. 2. กำชับให้ อปท. และสถานศึกษาในสังกัด สำรวจความต้องการและความจำเป็นในการส่งเสริมศักยภาพการจัดการศึกษาก่อนดำเนินการ เพื่อให้การใช้งบประมาณเกิดประโยชน์สูงสุด.,"ผลกระทบ: 1. เด็กปฐมวัยอาจไม่ได้รับการพัฒนาโดยองค์รวมอย่างสมดุล และงบประมาณแผ่นดิน 723,240.00 บาท ไม่ถูกนำไปใช้จัดกิจกรรมตามวัตถุประสงค์. 2. เด็กปฐมวัย, ครู, และสถานศึกษา ไม่ได้รับการพัฒนาตามวัตถุประสงค์ และการใช้จ่ายงบประมาณ 1,324,500.00 บาท ไม่มีประสิทธิภาพ."
FL-2077,ข้อสังเกตที่ 1: การจัดสรรค่าใช้จ่ายในการจัดการศึกษาระดับปฐมวัยขององค์กรปกครองส่วนท้องถิ่นไม่เป็นไปตามแนวทางปฏิบัติ,สำนักงานคณะกรรมการการศึกษาขั้นพื้นฐาน,การจัดการศึกษาระดับปฐมวัย,2564,การเงิน/พัสดุ,สาเหตุ: อปท. ส่วนใหญ่เข้าใจคลาดเคลื่อน โดยจะเบิกหักผลักส่งเงินให้สถานศึกษาเท่ากับจำนวนนักเรียนที่มีอยู่จริงในปีการศึกษานั้นๆ นอกจากนี้ สถานศึกษาบางแห่งขาดความพร้อมด้านบุคลากรที่จะทำหน้าที่ด้านการเงินและการคลัง.,"รายละเอียด: อปท. บางแห่งไม่ดำเนินการเบิกหักผลักส่งเงินอุดหนุนทั่วไปด้านการศึกษาที่ได้รับจัดสรรเข้าบัญชีของสถานศึกษาครบถ้วนทั้งจำนวน โดยบางแห่งเบิกหักผลักส่งเพียงบางส่วน รวมเป็นเงิน 5,420,313.00 บาท ซึ่งทำให้ อปท. มีเงินเหลือจ่ายจำนวนมากถึง 3,558,766.26 บาท.",ข้อเสนอแนะ: กำชับให้ อปท. ปฏิบัติตามแนวทางการจัดทำงบประมาณและระเบียบกระทรวงมหาดไทยที่เกี่ยวข้องโดยเคร่งครัด เพื่อให้เกิดประโยชน์ต่อการพัฒนาการจัดการศึกษาระดับปฐมวัยตามวัตถุประสงค์.,ผลกระทบ: สถานศึกษาในสังกัด อปท. เสียโอกาสที่จะนำงบประมาณไปพัฒนาด้านการจัดการศึกษาให้เด็กปฐมวัย.
FL-2078,ข้อสังเกตที่ 2: การจัดสรรงบประมาณเพื่อเป็นค่าใช้จ่ายในการจัดการศึกษาสำหรับศูนย์พัฒนาเด็กเล็กไม่เป็นไปตามหลักเกณฑ์ที่กำหนด และการใช้วันตัดยอดเพื่อคำนวณอายุเด็กไม่เป็นแนวทางเดียวกัน,สำนักงานคณะกรรมการการศึกษาขั้นพื้นฐาน,การจัดการศึกษาระดับปฐมวัย,2564,การเงิน/พัสดุ,สาเหตุ: (ไม่ได้ระบุ) ข้อเสนอแนะ: กำชับให้หน่วยงานที่รับผิดชอบตรวจสอบการจัดสรรงบประมาณและข้อมูลอายุของเด็กในศูนย์พัฒนาเด็กเล็กให้เป็นไปตามหลักเกณฑ์ที่กำหนด และซักซ้อมแนวทางในการใช้วันตัดยอดเพื่อคำนวณอายุเด็กให้เป็นแนวทางเดียวกัน.,"รายละเอียด: การจัดสรรงบประมาณไม่เป็นไปตามหลักเกณฑ์ โดยในปี 2562 มีการโอนจัดสรรงบประมาณสูงกว่าจำนวนเด็กที่มีอยู่จริงในระบบ CCIS เป็นจำนวน 380 คน (เป็นเงิน 429,400.00 บาท) และในปี 2563 มีการโอนจัดสรรต่ำกว่าจำนวนเด็กที่มีอยู่จริง 108 คน. นอกจากนี้ยังพบว่าการใช้วันตัดยอดเพื่อคำนวณอายุเด็กของแต่ละ อปท. ไม่เป็นแนวทางเดียวกัน .",,ผลกระทบ: เกิดการใช้จ่ายเงินงบประมาณที่ไม่ถูกต้อง โดยจัดสรรให้เด็กที่มีอายุไม่ถึงเกณฑ์ หรือจัดสรรให้ศูนย์ฯ ที่มีเฉพาะเด็กอายุ 2 ปี ซึ่งไม่เข้าหลักเกณฑ์ .
FL-2079,ข้อตรวจพบที่ 1: การดำเนินการเพิ่มประสิทธิภาพการบริหารกองทุนชุมชนเพื่อการเข้าถึงแหล่งทุนของบางจังหวัดยังไม่เป็นไปตามเกณฑ์ที่แนวทางกำหนดและวัตถุประสงค์ของโครงการ,กรมการพัฒนาชุมชน,การพัฒนาและส่งเสริมเศรษฐกิจฐานราก ภายใต้แผนงานบูรณาการ ของกรมการพัฒนาชุมชน กระทรวงมหาดไทย,2565,ข้อมูล/บันทึก/เอกสาร,สาเหตุ: 1. ตัวชี้วัดความสำเร็จมุ่งเน้นการยกระดับกองทุนอย่างน้อย 1 ระดับ ทำให้หน่วยปฏิบัติเลือกกองทุนที่มีศักยภาพอยู่แล้วเพื่อให้บรรลุตัวชี้วัดได้ง่าย. 2. การกำหนดกลุ่มเป้าหมายให้คัดเลือกประชาชนในหมู่บ้านของกองทุนเป้าหมาย ซึ่งส่วนใหญ่เป็นสมาชิกกองทุนอยู่แล้ว. 3. ขาดการเตรียมความพร้อมด้านฐานข้อมูลที่ถูกต้องก่อนดำเนินโครงการ. 4. ขาดกระบวนการติดตามและประเมินผลการดำเนินงานของหน่วยปฏิบัติในพื้นที่.,"รายละเอียด: 1. การเสริมสร้างความเข้มแข็งกองทุนชุมชน: การคัดเลือกกองทุนเข้าร่วมโครงการไม่เป็นไปตามเกณฑ์ (ไม่ได้เลือกกองทุนระดับ 1 เป็นอันดับแรก) , การจัดระดับการพัฒนาศักยภาพกองทุนไม่ถูกต้องตามเกณฑ์ , และการดำเนินการตามแผนพัฒนายังไม่บรรลุวัตถุประสงค์ โดยกองทุนส่วนใหญ่มีศักยภาพในระดับเดิมหลังเข้าร่วมโครงการ. 2 การสร้างโอกาสเข้าถึงแหล่งทุน: ประชาชนที่เข้าร่วมโครงการส่วนใหญ่ (226 จาก 260 รายที่ตรวจสอบ) เป็นสมาชิกกองทุนและสามารถเข้าถึงแหล่งทุนอยู่แล้ว ซึ่งไม่ตรงตามแนวทางที่ต้องการส่งเสริมผู้ที่ยังเข้าไม่ถึงแหล่งทุน .",ข้อเสนอแนะ: 1. ทบทวนและปรับปรุงแนวทางการดำเนินงานให้ชัดเจนยิ่งขึ้น เช่น กำหนดตัวชี้วัดให้ครอบคลุมการพัฒนาในทุกระดับ และกำหนดขอบเขตกลุ่มเป้าหมายให้ชัดเจน. 2. กำหนดแนวทางการเตรียมความพร้อมและจัดทำฐานข้อมูลที่สำคัญให้ถูกต้องครบถ้วน เช่น มีระบบสอบทานผลการประเมินศักยภาพกองทุน. 3. กำหนดแนวทางการติดตามและประเมินผลสัมฤทธิ์ เช่น ประชาชนนำเงินทุนไปประกอบอาชีพและมีรายได้เพิ่มขึ้นหรือไม่.,ผลกระทบ: กองทุนชุมชนเป้าหมายที่ควรได้รับการพัฒนาเสียโอกาสในการเสริมสร้างความเข้มแข็ง และการใช้งบประมาณไม่คุ้มค่าเนื่องจากกลุ่มเป้าหมายส่วนใหญ่สามารถเข้าถึงแหล่งทุนได้อยู่แล้ว.
FL-2080,ข้อตรวจพบที่ 2: การดำเนินการส่งเสริมศูนย์จัดการกองทุนชุมชนในการบริหารจัดการหนี้ครัวเรือนของบางจังหวัดยังไม่เป็นไปตามแนวทางและวัตถุประสงค์ที่กำหนด,กรมการพัฒนาชุมชน,การพัฒนาและส่งเสริมเศรษฐกิจฐานราก ภายใต้แผนงานบูรณาการ ของกรมการพัฒนาชุมชน กระทรวงมหาดไทย,2565,ข้อมูล/บันทึก/เอกสาร,"สาเหตุ: 1. แผนการส่งเสริมการประกอบอาชีพขาดรายละเอียดสำคัญเรื่อง ""เงินทุนคืนกลุ่ม"" ซึ่งส่งผลต่อความต่อเนื่องยั่งยืน. 2. ขาดกระบวนการติดตาม ประเมินผล และรายงานผลการประกอบอาชีพของกลุ่มครัวเรือนเป้าหมายว่าเป็นไปตามวัตถุประสงค์และมีความต่อเนื่องหรือไม่.","รายละเอียด: 1. การดำเนินงานไม่เป็นไปตามแนวทาง: ศูนย์จัดการกองทุนชุมชน (ศจก.) บางแห่งคัดเลือกครัวเรือนที่เคยเข้าร่วมโครงการในปี 2560-2562 มาร่วมโครงการซ้ำ ซึ่งไม่เป็นไปตามเกณฑ์. ศจก. ส่วนใหญ่ยังไม่ได้จัดทำฐานข้อมูลลูกหนี้เป็นรายครัวเรือนตามที่แนวทางกำหนด และบางแห่งยังไม่มีข้อตกลงเรื่อง ""เงินทุนคืนกลุ่ม"". 2. ไม่บรรลุวัตถุประสงค์: ศจก. 32 แห่ง จาก 226 แห่ง มีจำนวนครัวเรือนที่หนี้สินลดลงไม่เป็นไปตามเกณฑ์ 60%. การส่งเสริมการประกอบอาชีพ บางกลุ่มอาชีพไม่มีการประกอบอาชีพต่อแล้ว .","ข้อเสนอแนะ: 1. ทบทวนและปรับปรุงแนวทางการดำเนินงานให้ชัดเจนยิ่งขึ้น โดยเฉพาะการกำหนดเงื่อนไขเรื่อง ""เงินทุนคืนกลุ่ม"" ในแผนการส่งเสริมอาชีพ. 2. กำหนดแนวทางการติดตาม ประเมินผล และรายงานความสำเร็จของกลุ่มอาชีพว่ามีความต่อเนื่องยั่งยืนหรือไม่ เพื่อนำข้อมูลมาปรับปรุงการดำเนินงาน.",ผลกระทบ: ครัวเรือนผู้มีหนี้สินเป้าหมายเสียโอกาสในการพัฒนาอาชีพและมีรายได้เพิ่มขึ้นอย่างต่อเนื่องเพื่อให้สามารถแก้ไขปัญหาหนี้สินได้.
FL-2081,ข้อตรวจพบที่ 3: การดำเนินการพัฒนาศักยภาพผู้ประกอบการสู่ยุค 4.0 ของบางจังหวัดยังไม่บรรลุตามวัตถุประสงค์ที่กำหนด,กรมการพัฒนาชุมชน,การพัฒนาและส่งเสริมเศรษฐกิจฐานราก ภายใต้แผนงานบูรณาการ ของกรมการพัฒนาชุมชน กระทรวงมหาดไทย,2565,การวางแผน/ตัวชี้วัด,สาเหตุ: 1. การกำหนดกลุ่มเป้าหมายไม่ได้นำเกณฑ์เรื่องศักยภาพและประสบการณ์การขายออนไลน์มาพิจารณาเพื่อจัดกลุ่มและพัฒนาต่อยอดให้สอดคล้องกัน. 2. ขาดกระบวนการติดตามและประเมินผลการนำความรู้ที่ได้รับไปใช้ประโยชน์จริงของผู้เข้าร่วมโครงการ.,รายละเอียด: จากการสัมภาษณ์ผู้ประกอบการ OTOP 20 ราย พบว่า: - 14 ราย มีช่องทางจำหน่ายออนไลน์อยู่แล้วก่อนเข้าร่วมโครงการ. - 7 ราย ยังมีช่องทางจำหน่ายออนไลน์น้อยกว่า 2 ช่องทาง ซึ่งไม่เป็นไปตามเกณฑ์. - 11 ราย มีรายได้หลังเข้าร่วมโครงการไม่เป็นไปตามเกณฑ์ที่กำหนด .,ข้อเสนอแนะ: 1. ทบทวนการกำหนดคุณสมบัติกลุ่มเป้าหมายโดยคำนึงถึงศักยภาพและประสบการณ์การขายออนไลน์ เพื่อให้สามารถกำหนดหลักสูตรได้สอดคล้องกับผู้ประกอบการแต่ละกลุ่ม. 2. กำหนดแผนและแนวปฏิบัติเกี่ยวกับการติดตามประเมินผลการนำความรู้ไปใช้ต่อยอดในเชิงพาณิชย์ที่เกิดขึ้นจริงเป็นระยะ เพื่อให้สะท้อนความสำเร็จของโครงการอย่างแท้จริง.,ผลกระทบ: การใช้จ่ายงบประมาณเกิดความไม่คุ้มค่า เนื่องจากผู้เข้าร่วมโครงการบางรายมีความสามารถในการจำหน่ายออนไลน์อยู่แล้ว และทำให้ผู้ประกอบการรายอื่นที่ยังไม่สามารถเข้าถึงตลาดออนไลน์เสียโอกาสในการพัฒนา.
FL-2082,ข้อตรวจพบที่ 4: การดำเนินการพัฒนาคุณภาพผลิตภัณฑ์ OTOP กลุ่มปรับตัวสู่การพัฒนา (Quadrant D) ของบางจังหวัดยังไม่เป็นไปตามเกณฑ์ที่แนวทางการดำเนินงานและวัตถุประสงค์กำหนดไว้,กรมการพัฒนาชุมชน,การพัฒนาและส่งเสริมเศรษฐกิจฐานราก ภายใต้แผนงานบูรณาการ ของกรมการพัฒนาชุมชน กระทรวงมหาดไทย,2565,บุคลากร/สมรรถนะ,สาเหตุ: 1. การกำหนดกลุ่มเป้าหมายไม่มีรายละเอียดที่ชัดเจน ทำให้การคัดเลือกไม่ตรงกับกลุ่มเป้าหมายที่แท้จริง. 2. แนวทางการดำเนินงานขาดรายละเอียดเกี่ยวกับบทบาทหน้าที่ของหน่วยปฏิบัติในการกำกับติดตามกระบวนการทำงานระหว่างผู้รับจ้างกับผู้ประกอบการ. 3. เจ้าหน้าที่ผู้รับผิดชอบขาดความเข้าใจในบทบาทหน้าที่ของตนเอง. 4. ขาดกระบวนการติดตามและประเมินผลการนำผลผลิตที่ได้รับไปใช้ประโยชน์จริง.,"รายละเอียด: 1. การดำเนินงานไม่เป็นไปตามเกณฑ์: การคัดเลือกผลิตภัณฑ์ไม่เป็นไปตามเกณฑ์ (บางรายนำผลิตภัณฑ์ Quadrant อื่นมาเข้าร่วม) , การจัดกิจกรรมสร้างความรู้ความเข้าใจผ่านออนไลน์ผู้เข้าร่วมส่วนใหญ่ไม่ได้เข้าเรียน , และการพัฒนาผลิตภัณฑ์ไม่ครอบคลุมทุกองค์ประกอบหรือไม่สอดคล้องกับความต้องการของผู้ประกอบการ. 2 ไม่บรรลุวัตถุประสงค์: ผู้เข้าร่วมโครงการบางรายยังไม่ได้นำความรู้ไปพัฒนาผลิตภัณฑ์ , ไม่มีการใช้ประโยชน์ผลิตภัณฑ์ต้นแบบที่ได้รับ , และบางรายมียอดจำหน่ายเพิ่มขึ้นไม่เป็นไปตามเกณฑ์ .","ข้อเสนอแนะ: 1. ทบทวนคำจำกัดความและแนวทางการคัดเลือก ""ผู้ผลิต ผู้ประกอบการ OTOP กลุ่ม Quadrant D"" ให้ชัดเจนและให้ความสำคัญกับผู้ที่มีเฉพาะผลิตภัณฑ์ Quadrant D เป็นลำดับแรก. 2. ทบทวนแนวทางการดำเนินงานโดยกำหนดบทบาทหน้าที่ของหน่วยปฏิบัติในการประสานงานและกำกับติดตามให้ชัดเจน. 3. ซักซ้อมความเข้าใจแนวทางการดำเนินงานให้เจ้าหน้าที่ปฏิบัติเป็นแนวทางเดียวกัน. 4. กำหนดแผนและแนวปฏิบัติในการติดตามประเมินผลการนำผลผลิตไปใช้ประโยชน์ต่อยอดในเชิงพาณิชย์.",ผลกระทบ: ผู้ผลิต ผู้ประกอบการ OTOP กลุ่ม Quadrant D เสียโอกาสในการพัฒนาผลิตภัณฑ์ให้มีคุณภาพและสามารถแข่งขันในตลาดได้ และการใช้จ่ายงบประมาณเกิดความไม่คุ้มค่า.
FL-2083,ข้อตรวจพบที่ 5: การดำเนินการส่งเสริมเครือข่ายองค์ความรู้ KBO ในการพัฒนาผลิตภัณฑ์ OTOP ของบางจังหวัดยังไม่เป็นไปตามเกณฑ์ที่แนวทางกำหนดและวัตถุประสงค์ของโครงการ,กรมการพัฒนาชุมชน,การพัฒนาและส่งเสริมเศรษฐกิจฐานราก ภายใต้แผนงานบูรณาการ ของกรมการพัฒนาชุมชน กระทรวงมหาดไทย,2565,บุคลากร/สมรรถนะ,สาเหตุ: 1. เจ้าหน้าที่ผู้รับผิดชอบมีความเข้าใจในหลักเกณฑ์การคัดเลือกผู้เข้าร่วมโครงการยังไม่ครบถ้วน. 2. ขาดกระบวนการติดตาม ประเมินผล และรายงานผลการดำเนินงานโครงการให้ครอบคลุมทั้งในระหว่างและหลังสิ้นสุดโครงการ.,"รายละเอียด: 1. การดำเนินงานไม่เป็นไปตามเกณฑ์: การคัดเลือกผู้เข้าร่วมโครงการบางรายไม่เป็นไปตามเกณฑ์ (เช่น เป็นเจ้าของรายเดียวไม่ใช่กลุ่ม, นำผลิตภัณฑ์ระดับ 4-5 ดาวเข้าร่วม) , คณะกรรมการเครือข่าย KBO จังหวัดบางแห่งไม่ได้มีส่วนร่วมในการจัดทำแผน , และบางจังหวัดไม่ได้จัดกิจกรรมทดสอบตลาด. 2 ไม่บรรลุวัตถุประสงค์: กลุ่มผู้ผลิตชุมชนที่ตรวจสอบ 10 กลุ่ม ยังไม่ได้นำผลิตภัณฑ์ที่ได้รับการพัฒนาเข้าสู่กระบวนการขอรับรองมาตรฐาน และ 6 กลุ่มยังไม่มีการผลิตเพื่อจำหน่ายในเชิงพาณิชย์ .",ข้อเสนอแนะ: 1. ซักซ้อมความเข้าใจแนวทางการคัดเลือกผู้เข้าร่วมโครงการให้เจ้าหน้าที่ปฏิบัติเป็นแนวทางเดียวกัน. 2. กำหนดแนวทางการติดตาม ประเมินผล และรายงานการดำเนินงานเพื่อทราบปัญหาและนำมาปรับปรุง. 3. กำหนดแผนและแนวปฏิบัติในการติดตามและประเมินผลการนำผลผลิตไปใช้ประโยชน์ต่อยอดในเชิงพาณิชย์.,ผลกระทบ: กลุ่มผู้ผลิตชุมชนในกลุ่ม Quadrant D หรือระดับ 1-3 ดาว เสียโอกาสในการพัฒนายกระดับผลิตภัณฑ์ และเสียโอกาสในการนำข้อมูลจากการทดสอบตลาดไปปรับปรุงผลิตภัณฑ์.
FL-2084,ข้อตรวจพบที่ 6: การดำเนินการส่งเสริมและพัฒนาตลาดประชารัฐคนไทยยิ้มได้ของบางจังหวัดยังไม่เป็นตามแนวทางที่กำหนด,กรมการพัฒนาชุมชน,การพัฒนาและส่งเสริมเศรษฐกิจฐานราก ภายใต้แผนงานบูรณาการ ของกรมการพัฒนาชุมชน กระทรวงมหาดไทย,2565,ข้อมูล/บันทึก/เอกสาร,"สาเหตุ: 1. แนวทางการดำเนินงานขาดรายละเอียดที่ชัดเจนเกี่ยวกับความสำคัญของการทำงานในรูปแบบประชารัฐ และบทบาทของ CMO. 2. ขาดกระบวนการติดตาม ประเมินผล และรายงานผลลัพธ์ของกิจกรรมการพัฒนาและส่งเสริมตลาดที่แท้จริง โดยมีเพียงการรายงานผลเชิงปริมาณ (จำนวนตลาด, ผู้ค้า, ยอดจำหน่าย).",รายละเอียด: 1. การขยายผลตลาด: บางจังหวัดดำเนินการจัดตลาดขยายผลต่ำกว่าเป้าหมาย และการจัดสรรงบประมาณไม่เป็นไปตามแนวทางที่ให้จัดสรรเท่ากันทุกอำเภอ. 2 รูปแบบประชารัฐ: บางจังหวัดไม่มีการจัดทำแผนปฏิบัติการส่งเสริมตลาด หรือจัดทำแต่ไม่ครบองค์ประกอบ และรูปแบบการจัดประชุมไม่เป็นไปตามแนวทาง. 3 การจัดสรรงบประมาณ: บางจังหวัดไม่ได้จัดสรรงบให้ทุกอำเภอที่มีตลาด หรือไม่ได้นำข้อมูลการประเมินศักยภาพตลาดมาพิจารณา. 4 กิจกรรมไม่สอดคล้อง: บางอำเภอกำหนดกิจกรรมไม่สอดคล้องกับสภาพปัญหาของตลาด หรือไม่มีความหลากหลาย .,"ข้อเสนอแนะ: 1. ทบทวนแนวทางการดำเนินงานให้มีรายละเอียดที่ชัดเจนเกี่ยวกับบทบาทของผู้เกี่ยวข้อง, รูปแบบแผนปฏิบัติการ, และการจัดทำข้อเสนอโครงการที่แสดงสภาพปัญหาและวัตถุประสงค์. 2. กำชับพัฒนาการจังหวัดให้ดำเนินการตามบทบาท CMO และส่งเสริมการทำงานรูปแบบประชารัฐอย่างยั่งยืน. 3. กำหนดแผนและแนวปฏิบัติในการติดตามและประเมินผลความสำเร็จของกิจกรรมเพื่อสะท้อนผลลัพธ์ที่แท้จริง.","ผลกระทบ: เกิดความไม่คุ้มค่าในการใช้จ่ายงบประมาณ และมีความเสี่ยงที่จะไม่สามารถยกระดับตลาดสู่ ""ตลาดประชารัฐคนไทยยิ้มได้"" ได้สำเร็จและอาจไม่ยั่งยืน."
FL-2085,ข้อตรวจพบที่ 7: การดำเนินการพัฒนาและส่งเสริมเศรษฐกิจฐานรากภายใต้แผนบูรณาการยังไม่สามารถเชื่อมโยงผลสำเร็จของการดำเนินงานกับตัวชี้วัดผลสัมฤทธิ์ที่แผนงานบูรณาการกำหนดไว้,กรมการพัฒนาชุมชน,การพัฒนาและส่งเสริมเศรษฐกิจฐานราก ภายใต้แผนงานบูรณาการ ของกรมการพัฒนาชุมชน กระทรวงมหาดไทย,2565,การวางแผน/ตัวชี้วัด,"สาเหตุ: 1. การกำหนดขอบเขตกลุ่มเป้าหมายไม่สอดคล้องกับตัวชี้วัดผลสัมฤทธิ์ของแผนงานฯ โดยหน่วยงานเจ้าภาพกำหนดขอบเขตกลุ่มเป้าหมายเป็น ""กลุ่มประชากรร้อยละ 40 ที่มีรายได้ต่ำสุด"" ซึ่งกว้างกว่ากลุ่ม ""ประชากรที่มีรายได้ต่ำกว่าเส้นความยากจน"". 2. หน่วยงานเจ้าภาพและหน่วยงานร่วมดำเนินการไม่ได้กำหนดแนวทางการวัดและประเมินตัวชี้วัดเป้าหมายและผลสัมฤทธิ์ของแผนงานบูรณาการไว้อย่างชัดเจน.",รายละเอียด: 1. กลุ่มเป้าหมายไม่เชื่อมโยง: การกำหนดกลุ่มเป้าหมายของโครงการไม่ได้กำหนดเงื่อนไขเรื่องรายได้ต่ำกว่าเส้นความยากจนเป็นเกณฑ์ในการคัดเลือก ทำให้ไม่สอดคล้องกับตัวชี้วัดผลสัมฤทธิ์ของแผนงานบูรณาการที่ต้องการลดจำนวนคนจน. 2 ตัวชี้วัดไม่เชื่อมโยง: โครงการต่างๆ ไม่สามารถเชื่อมโยงและตอบสนองต่อตัวชี้วัดและเป้าหมายของแผนงานบูรณาการได้ โดยข้อมูลรายได้ที่ใช้วัดผลมาจากยอดจำหน่ายสินค้า OTOP ทั้งหมด ซึ่งไม่สามารถเชื่อมโยงกับกลุ่มเป้าหมายของแผนงานได้ .,ข้อเสนอแนะ: 1. ทบทวนการกำหนดคุณสมบัติกลุ่มเป้าหมายที่เข้าร่วมโครงการให้สอดคล้องกับตัวชี้วัดผลสัมฤทธิ์ โดยควรคำนึงถึงประชาชนที่มีรายได้ต่ำกว่าเส้นความยากจน. 2. พิจารณาหารือร่วมกับหน่วยงานเจ้าภาพ เพื่อกำหนดแนวทางการดำเนินโครงการและแนวปฏิบัติการวัดผลให้สอดคล้องกับเป้าหมายตัวชี้วัดผลสัมฤทธิ์ตามแผนงานบูรณาการ.,ผลกระทบ: การดำเนินโครงการไม่บรรลุผลสัมฤทธิ์ตามแผนงานบูรณาการที่ต้องการลดปัญหาความยากจน และมีความเสี่ยงที่ประชากรกลุ่มเป้าหมายอาจขาดโอกาสในการเข้าถึงแหล่งทุนเพื่อพัฒนาอาชีพและรายได้.
FL-2086,ข้อสังเกต: การสร้างโอกาสในการเรียนรู้และเพิ่มทักษะการจำหน่ายสินค้าในตลาดระดับภูมิภาคและระดับประเทศให้กับผู้ผลิต ผู้ประกอบการ OTOP,กรมการพัฒนาชุมชน,การพัฒนาและส่งเสริมเศรษฐกิจฐานราก ภายใต้แผนงานบูรณาการ ของกรมการพัฒนาชุมชน กระทรวงมหาดไทย,2565,,สาเหตุ: โครงการเพื่อส่งเสริมการจัดงานแสดงและจำหน่ายสินค้าบางโครงการไม่มีการกำหนดเกณฑ์เกี่ยวกับสัดส่วนการเข้าร่วมงานของกลุ่มผู้ค้ารายใหม่กับรายเดิมไว้อย่างชัดเจน .,รายละเอียด: จากการตรวจสอบการคัดเลือกผู้ประกอบการเข้าร่วมงาน OTOP City พบว่าบางจังหวัดยังมีสัดส่วนของรายใหม่ค่อนข้างน้อยเมื่อเทียบกับรายเดิม. นอกจากนี้ยังพบว่าผู้ประกอบการบางรายได้รับคัดเลือกให้เข้าร่วมงานแสดงสินค้ามากกว่า 1 งานในปีเดียวกัน .,ข้อเสนอแนะ: ทบทวนและปรับปรุงแนวทางการคัดเลือกผู้เข้าร่วมงานแสดงและจำหน่ายสินค้า โดยพิจารณากำหนดสัดส่วนการเข้าร่วมงานของกลุ่มรายใหม่กับกลุ่มรายเดิม เพื่อสะท้อนให้เห็นถึงการกระจายโอกาสในการส่งเสริมผู้ประกอบการ OTOP ได้อย่างทั่วถึงและเป็นธรรม.,"ผลกระทบ: ผู้ผลิต ผู้ประกอบการ OTOP บางราย (โดยเฉพาะรายใหม่) ไม่ได้รับโอกาสในการเรียนรู้, เพิ่มทักษะ, และประสบการณ์ในการจำหน่ายสินค้าในตลาดระดับภูมิภาคและระดับประเทศ ซึ่งส่งผลต่อความสามารถในการสร้างรายได้ ."
FL-2087,ข้อตรวจพบที่ 1: การดำเนินการเพื่อพัฒนาศักยภาพประชาชนกลุ่มเป้าหมายยังไม่สามารถบรรลุตัวชี้วัดผลสัมฤทธิ์ของแผนงานบูรณาการ,กระทรวงเกษตรและสหกรณ์,การพัฒนาและส่งเสริมเศรษฐกิจฐานราก ภายใต้แผนงานบูรณาการ ของกระทรวงเกษตรและสหกรณ์,2565,การเงิน/พัสดุ,สาเหตุ: 1. หน่วยงานเจ้าภาพ (สศก.) ไม่ได้กำหนดให้โครงการต้องนำเกณฑ์รายได้ต่ำกว่าเส้นความยากจนมาใช้พิจารณาคัดเลือกผู้เข้าร่วม เนื่องจากขณะนั้นไม่มีข้อมูลประชากรใต้เส้นความยากจนเป็นรายบุคคล. 2. หน่วยงานเจ้าภาพและหน่วยรับงบประมาณไม่ได้พิจารณาร่วมกันถึงความเหมาะสมของโครงการที่นำมาบรรจุในแผนงานบูรณาการ โดยโครงการส่วนใหญ่เป็นโครงการเดิมที่ยึดหลักการคัดเลือกผู้เข้าร่วมตามวัตถุประสงค์ของโครงการเป็นหลัก.,"รายละเอียด: การกำหนดกลุ่มเป้าหมายไม่เป็นไปตามตัวชี้วัด: แผนงานบูรณาการกำหนดตัวชี้วัดผลสัมฤทธิ์ที่ ""ประชากรที่มีรายได้ต่ำกว่าเส้นยากจนลดลง"" แต่โครงการต่างๆ ไม่ได้กำหนดให้กลุ่มนี้เป็นกลุ่มเป้าหมายอย่างชัดเจน. จากการตรวจสอบผู้เข้าร่วมโครงการ 3 โครงการใน 3 จังหวัด พบว่า 68.13% เป็นกลุ่มผู้มีรายได้สูงกว่าเส้นความยากจน. ข้อสังเกต: รูปแบบวิธีการดำเนินงานของบางโครงการไม่สอดรับกับผลสัมฤทธิ์ของแผนงานฯ เช่น โครงการจัดที่ดินเป็นการมอบเอกสารสิทธิ์ให้ผู้ทำประโยชน์รายเดิม ไม่ใช่รายใหม่ และโครงการ Smart Farmer มีเกณฑ์คัดเลือกที่ผู้มีรายได้น้อยอาจผ่านได้ยาก .",ข้อเสนอแนะ: 1. สั่งการให้ สศก. กำหนดกลุ่มเป้าหมายของแผนงานบูรณาการและโครงการภายใต้แผนให้สอดคล้องกับผลสัมฤทธิ์ที่ต้องการลดปัญหาความยากจน และหารือกับหน่วยรับงบประมาณเพื่อปรับหลักเกณฑ์การคัดเลือก. 2. สั่งการให้ สศก. หารือกับหน่วยรับงบประมาณเพื่อคัดเลือกโครงการที่สอดคล้องและสามารถนำส่งผลสัมฤทธิ์ของแผนงานบูรณาการได้อย่างแท้จริง.,ผลกระทบ: เกิดความเสี่ยงที่การลดปัญหาความยากจนจะไม่บรรลุผลสำเร็จ ประชาชนกลุ่มเป้าหมายที่แท้จริงขาดโอกาสเข้าร่วมโครงการ และการใช้จ่ายงบประมาณเป็นไปอย่างไม่คุ้มค่า.
FL-2088,ข้อตรวจพบที่ 2: การดำเนินงานส่งเสริมและพัฒนาอาชีพเพื่อพัฒนาศักยภาพประชาชนกลุ่มเป้าหมายขาดการบูรณาการข้อมูลและการคัดเลือกกลุ่มเป้าหมาย,กระทรวงเกษตรและสหกรณ์,การพัฒนาและส่งเสริมเศรษฐกิจฐานราก ภายใต้แผนงานบูรณาการ ของกระทรวงเกษตรและสหกรณ์,2565,ข้อมูล/บันทึก/เอกสาร,สาเหตุ: 1. หน่วยงานระดับพื้นที่ขาดการบูรณาการร่วมกันในการคัดเลือกกลุ่มเป้าหมายเพื่อไม่ให้เกิดความซ้ำซ้อน. 2. สศก. และหน่วยงานที่เกี่ยวข้องจัดเก็บฐานข้อมูลผู้เข้าร่วมโครงการไม่ครบถ้วน ทำให้ไม่สามารถนำมาใช้ประโยชน์ในการลดความซ้ำซ้อนได้.,"รายละเอียด: จากการสอบทานรายชื่อผู้เข้าร่วมโครงการส่งเสริมและพัฒนาอาชีพ พบว่ามีผู้เข้าร่วมโครงการซ้ำซ้อนมากกว่าหนึ่งกิจกรรม ทั้งในระดับภาพรวมของประเทศ (15,808 ราย เข้าร่วมมากกว่าหนึ่งกิจกรรม) และในระดับพื้นที่ที่สุ่มตรวจสอบ (726 ราย เข้าร่วมมากกว่าหนึ่งกิจกรรม) ทำให้จำนวนผู้เข้าร่วมโครงการที่แท้จริงน้อยกว่ารายงานผลการดำเนินงาน .",ข้อเสนอแนะ: 1. สั่งการให้ สศก. หารือกับหน่วยรับงบประมาณเพื่อกำหนดแนวทางการคัดเลือกกลุ่มเป้าหมายไม่ให้เกิดความซ้ำซ้อน. 2. สั่งการให้ สศก. กำชับหน่วยรับงบประมาณให้จัดเก็บฐานข้อมูลผู้เข้าร่วมโครงการให้ครบถ้วน และส่งให้ สศก. เพื่อใช้ประโยชน์ในการวางเป้าหมายและรายงานผลสัมฤทธิ์.,ผลกระทบ: จำนวนกลุ่มเป้าหมายที่เกิดขึ้นจริงน้อยกว่าที่รายงาน ทำให้เกษตรกรรายอื่นเสียโอกาสในการเข้ารับการฝึกอบรม และมีความเสี่ยงที่จะไม่บรรลุผลสัมฤทธิ์ของแผนงานบูรณาการที่ต้องการลดปัญหาความยากจน.
FL-2089,ข้อตรวจพบที่ 3: การดำเนินงานโครงการพัฒนาเกษตรกรปราดเปรื่อง (Smart Farmer) บางกิจกรรมยังไม่เป็นไปตามแนวทางการพัฒนาเกษตรกรสู่การเป็นผู้ประกอบการด้านการเกษตร,กระทรวงเกษตรและสหกรณ์,การพัฒนาและส่งเสริมเศรษฐกิจฐานราก ภายใต้แผนงานบูรณาการ ของกระทรวงเกษตรและสหกรณ์,2565,การเงิน/พัสดุ,สาเหตุ: 1. หน่วยรับงบประมาณไม่ได้ร่วมกันกำหนดแนวทางการเชื่อมโยงผลผลิตสู่การตลาดในลักษณะห่วงโซ่คุณค่า. 2. เจ้าหน้าที่ระดับพื้นที่ไม่ทราบถึงวัตถุประสงค์และเป้าประสงค์ที่แท้จริงของแนวทางการจัดกิจกรรม. 3. หน่วยงานรับผิดชอบและหน่วยงานเจ้าภาพไม่ได้ร่วมกันกำหนดรายละเอียดและวิธีการจัดเก็บข้อมูลเพื่อวัดผลตัวชี้วัดด้านรายได้.,รายละเอียด: 1. การส่งเสริมและพัฒนาเกษตรกรยังไม่ครอบคลุมองค์ความรู้ด้านช่องทางการจัดจำหน่ายและการตลาด โดยส่วนใหญ่มุ่งเน้นด้านกระบวนการผลิต. 2. การจัดกิจกรรมของกรมส่งเสริมการเกษตรยังไม่เป็นไปตามแนวทางที่กำหนด เช่น การจัดอบรมพัฒนาศักยภาพ และการติดตามผลการนำแผนการผลิตส่วนบุคคล (IFPP) ไปปฏิบัติจริง. 3. การประเมินผลตามตัวชี้วัดด้านรายได้ยังขาดรายละเอียดข้อมูล ทำให้ไม่สามารถประเมินผลลัพธ์ด้านรายได้ที่เพิ่มขึ้นได้ .,ข้อเสนอแนะ: 1. สั่งการให้หน่วยรับงบประมาณบูรณาการการส่งเสริมเกษตรกรสู่การเป็นผู้ประกอบการ โดยทบทวนแนวทางและหลักสูตรให้ครอบคลุมด้านการตลาด. 2. สั่งการให้กรมส่งเสริมการเกษตรซักซ้อมทำความเข้าใจกับเจ้าหน้าที่ระดับพื้นที่เกี่ยวกับแนวทางและเป้าประสงค์ของกิจกรรม. 3. สั่งการให้ สศก. และหน่วยรับงบประมาณร่วมกันกำหนดเครื่องมือวัดศักยภาพเกษตรกรด้านรายได้ เพื่อรวบรวมเป็นฐานข้อมูลสำหรับใช้ประโยชน์ต่อไป.,ผลกระทบ: เกษตรกรรายย่อยขาดโอกาสที่จะได้รับการพัฒนาสู่การเป็นผู้ประกอบการอย่างครบวงจร และไม่สามารถประเมินผลสัมฤทธิ์ของโครงการได้อย่างแท้จริง.
FL-2090,ข้อตรวจพบที่ 4: การดำเนินการพัฒนาความเข้มแข็งกลุ่มและผลิตภัณฑ์ชุมชนยังไม่บรรลุตามวัตถุประสงค์เพื่อสร้างความเข้มแข็งของกลุ่ม,กระทรวงเกษตรและสหกรณ์,การพัฒนาและส่งเสริมเศรษฐกิจฐานราก ภายใต้แผนงานบูรณาการ ของกระทรวงเกษตรและสหกรณ์,2565,การเงิน/พัสดุ,สาเหตุ: 1. สศก. และหน่วยรับงบประมาณขาดการกำหนดเป้าหมายและหลักเกณฑ์การคัดเลือกกลุ่มเป้าหมายที่ชัดเจนและครอบคลุมทุกระดับศักยภาพ. 2. หน่วยรับผิดชอบโครงการไม่ได้วางแผนให้เจ้าหน้าที่ติดตามผลการนำความรู้ไปปฏิบัติจริง. 3. กรมส่งเสริมการเกษตรขาดการรวบรวมสภาพปัญหาของวิสาหกิจชุมชนที่ไม่สามารถพัฒนาความเข้มแข็งได้ เพื่อหาแนวทางแก้ไข.,รายละเอียด: 1. โครงการสร้างความเข้มแข็งกลุ่มการผลิต: การคัดเลือกกลุ่มเป้าหมายขาดความชัดเจน โดยบางหน่วยงานไม่ได้ใช้ระดับศักยภาพของกลุ่มเป็นเกณฑ์ และการติดตามวัดผลตัวชี้วัดเชิงคุณภาพยังไม่ครบถ้วน. 2 กิจกรรมประเมินศักยภาพวิสาหกิจชุมชน: การคัดเลือกกลุ่มเป้าหมายบางแห่งไม่เป็นไปตามเกณฑ์ (คัดเลือกกลุ่มระดับดีเข้าร่วมจำนวนมาก) และบางแห่งยังไม่สามารถยกระดับกิจการให้เข้มแข็งได้. 3 โครงการพัฒนาผลิตภัณฑ์สินค้าชุมชน: การคัดเลือกกลุ่มเป้าหมายไม่ครอบคลุมทุกระดับชั้นของสหกรณ์ โดยไม่มีสหกรณ์ชั้น 3 เข้าร่วมโครงการ .,ข้อเสนอแนะ: 1. สั่งการให้ สศก. กำหนดกลุ่มเป้าหมายให้สอดคล้องกับแผนงานบูรณาการฯ โดยคำนึงถึงการพัฒนาทุกระดับศักยภาพอย่างทั่วถึง. 2. สั่งการให้ สศก. หารือกับหน่วยรับงบประมาณเพื่อทบทวนวิธีการวัดผลโครงการให้สะท้อนเป้าหมายรายได้ที่เพิ่มขึ้น. 3. สั่งการให้หน่วยงานที่เกี่ยวข้องดำเนินกระบวนการติดตามผลการนำแผนพัฒนาไปสู่การปฏิบัติ. 4. สั่งการให้กรมส่งเสริมการเกษตรรวบรวมสภาพปัญหาของวิสาหกิจชุมชนที่ไม่สามารถพัฒนาได้ และกำหนดแนวทางแก้ไข.,"ผลกระทบ: กลุ่มเป้าหมายที่ควรได้รับการพัฒนา (เช่น กลุ่มที่ไม่มีศักยภาพ, วิสาหกิจชุมชนระดับปรับปรุง, สหกรณ์ชั้น 3) เสียโอกาสในการพัฒนาและเข้าถึงโครงการ."
FL-2091,ข้อตรวจพบที่ 5: การดำเนินงานในระดับกิจกรรมยังไม่เป็นไปตามตัวชี้วัดและเป้าหมาย และการประเมินผลสัมฤทธิ์ในระดับแนวทางการดำเนินงานพัฒนาระบบบริหารจัดการและกลไกการตลาดยังไม่ครอบคลุมการดำเนินงานโครงการโดยกระทรวงเกษตรและสหกรณ์,กระทรวงเกษตรและสหกรณ์,การพัฒนาและส่งเสริมเศรษฐกิจฐานราก ภายใต้แผนงานบูรณาการ ของกระทรวงเกษตรและสหกรณ์,2565,ข้อมูล/บันทึก/เอกสาร,สาเหตุ: 1. กิจกรรมเชื่อมโยงตลาดข้าว: กรมการข้าวไม่ได้กำหนดเป้าหมายการดำเนินงานที่ชัดเจนสำหรับศูนย์วิจัยข้าวฯ ประกอบกับสถานการณ์โรคระบาดทำให้ไม่สามารถจัดประชุมได้ตามแผน. 2 กิจกรรมเพิ่มศักยภาพธุรกิจสหกรณ์: ยังไม่มีการติดตามและประเมินผลมูลค่าธุรกิจในระยะยาว และยังไม่ได้รวบรวมสภาพปัญหาของสหกรณ์ที่ไม่เป็นไปตามตัวชี้วัดอย่างจริงจัง. 3 การประเมินผลสัมฤทธิ์: หน่วยงานเจ้าภาพไม่ได้กำหนดแนวทางการจัดเก็บข้อมูลสำหรับใช้ประเมินผล และไม่มีการกำหนดแนวทางการวัดผลสัมฤทธิ์ที่ชัดเจน.,รายละเอียด: 1. การดำเนินงานไม่เป็นไปตามเป้าหมาย: กิจกรรมเชื่อมโยงตลาดข้าวอินทรีย์และข้าว GAP ยังไม่เป็นไปตามตัวชี้วัด (ดำเนินการได้ 10 จาก 30 ศูนย์). กิจกรรมเพิ่มศักยภาพการดำเนินธุรกิจของสหกรณ์ ยังไม่เป็นไปตามตัวชี้วัดเชิงคุณภาพ (สหกรณ์ 25 จาก 41 แห่ง มีมูลค่าธุรกิจลดลง). 2 การประเมินผลสัมฤทธิ์ไม่ครอบคลุม: การรายงานผลสัมฤทธิ์ของแผนงานบูรณาการฯ ใช้ข้อมูลรายได้จากการจำหน่ายสินค้า OTOP ของกรมพัฒนาชุมชนเพียงหน่วยงานเดียว โดยไม่ได้นำผลการดำเนินงานของกระทรวงเกษตรและสหกรณ์มารายงานด้วย .,ข้อเสนอแนะ: 1. สั่งการให้กรมการข้าวทบทวนการดำเนินกิจกรรมเชื่อมโยงตลาดข้าว และติดตามรวบรวมปัญหาเพื่อปรับปรุงโครงการ. 2. สั่งการให้กรมส่งเสริมสหกรณ์พิจารณาการติดตามผลการใช้ประโยชน์ครุภัณฑ์และสิ่งก่อสร้าง เพื่อให้คำแนะนำและใช้เป็นข้อมูลในการคัดเลือกสหกรณ์ในอนาคต. 3. สั่งการให้ สศก. ประชุมหารือกับหน่วยรับงบประมาณเพื่อทบทวนการจัดเก็บข้อมูลและร่วมกำหนดแนวปฏิบัติในการวัดผลสัมฤทธิ์ให้ชัดเจน.,"ผลกระทบ: ไม่สามารถยกระดับรายได้การจำหน่ายสินค้าชุมชนได้ตามเป้าหมาย, เกิดความไม่คุ้มค่าในการใช้จ่ายงบประมาณ, และขาดข้อมูลสำคัญสำหรับใช้วางแผนในระยะต่อไป."
FL-2092,ข้อตรวจพบที่ 1: การบริหารจัดการและการดำเนินการด้านการจัดการศึกษาระดับอาชีวศึกษาขององค์กรปกครองส่วนท้องถิ่น,กรมส่งเสริมการปกครองท้องถิ่น,การจัดการศึกษาอาชีวศึกษาขององค์กรปกครองส่วนท้องถิ่น ของกรมส่งเสริมการปกครองท้องถิ่น กระทรวงมหาดไทย,2565,ติดตาม/ประเมินผล/กำกับ,สาเหตุ: 1. สถ. ไม่ได้มุ่งเน้นส่งเสริมการจัดการศึกษาระดับอาชีวศึกษาตามภารกิจอย่างเป็นรูปธรรม และขาดการประสานงานกับกระทรวงศึกษาธิการ. 2. อปท. ไม่ได้มีการสำรวจ ติดตาม และประเมินผลปัจจัยพื้นฐานของสถานศึกษาในสังกัดเป็นระยะอย่างต่อเนื่อง.,"รายละเอียด: 1. การส่งเสริมและพัฒนาจาก สถ.: สถ. ไม่ได้ดำเนินการส่งเสริมและพัฒนา, กำหนดนโยบาย, และวางแผนทางการศึกษาระดับอาชีวศึกษาของ อปท. อย่างเป็นรูปธรรม โดยส่วนใหญ่มุ่งเน้นการศึกษาระดับขั้นพื้นฐาน. 2 ปัญหาของสถานศึกษา: สถานศึกษาส่วนใหญ่มีปัญหาในการบริหารจัดการหลายด้าน เช่น การส่งเสริมผู้เรียนแข่งขันทักษะวิชาชีพมีข้อจำกัด , ครูผู้สอนส่วนใหญ่ไม่ได้รับการอบรมพัฒนาทักษะวิชาชีพและมีปัญหาขาดแคลนครูข้าราชการ , ไม่สามารถขับเคลื่อนการจัดการศึกษาระบบทวิภาคีได้ , และมีปัญหาด้านปัจจัยพื้นฐาน (อาคารทรุดโทรม, ครุภัณฑ์เก่า, ไม่มีระบบรักษาความปลอดภัย).",ข้อเสนอแนะ: 1. ให้ สถ. ดำเนินการตามภารกิจในการส่งเสริมและพัฒนาการศึกษาระดับอาชีวศึกษาอย่างมีประสิทธิภาพ และกำกับติดตามการดำเนินงาน. 2. ให้ สถ. ประสานงานและสร้างเครือข่ายความร่วมมือกับกระทรวงศึกษาธิการ. 3. จัดให้มีการส่งเสริมและพัฒนาวิชาชีพครูและบุคลากรการอาชีวศึกษา และสำรวจความต้องการตำแหน่งครูผู้ช่วยเพื่อวางแผนการเปิดรับสมัคร. 4. กำชับให้ อปท. สำรวจ ติดตาม และประเมินผลปัจจัยพื้นฐานของสถานศึกษาในสังกัดอย่างต่อเนื่อง.,"ผลกระทบ: 1. สถานศึกษาไม่ได้รับการพัฒนาให้เป็นไปตามมาตรฐานการอาชีวศึกษา, ผู้เรียนไม่สามารถพัฒนาศักยภาพได้อย่างเต็มที่, และครูขาดทักษะที่จำเป็น. 2. ปัจจัยพื้นฐานที่ไม่เอื้ออำนวยส่งผลกระทบต่อการจัดการเรียนการสอนของครูและผู้เรียน."
FL-2093,ข้อตรวจพบที่ 2: การประกันคุณภาพการศึกษาของสถานศึกษาในสังกัดองค์กรปกครองส่วนท้องถิ่น,กรมส่งเสริมการปกครองท้องถิ่น,การจัดการศึกษาอาชีวศึกษาขององค์กรปกครองส่วนท้องถิ่น ของกรมส่งเสริมการปกครองท้องถิ่น กระทรวงมหาดไทย,2565,บุคลากร/สมรรถนะ,"สาเหตุ: 1. สถ. ไม่ได้กำหนดหน้าที่ผู้รับผิดชอบงานอาชีวศึกษาโดยตรง, ไม่ได้กำหนดแนวทางการประกันคุณภาพที่ชัดเจน, และไม่มีการติดตามประเมินผล. 2. บุคลากรของ อปท. ขาดความรู้ความเข้าใจเกี่ยวกับกระบวนการประกันคุณภาพการศึกษาระดับอาชีวศึกษา. 3. บุคลากรของสถานศึกษาขาดความรู้ความเข้าใจ และไม่ได้รับการนิเทศติดตามจากหน่วยงานต้นสังกัดและหน่วยงานกำกับดูแล.",รายละเอียด: หน่วยงานที่เกี่ยวข้องดำเนินการตามแนวปฏิบัติในการประกันคุณภาพภายในสถานศึกษาไม่ครบถ้วน: - กรมส่งเสริมการปกครองท้องถิ่น (สถ.): ไม่ได้ดำเนินการส่งเสริม สนับสนุน ให้คำปรึกษา อปท. และไม่ได้ทำการศึกษา วิเคราะห์ สรุปผลรายงาน SAR ของสถานศึกษา. - องค์กรปกครองส่วนท้องถิ่น (อปท.): บางแห่งไม่ได้รวบรวมและสังเคราะห์รายงาน SAR ของสถานศึกษา และการติดตามผลการดำเนินงานไม่มีเอกสารรายงานที่ชัดเจน. - สถานศึกษา: บางแห่งไม่ได้ดำเนินการพัฒนาสถานศึกษาตามคำแนะนำของ อปท. และการประเมินผลและติดตามผลไม่มีเอกสารรายงานที่ชัดเจน .,ข้อเสนอแนะ: 1. ให้ สถ. กำหนดหน้าที่ผู้รับผิดชอบงานอาชีวศึกษาโดยตรงเพื่อรองรับงานประกันคุณภาพการศึกษา. 2. ให้ สถ. จัดทำคู่มือการดำเนินการระบบการประกันคุณภาพการศึกษาระดับอาชีวศึกษาให้สอดคล้องกับบริบทของท้องถิ่น. 3. จัดอบรมให้ความรู้กับบุคลากรที่เกี่ยวข้องกับระบบงานประกันคุณภาพการศึกษาทั้งในระดับ อปท. และสถานศึกษา. 4. กำชับให้ อปท. ส่งเสริม สนับสนุน และนิเทศติดตามการดำเนินงานประกันคุณภาพของสถานศึกษา.,ผลกระทบ: การประกันคุณภาพการศึกษาของสถานศึกษาไม่สามารถสะท้อนคุณภาพตามมาตรฐานการศึกษา เพื่อนำไปสู่การพัฒนาและปรับปรุงได้อย่างมีประสิทธิภาพและประสิทธิผล.
FL-2094,ข้อสังเกต: การจัดการอาชีวศึกษาระบบทวิภาคีของสถานศึกษาในสังกัดองค์กรปกครองส่วนท้องถิ่น,กรมส่งเสริมการปกครองท้องถิ่น,การจัดการศึกษาอาชีวศึกษาขององค์กรปกครองส่วนท้องถิ่น ของกรมส่งเสริมการปกครองท้องถิ่น กระทรวงมหาดไทย,2565,ข้อมูล/บันทึก/เอกสาร,สาเหตุ: สถ. ไม่ได้กำหนดนโยบาย เป้าหมาย หรือทิศทางในการจัดการศึกษาระบบทวิภาคีอย่างเป็นรูปธรรม และสถานศึกษาส่วนใหญ่ไม่ได้รับทราบข้อมูลเพื่อให้เกิดความรู้ความเข้าใจในเรื่องนี้.,"รายละเอียด: จากการตรวจสอบสถานศึกษา 10 แห่ง พบว่า 4 แห่ง ไม่มีการจัดการศึกษาระบบทวิภาคีในปัจจุบัน และอีก 2 แห่ง ไม่ได้ดำเนินการขับเคลื่อนเลย เนื่องจากปัญหาอุปสรรคต่างๆ เช่น ความไม่พร้อมของสถานประกอบการ, วุฒิภาวะของผู้เรียน, และการขาดนโยบายที่ชัดเจน .",ข้อเสนอแนะ: 1. ให้ สถ. ประสานงานและสร้างเครือข่ายความร่วมมือกับกระทรวงศึกษาธิการเกี่ยวกับการจัดการศึกษาระบบทวิภาคี. 2. ให้ สถ. กำหนดแผนการดำเนินงานเพื่อขับเคลื่อนการพัฒนาและส่งเสริมการจัดการศึกษาระบบทวิภาคีให้ชัดเจน และทำความเข้าใจกับผู้บริหาร อปท. และสถานศึกษาให้เห็นถึงประโยชน์และความสำคัญ.,ผลกระทบ: การที่สถานศึกษาส่วนใหญ่ไม่สามารถขับเคลื่อนการจัดการศึกษาระบบทวิภาคีได้อย่างเป็นรูปธรรม จะส่งผลต่อการพัฒนาคุณภาพการอาชีวศึกษาและการผลิตกำลังคนให้ตรงกับความต้องการของสถานประกอบการ.
FL-2095,ข้อตรวจพบที่ 1: การเสริมสร้างนักเรียนให้มีทักษะในการดำรงชีวิตในศตวรรษที่ 21 ตามโครงการโรงเรียนสองภาษา และการดำเนินงานสะเต็มศึกษา,สำนักการศึกษากรุงเทพมหานคร,การจัดการศึกษาขั้นพื้นฐานของกรุงเทพมหานคร,2564,บุคลากร/สมรรถนะ,"สาเหตุ: - โครงการสองภาษา: ขาดการเตรียมข้อมูลเพื่อกำหนดเป้าหมาย, ขาดการส่งเสริมการประเมินผลที่เป็นมาตรฐาน, การบริหารจัดการครูต่างชาติมีข้อจำกัด (ค่าตอบแทน, สวัสดิการ), และขาดการส่งเสริมทักษะภาษาอังกฤษให้ครูไทย. - สะเต็มศึกษา: สำนักการศึกษาขาดการกำหนดแนวทางการขับเคลื่อนที่ชัดเจน, ขาดการกำกับติดตามประสิทธิภาพ, และโรงเรียนขาดการให้ความสำคัญและบุคลากรยังขาดความรู้ความเข้าใจ .","รายละเอียด: 1. โครงการโรงเรียนสองภาษา: - ผลการดำเนินงานต่ำกว่าเป้าหมายเชิงปริมาณในปี 2562-2563. - การบริหารจัดการไม่เป็นไปตามแนวทาง: โรงเรียนส่วนใหญ่ไม่มีการทดสอบทักษะภาษาอังกฤษตามกรอบ CEFR , และครูต่างชาติไม่ตรงวิชาเอกและไม่เพียงพอ. 2 สะเต็มศึกษา (STEM): - โรงเรียนบางแห่ง (9 จาก 22 แห่งที่สุ่ม) ไม่มีการจัดกิจกรรมสะเต็มศึกษา. - โรงเรียนที่ตั้งศูนย์อบรมทางไกลส่วนใหญ่ (6 จาก 8 แห่ง) ไม่มีการจัดตั้งชมรม STEM & Robotics. - ศูนย์อบรมทางไกลบางแห่ง (4 จาก 8 แห่ง) ไม่มีการนิเทศติดตามการสอนของครู .","ข้อเสนอแนะ: - โครงการสองภาษา: กำหนดเป้าหมายที่เหมาะสม, กำหนดแนวทางการประเมินผลให้ชัดเจน, วางแผนการรับสมัครครูต่างชาติให้เพียงพอและตรงความต้องการ, และส่งเสริมทักษะภาษาอังกฤษให้บุคลากรที่ร่วมโครงการ. - สะเต็มศึกษา: กำหนดแนวทาง วิธีดำเนินการให้ชัดเจน, ส่งเสริมสนับสนุนการดำเนินการในโรงเรียน (จัดทำแผน, พัฒนาองค์ความรู้ครู), และติดตามผลการขับเคลื่อนอย่างต่อเนื่อง.","ผลกระทบ: - โครงการสองภาษา: นักเรียนเสียโอกาสในการพัฒนาทักษะภาษาอังกฤษ, กระทบภาพลักษณ์และความน่าเชื่อถือของโครงการ, และผลสัมฤทธิ์ทางการเรียนของนักเรียนอาจไม่เป็นไปตามเป้า. - สะเต็มศึกษา: ครูเสียโอกาสในการพัฒนา, ผู้เรียนขาดการพัฒนาทักษะการบูรณาการความรู้, และอาจส่งผลกระทบต่อผลสัมฤทธิ์ทางการเรียนวิชาวิทยาศาสตร์และคณิตศาสตร์ ."
FL-2096,ข้อตรวจพบที่ 2: การประกันคุณภาพการศึกษาตามมาตรฐานการจัดการศึกษา,สำนักการศึกษากรุงเทพมหานคร,การจัดการศึกษาขั้นพื้นฐานของกรุงเทพมหานคร,2564,ข้อมูล/บันทึก/เอกสาร,"สาเหตุ: 1. ครูบางส่วนยังขาดความรู้ความเข้าใจเกี่ยวกับการดำเนินงานประกันคุณภาพ, การสร้างเครื่องมือ, และวิธีวิเคราะห์ข้อมูล. 2. ขาดการติดตามจากหน่วยงานที่เกี่ยวข้องของสำนักการศึกษาในขั้นตอนการดำเนินการประกันคุณภาพภายในของสถานศึกษา.","รายละเอียด: โรงเรียนบางแห่งดำเนินการประกันคุณภาพภายในไม่เป็นไปตามแนวทางที่กำหนด: - 13 จาก 22 แห่ง กำหนดเกณฑ์การประเมินความสำเร็จไม่เป็นไปตามแนวทาง (เช่น ไม่กำหนดตัวชี้วัดย่อย, กำหนดไม่ชัดเจน). - 17 จาก 22 แห่ง ไม่กำหนดวิธีการประเมินและเครื่องมือการประเมินที่ชัดเจน. - 4 จาก 22 แห่ง ไม่ได้จัดทำคำสั่งแต่งตั้งคณะกรรมการประเมินคุณภาพภายในของสถานศึกษา .",ข้อเสนอแนะ: 1. กำหนดแนวปฏิบัติในการประกันคุณภาพการศึกษาของโรงเรียน และส่งเสริมให้โรงเรียนปฏิบัติตามในทิศทางเดียวกัน พร้อมทั้งพัฒนาความรู้ความเข้าใจให้บุคลากร. 2. กำหนดแนวทางการติดตามกระบวนการประกันคุณภาพของโรงเรียน เพื่อให้ทราบปัญหาและหาแนวทางแก้ไข.,ผลกระทบ: ส่งผลต่อความน่าเชื่อถือของการจัดการศึกษา โดยผลการประเมินอาจไม่สะท้อนคุณภาพที่แท้จริง และส่งผลต่อการนำผลการประเมินไปใช้ในการพัฒนาคุณภาพการจัดการศึกษาของโรงเรียน.
FL-2097,ข้อตรวจพบที่ 3: การส่งเสริม สนับสนุนเทคโนโลยี และพัฒนาระบบสารสนเทศทางการศึกษา,สำนักการศึกษากรุงเทพมหานคร,การจัดการศึกษาขั้นพื้นฐานของกรุงเทพมหานคร,2564,กฎระเบียบ/กฎหมาย,"สาเหตุ: - ด้านคอมพิวเตอร์: สำนักการศึกษาขาดการเร่งรัดการดำเนินงานโครงการด้านการพัฒนาระบบคอมพิวเตอร์ให้เป็นไปตามแผนฯ ปี 2561-2563. - ด้านระบบสารสนเทศ: การตรวจสอบและทดลองใช้งานระบบเป็นไปอย่างล่าช้า, ฐานข้อมูลไม่ถูกต้องครบถ้วน, ระเบียบและข้อกฎหมายที่รองรับยังไม่แล้วเสร็จ, ผู้ใช้งานขาดความตระหนักและความเข้าใจ, และขาดการติดตามประเมินผลจากผู้ใช้งาน .","รายละเอียด: 1. ขาดแคลนคอมพิวเตอร์: โรงเรียนส่วนใหญ่ (20 จาก 21 แห่งที่สุ่ม) มีเครื่องคอมพิวเตอร์ไม่เพียงพอต่อการจัดการเรียนการสอน. 2 คอมพิวเตอร์ไม่มีคุณภาพ: เครื่องคอมพิวเตอร์และครุภัณฑ์ประกอบส่วนใหญ่เก่า, เสื่อมสภาพ, และชำรุด โดยคอมพิวเตอร์ที่ชำรุดมีถึง 30.06%. 3 ระบบสารสนเทศทรัพยากรบุคคล: ยังใช้งานไม่บรรลุวัตถุประสงค์ โดยมี 5 ระบบที่ใช้งานยังไม่เป็นไปตามวัตถุประสงค์ และอีก 4 ระบบยังไม่มีการใช้งาน .","ข้อเสนอแนะ: - ด้านคอมพิวเตอร์: ให้สำนักการศึกษาเร่งรัดการดำเนินงานโครงการพัฒนาระบบคอมพิวเตอร์เพื่อการเรียนรู้ต่อเนื่องให้เป็นไปตามแผน และติดตามความก้าวหน้าอย่างต่อเนื่อง. - ด้านระบบสารสนเทศ: มอบหมายเจ้าหน้าที่ผู้มีความรู้เพื่อตรวจสอบและทดลองระบบให้พร้อมใช้งาน, เร่งรัดการปรับปรุงข้อมูลให้ถูกต้อง, เร่งรัดการพิจารณาระเบียบที่เกี่ยวข้อง, ประชาสัมพันธ์และชี้แจงแนวทางการใช้งาน, และสำรวจผู้ใช้งานเพื่อให้สามารถเข้าถึงระบบได้.","ผลกระทบ: - ด้านคอมพิวเตอร์: ครูและผู้เรียนขาดทักษะในการใช้เทคโนโลยี, นักเรียนขาดโอกาสในการพัฒนาและแสวงหาความรู้, และไม่สามารถยกระดับคุณภาพการศึกษาในศตวรรษที่ 21 ได้. - ด้านระบบสารสนเทศ: ศูนย์ข้อมูลกลางของข้าราชการครูยังไม่สามารถทำงานได้อย่างครบวงจร, ข้าราชการครูเสียโอกาสในการใช้ประโยชน์จากระบบ, และหน่วยงานที่เกี่ยวข้องยังไม่สามารถใช้ประโยชน์จากการบูรณาการข้อมูลเพื่อวางแผนการจัดการศึกษาได้ ."
FL-2098,ข้อตรวจพบที่ 4: การดำเนินการจัดซื้อหนังสือเรียน หนังสือเสริมการเรียน และแบบฝึกหัด,สำนักการศึกษากรุงเทพมหานคร,การจัดการศึกษาขั้นพื้นฐานของกรุงเทพมหานคร,2564,การเงิน/พัสดุ,สาเหตุ: 1. โรงเรียนขาดการวางแผนและดำเนินการจัดซื้อให้แล้วเสร็จตามแนวทางที่กำหนด ทำให้บางขั้นตอนล่าช้า. 2. สำนักงานเขตขาดการกำกับติดตามให้โรงเรียนดำเนินการตามกรอบเวลา และเจ้าหน้าที่บางส่วนยังขาดความรู้ความเข้าใจในกระบวนการจัดซื้อจัดจ้างตาม พ.ร.บ. ฉบับใหม่ ปี 2560.,"รายละเอียด: โรงเรียนในสังกัด กทม. ดำเนินการจัดซื้อหนังสือเรียน, หนังสือเสริมการเรียน, และแบบฝึกหัดไม่แล้วเสร็จก่อนเปิดภาคเรียน. ในปีการศึกษา 2561, 100% ของโรงเรียนที่สุ่มตรวจสอบจัดซื้อล่าช้า โดยบางแห่งใช้เวลาถึง 125 วันหลังเปิดภาคเรียน. ในปีการศึกษา 2562, 68.18% - 77.27% ของโรงเรียนจัดซื้อล่าช้า.",ข้อเสนอแนะ: 1. กำชับโรงเรียนให้มีการวางแผนโดยกำหนดกรอบระยะเวลาในแต่ละขั้นตอนให้ชัดเจนและดำเนินการให้แล้วเสร็จก่อนเปิดภาคเรียนอย่างเคร่งครัด. 2. ให้สำนักงานเขตกำกับติดตามโรงเรียนอย่างต่อเนื่อง และให้ความรู้เกี่ยวกับ พ.ร.บ. การจัดซื้อจัดจ้างฯ และขั้นตอนที่เกี่ยวข้องแก่เจ้าหน้าที่.,ผลกระทบ: 1. นักเรียนขาดความเข้าใจและการเรียนรู้ในห้องเรียน เนื่องจากไม่มีหนังสือใช้ประกอบการเรียนการสอน. 2. โอกาสในการใช้หนังสือตลอดภาคการศึกษาของนักเรียนลดลง ทำให้ไม่ได้ใช้ประโยชน์จากหนังสืออย่างเต็มประสิทธิภาพ.
FL-2099,ข้อสังเกต: การดำเนินงานโครงการพัฒนาระบบสารสนเทศและเทคโนโลยีการจัดการศึกษาไม่เป็นไปตามแผนที่กำหนด,สำนักการศึกษากรุงเทพมหานคร,การจัดการศึกษาขั้นพื้นฐานของกรุงเทพมหานคร,2564,ข้อมูล/บันทึก/เอกสาร,สาเหตุ: (ไม่ได้ระบุ) ข้อเสนอแนะ: 1. เร่งรัดและติดตามความก้าวหน้าในการดำเนินงานโครงการอย่างต่อเนื่อง และจัดทำแผนรองรับความเสี่ยงที่อาจเกิดขึ้น. 2. หากมีโครงการลักษณะเดียวกันในอนาคต ให้กำกับดูแลหน่วยงานที่รับผิดชอบให้มีการวางแผนและจัดเตรียมข้อมูลที่เพียงพอเพื่อป้องกันความล่าช้า.,รายละเอียด: โครงการฯ มีผลการดำเนินงานล่าช้ากว่าแผนอย่างน้อย 6 เดือน โดยเฉพาะขั้นตอนการจัดทำ TOR และราคากลางที่ใช้เวลานานถึง 7 เดือน .,,"ผลกระทบ: สำนักการศึกษาและโรงเรียนเสียโอกาสในการใช้ระบบฐานข้อมูลที่เป็นปัจจุบัน, ไม่สามารถบูรณาการเชื่อมโยงข้อมูลระหว่างหน่วยงานได้, และส่งผลกระทบต่อการบรรลุเป้าหมายตามแผนพัฒนาการศึกษาแห่งชาติ. ปัญหาข้อมูลซ้ำซ้อนยังทำให้การจัดสรรงบประมาณเงินอุดหนุน (รายหัว) สูงกว่าจำนวนนักเรียนที่มีอยู่จริง."
FL-2100,ข้อตรวจพบที่ 1: การพัฒนา และสนับสนุนฐานข้อมูลการบริหารจัดการแหล่งน้ำให้กับองค์กรปกครองส่วนท้องถิ่นไม่เป็นไปตามแนวทางและวัตถุประสงค์ที่กำหนด,กรมส่งเสริมการปกครองท้องถิ่น,การบริหารจัดการแหล่งน้ำขององค์กรปกครองส่วนท้องถิ่น ของกรมส่งเสริมการปกครองท้องถิ่น กระทรวงมหาดไทย,2565,การเงิน/พัสดุ,สาเหตุ: 1. อปท. ขาดการสำรวจแหล่งน้ำในความรับผิดชอบเพื่อจัดทำฐานข้อมูล เนื่องจากยังไม่มีความจำเป็นต้องใช้ข้อมูล และจะสำรวจเป็นรายโครงการเมื่อต้องการของบประมาณเท่านั้น 2. เจ้าหน้าที่ อปท. ส่วนใหญ่ยังขาดความเข้าใจเกี่ยวกับวัตถุประสงค์ของระบบสารสนเทศฯ จึงไม่ให้ความสำคัญกับการบันทึกข้อมูล 3. สถ. ขาดแนวทางการใช้ประโยชน์จากฐานข้อมูลระบบสารสนเทศฯ อย่างเป็นรูปธรรม และไม่ได้นำข้อมูลมาใช้ประกอบการพิจารณาสนับสนุนงบประมาณจริง 4. สถ. ขาดการติดตามผลการใช้งานระบบเพื่อรวบรวมปัญหาและนำมาปรับปรุงระบบ,"รายละเอียด: อปท. ที่สุ่มตรวจสอบ 31 แห่ง พบว่า: - 19 แห่ง (61.29%) ไม่มีการจัดทำฐานข้อมูลแหล่งน้ำขนาดเล็ก - 11 แห่ง จาก 12 แห่งที่จัดทำฐานข้อมูล ขาดข้อมูลรายละเอียดที่สำคัญตามหลักเกณฑ์ - การบันทึกข้อมูลใน ""ระบบสารสนเทศด้านการบริหารจัดการน้ำขององค์กรปกครองส่วนท้องถิ่น"" ไม่ครบถ้วน ไม่เป็นปัจจุบัน และข้อมูลไม่ตรงกับฐานข้อมูลของ อปท. เอง - อปท. 25 แห่ง (80.65%) ไม่มีการใช้ประโยชน์จากระบบสารสนเทศฯ ตามวัตถุประสงค์ที่กำหนด",ข้อเสนอแนะ: 1. กำชับให้ อปท. สำรวจและจัดทำฐานข้อมูลแหล่งน้ำขนาดเล็กในความรับผิดชอบของตนเอง 2. กำหนดแนวทางการนำข้อมูลในระบบสารสนเทศฯ มาใช้ประโยชน์อย่างเป็นรูปธรรม เช่น ใช้ประกอบการพิจารณาของบประมาณ หรือกำหนดเป็นตัวชี้วัด LPA 3. ดำเนินการรวบรวมปัญหาและข้อจำกัดในการใช้งานระบบจากผู้ใช้ประโยชน์ เพื่อนำมาพัฒนาปรับปรุงระบบให้สามารถใช้งานได้ตามวัตถุประสงค์ 4. ให้ สถจ. กำชับ ดูแล และติดตามให้ อปท. บันทึกข้อมูลในระบบให้ครบถ้วน ถูกต้อง และเป็นปัจจุบัน,ผลกระทบ: ข้อมูลแหล่งน้ำในระบบสารสนเทศฯ ที่ สถ. จัดทำขึ้นขาดความน่าเชื่อถือ ทำให้ อปท. และหน่วยงานอื่น ๆ ไม่สามารถนำข้อมูลไปใช้ประโยชน์ในการวางแผนบริหารจัดการน้ำได้อย่างครอบคลุมและมีประสิทธิภาพ
FL-2101,ข้อตรวจพบที่ 2: การดูแล บำรุงรักษาแหล่งน้ำขององค์กรปกครองส่วนท้องถิ่นไม่มีประสิทธิภาพ,กรมส่งเสริมการปกครองท้องถิ่น,การบริหารจัดการแหล่งน้ำขององค์กรปกครองส่วนท้องถิ่น ของกรมส่งเสริมการปกครองท้องถิ่น กระทรวงมหาดไทย,2565,บุคลากร/สมรรถนะ,สาเหตุ: 1. เจ้าหน้าที่กองช่างของ อปท. ขาดความเข้าใจและความชำนาญงานด้านวิศวกรรมในการบริหารจัดการแหล่งน้ำ โดย อปท. ส่วนใหญ่ขาดวิศวกรและเจ้าหน้าที่ไม่เคยได้รับการอบรมที่เกี่ยวข้อง 2. สถ. ขาดการส่งเสริมความรู้ความเข้าใจในการปฏิบัติงานด้านการดูแลบำรุงรักษาแหล่งน้ำให้กับเจ้าหน้าที่ของ อปท. อย่างต่อเนื่อง,รายละเอียด: 1. การตรวจสภาพโครงสร้าง: อปท. 23 จาก 26 แห่ง (88.46%) ที่สุ่มตรวจสอบ ไม่ได้ดำเนินการตรวจสภาพงานโครงสร้างคอนกรีตหรืออาคารชลศาสตร์ของแหล่งน้ำอย่างเป็นประจำตามหลักการที่กำหนด จากการสังเกตการณ์ 48 แห่ง พบว่า 31 แห่ง (64.58%) มีสภาพชำรุดเสียหาย 2. กิจกรรมดูแลบำรุงรักษา: อปท. บางแห่งยังดำเนินกิจกรรมไม่ครอบคลุมสภาพปัญหาสำคัญ โดย 5 แห่งยังไม่มีการดำเนินกิจกรรมแก้ไขปัญหาการบุกรุก และพบแหล่งน้ำ 18 แห่ง ยังคงมีสภาพปัญหาวัชพืช/ขยะสิ่งปฏิกูล,ข้อเสนอแนะ: 1. สร้างความรู้ความเข้าใจให้เจ้าหน้าที่ผู้ปฏิบัติงานของ อปท. โดยประสานขอความร่วมมือจากส่วนราชการเดิม (เช่น กรมชลประทาน) ในการให้คำแนะนำทางเทคนิควิชาการ 2. กำชับให้เจ้าหน้าที่ อปท. ปฏิบัติงานดูแล บำรุงรักษาแหล่งน้ำให้เป็นไปตามหลักการที่กำหนด,ผลกระทบ: 1. ประชาชนไม่สามารถใช้ประโยชน์จากแหล่งน้ำได้ตามวัตถุประสงค์และเพียงพอต่อความต้องการ โดยพบว่าแหล่งน้ำ 26 แห่งจาก 68 แห่งที่สังเกตการณ์ไม่สามารถกักเก็บน้ำได้ตลอดทั้งปี 2. แหล่งน้ำที่ชำรุดแต่ไม่ได้รับการซ่อมแซมอาจเสียหายมากขึ้น และ อปท. ต้องใช้งบประมาณจำนวนมากในการซ่อมแซมในอนาคต
FL-2102,ข้อสังเกต: การจัดทำแผนพัฒนาแหล่งน้ำขององค์กรปกครองส่วนท้องถิ่นตามภารกิจที่ได้รับถ่ายโอนไม่เป็นไปตามหลักเกณฑ์ที่กำหนด,กรมส่งเสริมการปกครองท้องถิ่น,การบริหารจัดการแหล่งน้ำขององค์กรปกครองส่วนท้องถิ่น ของกรมส่งเสริมการปกครองท้องถิ่น กระทรวงมหาดไทย,2565,การวางแผน/ตัวชี้วัด,สาเหตุ: (ไม่ได้ระบุ) ข้อเสนอแนะ: ให้อธิบดีกรมส่งเสริมการปกครองท้องถิ่นพิจารณามอบหมายให้หน่วยงานที่เกี่ยวข้องกำหนดแนวทางในการส่งเสริมและสนับสนุนให้ อปท. ดำเนินการจัดทำแผนพัฒนาแหล่งน้ำในความรับผิดชอบ และส่งเสริม อบจ. ในการประสานแผนพัฒนาแหล่งน้ำทั้งจังหวัด เพื่อให้การบริหารจัดการสอดคล้องกับหลักเกณฑ์และสามารถวางแผนจัดหาน้ำให้เพียงพอต่อความต้องการของประชาชน,รายละเอียด: 1. การจัดทำแผนของ อปท.: อปท. ทั้ง 32 แห่งที่ตรวจสอบ ไม่มีการจัดทำแผนพัฒนาแหล่งน้ำตามหลักเกณฑ์ที่กำหนด โดยส่วนใหญ่จัดทำในรูปแบบแผนพัฒนาท้องถิ่นซึ่งมาจากการประชาคมเป็นหลัก และไม่ได้คำนวณความต้องการใช้น้ำเพื่อนำมาวางแผนจัดหาแหล่งน้ำเพิ่มเติม 2. การประสานแผนของ อบจ.: อบจ. บางแห่ง (2 จาก 6 แห่ง) ไม่มีการประสานแผนพัฒนาแหล่งน้ำจาก อปท. อื่นในพื้นที่ตามหลักเกณฑ์ และพบว่ามี อปท. 7 แห่ง ที่มีโครงการเกินศักยภาพและต้องการประสานแผนกับ อบจ. แต่ไม่มีการประสานโครงการดังกล่าว,,ผลกระทบ: แหล่งน้ำไม่ได้รับการบำรุงรักษาอย่างเหมาะสม มีสภาพชำรุดเสียหาย และประชาชนอาจมีน้ำสำหรับอุปโภค บริโภค และการเกษตรไม่เพียงพอกับความต้องการ
FL-2103,ข้อตรวจพบที่ 1: การพัฒนาระบบเฝ้าระวังภัยพิบัติ (โทรมาตร) ไม่บรรลุวัตถุประสงค์ที่กำหนด,กรมส่งเสริมการปกครองท้องถิ่น,การจัดการศึกษาระดับปฐมวัยขององค์กรปกครองส่วนท้องถิ่น กรมส่งเสริมการปกครองท้องถิ่น กระทรวงมหาดไทย,2566,บุคลากร/สมรรถนะ,สาเหตุ: 1. ศภช. ไม่มีการมอบหมายเจ้าหน้าที่ในการดูแลบำรุงรักษาและตรวจสอบความชำรุดบกพร่องของระบบโทรมาตรในระหว่างการรับประกัน 2. ศภช. ไม่มีแผนการบำรุงรักษาระบบโทรมาตรหลังสิ้นสุดระยะประกัน 3. ศภช. ไม่ได้กำหนดแนวทางปฏิบัติในการดูแลบำรุงรักษาอุปกรณ์และสภาพแวดล้อมบริเวณที่ติดตั้ง และไม่มีการส่งเสริมการมีส่วนร่วมของชุมชนในการดูแล 4. ปภ. ไม่ได้ประชาสัมพันธ์แอปพลิเคชัน DPM Alert อย่างทั่วถึงและเพียงพอ 5. ปภ. ไม่ได้กำหนดแนวทางปฏิบัติเกี่ยวกับการนำระบบโทรมาตรมาใช้ในการป้องกันและบรรเทาสาธารณภัย,รายละเอียด: 1. การทำงานของระบบ: ระบบโทรมาตรทำงานไม่ต่อเนื่องและแสดงผลข้อมูลไม่ครบถ้วน โดยพบว่า 318 แห่ง จาก 555 แห่ง ไม่สามารถตรวจวัดสภาพอากาศและคุณภาพอากาศได้อย่างต่อเนื่อง และ 539 แห่ง แสดงผลข้อมูลไม่ครบถ้วน 2 การใช้งานแอปพลิเคชัน DPM Alert: ประชาชนในพื้นที่เสี่ยงภัยส่วนใหญ่ยังไม่สามารถเข้าถึงข้อมูลและไม่เคยใช้งานแอปพลิเคชัน สนง.ปภ.จังหวัด ไม่ได้นำเข้าข้อมูลแจ้งเตือนและไม่ได้นำข้อมูลจากแอปพลิเคชันไปใช้ประโยชน์,ข้อเสนอแนะ: 1. มอบหมายผู้รับผิดชอบดูแลบำรุงรักษาและตรวจสอบความชำรุดของระบบโทรมาตรที่อยู่ในระยะประกันเป็นลายลักษณ์อักษร 2. จัดทำแผนการบำรุงรักษาระบบโทรมาตรหลังสิ้นสุดระยะประกัน 3. กำหนดแนวปฏิบัติในการดูแลบำรุงรักษาอุปกรณ์และสภาพแวดล้อม และส่งเสริมการมีส่วนร่วมของชุมชน 4. จัดให้มีการเผยแพร่ประชาสัมพันธ์แอปพลิเคชัน DPM Alert อย่างทั่วถึง 5. กำหนดแนวทางการปฏิบัติเกี่ยวกับการใช้งานระบบโทรมาตรสำหรับหน่วยงานที่เกี่ยวข้อง 6. ดำเนินการติดตามประเมินผลการดำเนินงานโครงการเพื่อรวบรวมปัญหาและนำมาพัฒนาปรับปรุง,ผลกระทบ: 1. ปภ. และส่วนราชการที่เกี่ยวข้องไม่สามารถนำข้อมูลที่ถูกต้องมาใช้ประกอบการวิเคราะห์และคาดการณ์สาธารณภัยได้อย่างเต็มประสิทธิภาพ ทำให้การแจ้งเตือนภัยไม่เที่ยงตรงแม่นยำและรวดเร็ว 2. หน่วยงานที่เกี่ยวข้องเสียโอกาสในการนำข้อมูลมาใช้เพิ่มประสิทธิภาพในการป้องกันและบรรเทาสาธารณภัย ทำให้การใช้จ่ายงบประมาณ 432.70 ล้านบาท เป็นไปอย่างไม่คุ้มค่า
FL-2104,ข้อตรวจพบที่ 2: ระบบข้อมูลสนับสนุนการตัดสินใจ (Decision Support System: DSS) คาดการณ์ภัยพิบัติล่วงหน้า 1 วัน ในระดับพื้นที่ไม่แม่นยำ,กรมส่งเสริมการปกครองท้องถิ่น,การจัดการศึกษาระดับปฐมวัยขององค์กรปกครองส่วนท้องถิ่น กรมส่งเสริมการปกครองท้องถิ่น กระทรวงมหาดไทย,2566,บุคลากร/สมรรถนะ,สาเหตุ: 1. ระบบ DSS ยังไม่สามารถบูรณาการข้อมูลจากหน่วยงานต่างๆ ได้อย่างสมบูรณ์ เนื่องจากข้อมูลมีการจัดเก็บในรูปแบบไฟล์ที่แตกต่างกัน ทำให้ปริมาณข้อมูลนำเข้าเพื่อวิเคราะห์ยังไม่เพียงพอในระดับพื้นที่ 2. ปภ. โดย ศภช. ไม่ได้กำหนดแนวทางในการใช้งานระบบ DSS ให้กับเจ้าหน้าที่ผู้ปฏิบัติงานทั้งในส่วนกลางและส่วนภูมิภาค,รายละเอียด: จากการสุ่มตรวจสอบสาธารณภัยที่เกิดขึ้นจริง เปรียบเทียบกับแผนที่คาดการณ์ล่วงหน้า 1 วันในระบบ DSS พบว่า: - อุทกภัย: เกิดขึ้นจริง 90 ครั้ง ระบบคาดการณ์ได้แม่นยำเพียง 30 ครั้ง และไม่คาดการณ์แต่เกิดภัยจริง 60 ครั้ง - วาตภัย: เกิดขึ้นจริง 80 ครั้ง ระบบคาดการณ์ได้แม่นยำเพียง 27 ครั้ง และไม่คาดการณ์แต่เกิดภัยจริง 53 ครั้ง ปัจจุบันมีเพียงเจ้าหน้าที่ของ ศภช. ที่ใช้งานระบบ แต่ยังไม่เต็มประสิทธิภาพ,ข้อเสนอแนะ: 1. พัฒนาและปรับปรุงระบบ DSS ให้สามารถใช้งานได้อย่างแม่นยำ โดยบูรณาการข้อมูลจากหน่วยงานภายในและภายนอกเพื่อให้มีข้อมูลเพียงพอในระดับพื้นที่ 2. กำหนดแนวทางการใช้ประโยชน์จากระบบ DSS ให้กับเจ้าหน้าที่ผู้ปฏิบัติงานด้านการเฝ้าระวังและแจ้งเตือนภัยทั้งในส่วนกลางและส่วนภูมิภาค เพื่อให้ระบบมีการใช้งานตามวัตถุประสงค์,ผลกระทบ: การใช้จ่ายงบประมาณ 21.33 ล้านบาท เกิดความไม่คุ้มค่า และทำให้ต้องของบประมาณเพิ่มเติมอีก 31.60 ล้านบาทเพื่อพัฒนาและปรับปรุงระบบ ประชาชนในพื้นที่ที่ระบบไม่ได้คาดการณ์ได้รับผลกระทบจากสาธารณภัยโดยไม่สามารถเตรียมความพร้อมได้ทัน
FL-2105,ข้อตรวจพบที่ 3: การแจ้งเตือนภัยและการกระจายข้อมูลไม่เป็นไปตามเป้าหมายและวัตถุประสงค์ที่กำหนด,กรมส่งเสริมการปกครองท้องถิ่น,การจัดการศึกษาระดับปฐมวัยขององค์กรปกครองส่วนท้องถิ่น กรมส่งเสริมการปกครองท้องถิ่น กระทรวงมหาดไทย,2566,ข้อมูล/บันทึก/เอกสาร,สาเหตุ: 1. กลไกการแจ้งเตือนภัยขาดการเชื่อมโยงการปฏิบัติงานอย่างมีประสิทธิภาพ ตั้งแต่การรับข้อมูล การกระจายข้อมูล และการติดตามผล. 2. การกำหนดตัวชี้วัดและการประเมินผลยังไม่สะท้อนผลสัมฤทธิ์ที่แท้จริง โดยเน้นเชิงปริมาณมากกว่าเชิงคุณภาพ. 3. ปภ. โดย ศภช. ไม่ได้จัดทำแผนการบำรุงรักษาอุปกรณ์เตือนภัยที่อยู่นอกเหนือสัญญาจ้างเหมา. 4. ขาดการติดตามปัญหา อุปสรรค ในการใช้งานและการดูแลบำรุงรักษาอุปกรณ์เตือนภัยในพื้นที่. 5. ศภช. ขาดการติดตามหาสาเหตุและแก้ไขปัญหากรณีจออัจฉริยะดับ และขาดแนวทางการใช้ประโยชน์จอให้สอดคล้องกับวัตถุประสงค์. ข้อเสนอแนะ: 1. สั่งการให้หน่วยปฏิบัติเกี่ยวกับการแจ้งเตือนภัยเชื่อมโยงการปฏิบัติงานอย่างมีประสิทธิภาพ. 2. พิจารณาทบทวนการกำหนดตัวชี้วัดเกี่ยวกับการแจ้งเตือนและการกระจายข้อมูลให้สะท้อนภารกิจและวัดผลเชิงคุณภาพ. 3. สั่งการให้ ศภช. จัดทำแผนการบำรุงรักษาอุปกรณ์เตือนภัยนอกเหนือจากสัญญาจ้าง. 4. สั่งการให้ ศภช. สำรวจและรวบรวมปัญหาอุปสรรคในการใช้งานและดูแลรักษาอุปกรณ์เตือนภัยทั่วประเทศ พร้อมหาแนวทางแก้ไข. 5. ดำเนินการให้การเพิ่มศักยภาพหอเตือนภัยในแหล่งท่องเที่ยวมีการใช้งานตามวัตถุประสงค์ที่กำหนด.,"รายละเอียด: 1. การแจ้งเตือนภัย: กองอำนวยการป้องกันและบรรเทาสาธารณภัยจังหวัด (กอปภ.จ.) ส่วนใหญ่ (6 จาก 7 จังหวัด) ไม่ออกหนังสือแจ้งเตือนภัยไปยังหน่วยปฏิบัติในพื้นที่ และจากภัยที่เกิดขึ้น 3,387 ครั้ง ไม่มีการออกหนังสือแจ้งเตือน 1,334 ครั้ง (39.39%) นอกจากนี้ยังมีการแจ้งเตือนไม่ทันต่อเหตุการณ์ (น้อยกว่า 24 ชม. ก่อนเกิดภัย) 152 ครั้ง 2 ความพร้อมอุปกรณ์เตือนภัย: อุปกรณ์เตือนภัยไม่มีความพร้อมใช้งาน โดยในปี 2565 มีการตอบกลับการทดสอบเพียง 61.22% และมีความพร้อมใช้งานเพียง 76.18% ของที่ตอบกลับ จากการทดสอบ 82 แห่ง พบว่า 35 แห่ง (42.68%) ทดสอบไม่ผ่าน และ 19 แห่ง ใช้งานได้ไม่เต็มประสิทธิภาพ 3 การเพิ่มศักยภาพหอเตือนภัย: จออัจฉริยะ 30 จอ ที่ติดตั้งในแหล่งท่องเที่ยว อยู่ในสถานะออฟไลน์และไม่มีการแสดงผลข้อมูล",,ผลกระทบ: 1. ประชาชนในพื้นที่เสี่ยงภัยไม่ได้รับการแจ้งเตือนอย่างทันท่วงที ทำให้เกิดความเสียหายต่อชีวิตและทรัพย์สิน 2. อุปกรณ์เตือนภัยที่ไม่พร้อมใช้งานส่งผลต่อความเชื่อมั่นของประชาชน และหากเกิดภัยจะไม่สามารถแจ้งเตือนได้อย่างรวดเร็ว 3. การเพิ่มศักยภาพหอเตือนภัยไม่บรรลุวัตถุประสงค์ ทำให้การใช้จ่ายงบประมาณ 60 ล้านบาท ไม่คุ้มค่า
FL-2106,ข้อตรวจพบที่ 4: การเตรียมความพร้อมรับมือและอพยพไม่เป็นไปตามแนวทางและวัตถุประสงค์ที่กำหนด,กรมส่งเสริมการปกครองท้องถิ่น,การจัดการศึกษาระดับปฐมวัยขององค์กรปกครองส่วนท้องถิ่น กรมส่งเสริมการปกครองท้องถิ่น กระทรวงมหาดไทย,2566,ติดตาม/ประเมินผล/กำกับ,"สาเหตุ: 1. กอปภ.จ./สนง.ปภ.จังหวัด ส่วนใหญ่ไม่มีการเร่งรัดติดตามการจัดทำแผนป้องกันและบรรเทาสาธารณภัยระดับพื้นที่ 2. กอปภ.จ./สนง.ปภ.จังหวัด บางแห่งไม่ได้ให้ความสำคัญกับการจัดทำและทบทวนแผนเผชิญเหตุให้ครอบคลุมทุกสาธารณภัยในพื้นที่ 3. ขาดการบูรณาการระหว่างหน่วยงานที่เกี่ยวข้องในการสำรวจเส้นทางอพยพ, จุดปลอดภัย และจุดอพยพให้พร้อมใช้งาน 4. หน่วยงานที่เกี่ยวข้องขาดแนวทางการใช้ประโยชน์และการดูแลบำรุงรักษาอาคารหลบภัย","รายละเอียด: 1. การเตรียมความพร้อมของ กอปภ.จ.: การจัดทำแผนป้องกันและบรรเทาสาธารณภัยระดับพื้นที่ยังไม่ครบถ้วน (อำเภอยังไม่จัดทำ 54 แห่ง, อปท. ยังไม่จัดทำ 677 แห่ง) กอปภ.จ. บางแห่งจัดทำแผนเผชิญเหตุไม่ครอบคลุมสาธารณภัยที่มีความเสี่ยงในพื้นที่ (เช่น แผ่นดินไหว) 2 การเตรียมความพร้อมรับมือสึนามิ: บริเวณจุดติดตั้งหอเตือนภัยบางแห่งไม่มีแผนที่แสดงทางหนีภัย เส้นทางอพยพบางเส้นทางไม่ชัดเจนและไม่มีป้ายบอกทาง จุดปลอดภัยบางจุดมีการใช้ประโยชน์เปลี่ยนแปลงไปหรือไม่พร้อมรองรับ และอาคารหลบภัย 3 แห่งที่ตรวจสอบมีสภาพชำรุด ถูกทิ้งร้าง","ข้อเสนอแนะ: 1. การเตรียมความพร้อม: ให้แจ้ง กอปภ.จ./สนง.ปภ.จังหวัด เร่งรัดติดตามให้อำเภอและ อปท. จัดทำแผนป้องกันและบรรเทาสาธารณภัยให้ครบถ้วน และสั่งการให้ สนง.ปภ.จังหวัด จัดทำและทบทวนแผนเผชิญเหตุให้สอดคล้องกับสาธารณภัยในพื้นที่ 2. การเตรียมรับมือสึนามิ: สั่งการให้หน่วยปฏิบัติในพื้นที่ 6 จังหวัดฝั่งอันดามันประสาน อปท. ให้ดำเนินการสำรวจความพร้อมของป้ายเส้นทางอพยพ, แผนที่ทางหนีภัย และจุดปลอดภัย และให้ กอปภ.จ. ขับเคลื่อนการแก้ไขปัญหาอาคารหลบภัยโดยจัดประชุมหารือแนวทางการดูแลและใช้ประโยชน์",ผลกระทบ: 1. ประชาชนในพื้นที่เสี่ยงมีความเสี่ยงที่จะไม่สามารถเตรียมความพร้อมรับมือกับสาธารณภัยได้อย่างทันท่วงที และอาจได้รับผลกระทบต่อชีวิตและทรัพย์สิน 2. รัฐอาจต้องใช้งบประมาณจำนวนมากในการบรรเทาและฟื้นฟูภัยจากสึนามิ และอาคารหลบภัยที่ถูกทิ้งร้างทำให้เกิดความไม่คุ้มค่าในการใช้จ่ายงบประมาณ
FL-2107,ข้อตรวจพบที่ 1: การบริหารจัดการสถานีสูบน้ำด้วยไฟฟ้าขององค์กรปกครองส่วนท้องถิ่นตามภารกิจที่ได้รับการถ่ายโอนไม่มีคุณภาพตามมาตรฐานการบริการสาธารณะที่กำหนด,กรมส่งเสริมการปกครองท้องถิ่น,การจัดการศึกษาระดับปฐมวัยขององค์กรปกครองส่วนท้องถิ่น กรมส่งเสริมการปกครองท้องถิ่น กระทรวงมหาดไทย,2565,บุคลากร/สมรรถนะ,สาเหตุ: 1. สถจ. ไม่มีการส่งเสริมความรู้ความเข้าใจและติดตามประเมินผลการดำเนินงานของ อปท. อย่างครบถ้วน ทำให้ไม่ทราบปัญหาอุปสรรคที่แท้จริง อปท. เองก็ขาดบุคลากรที่มีความชำนาญ และไม่เคยขอคำแนะนำจาก สถจ. 2. สถ. ไม่ได้ปรับปรุงฐานข้อมูลสถานีสูบน้ำด้วยไฟฟ้าให้ถูกต้องและเป็นปัจจุบัน ทำให้ข้อมูลที่ใช้ในการบริหารจัดการคลาดเคลื่อน,"รายละเอียด: จากการตรวจสอบ 15 อปท. ที่มีสถานีสูบน้ำใช้งาน (24 สถานี) พบว่าทั้งหมดไม่ได้นำแนวทางปฏิบัติงานตามมาตรฐานมาใช้ในการบริหารจัดการ: - ภารกิจบำรุงรักษา: ทั้ง 24 สถานี ไม่มีการจัดทำแผนปฏิบัติงานซ่อมแซมและบำรุงรักษา และไม่บันทึกรายงานผล - ภารกิจเก็บเงินค่าไฟฟ้า: 4 อปท. ไม่ได้จัดทำข้อบัญญัติฯ, 1 อปท. ไม่มีการจัดตั้งกลุ่มผู้ใช้น้ำ และในกลุ่มที่มีการจัดตั้งแล้ว ส่วนใหญ่ไม่ได้จัดทำบัญชีรายรับ-จ่าย หรือนำรายได้ฝากธนาคาร - ภารกิจจัดตั้งสหกรณ์: 20 จาก 23 สถานี (86.96%) ที่มีกลุ่มผู้ใช้น้ำ ไม่มีการพัฒนาเป็นสหกรณ์ผู้ใช้น้ำ","ข้อเสนอแนะ: 1. สั่งการให้ สถจ. ติดตามผลและสำรวจปัญหาการบริหารจัดการสถานีสูบน้ำของ อปท. และรายงานต่อคณะอนุกรรมการอำนวยการการกระจายอำนาจฯ ระดับจังหวัดเพื่อพิจารณาแก้ไข 2. จัดทำแนวทางและขั้นตอนการแก้ไขปัญหาการถ่ายโอนภารกิจทั้ง 3 ด้านให้ชัดเจน เพื่อให้ อปท. ยึดถือเป็นแนวทางปฏิบัติ 3. ปรับปรุงฐานข้อมูลสถานีสูบน้ำด้วยไฟฟ้าให้ถูกต้อง เป็นปัจจุบัน และเพิ่มการจัดเก็บข้อมูลที่สำคัญ เช่น การจัดตั้งกลุ่มผู้ใช้น้ำ, สถานภาพการใช้งาน เพื่อใช้ประโยชน์ในการวางแผนและบริหารจัดการ",ผลกระทบ: 1. มีความเสี่ยงที่สถานีสูบน้ำจะไม่สามารถตอบสนองความต้องการของประชาชนได้อย่างยั่งยืน และอาจเกิดความขัดแย้งภายในกลุ่มผู้ใช้น้ำ 2. การอุดหนุนงบประมาณเป็นไปอย่างไม่คุ้มค่า และอาจเกิดความไม่เป็นธรรมในการเข้าถึงบริการสาธารณะ
FL-2108,ข้อตรวจพบที่ 2: การจัดบริการสาธารณะด้านงานสูบน้ำด้วยไฟฟ้าขององค์กรปกครองส่วนท้องถิ่นไม่เป็นไปตามวัตถุประสงค์และเป้าหมายที่กำหนด,กรมส่งเสริมการปกครองท้องถิ่น,การจัดการศึกษาระดับปฐมวัยขององค์กรปกครองส่วนท้องถิ่น กรมส่งเสริมการปกครองท้องถิ่น กระทรวงมหาดไทย,2565,บุคลากร/สมรรถนะ,สาเหตุ: 1. สถานีชำรุด: ผู้บริหาร อปท. ขาดการกำกับดูแลให้เจ้าหน้าที่ปฏิบัติตามคู่มือการบำรุงรักษา และเจ้าหน้าที่ขาดความชำนาญในการซ่อมแซม 2. บริการไม่ครอบคลุม: อปท. ขาดการสำรวจความต้องการใช้น้ำของประชาชนในพื้นที่อย่างแท้จริง และขาดการส่งเสริมให้เกิดข้อตกลงเกี่ยวกับการใช้น้ำร่วมกันระหว่างเกษตรกรที่ที่ดินไม่ติดคลองส่งน้ำกับเกษตรกรที่ที่ดินติดคลอง,รายละเอียด: 1. สภาพสถานีสูบน้ำ: จากการตรวจสอบ 39 สถานี พบว่ามีสภาพใช้งานได้เป็นปกติเพียง 9 สถานี (23.08%) ในขณะที่ไม่สามารถใช้งานได้ 9 สถานี และใช้งานได้แต่ไม่เต็มประสิทธิภาพ 21 สถานี (53.84%) 2 การบริการไม่ครอบคลุม: จาก 30 สถานีที่ตรวจสอบ พบว่า 26 สถานี ยังให้บริการไม่ครอบคลุมพื้นที่ที่กำหนดไว้ เนื่องจากระบบส่งน้ำยังไม่ทั่วถึง หรือเกษตรกรในพื้นที่ไม่มีความต้องการใช้น้ำ,ข้อเสนอแนะ: 1. กำชับและส่งเสริมผู้บริหาร อปท. ให้กำกับดูแลการปฏิบัติงานของพนักงานประจำสถานีให้เป็นไปตามคู่มือการบำรุงรักษา 2. แจ้งให้ อปท. ดำเนินการสำรวจความต้องการใช้น้ำของประชาชนและสภาพปัญหาของสถานีสูบน้ำ 3. กำชับให้ อปท. ดำเนินการสนับสนุนและส่งเสริมให้เกิดข้อตกลงในการใช้น้ำระหว่างสมาชิกกลุ่มผู้ใช้น้ำ เพื่อให้เกิดความเป็นธรรมและตอบสนองความต้องการใช้น้ำอย่างทั่วถึง,ผลกระทบ: ประชาชน/เกษตรกรในพื้นที่เป้าหมายมีผลผลิตทางการเกษตรลดลงจากการขาดแคลนน้ำ และขาดรายได้จากการปลูกพืชนอกฤดูทำนา
FL-2109,ข้อตรวจพบที่ 1: การจัดการข้อมูลถนนขององค์กรปกครองส่วนท้องถิ่นไม่มีประสิทธิภาพ,กรมส่งเสริมการปกครองท้องถิ่น,การบริหารจัดการถนนทางหลวงท้องถิ่นขององค์กรปกครองส่วนท้องถิ่น ของกรมส่งเสริมการปกครองท้องถิ่น กระทรวงมหาดไทย,2565,บุคลากร/สมรรถนะ,สาเหตุ: 1. เจ้าหน้าที่ อปท. ขาดความรู้ความเข้าใจและมีความเข้าใจคลาดเคลื่อนเกี่ยวกับคู่มือการลงทะเบียนทางหลวงท้องถิ่น 2. อปท. ส่วนใหญ่ไม่ให้ความสำคัญกับการจัดเก็บเอกสารประกอบหรือที่มาของถนน ทำให้ขาดความพร้อมด้านข้อมูล 3. อปท. บางแห่งมีภารกิจอื่นที่ให้ความสำคัญมากกว่า และขาดบุคลากรที่มีความเชี่ยวชาญ 4. ขาดการกำกับติดตามจากหน่วยงานที่เกี่ยวข้อง (สถ. และ สถจ.),"รายละเอียด: 1. การลงทะเบียนทางหลวงท้องถิ่น: อปท. ส่วนใหญ่ (17 จาก 20 แห่ง) ลงทะเบียนไม่ครบถ้วน โดยพบถนนที่ไม่ลงทะเบียนถึง 3,740 สายทาง (83.82%) และข้อมูลที่ลงทะเบียนแล้วส่วนใหญ่ไม่ถูกต้อง (30 จาก 44 สายทาง) 2. ฐานข้อมูลไม่ถูกต้อง/ครบถ้วน: ฐานข้อมูลถนนในระบบ INFO ของ สถ. และทะเบียน/ประวัติถนนที่ อปท. จัดเก็บเอง ส่วนใหญ่มีข้อมูลไม่ครบถ้วนและไม่ถูกต้อง (เช่น ประเภทผิวจราจร, ความกว้าง, ความยาว)","ข้อเสนอแนะ: 1. บูรณาการกับหน่วยงานอื่น: ให้ สถ. บูรณาการและประสานงานกับกรมทางหลวงชนบท (เพื่อซักซ้อมความเข้าใจเรื่องการลงทะเบียนและมาตรฐานงานทาง), กรมป้องกันและบรรเทาสาธารณภัย (เพื่อหารือแนวทางป้องกันอุบัติเหตุ), และหน่วยงานรัฐผู้ดูแลพื้นที่ (เพื่อแก้ไขปัญหาการขออนุญาตใช้พื้นที่) 2. สนับสนุนการจัดทำข้อมูล: สั่งการให้หน่วยงานภายในศึกษาและกำหนดแนวทางส่งเสริมการจัดทำข้อมูลทะเบียนถนนของ อปท. ให้แล้วเสร็จโดยเร็ว 3 กำกับติดตาม: ให้มีการกำกับติดตามความคืบหน้าในการลงทะเบียนทางหลวงท้องถิ่นและการปรับปรุงข้อมูลในระบบ INFO อย่างสม่ำเสมอ",ผลกระทบ: 1. อปท. ไม่สามารถกำกับดูแลและบังคับใช้กฎหมายทางหลวงได้อย่างสมบูรณ์ และขาดฐานข้อมูลที่ถูกต้องในการบริหารจัดการ 2. สถ. ขาดข้อมูลที่มีคุณภาพในการบริหารจัดการและวางแผนพัฒนา อปท. 3. อปท. ขาดความชัดเจนของข้อมูลถนนในความรับผิดชอบ ทำให้เกิดความสับสนและทับซ้อนของสายทาง
FL-2110,ข้อตรวจพบที่ 2: องค์กรปกครองส่วนท้องถิ่นบริหารจัดการดูแลบำรุงรักษาถนนไม่เป็นไปตามมาตรฐานและแนวทางที่กำหนด,กรมส่งเสริมการปกครองท้องถิ่น,การบริหารจัดการถนนทางหลวงท้องถิ่นขององค์กรปกครองส่วนท้องถิ่น ของกรมส่งเสริมการปกครองท้องถิ่น กระทรวงมหาดไทย,2565,บุคลากร/สมรรถนะ,สาเหตุ: 1. อปท. ขาดการบริหารจัดการดูแลบำรุงรักษาถนนอย่างมีประสิทธิภาพ เช่น ไม่มีการสำรวจตรวจสอบถนนประจำปี และไม่มีการจัดทำแผนซ่อมบำรุงรักษาทาง 2. อปท. ขาดการให้ความสำคัญกับมาตรฐานความปลอดภัยทางถนน และไม่ทราบวิธีการประเมินด้านความปลอดภัย 3. อปท. บางแห่งขาดบุคลากรที่เชี่ยวชาญ และมีภารกิจหลายด้าน,รายละเอียด: 1. สภาพถนนชำรุด: จากการสุ่มตรวจสอบ 99 สายทาง พบว่า 72 สายทาง (72.73%) มีสภาพชำรุดเสียหาย โดยเฉพาะถนนที่ไม่ได้ก่อสร้าง/ซ่อมแซมในปี 2563-2564 พบว่า 41 จาก 46 สายทาง (89.13%) มีสภาพชำรุด 2 ไม่เป็นไปตามมาตรฐานความปลอดภัย: 36 จาก 48 สายทาง (75%) ติดตั้งป้ายจราจรและเครื่องหมายบนพื้นทางไม่เป็นไปตามมาตรฐาน และ 50 จาก 99 สายทาง (50.51%) มีความกว้างของช่องจราจรน้อยกว่า 3 เมตร 3. ไม่ดำเนินการตามแนวทางป้องกันอุบัติเหตุ: 9 จาก 11 อปท. มีจุดเสี่ยงที่ยังไม่ได้รับการแก้ไขหรือแก้ไขแล้วแต่ยังมีความเสี่ยงสูง และ อปท. ส่วนใหญ่ไม่มีฐานข้อมูลอุบัติเหตุหรือแผนปฏิบัติการป้องกันและลดอุบัติเหตุ,ข้อเสนอแนะ: (เป็นข้อเสนอแนะชุดเดียวกับข้อตรวจพบที่ 1),ผลกระทบ: 1. ผู้ใช้เส้นทางมีความเสี่ยงต่อการประสบอุบัติเหตุ ซึ่งอาจเป็นอันตรายต่อชีวิตและทรัพย์สิน 2. การสัญจรและการขนส่งเป็นไปอย่างยากลำบาก และพาหนะของประชาชนเกิดการชำรุดเสียหาย 3. ความชำรุดของถนนอาจขยายเป็นวงกว้าง ทำให้ต้องใช้งบประมาณในการบำรุงรักษาเพิ่มขึ้น
FL-2111,ข้อสังเกต: การพัฒนาระบบข้อมูลทางหลวงระดับจังหวัดไม่มีการขับเคลื่อนภารกิจ,กรมส่งเสริมการปกครองท้องถิ่น,การบริหารจัดการถนนทางหลวงท้องถิ่นขององค์กรปกครองส่วนท้องถิ่น ของกรมส่งเสริมการปกครองท้องถิ่น กระทรวงมหาดไทย,2565,ข้อมูล/บันทึก/เอกสาร,สาเหตุ: 1. แนวทางในการพัฒนาระบบฐานข้อมูลขาดรายละเอียดขั้นตอนที่สำคัญในการปฏิบัติงานที่เป็นรูปธรรม 2. ขาดการกำกับติดตามการดำเนินงานตามภารกิจที่ได้รับมอบหมายจากหน่วยงานที่เกี่ยวข้อง,รายละเอียด: ไม่มีการแต่งตั้งคณะทำงานพัฒนาระบบข้อมูลทางหลวงระดับจังหวัดทั้ง 6 จังหวัดที่ตรวจสอบ และ อบจ. ทั้ง 6 แห่ง ไม่มีการดำเนินการขับเคลื่อนศูนย์ข้อมูลทางหลวงท้องถิ่นระดับจังหวัดตามแนวทางที่กำหนด,ข้อเสนอแนะ: ให้ สถ. ประสานงานกับคณะอนุกรรมการที่เกี่ยวข้องเพื่อพิจารณาหารือแนวทางและรายละเอียดในการพัฒนาระบบฐานข้อมูลทางหลวงระดับจังหวัดให้มีรูปแบบการดำเนินงานที่ชัดเจน พร้อมซักซ้อมความเข้าใจและมีรูปแบบการติดตามความคืบหน้า,ผลกระทบ: หน่วยงานที่เกี่ยวข้องในระดับจังหวัดขาดข้อมูลทางหลวงท้องถิ่นเพื่อใช้ในการบริหารจัดการและแก้ไขปัญหา เช่น ความทับซ้อนของสายทาง และขาดข้อมูลที่จะนำไปสู่การพัฒนาระบบฐานข้อมูลของประเทศให้เป็นเอกภาพ
FL-2112,ข้อตรวจพบที่ 1: การดำเนินงานกำกับ ดูแลโรงงานอุตสาหกรรมไม่ครอบคลุมโรงงานอุตสาหกรรม,กรมโรงงานอุตสาหกรรม,การบริหารจัดการด้านการกำกับดูแลโรงงานอุตสาหกรรม กระทรวงอุตสาหกรรม,2566,บุคลากร/สมรรถนะ,สาเหตุ: 1. ปริมาณงานไม่สอดคล้องกับบุคลากร: พนักงานเจ้าหน้าที่ของ สอจ. มีจำนวนน้อยเมื่อเทียบกับปริมาณโรงงานในความรับผิดชอบ (สูงสุด 358 แห่งต่อคน) 2 การทำงานร่วมกันไม่สอดคล้อง: หน่วยงานรับผิดชอบหลักไม่ได้กำหนดแนวทางการติดตามที่เป็นลายลักษณ์อักษรที่ชัดเจนและต่อเนื่อง ทำให้หน่วยปฏิบัติในพื้นที่ขาดความชัดเจนในภาระหน้าที่ 3 ฐานข้อมูลไม่ครบถ้วน: ฐานข้อมูลที่ใช้จัดเก็บผลการรายงานยังขาดความครบถ้วน ทำให้โรงงานบางส่วนตกหล่นจากการเป็นกลุ่มเป้าหมาย,"รายละเอียด: 1. การตรวจกำกับไม่ครอบคลุม: ในช่วงปี 2563-2565 โรงงานที่ไม่ได้รับการตรวจกำกับมีถึง 60.22% ของโรงงานทั้งหมด และพนักงานเจ้าหน้าที่ตรวจกำกับไม่ครบทุกด้าน โดยเฉพาะด้านสารเคมี/วัตถุอันตราย (ไม่ได้ตรวจ 89.08%) 2 การรายงานข้อมูล: โรงงานกลุ่มเป้าหมายหลายแห่งยังรายงานข้อมูลที่สำคัญไม่เป็นไปตามแนวทางที่กำหนด เช่น การรายงานกากอุตสาหกรรม, การตรวจสอบความปลอดภัยหม้อน้ำ, การรายงานผลวิเคราะห์ความเสี่ยง, และการรายงานข้อมูลสารเคมีอันตราย","ข้อเสนอแนะ: 1. สั่งการให้หน่วยงานที่เกี่ยวข้องรวบรวมปัญหาและข้อจำกัดในการปฏิบัติงานเพื่อหาแนวทางแก้ไขร่วมกัน 2. หารือร่วมกันในเรื่องต่างๆ ได้แก่ การใช้แบบตรวจสอบและการรายงานผลให้เป็นแนวทางเดียวกัน, แนวทางการตรวจกำกับให้ครอบคลุม (อาจพิจารณาใช้ผู้ตรวจสอบเอกชน), แนวทางการติดตามโรงงานให้รายงานข้อมูลอย่างเป็นระบบ, และแนวทางการจัดการฐานข้อมูลให้มีความครบถ้วน","ผลกระทบ: 1. โรงงานอุตสาหกรรมหลายแห่งมีความเสี่ยงก่อให้เกิดมลพิษ, เหตุเดือดร้อนรำคาญ, และอุบัติเหตุ เช่น เพลิงไหม้, สารเคมีรั่วไหล, หรือหม้อน้ำระเบิด 2. การกำกับดูแลไม่ครอบคลุม ทำให้ลดความสามารถในการป้องกันและระงับอันตรายที่อาจเกิดขึ้น และเจ้าหน้าที่ขาดข้อมูลประกอบการตรวจ"
FL-2113,ข้อตรวจพบที่ 2: การดำเนินงานด้านถ่ายโอนภารกิจของกระทรวงอุตสาหกรรม ยังไม่สามารถทำให้องค์กรปกครองส่วนท้องถิ่นดำเนินการตามแนวทางที่กำหนดได้,กรมโรงงานอุตสาหกรรม,การบริหารจัดการด้านการกำกับดูแลโรงงานอุตสาหกรรม กระทรวงอุตสาหกรรม,2566,บุคลากร/สมรรถนะ,สาเหตุ: 1. การส่งเสริมสนับสนุนไม่ต่อเนื่อง: กระทรวงอุตสาหกรรมมีการจัดฝึกอบรมให้เจ้าหน้าที่ สอจ. เพื่อไปถ่ายทอดให้เทศบาลเพียง 1 ครั้ง และเจ้าหน้าที่เทศบาลหลายแห่งในปัจจุบันไม่เคยได้รับการฝึกอบรม ทำให้ขาดความรู้ความเข้าใจ 2. ไม่มีแนวทางการกำกับดูแลในทางปฏิบัติ: ยังไม่มีแนวทางปฏิบัติที่ชัดเจนสำหรับ สอจ. ในการกำกับดูแลและให้คำแนะนำแก่เทศบาลตามอำนาจหน้าที่ที่ได้รับมอบหมาย,"รายละเอียด: อปท. (เทศบาล) ยังไม่สามารถปฏิบัติตามภารกิจที่ได้รับการถ่ายโอนได้ตามแนวทาง: - ภารกิจที่ 1 (กำกับดูแลโรงงานจำพวกที่ 1): เทศบาล 14 แห่งที่ตรวจสอบ ไม่ได้ดำเนินการสำรวจและจัดทำข้อมูลโรงงานตามแนวทาง - ภารกิจที่ 2 (รับแจ้งโรงงานจำพวกที่ 2): ข้อมูลโรงงานที่ อปท. ได้รับมาไม่ครบถ้วน และการรับแจ้งและออกใบรับแจ้งยังขาดขั้นตอนการเข้าตรวจโรงงานตามกฎหมาย - ภารกิจที่ 3 (ตรวจสอบกรณีเหตุเดือดร้อนรำคาญ): เจ้าหน้าที่ของเทศบาลใช้กฎหมายอื่น (พ.ร.บ. ควบคุมอาคาร, พ.ร.บ. สาธารณสุข) ในการตรวจสอบแทน พ.ร.บ. โรงงาน",ข้อเสนอแนะ: 1. สั่งการให้กรมโรงงานอุตสาหกรรมพิจารณาดำเนินการให้ความรู้แก่เจ้าหน้าที่ของ อปท. ในการดำเนินงานตามภารกิจถ่ายโอนอย่างสม่ำเสมอและต่อเนื่อง 2. สั่งการให้หน่วยงานที่เกี่ยวข้องร่วมกันกำหนดแนวทางการกำกับดูแลการดำเนินงานของ อปท. ตามภารกิจที่ได้รับการถ่ายโอนให้ถูกต้องตาม พ.ร.บ. โรงงานฯ และคู่มือการปฏิบัติงาน,ผลกระทบ: โรงงานอุตสาหกรรมจำพวกที่ 1 และ 2 ไม่ได้รับการกำกับดูแลตาม พ.ร.บ. โรงงานฯ ทำให้มีความเสี่ยงที่จะเกิดการร้องเรียนกรณีเหตุเดือดร้อนรำคาญ และเหตุร้ายแรงในโรงงาน กรมโรงงานอุตสาหกรรมขาดฐานข้อมูลที่ถูกต้องและเป็นปัจจุบัน
FL-2114,ข้อตรวจพบที่ 1: การขับเคลื่อนการบรรลุเป้าหมายแผนแม่บทย่อยการพัฒนากฎหมายไม่ครบถ้วนตามแนวทางที่กำหนด,สำนักปลัดกระทรวงยุติธรรม,การพัฒนากฎหมายแผนแม่บทกฎหมายและกระบวนการยุติธรรม ภายใต้ยุทธศาสตร์ชาติด้านการปรับสมดุลและพัฒนาระบบการบริหารจัดการภาครัฐ ของกระทรวงยุติธรรม,2567,บุคลากร/สมรรถนะ,"สาเหตุ: 1. ขาดการบูรณาการ: หน่วยงานเจ้าภาพ (จ.1, จ.2, จ.3) ขาดการประสานและบูรณาการการดำเนินงานระหว่างกันและกับหน่วยงานอื่นที่เกี่ยวข้องในการขับเคลื่อนการจัดทำโครงการ 2 ความไม่ชัดเจนในการจัดทำโครงการ: เกิดความไม่ชัดเจนในการจัดทำโครงการในบางเป้าหมาย เช่น เป้าหมาย 220101 ที่ไม่มีการกำหนดหน่วยงานที่เกี่ยวข้องหลัก ทำให้มีข้อเสนอโครงการน้อย 3 ขาดความเข้าใจ: เจ้าหน้าที่ผู้รับผิดชอบของหน่วยงานที่เกี่ยวข้องยังไม่มีความเข้าใจเกี่ยวกับการจัดทำโครงการให้สอดคล้องกับปัจจัยภายใต้ห่วงโซ่คุณค่า โดยส่วนใหญ่จะนำโครงการตามภารกิจปกติมาเชื่อมโยง",รายละเอียด: 1. หน่วยงานหลักไม่ขับเคลื่อนโครงการ: หน่วยงานที่เกี่ยวข้องหลักส่วนใหญ่ยังไม่ได้ดำเนินการจัดทำข้อเสนอโครงการเพื่อขับเคลื่อนการบรรลุเป้าหมายแผนแม่บทย่อยการพัฒนากฎหมายให้ครบทุกปัจจัยภายใต้ห่วงโซ่คุณค่าที่ได้รับมอบหมายในแต่ละเป้าหมาย 2 ไม่มีโครงการรองรับ: การจัดทำโครงการเพื่อขับเคลื่อนเป้าหมายแผนแม่บทย่อยฯ ยังไม่มีโครงการรองรับในบางปัจจัยภายใต้ห่วงโซ่คุณค่า โดยในปี 2568 มีจำนวนปัจจัยที่ไม่มีโครงการรองรับเพิ่มขึ้น และบางเป้าหมายไม่มีโครงการรองรับเลยในปี 2566 และ 2568 นอกจากนี้ ปัจจัยสำคัญที่ต้องมีโครงการรองรับ (กล่องแดง) ในปี 2568 กลับไม่มีโครงการใดผ่านการอนุมัติจาก ครม.,ข้อเสนอแนะ: 1. ให้กระทรวงยุติธรรม (ในฐานะ จ.1 และ จ.2) ประสานและบูรณาการการดำเนินงานระหว่างหน่วยงานเจ้าภาพและหน่วยงานที่เกี่ยวข้อง เพื่อสร้างความเข้าใจและขับเคลื่อนการจัดทำโครงการให้ครอบคลุมทุกปัจจัย โดยเฉพาะปัจจัยที่ยังไม่มีข้อเสนอโครงการ 2. ให้กระทรวงยุติธรรมประสานกับหน่วยงานเจ้าภาพระดับแผนย่อย (จ.3) เพื่อทำความเข้าใจกับหน่วยงานที่เกี่ยวข้องหลักให้จัดทำโครงการรองรับในทุกปัจจัยที่ได้รับมอบหมายตลอดห้วงเวลา 5 ปี,ผลกระทบ: ผลการดำเนินงานไม่บรรลุเป้าหมายแผนแม่บทย่อยการพัฒนากฎหมายในห้วงที่ 1 (ปี 2561–2565) และปี 2566 ซึ่งอาจส่งผลกระทบต่อการบรรลุเป้าหมายของแผนแม่บทประเด็นที่ 22 กฎหมายและกระบวนการยุติธรรม ภายใต้ยุทธศาสตร์ชาติ
FL-2115,ข้อตรวจพบที่ 2: การดำเนินงานโครงการภายใต้แผนแม่บทย่อยการพัฒนากฎหมายไม่บรรลุผลสำเร็จตามเป้าหมายที่กำหนด,สำนักปลัดกระทรวงยุติธรรม,การพัฒนากฎหมายแผนแม่บทกฎหมายและกระบวนการยุติธรรม ภายใต้ยุทธศาสตร์ชาติด้านการปรับสมดุลและพัฒนาระบบการบริหารจัดการภาครัฐ ของกระทรวงยุติธรรม,2567,กฎระเบียบ/กฎหมาย,"สาเหตุ: 1. เจ้าหน้าที่ผู้รับผิดชอบยังไม่มีความเข้าใจในการดำเนินโครงการให้บรรลุผลสำเร็จตามห้วงเวลาของแผนแม่บทฯ (ห้วงละ 5 ปี) 2. ปัญหาและข้อจำกัดรายโครงการ เช่น เครือข่ายมีส่วนร่วมน้อย, การขาดการเตรียมความพร้อมในการดำเนินงานร่วมกับหน่วยงานอื่น, การเปลี่ยนแปลงรายละเอียดโครงการระหว่างดำเนินการ, และหน่วยงานที่ต้องประเมินผลสัมฤทธิ์ของกฎหมายไม่มีความพร้อมหรือไม่ให้ความร่วมมือ",รายละเอียด: 2.1 การดำเนินงานของกรมสอบสวนคดีพิเศษ: - โครงการบูรณาการเครือข่ายฯ: ไม่บรรลุเป้าหมาย โดยเครือข่ายในพื้นที่ไม่มีการจัดทำรายงานข้อมูลข่าวสารการเฝ้าระวังส่งมายัง DSI และตัวชี้วัดความสำเร็จไม่สอดคล้องกับการวัดผลกิจกรรม - โครงการพัฒนาระบบบูรณาการฐานข้อมูลฯ: ไม่บรรลุวัตถุประสงค์ โดยไม่สามารถเชื่อมต่อและใช้ข้อมูลจากสำนักงานตำรวจสากล (INTERPOL) ได้ภายในปีงบประมาณ 2565 เนื่องจากสถานที่ติดตั้งอุปกรณ์ของ สตช. อยู่ระหว่างปรับปรุง - โครงการพัฒนาระบบบริหารคดีพิเศษฯ (DSI CIS) ระยะที่ 3: ดำเนินการเสร็จสิ้นเพียงบางส่วนเมื่อสิ้นสุดห้วงที่ 1 (ปี 2565) โดยระบบระยะที่ 3 ยังพัฒนาไม่แล้วเสร็จ - โครงการให้ความช่วยเหลือประชาชนฯ: มีความเสี่ยงที่จะไม่บรรลุเป้าหมาย โดยไม่ปรากฏกลุ่มเป้าหมายหลัก (ผู้เดือดร้อนด้านหนี้สิน/ที่ดิน) เข้าร่วมกิจกรรมอย่างชัดเจน และการดำเนินงานไม่สอดคล้องกับเป้าหมายแผนแม่บทย่อยเรื่องการใช้เทคโนโลยี (DSI MAP) 2.2 การดำเนินงานของสำนักงานคณะกรรมการกฤษฎีกา: - โครงการพัฒนาระบบแจ้งเตือนในระบบกลางด้านกฎหมาย: แม้จะแล้วเสร็จตามแผน แต่ยังมีข้อจำกัดในการรวบรวมและนำเข้าข้อมูลรายชื่อผู้เกี่ยวข้องเพื่อใช้ในการแจ้งเตือน - โครงการประเมินผลสัมฤทธิ์ของกฎหมาย: ไม่บรรลุเป้าหมายในปีงบประมาณ 2566 โดยดำเนินการได้เพียง 66.05% (เป้าหมาย 100%) และมีความเสี่ยงที่จะไม่เป็นไปตามแผนการขับเคลื่อนฯ ในภาพรวม,"ข้อเสนอแนะ: 1. ให้กระทรวงยุติธรรมนำปัญหาข้อจำกัดของโครงการที่ไม่บรรลุผลไปประกอบการพิจารณาจัดทำโครงการในห้วงต่อไป 2. จัดให้มีเจ้าหน้าที่เป็นผู้แทนในการถ่ายทอดความรู้เกี่ยวกับการจัดทำและดำเนินโครงการเพื่อขับเคลื่อนยุทธศาสตร์ชาติให้แก่บุคลากรที่เกี่ยวข้อง 3. กำชับให้หน่วยงานในสังกัดสอบทานความถูกต้องของข้อมูลโครงการที่บันทึกในระบบ eMENSCR 4. สั่งการให้อธิบดีกรมสอบสวนคดีพิเศษพิจารณาดำเนินการแก้ไขปัญหารายโครงการ เช่น ประชาสัมพันธ์บทบาทเครือข่าย, ทบทวนตัวชี้วัด, เตรียมความพร้อมในการบูรณาการกับหน่วยงานภายนอก, และกำหนดกลุ่มเป้าหมายให้ชัดเจน","ผลกระทบ: การขับเคลื่อนเป้าหมายแผนแม่บทย่อย (Y1) ไม่บรรลุผลสำเร็จ ซึ่งกระทบต่อเป้าหมายแผนแม่บทประเด็น (22) กฎหมายและกระบวนการยุติธรรม (Y2) ภายใต้ยุทธศาสตร์ชาติ และส่งผลกระทบเป็นรายโครงการ เช่น การรับฟังความคิดเห็นด้านกฎหมายอาจไม่ครอบคลุม, การป้องกันอาชญากรรมขาดการมีส่วนร่วม, และการบังคับใช้กฎหมายขาดประสิทธิภาพ"
FL-2116,ข้อตรวจพบที่ 1: การขับเคลื่อนการบรรลุเป้าหมายแผนแม่บทย่อยการพัฒนากฎหมายไม่ครบถ้วนตามแนวทางที่กำหนด,ไม่ชัดเจน,การพัฒนากฎหมาย แผนแม่บทกฎหมายและกระบวนการยุติธรรมภายใต้ยุทธศาสตร์ชาติด้านการปรับสมดุลและพัฒนาระบบการบริหารจัดการภาครัฐ ของสำนักงานคณะกรรมการกฤษฎีกา,2567,บุคลากร/สมรรถนะ,"สาเหตุ: 1. ขาดการบูรณาการ: หน่วยงานเจ้าภาพ (จ.1, จ.2, จ.3) ขาดการประสานและบูรณาการการดำเนินงานระหว่างกันและกับหน่วยงานอื่นที่เกี่ยวข้องในการขับเคลื่อนการจัดทำโครงการ 2 ความไม่ชัดเจนในการจัดทำโครงการ: เกิดความไม่ชัดเจนในการจัดทำโครงการในบางเป้าหมาย เช่น เป้าหมาย 220101 ที่ไม่มีการกำหนดหน่วยงานที่เกี่ยวข้องหลัก ทำให้มีข้อเสนอโครงการน้อย 3 ขาดความเข้าใจ: เจ้าหน้าที่ผู้รับผิดชอบของหน่วยงานที่เกี่ยวข้องยังไม่มีความเข้าใจเกี่ยวกับการจัดทำโครงการให้สอดคล้องกับปัจจัยภายใต้ห่วงโซ่คุณค่า โดยส่วนใหญ่จะนำโครงการตามภารกิจปกติมาเชื่อมโยง",รายละเอียด: 1. หน่วยงานหลักไม่ขับเคลื่อนโครงการ: หน่วยงานที่เกี่ยวข้องหลักส่วนใหญ่ยังไม่ได้ดำเนินการจัดทำข้อเสนอโครงการเพื่อขับเคลื่อนการบรรลุเป้าหมายแผนแม่บทย่อยการพัฒนากฎหมายให้ครบทุกปัจจัยภายใต้ห่วงโซ่คุณค่าที่ได้รับมอบหมายในแต่ละเป้าหมาย 2 ไม่มีโครงการรองรับ: การจัดทำโครงการเพื่อขับเคลื่อนเป้าหมายแผนแม่บทย่อยฯ ยังไม่มีโครงการรองรับในบางปัจจัยภายใต้ห่วงโซ่คุณค่า โดยในปี 2568 มีจำนวนปัจจัยที่ไม่มีโครงการรองรับเพิ่มขึ้น และบางเป้าหมายไม่มีโครงการรองรับเลยในปี 2566 และ 2568 นอกจากนี้ ปัจจัยสำคัญที่ต้องมีโครงการรองรับ (กล่องแดง) ในปี 2568 กลับไม่มีโครงการใดผ่านการอนุมัติจาก ครม.,"ข้อเสนอแนะ: ให้สำนักงานคณะกรรมการกฤษฎีกา (ในฐานะ จ.3) บูรณาการการดำเนินงานกับกระทรวงยุติธรรม (ในฐานะ จ.1 และ จ.2) ในการจัดทำโครงการเพื่อขับเคลื่อนเป้าหมาย โดยเฉพาะในปัจจัยที่ยังไม่มีข้อเสนอโครงการ, สร้างความชัดเจนในการจัดทำโครงการ, และประสานทำความเข้าใจกับหน่วยงานที่เกี่ยวข้องหลักเพื่อให้จัดทำโครงการรองรับปัจจัยที่ได้รับมอบหมาย",ผลกระทบ: ผลการดำเนินงานไม่บรรลุเป้าหมายแผนแม่บทย่อยการพัฒนากฎหมายในห้วงที่ 1 (ปี 2561–2565) และปี 2566 ซึ่งอาจส่งผลต่อการบรรลุเป้าหมายแผนแม่บทประเด็นที่ 22 กฎหมายและกระบวนการยุติธรรม ภายใต้ยุทธศาสตร์ชาติ
FL-2117,ข้อตรวจพบที่ 2: การดำเนินงานโครงการภายใต้แผนแม่บทย่อยการพัฒนากฎหมายไม่บรรลุผลสำเร็จตามเป้าหมายที่กำหนด,ไม่ชัดเจน,การพัฒนากฎหมาย แผนแม่บทกฎหมายและกระบวนการยุติธรรมภายใต้ยุทธศาสตร์ชาติด้านการปรับสมดุลและพัฒนาระบบการบริหารจัดการภาครัฐ ของสำนักงานคณะกรรมการกฤษฎีกา,2567,กฎระเบียบ/กฎหมาย,"สาเหตุ: 1. โครงการพัฒนาระบบแจ้งเตือนฯ: ยังไม่มีการรวบรวมปัญหาและข้อจำกัดในการใช้งานระบบ โดยเฉพาะข้อจำกัดด้านกฎหมายคุ้มครองข้อมูลส่วนบุคคล (PDPA) ในการนำเข้าข้อมูลผู้เกี่ยวข้อง 2 โครงการประเมินผลสัมฤทธิ์ฯ: หน่วยงานผู้รับผิดชอบบางแห่งยังไม่มีความพร้อมในการประเมินผล โดยไม่กำหนดกรอบเวลา, ไม่ตอบสนองต่อการติดตาม, และเจ้าหน้าที่ยังมีความเข้าใจคลาดเคลื่อนเกี่ยวกับวิธีการและขั้นตอนการประเมิน",รายละเอียด: 1. โครงการพัฒนาระบบแจ้งเตือนในระบบกลางด้านกฎหมาย: แม้โครงการจะแล้วเสร็จตามแผน แต่ระบบยังมีข้อจำกัดในการทำงาน โดยมีปัญหาในการรวบรวมและนำเข้าข้อมูลรายชื่อผู้เกี่ยวข้องเพื่อใช้ในการแจ้งเตือนให้มาแสดงความคิดเห็น 2 โครงการประเมินผลสัมฤทธิ์ของกฎหมาย: การดำเนินงานในปีงบประมาณ 2566 ไม่บรรลุเป้าหมายที่กำหนด (ดำเนินการได้ 66.05% จากเป้าหมาย 100%) และเมื่อพิจารณาแผนการขับเคลื่อนฯ 5 ปี (2563-2568) พบว่า ณ วันที่ 30 มิ.ย. 67 ประเมินผลแล้วเสร็จเพียง 191 ฉบับ จากทั้งหมด 580 ฉบับ (32.93%) ทำให้มีความเสี่ยงที่จะไม่เป็นไปตามแผนและไม่บรรลุเป้าหมายในห้วงที่ 2,ข้อเสนอแนะ: 1. มอบหมายให้เจ้าหน้าที่สรุปปัญหาและข้อจำกัดในการใช้งานระบบแจ้งเตือนฯ และหารือร่วมกับสำนักงานพัฒนารัฐบาลดิจิทัลเพื่อกำหนดแนวทางแก้ไขและพัฒนาระบบให้ใช้งานได้ตามวัตถุประสงค์ 2. ให้สำนักงานคณะกรรมการกฤษฎีกาหารือกับสำนักงานคณะกรรมการพัฒนาระบบราชการ (ก.พ.ร.) เกี่ยวกับการนำตัวชี้วัดการขับเคลื่อนยุทธศาสตร์ชาติมาใช้กับหน่วยงานที่ต้องประเมินผลสัมฤทธิ์ของกฎหมาย เพื่อให้เกิดทิศทางการดำเนินงานที่สอดคล้องกัน และจัดให้มีการเผยแพร่องค์ความรู้เกี่ยวกับการประเมินผลสัมฤทธิ์ให้เจ้าหน้าที่ผู้รับผิดชอบ,ผลกระทบ: การดำเนินงานโครงการไม่บรรลุผลสำเร็จตามเป้าหมาย ย่อมส่งผลให้การขับเคลื่อนเป้าหมายแผนแม่บทย่อย (Y1) และเป้าหมายแผนแม่บท (Y2) ภายใต้ยุทธศาสตร์ชาติไม่สามารถบรรลุผลสำเร็จตามที่วางไว้ โดยกระทบเป็นรายโครงการคือ การรับฟังความคิดเห็นด้านกฎหมายอาจไม่ครอบคลุม และการมีกฎหมายที่ดีและเท่าที่จำเป็นอาจไม่บรรลุเป้าหมาย
FL-2118,ข้อตรวจพบที่ 1: การดำเนินงานการพัฒนาการบริหารจัดการด้านแรงงานโดยใช้ระบบวิเคราะห์ข้อมูลขนาดใหญ่ด้านแรงงาน (Labour Big Data Analytics) เพื่อการพัฒนากำลังแรงงานของประเทศ ยังไม่บรรลุตามเป้าหมายการเป็นศูนย์กลางข้อมูลด้านแรงงาน,สำนักงานปลัดกระทรวงแรงงาน,การพัฒนาการบริหารจัดการด้านแรงงานโดยใช้ระบบดิจิทัลและเทคโนโลยีสมัยใหม่ สำนักงานปลัดกระทรวงแรงงาน กระทรวงแรงงาน,2566,,,"รายละเอียด: 1. การเชื่อมโยงข้อมูลมีข้อจำกัด: ระบบสามารถเชื่อมโยงข้อมูลกับหน่วยงานต่างๆ ได้อย่างมีข้อจำกัด เช่น ข้อมูลจากบางหน่วยงานไม่เป็นปัจจุบัน, ยังไม่สามารถเชื่อมโยงข้อมูลรายทะเบียนได้เนื่องจากติดข้อกฎหมาย, หน่วยงานภายในยังใช้มาตรฐานข้อมูลไม่เป็นมาตรฐานเดียวกัน, และเทคโนโลยีของระบบเดิม (NLIC) ล้าสมัย 2 ยังไม่ได้ใช้ประโยชน์ตามเป้าหมาย: หน่วยงานที่ตรวจสอบ 10 แห่ง ยังไม่ได้มีการใช้ประโยชน์จากฐานข้อมูลของระบบ และเจ้าหน้าที่ของสำนักงานแรงงานจังหวัดยังไม่เคยลงทะเบียนเข้าใช้งาน 3 คุณภาพข้อมูลและการให้บริการ: ข้อมูลในระบบบางรายการมีความแตกต่างหรือไม่ตรงกันกับข้อมูลของหน่วยงานเจ้าของข้อมูล และการให้บริการบนแพลตฟอร์มบางส่วนยังไม่ตอบสนองต่อการใช้งาน เช่น ข้อมูลไม่ครอบคลุม, ขาดการอ้างอิงแหล่งที่มา, และแสดงผลไม่ชัดเจน",,ผลกระทบ: 1. กระทรวงแรงงานไม่บรรลุเป้าหมายในการเป็นศูนย์กลางข้อมูลด้านแรงงาน. 2. กลุ่มเป้าหมายผู้ใช้ข้อมูลขาดความเชื่อมั่นในการนำข้อมูลไปใช้ประโยชน์ และผู้บริหารขาดความเชื่อมั่นในการนำไปใช้วางแผนเชิงนโยบาย. 3. การใช้จ่ายงบประมาณเพื่อพัฒนาระบบเกิดความไม่คุ้มค่า. สาเหตุ: 1. ยังไม่ได้กำหนดแนวทางหรือแผนการบูรณาการข้อมูลกับหน่วยงานภายนอกอย่างเป็นรูปธรรม. 2. ยังไม่ได้กำหนดแผนปรับปรุงประสิทธิภาพหรือยุติบทบาทระบบฐานข้อมูลเดิม (NLIC) ที่ชัดเจน. 3. ขาดการทบทวนมาตรฐานข้อมูล (Standard Code) ของกระทรวงแรงงานให้เป็นปัจจุบันและเป็นมาตรฐานเดียวกัน. 4. ยังขาดความชัดเจนเรื่องอำนาจหน้าที่ของหน่วยงานผู้รับผิดชอบตาม พ.ร.บ. คุ้มครองข้อมูลส่วนบุคคล. 5. ไม่ได้สำรวจความต้องการใช้ข้อมูลจากกลุ่มเป้าหมายผู้ใช้งานจริงอย่างครอบคลุม. 6. ไม่ได้มีการประเมินผลหรือติดตามผลการใช้งานระบบจากผู้ใช้งาน. ข้อเสนอแนะ: 1. สั่งการให้ศูนย์เทคโนโลยีสารสนเทศและการสื่อสารหารือร่วมกับหน่วยงานภายในและภายนอกเพื่อสำรวจความต้องการและกำหนดแนวทางการบูรณาการข้อมูล. 2. จัดทำแผนปรับปรุงประสิทธิภาพระบบฐานข้อมูลศูนย์แรงงานแห่งชาติ (NLIC) ให้ชัดเจน. 3. เร่งดำเนินการจัดทำธรรมาภิบาลข้อมูลภาครัฐและแนวทางตาม พ.ร.บ. คุ้มครองข้อมูลส่วนบุคคลให้เป็นรูปธรรม. 4. มีการตรวจสอบติดตามและประเมินผลการใช้งานระบบจากผู้ใช้งานเพื่อนำมาปรับปรุง. 5. หารือร่วมกันภายในกระทรวงเพื่อทบทวนมาตรฐานกลางสำหรับข้อมูลด้านแรงงาน. 6. มีการประชาสัมพันธ์ ส่งเสริม และซักซ้อมความเข้าใจแนวทางการใช้งานระบบให้แก่หน่วยงานที่เกี่ยวข้อง.
FL-2119,ข้อตรวจพบที่ 2: การพัฒนาระบบเทคโนโลยีสารสนเทศ เพื่อนำมาใช้ประโยชน์ในการบริหารจัดการแรงงานนอกระบบยังไม่บรรลุเป้าหมาย,สำนักงานปลัดกระทรวงแรงงาน,การพัฒนาการบริหารจัดการด้านแรงงานโดยใช้ระบบดิจิทัลและเทคโนโลยีสมัยใหม่ สำนักงานปลัดกระทรวงแรงงาน กระทรวงแรงงาน,2566,การเงิน/พัสดุ,สาเหตุ: 1. สำนักงานปลัดกระทรวงแรงงานยังไม่มีนโยบาย แนวทาง และการสนับสนุนงบประมาณที่ชัดเจนเพื่อให้สำนักงานแรงงานจังหวัดนำข้อมูลรายทะเบียนแรงงานนอกระบบมาใช้ประโยชน์อย่างเป็นรูปธรรม. 2. ข้อมูลที่สำรวจมาไม่เป็นปัจจุบัน และขาดแนวทางในการปรับปรุงข้อมูล. 3. การบริหารจัดการแรงงานนอกระบบในพื้นที่ยังเป็นลักษณะต่างคนต่างทำ ขาดการประสานงานและส่งต่อข้อมูลระหว่างหน่วยงานที่เกี่ยวข้อง. ข้อเสนอแนะ: 1. สั่งการให้หน่วยงานที่เกี่ยวข้องกำหนดแนวทางที่ชัดเจนให้สำนักงานแรงงานจังหวัดนำข้อมูลรายทะเบียนแรงงานนอกระบบมาใช้ประโยชน์ในการกำหนดโครงการและกิจกรรมต่างๆ. 2. กำชับให้หน่วยงานที่เกี่ยวข้องกำกับติดตามโครงการที่กำลังพัฒนาให้เป็นไปตามสัญญา และศึกษาวิเคราะห์ความเป็นไปได้ของโครงการอย่างเหมาะสม. 3. สั่งการให้หน่วยงานที่เกี่ยวข้องจัดเตรียมความพร้อมและกำหนดแผนงานรองรับการขึ้นทะเบียนแรงงานนอกระบบให้ชัดเจน. 4. สั่งการให้หน่วยงานที่เกี่ยวข้องพิจารณาทบทวนการใช้งานระบบฐานข้อมูลแรงงานนอกระบบให้เกิดประโยชน์ร่วมกับระบบใหม่ที่จะพัฒนาขึ้น.,รายละเอียด: ข้อมูลรายทะเบียนแรงงานนอกระบบที่ได้จากการสำรวจและบันทึกในระบบ ไม่ได้ถูกนำมาใช้ในการกำหนดมาตรการ แผน และนโยบายเพื่อยกระดับคุณภาพชีวิตแรงงานนอกระบบ การสำรวจและบันทึกข้อมูลยังมีสัดส่วนน้อยมากเมื่อเทียบกับจำนวนแรงงานนอกระบบทั้งหมด และข้อมูลไม่ได้รับการปรับปรุงให้เป็นปัจจุบัน สำนักงานแรงงานจังหวัดไม่ได้ใช้ข้อมูลจากฐานข้อมูลนี้ในการคัดเลือกกลุ่มเป้าหมายเข้าร่วมกิจกรรม และยังไม่มีนโยบายหรือแนวทางในการนำฐานข้อมูลนี้ไปใช้อย่างเป็นรูปธรรม,,ผลกระทบ: แรงงานนอกระบบไม่ได้รับการส่งเสริม คุ้มครอง และพัฒนาอย่างทั่วถึง หรืออาจไม่สามารถเข้าถึงความช่วยเหลือได้ ฐานข้อมูลที่มีอยู่ไม่เป็นปัจจุบัน ทำให้ไม่สามารถนำไปใช้วางแผนกำหนดนโยบายให้ตรงกับกลุ่มเป้าหมายได้อย่างทันท่วงที และการใช้งบประมาณในการสำรวจและบันทึกข้อมูล (23.22 ล้านบาท) ไม่เกิดความคุ้มค่า
FL-2120,ข้อสังเกต: การใช้บริการทางอิเล็กทรอนิกส์ (e-Service) บนระบบศูนย์บริการประชาชนกระทรวงแรงงาน (MOL Service Center System),สำนักงานปลัดกระทรวงแรงงาน,การพัฒนาการบริหารจัดการด้านแรงงานโดยใช้ระบบดิจิทัลและเทคโนโลยีสมัยใหม่ สำนักงานปลัดกระทรวงแรงงาน กระทรวงแรงงาน,2566,ติดตาม/ประเมินผล/กำกับ,สาเหตุ: โครงการยังอยู่ในระยะแรกของการเปิดให้บริการ ประชาชนคุ้นเคยกับการใช้บริการผ่านช่องทางเดิมของแต่ละหน่วยงาน และอาจยังไม่ทราบถึงช่องทางการให้บริการใหม่นี้ ประกอบกับยังไม่ได้มีการประเมินผลการรับรู้ข่าวสารจากการประชาสัมพันธ์,รายละเอียด: 1. บริการอิเล็กทรอนิกส์บางบริการยังไม่มียอดการเข้าใช้งาน (8 บริการ) หรือมีการใช้งานน้อยมาก (8 บริการ) 2. งานบริการรับเรื่องร้องทุกข์ของแรงงานไทยในต่างประเทศ ยังไม่มีประชาชนมายื่นเรื่องด้วยตนเองผ่านระบบออนไลน์,ข้อเสนอแนะ: 1. ให้ศูนย์เทคโนโลยีสารสนเทศฯ เพิ่มรูปแบบการประชาสัมพันธ์ให้หลากหลายและมีความถี่มากขึ้น พร้อมทั้งติดตามประเมินผลการรับรู้และการเข้าใช้งาน และพิจารณาพัฒนาบริการในรูปแบบ Mobile Application ในระยะถัดไป 2. ให้ศูนย์เทคโนโลยีสารสนเทศฯ และศูนย์บริการร่วมกระทรวงแรงงาน ร่วมมือกันสร้างการรับรู้ของเจ้าหน้าที่เพื่อประชาสัมพันธ์ให้ประชาชนทราบถึงช่องทางการให้บริการ e-Service,ผลกระทบ: จำนวนกลุ่มเป้าหมายเข้าใช้บริการน้อย อาจกระทบต่อการไม่บรรลุวัตถุประสงค์ของโครงการได้ในระยะต่อไป
FL-2121,ข้อตรวจพบ: การดำเนินโครงการพัฒนาอาชีพเสริม เพิ่มรายได้ให้ชุมชนดีพร้อมส่วนหนึ่งยังไม่บรรลุผลสำเร็จตามวัตถุประสงค์ที่กำหนดไว้,กรมส่งเสริมอุตสาหกรรม,โครงการอาชีพเสริม เพิ่มรายได้ให้ชุมชนดีพร้อม ของกรมส่งเสริมอุตสาหกรรม กระทรวงอุตสาหกรรม,2566,,,รายละเอียด: จากการสอบถามผู้เข้าร่วมโครงการ 395 คน พบว่า: - การเพิ่มรายได้: มีผู้นำความรู้ไปเพิ่มรายได้เพียง 11 คน (2.78%) - การนำความรู้ไปประยุกต์ใช้: มีผู้นำความรู้ไปประยุกต์ใช้ในการประกอบอาชีพได้ 46 คน (11.65%) ซึ่งต่ำกว่าเป้าหมายที่ตั้งไว้ (50%) - การสร้างอาชีพ/ต่อยอดธุรกิจ: มีผู้สามารถสร้างอาชีพหรือต่อยอดธุรกิจได้ 19 คน (4.81%) ซึ่งต่ำกว่าเป้าหมายที่ตั้งไว้ (10%) นอกจากนี้ หลักสูตรที่พัฒนายังไม่สอดคล้องกับวิถีชีวิต วัฒนธรรม และความต้องการของแต่ละชุมชน,ข้อเสนอแนะ: 1. ก่อนจัดทำโครงการ ควรกำหนดคุณสมบัติเป้าหมายในแต่ละหลักสูตรให้ชัดเจนและสอดคล้องกับเนื้อหาและความคาดหวัง 2. ควรกำหนดระยะเวลาการบริหารโครงการให้มีกระบวนการสำรวจความต้องการของชุมชน และกำหนดระยะเวลาการพัฒนาทักษะให้เหมาะสม 3. จัดทำแผนการติดตามผลการดำเนินโครงการ เพื่อใช้เป็นแนวทางในการติดตามอย่างเป็นระบบและต่อเนื่อง 4. ประสานงานหรือหารือร่วมกับหน่วยงานอื่นที่มีโครงการลักษณะเดียวกันเพื่อลดความซ้ำซ้อนและเกิดการพัฒนาอย่างต่อเนื่อง 5. ส่งเสริมและสนับสนุนให้ความรู้เกี่ยวกับมาตรฐานผลิตภัณฑ์ และเชื่อมโยงผู้เข้าร่วมโครงการกับตลาดหรือช่องทางการจำหน่าย,ผลกระทบ: 1. คนในชุมชนที่ถูกเลิกจ้างและกลับคืนถิ่นเสียโอกาสในการพัฒนาองค์ความรู้และทักษะ. 2. การใช้จ่ายงบประมาณส่วนหนึ่งยังไม่เกิดประโยชน์สูงสุด เนื่องจากประชาชนยังไม่ได้สร้างรายได้หรือมีรายได้เพิ่มขึ้น. สาเหตุ: 1. คุณสมบัติกลุ่มเป้าหมาย: คุณสมบัติพื้นฐานของผู้รับประโยชน์ไม่สอดคล้องกับเนื้อหาหลักสูตรและความคาดหวังของโครงการ 2 การคัดเลือกกลุ่มเป้าหมาย: หน่วยปฏิบัติขาดความชัดเจนในแนวปฏิบัติการคัดเลือก โดยส่วนใหญ่เน้นหาคนให้ครบตามจำนวนที่กำหนด ไม่ได้จัดลำดับความสำคัญของผู้ที่เดือดร้อนหรือได้รับผลกระทบจากโควิด-19 3 ระยะเวลาโครงการสั้น: ไม่มีการสำรวจความต้องการของชุมชนก่อนจัดอบรม และระยะเวลาอบรมเพียง 1 วัน ไม่เพียงพอต่อการพัฒนาทักษะเพื่อประกอบอาชีพได้จริง 4 ขาดการติดตาม: โครงการไม่มีการจัดทำแผนหรือกระบวนการติดตามเพื่อประเมินผลผู้เข้าร่วมโครงการ 5 ขาดการบูรณาการ: ขาดการบูรณาการกับหน่วยงานอื่นที่มีโครงการพัฒนาทักษะอาชีพในลักษณะเดียวกัน 6.0 ขาดการสนับสนุนต่อเนื่อง: ขาดการให้ความรู้เกี่ยวกับมาตรฐานผลิตภัณฑ์ และขาดการเชื่อมโยงตลาด
FL-2122,ข้อสังเกต: การดำเนินโครงการพัฒนาอาชีพเสริม เพิ่มรายได้ให้ชุมชนดีพร้อมกับบทบาทหน้าที่ภารกิจด้านการสนับสนุน และพัฒนาอุตสาหกรรมชุมชน ของกรมส่งเสริมอุตสาหกรรม,กรมส่งเสริมอุตสาหกรรม,โครงการอาชีพเสริม เพิ่มรายได้ให้ชุมชนดีพร้อม ของกรมส่งเสริมอุตสาหกรรม กระทรวงอุตสาหกรรม,2566,บุคลากร/สมรรถนะ,สาเหตุ: 1. โครงการเป็นการดำเนินการตามนโยบายรัฐบาลที่ต้องการเร่งฟื้นฟูเศรษฐกิจ ทำให้มีการขยายกลุ่มเป้าหมายเชิงปริมาณ และหน่วยงานขาดความพร้อมในการดำเนินการเนื่องจากระยะเวลาที่กระชั้นชิด 2. ขาดการบูรณาการกับหน่วยงานอื่นที่เกี่ยวข้องที่มีโครงการพัฒนาทักษะของคนในชุมชน,"รายละเอียด: 1. การส่งเสริมไม่ตรงกลุ่มเป้าหมายภารกิจ: โครงการส่วนหนึ่งยังไม่ได้เป็นการส่งเสริมและสนับสนุนผู้ประกอบการชุมชน, วิสาหกิจชุมชน หรือบุคลากรภาคอุตสาหกรรมตามภารกิจของ กสอ. โดยผู้เข้าร่วมส่วนใหญ่เป็นประชาชนผู้สนใจทั่วไป 2 กิจกรรมไม่สอดคล้องกับภารกิจ: กิจกรรมบางอย่างเป็นการพัฒนาทักษะอาชีพพื้นฐาน (เช่น ทำน้ำยาล้างจาน, ทำอาหาร) ซึ่งมีลักษณะเช่นเดียวกับหน่วยงานอื่น และไม่ได้มุ่งเน้นการส่งเสริมอุตสาหกรรมชุมชนตามภารกิจหลักของ กสอ.",ข้อเสนอแนะ: 1. การจัดทำโครงการเพื่อของบประมาณในอนาคต ควรให้มีรายละเอียดสอดคล้องกับพันธกิจของ กสอ. โดยเน้นกิจกรรมและกลุ่มเป้าหมายที่เกี่ยวข้องกับการส่งเสริมอุตสาหกรรม. หากเป็นนโยบายรัฐบาล ควรพิจารณาเน้นการต่อยอดจากฐานเดิมที่มีอยู่สู่การเป็นผู้ประกอบการในภาคอุตสาหกรรม 2. ให้หน่วยงานบูรณาการหรือประสานงานร่วมกับหน่วยงานอื่นที่เกี่ยวข้องเพื่อลดความซ้ำซ้อนของกลุ่มเป้าหมายและกิจกรรม และเพื่อให้เกิดการพัฒนาที่ต่อเนื่องเชื่อมโยงกัน,"ผลกระทบ: 1. เสียโอกาสในการนำงบประมาณไปใช้ส่งเสริมผู้ประกอบการในภาคอุตสาหกรรม, วิสาหกิจชุมชน ที่ได้รับผลกระทบจากโควิด-19 โดยตรง 2. การใช้จ่ายงบประมาณอาจเกิดความทับซ้อนกับภารกิจของหน่วยงานอื่น และส่งผลต่อประสิทธิภาพในการใช้จ่ายงบประมาณแผ่นดิน"
FL-2123,ข้อตรวจพบ: การควบคุมผลิตภัณฑ์วัตถุอันตรายในความรับผิดชอบของ อย. ไม่ครอบคลุมสถานประกอบการที่มีความจำเป็นแก่การควบคุม,สำนักงานคณะกรรมการอาหารและยา,การควบคุมผลิตภัณฑ์วัตถุอันตรายของสำนักงานคณะกรรมการอาหารและยา กระทรวงสาธารณสุข,2567,บุคลากร/สมรรถนะ,สาเหตุ: 1. วิธีการปฏิบัติงานไม่ชัดเจน: วิธีการปฏิบัติงานบางขั้นตอนยังขาดความชัดเจน เช่น แนวทางการจัดทำแผนตรวจเฝ้าระวังของ สสจ. และขั้นตอนการดำเนินคดีกับผู้ไม่แจ้งปริมาณการผลิต/นำเข้า ทำให้เจ้าหน้าที่ต้องใช้ดุลยพินิจ 2 ฐานข้อมูลไม่ถูกต้อง: ฐานข้อมูลเกี่ยวกับสถานประกอบการในระบบ e-submission บางรายการยังไม่มีความถูกต้อง ซึ่งอาจทำให้เกิดความผิดพลาดในการปฏิบัติงาน,"รายละเอียด: 1. Pre-marketing Control: สสจ. บางแห่งออกใบอนุญาตผลิต/นำเข้าวัตถุอันตรายชนิดที่ 3 โดยไม่ได้ดำเนินการตรวจประเมินสถานที่ผลิต/เก็บรักษาตามหลักเกณฑ์ 2. Post-marketing Control: - การตรวจเฝ้าระวังสถานที่: สสจ. ทั้ง 7 แห่ง ไม่มีผลการตรวจเฝ้าระวังสถานที่ผลิตวัตถุอันตรายชนิดที่ 3 และชนิดที่ 1, 2 ตามแนวทางของ อย. และผลการตรวจไม่ได้มีการรวบรวมสรุปร่วมกันระหว่าง อย. และ สสจ. - การเฝ้าระวังผลิตภัณฑ์: สสจ. ไม่ได้ดำเนินการเก็บตัวอย่างผลิตภัณฑ์เพื่อส่งตรวจวิเคราะห์ และบางแห่งไม่ได้ตรวจเฝ้าระวังฉลาก - การเฝ้าระวังโฆษณา: สสจ. ไม่มีผลการตรวจเฝ้าระวังการโฆษณาวัตถุอันตราย - การแจ้งปริมาณการผลิต/นำเข้า: สสจ. ส่วนใหญ่ (5 จาก 7 แห่ง) ยังไม่เริ่มดำเนินการทางกฎหมายกับผู้ประกอบการที่ไม่แจ้งปริมาณการผลิตและนำเข้าประจำปี",ข้อเสนอแนะ: 1. กำหนดรายละเอียดวิธีการปฏิบัติงานควบคุมผลิตภัณฑ์วัตถุอันตรายในกระบวนการ Post-marketing Control ให้มีความชัดเจน และหารือกับสำนักงานปลัดกระทรวงสาธารณสุขเพื่อกำหนดแนวทางการควบคุมให้เป็นไปในแนวทางเดียวกัน 2. วิเคราะห์ปัญหาเกี่ยวกับฐานข้อมูลในระบบ e-submission ที่ส่งผลต่อการปฏิบัติงาน และกำหนดแนวทางแก้ไขปรับปรุงฐานข้อมูลต่อไป,ผลกระทบ: ผู้ประกอบการมีแนวโน้มที่จะดำเนินการเกี่ยวกับสถานที่ผลิตและผลิตภัณฑ์ไม่เป็นไปตามกฎหมาย ซึ่งเสี่ยงต่อความไม่ปลอดภัยของผู้ปฏิบัติงาน และผลิตภัณฑ์ที่ไม่ได้คุณภาพต่อผู้บริโภค จากการสุ่มตรวจ 20 แห่ง พบว่า 12 แห่ง มีประเด็นไม่เป็นไปตามกฎหมาย โดย 6 แห่งในจำนวนนี้เป็นสถานประกอบการที่ไม่ได้รับการควบคุมอย่างต่อเนื่อง
FL-2124,ข้อตรวจพบที่ 1: การพัฒนาท่าเรือโดยสารและระบบอำนวยความปลอดภัยเพื่อรองรับการให้บริการแก่ผู้สูงอายุและคนพิการ เขตกรุงเทพมหานคร และปริมณฑล ยังไม่ครอบคลุมท่าเรือตามเป้าหมายที่โครงการกำหนด,กรมเจ้าท่า,การพัฒนาท่าเรือโดยสารและระบบอำนวยความปลอดภัยเพื่อรองรับการให้บริการแก่ผู้สูงอายุและคนพิการ เขตกรุงเทพมหานคร และปริมณฑล กรมเจ้าท่า กระทรวงคมนาคม,2568,,"สาเหตุ: 1. การสำรวจพื้นที่ก่อนดำเนินโครงการยังไม่ละเอียดเพียงพอ ทำให้เมื่อลงนามในสัญญาแล้วพบสภาพปัญหาหลายประการ เช่น ความซ้ำซ้อนของกิจกรรมกับโครงการอื่น, พื้นที่ไม่เหมาะสม, และโครงสร้างท่าเรือมีการเปลี่ยนแปลง 2. กรมเจ้าท่าขาดแผนดำเนินงานที่ทันกาลเพื่อรองรับท่าเรือที่ดำเนินการยังไม่แล้วเสร็จ",รายละเอียด: ผลการดำเนินงานพัฒนาท่าเรือเพื่อรองรับผู้สูงอายุและคนพิการ ไม่ครอบคลุมเป้าหมาย 14 แห่ง จากทั้งหมด 32 แห่ง เนื่องจากผู้รับจ้างดำเนินการล่าช้าและทิ้งงาน จนเป็นเหตุให้กรมเจ้าท่าบอกเลิกสัญญาเมื่อวันที่ 15 กรกฎาคม 2567 และอยู่ระหว่างกระบวนการประเมินค่าเสียหาย,ข้อเสนอแนะ: 1. สั่งการให้กองวิศวกรรมให้ความสำคัญในการสำรวจเพื่อประเมินความพร้อมของพื้นที่ท่าเรือจริงก่อนเริ่มดำเนินการในระยะต่อไป 2. สั่งการให้กองวิศวกรรมพิจารณาจัดทำแผนดำเนินงานพร้อมกำหนดค่าเป้าหมายเพื่อให้เกิดการพัฒนา/ปรับปรุงท่าเรือให้ครอบคลุมตามเป้าหมาย,ผลกระทบ: ส่งผลกระทบต่อการพัฒนาคุณภาพการให้บริการท่าเรือโดยสารด้านโครงสร้างพื้นฐานให้เป็นมาตรฐาน เพื่อให้เกิดความปลอดภัยแก่ผู้สูงอายุและคนพิการ รวมทั้งประชาชนทั่วไป
FL-2125,ข้อตรวจพบที่ 2: สิ่งอำนวยความสะดวกและระบบอำนวยความปลอดภัยเพื่อรองรับการให้บริการแก่ผู้สูงอายุและคนพิการของท่าเรือที่ตรวจสอบส่วนใหญ่ยังไม่เป็นไปตามมาตรฐานที่กำหนดในกฎกระทรวง,กรมเจ้าท่า,การพัฒนาท่าเรือโดยสารและระบบอำนวยความปลอดภัยเพื่อรองรับการให้บริการแก่ผู้สูงอายุและคนพิการ เขตกรุงเทพมหานคร และปริมณฑล กรมเจ้าท่า กระทรวงคมนาคม,2568,เทคโนโลยี/ระบบสารสนเทศ,สาเหตุ: 1. การกำหนดลักษณะหรือการจัดให้มีอุปกรณ์ สิ่งอำนวยความสะดวก และบริการฯ ยังขาดความชัดเจน ว่ารายการมาตรฐานใดเป็นความจำเป็นพื้นฐานที่ท่าเรือต้องดำเนินการ 2. การกำกับการออกแบบเพื่อปรับปรุง พัฒนาท่าเรือตามหลักการ Universal Design ยังไม่เหมาะสมและเพียงพอ,รายละเอียด: การพัฒนาท่าเรือต้องสอดคล้องกับกฎกระทรวงที่กำหนดลักษณะอุปกรณ์ สิ่งอำนวยความสะดวก หรือบริการในท่าเทียบเรือ 11 หัวข้อ 44 รายการ จากการตรวจสอบพบว่า ไม่มีท่าเรือใดที่สามารถจัดให้มีได้ครบทุกรายการ โดยมีท่าเรือที่จัดให้มีสิ่งอำนวยความสะดวกแต่ยังไม่เป็นไปตามมาตรฐาน และมีบางมาตรฐานที่ไม่ได้ดำเนินการจัดให้มีตามที่กำหนด,ข้อเสนอแนะ: 1. ทบทวนหลักเกณฑ์ข้อกำหนดของกรมเจ้าท่าเกี่ยวกับการจัดสิ่งอำนวยความสะดวกฯ ให้เป็นไปตามกฎกระทรวง โดยคำนึงถึงความจำเป็นพื้นฐานที่ท่าเรือต้องดำเนินการ 2. กำชับให้กองวิศวกรรมพิจารณานำหลักการ Universal Design มาใช้ประกอบการออกแบบงานบริการสาธารณะของกรมเจ้าท่า,ผลกระทบ: ทำให้ผู้สูงอายุและคนพิการไม่สามารถเข้าถึงและใช้ประโยชน์การบริการสาธารณะสำหรับท่าเรือที่ยังไม่ถูกปรับปรุงได้ เช่น ท่าเรือพรานนก ซึ่งมีผู้ใช้บริการจำนวนมากเนื่องจากใกล้โรงพยาบาล
FL-2126,ข้อตรวจพบที่ 3: สิ่งอำนวยความสะดวกและระบบอำนวยความปลอดภัยเพื่อรองรับการให้บริการแก่ผู้สูงอายุและคนพิการ เขตกรุงเทพมหานคร และปริมณฑล ของท่าเรือบางแห่งไม่มีการใช้ประโยชน์ และท่าเรือบางแห่งยังไม่พร้อมในการใช้งาน เพื่อให้ผู้สูงอายุและคนพิการสามารถเข้าถึงได้,กรมเจ้าท่า,การพัฒนาท่าเรือโดยสารและระบบอำนวยความปลอดภัยเพื่อรองรับการให้บริการแก่ผู้สูงอายุและคนพิการ เขตกรุงเทพมหานคร และปริมณฑล กรมเจ้าท่า กระทรวงคมนาคม,2568,การเงิน/พัสดุ,สาเหตุ: กรมเจ้าท่ายังไม่มีแนวทางในการบริหารจัดการท่าเรืออย่างเป็นรูปธรรมชัดเจนในการดูแลให้สิ่งอำนวยความสะดวกอยู่ในสภาพพร้อมใช้งานและมีการใช้ประโยชน์ได้อย่างเต็มประสิทธิภาพ ปัจจุบัน กรมเจ้าท่าอยู่ระหว่างดำเนินการเพื่อจัดจ้างแม่บ้านและเจ้าหน้าที่รักษาความปลอดภัย และเสนอขอทบทวนมติ ครม. เพื่อให้สามารถนำพื้นที่บางส่วนมาใช้ในเชิงพาณิชย์เพื่อแก้ไขปัญหาการบริหารจัดการในระยะยาว,รายละเอียด: จากการตรวจสอบ พบว่าสิ่งอำนวยความสะดวกฯ ของท่าเรือบางแห่งไม่มีการใช้ประโยชน์ และบางแห่งยังไม่พร้อมในการใช้งาน เพื่อให้ผู้สูงอายุและคนพิการสามารถเข้าถึงได้,"ข้อเสนอแนะ: จัดทำแผนหรือแนวทางในการบริหารจัดการท่าเรือโดยสารให้เป็นรูปธรรมชัดเจน เช่น กำหนดผู้รับผิดชอบหลักในการดูแล, การสำรวจและประเมินความพร้อมของสิ่งอำนวยความสะดวก, และจัดให้มีระบบแจ้งซ่อมออนไลน์ เพื่อให้สิ่งอำนวยความสะดวกอยู่ในสภาพพร้อมใช้งานและเกิดการใช้ประโยชน์อย่างเต็มประสิทธิภาพ",ผลกระทบ: ประชาชนเสียโอกาสการใช้ประโยชน์อาคารท่าเรือ พื้นที่พักคอย และห้องน้ำสำหรับผู้สูงอายุและผู้พิการได้อย่างเต็มประสิทธิภาพ เกิดความไม่คุ้มค่าในการใช้จ่ายงบประมาณ และผู้สูงอายุและคนพิการไม่ได้รับความสะดวกและความปลอดภัยในการใช้บริการ
FL-2127,"ข้อตรวจพบ: การดำเนินโครงการพัฒนาศูนย์การขนส่งตู้สินค้าทางรถไฟที่ท่าเรือแหลมฉบังไม่บรรลุวัตถุประสงค์ในการรองรับปริมาณตู้สินค้า จำนวน 2,000,000 ทีอียู/ปี และการขนถ่ายตู้สินค้าในแต่ละขบวนไม่เป็นไปตามระยะเวลาที่กำหนด",สำนักปลัดกระทรวงยุติธรรม,การพัฒนากฎหมายแผนแม่บทกฎหมายและกระบวนการยุติธรรม ภายใต้ยุทธศาสตร์ชาติด้านการปรับสมดุลและพัฒนาระบบการบริหารจัดการภาครัฐ ของกระทรวงยุติธรรม,2568,ทรัพยากร/เครื่องมือ,สาเหตุ: 1. ปัจจัยภายใน (การจัดหาเครื่องมือ): - รถคานเคลื่อนที่ยกตู้สินค้าชนิดล้อยาง (RTG) ที่ซ่อมทำ 3 คัน ไม่สามารถใช้งานได้จริง - รถคานเคลื่อนที่ยกตู้สินค้าชนิดเดินบนราง (RMG) 2 คัน ที่จัดหามา มีสายไฟสั้นเกินไป ทำให้ขนถ่ายตู้สินค้าได้เพียง 32 แคร่ จากที่โครงการกำหนดไว้ 34 แคร่ต่อขบวน - การจัดหาเครื่องมือยกขนหลักในโครงการระยะที่ 2 มีความล่าช้ากว่า 3 ปี 2 ปัจจัยภายนอก (การรถไฟฯ): - การเดินขบวนรถไฟของการรถไฟแห่งประเทศไทยไม่เป็นไปตามแผน โดยจำนวนขบวนรถเฉลี่ยต่อวันน้อยกว่าแผนที่กำหนด - ระยะเวลาการเดินขบวนรถล่าช้ากว่าแผน โดยในปี 2567 รถไฟล่าช้าถึง 94.59% ของจำนวนขบวนทั้งหมด และมีระยะเวลาล่าช้าเฉลี่ย 8.88 ชั่วโมงต่อขบวน,"รายละเอียด: 1. ปริมาณตู้สินค้าไม่เป็นไปตามเป้าหมาย: ตั้งแต่เปิดดำเนินการในปี 2561 จนถึงปี 2567 ปริมาณการขนส่งตู้สินค้าต่ำกว่าเป้าหมายที่กำหนดไว้ 2,000,000 ทีอียู/ปี มาโดยตลอด โดยปี 2567 ซึ่งเป็นปีที่มีปริมาณสูงสุด ยังทำได้เพียง 471,109.50 ทีอียู คิดเป็น 23.56% ของเป้าหมาย 2 การขนถ่ายตู้สินค้าล่าช้า: แม้ระยะเวลาเฉลี่ยในการขนถ่ายจะดีขึ้น แต่ในปี 2567 ก็ยังใช้เวลาเฉลี่ย 3.85 ชั่วโมงต่อขบวน ซึ่งสูงกว่าเป้าหมายที่กำหนดไว้ไม่เกิน 1 ชั่วโมง",ข้อเสนอแนะ: 1. การปรับปรุงการดำเนินงานของ SRTO: - พิจารณาแนวทางแก้ไขกรณีเครื่อง RTG 3 คันที่ใช้งานไม่ได้ - ดำเนินการจัดหาเครื่องมือยกขนหลักในระยะที่ 2 ให้เป็นไปตามวัตถุประสงค์ที่กำหนด - เร่งรัด กำกับติดตามการจัดหาเครื่องมือยกขนหลักในโครงการระยะที่ 2 ให้แล้วเสร็จตามแผน 2 การประสานงาน: ประสานงานกับการรถไฟแห่งประเทศไทยเพื่อให้ดำเนินการเดินขบวนรถได้ตามแผนทั้งในด้านจำนวนและความตรงต่อเวลา 3.0 การทบทวนโครงการ: ทบทวนผลการดำเนินงานที่ไม่เป็นไปตามเป้าหมาย เพื่อนำข้อมูลมาปรับปรุงการจัดหาเครื่องมือในระยะที่ 2 และกำหนดแนวทางให้ SRTO สามารถรองรับปริมาณตู้สินค้าได้ตามเป้าหมายที่กำหนด,"ผลกระทบ: การใช้จ่ายงบประมาณแผ่นดินไม่คุ้มค่า และไม่เกิดการปรับเปลี่ยนรูปแบบการขนส่งสินค้าจากทางถนนมาเป็นทางราง (Modal Shift) อย่างเป็นรูปธรรม สัดส่วนการขนส่งทางรถไฟผ่านท่าเรือแหลมฉบังยังคงอยู่ในระดับต่ำ (ปี 2567 อยู่ที่ 5.70%) และต่ำกว่าช่วงก่อนเปิดดำเนินการ SRTO ด้วยซ้ำ ทำให้ปัญหาการจราจรติดขัด, ต้นทุนโลจิสติกส์ที่สูง, และปัญหาสิ่งแวดล้อมยังคงอยู่"
FL-2128,ข้อตรวจพบที่ 1: กระบวนการขอรับใบอนุญาต การออกใบอนุญาต และการออกใบแทนใบอนุญาตสำหรับวัสดุกัมมันตรังสีบางส่วนยังไม่เป็นไปตามระยะเวลาที่กำหนด และฐานข้อมูลสำหรับการดำเนินการออกใบอนุญาตยังไม่ถูกต้อง และไม่เป็นปัจจุบัน,สำนักงานปรมาณูเพื่อสันติ,การบริหารจัดการและควบคุมวัสดุกัมมันตรังสี สำนักงานปรมาณูเพื่อสันติ กระทรวงการอุดมศึกษา วิทยาศาสตร์ วิจัยและนวัตกรรม,2567,ข้อมูล/บันทึก/เอกสาร,สาเหตุ: 1. ขาดแนวทางและมาตรการที่ชัดเจนในการจัดการกรณีที่ผู้ขอใบอนุญาตส่งเอกสารไม่ครบถ้วน 2. ขาดกระบวนการติดตามกำกับดูแลให้สถานประกอบการต่ออายุใบอนุญาตตามกำหนด 3. สถานประกอบการบางแห่งไม่ให้ความสำคัญและขาดความเข้าใจในกระบวนการขอรับใบอนุญาต 4. ไม่มีการตรวจสอบหรือสอบยันฐานข้อมูลในระบบ e-License กับข้อมูลจริง 5. ขาดการเชื่อมโยงข้อมูลระหว่างหน่วยงานที่เกี่ยวข้องของ ปส. และระบบ e-License มีประสิทธิภาพลดลง 6. ขาดคู่มือการใช้งานระบบ e-License ที่ชัดเจน เช่น การกำหนดรหัสหรือเลขที่ใบอนุญาต,"รายละเอียด: 1. การออกใบอนุญาตล่าช้า: ปส. ยังไม่สามารถออกใบอนุญาตให้แก่หน่วยงาน/สถานประกอบการได้ 26 ฉบับ ตั้งแต่ปี 2565 และการออกใบอนุญาตตั้งแต่ขั้นตอนยื่นคำขอจนถึงออกใบอนุญาตไม่เป็นไปตามกรอบเวลาที่กำหนด 100 ฉบับ นอกจากนี้ ยังมีสถานประกอบการ 52 แห่ง ที่ดำเนินการต่ออายุใบอนุญาตหลังจากใบอนุญาตหมดอายุแล้ว 2 ฐานข้อมูลไม่ถูกต้อง/ไม่เป็นปัจจุบัน: ฐานข้อมูลในระบบ e-License มีปัญหาหลายประการ เช่น ปรากฏข้อมูลสถานประกอบการที่ขาดการต่ออายุใบอนุญาต (161 แห่ง), สถานะการใช้งานวัสดุไม่ตรงตามจริง, บางหน่วยงานไม่พบในฐานข้อมูล, และรูปแบบข้อมูลเลขที่ใบอนุญาตไม่เป็นรูปแบบเดียวกัน","ข้อเสนอแนะ: 1. ทบทวนและกำหนดแนวทาง, กรอบเวลา, และมาตรการที่ชัดเจนในกระบวนการออกใบอนุญาต 2. ประชาสัมพันธ์และซักซ้อมความเข้าใจแก่สถานประกอบการให้เห็นความสำคัญของการดำเนินการขอรับใบอนุญาต 3. กำหนดแนวทางและกระบวนการติดตามกำกับดูแลสถานประกอบการในการขอและต่ออายุใบอนุญาตให้ชัดเจน 4. ดำเนินการสำรวจและสอบยันฐานข้อมูลในระบบ e-License กับข้อมูลจริง พร้อมทั้งปรับปรุงให้ถูกต้องและเป็นปัจจุบัน 5. พิจารณากำหนดคู่มือการใช้งานระบบ e-License ให้ชัดเจน 6. เร่งรัดโครงการพัฒนาด้านดิจิทัลเพื่อการกำกับดูแลฯ ให้สามารถใช้งานได้โดยเร็ว",ผลกระทบ: 1. การควบคุมกำกับดูแลมีความเสี่ยงที่จะเกิดความไม่ปลอดภัย และส่งผลต่อความเชื่อมั่นของประชาชนในกระบวนการออกใบอนุญาต 2. เกิดความเสี่ยงที่วัสดุกัมมันตรังสีอาจสูญหาย โดยเฉพาะประเภทที่ 1 และ 2 ซึ่งมีระดับความอันตรายสูง 3. ปส. ขาดข้อมูลที่สำคัญและถูกต้องสำหรับการวางแผนการตรวจสอบและติดตามข้อมูลวัสดุกัมมันตรังสี
FL-2129,ข้อตรวจพบที่ 2: กระบวนการตรวจสอบสถานประกอบการที่มีไว้ในครอบครองหรือใช้วัสดุกัมมันตรังสี ยังไม่เป็นไปตามเป้าหมาย หลักเกณฑ์ และแนวทางที่กำหนด,สำนักงานปรมาณูเพื่อสันติ,การบริหารจัดการและควบคุมวัสดุกัมมันตรังสี สำนักงานปรมาณูเพื่อสันติ กระทรวงการอุดมศึกษา วิทยาศาสตร์ วิจัยและนวัตกรรม,2567,กฎระเบียบ/กฎหมาย,สาเหตุ: 1. กตส. ยังขาดการจัดทำฐานข้อมูลกลางการตรวจสอบสถานประกอบการ สำหรับใช้ในการวางแผน 2. กตส. ยังขาดความชัดเจนเกี่ยวกับแนวทางการติดตามเพื่อให้เจ้าหน้าที่ปฏิบัติงานอย่างเป็นรูปธรรม และยังไม่มีข้อสรุปร่วมกันในการส่งเรื่องให้กลุ่มกฎหมายดำเนินการ 3. การเผยแพร่ข้อมูลเกี่ยวกับแนวทางปฏิบัติให้สถานประกอบการทราบยังไม่เพียงพอและสืบค้นได้ยาก 4. สถานประกอบการยังไม่สามารถจัดให้มีเจ้าหน้าที่ความปลอดภัยทางรังสี (RSO) ได้ตามที่กฎหมายกำหนด เนื่องจากปัญหาการสอบวัดระดับไม่ผ่าน และขาดแรงจูงใจในการปฏิบัติงาน,รายละเอียด: 1. การตรวจสอบไม่เป็นไปตามเป้าหมาย: กองตรวจสอบฯ ไม่ได้เข้าตรวจสอบสถานประกอบการตามแผนที่กำหนดในแต่ละปีงบประมาณ เช่น ในปี 2564 ไม่ได้ตรวจสอบถึง 50.91% ของแผน (กตอ.) และ 30.52% ของแผน (กตพ.) 2 การวางแผนไม่เป็นไปตามหลักเกณฑ์: การวางแผนการเข้าตรวจสอบไม่เป็นไปตามกลุ่มความเสี่ยงของวัสดุกัมมันตรังสีตามเกณฑ์ที่กำหนด 3. การติดตามไม่เป็นไปตามแนวทาง: กตส. ไม่มีการแจ้งหนังสือติดตาม หรือแจ้งไม่ครบถ้วน กรณีสถานประกอบการมีข้อแก้ไขปรับปรุง และยังไม่สามารถดำเนินการตามขั้นตอนทางกฎหมายกับสถานประกอบการที่ไม่แก้ไขตามข้อแนะนำได้,"ข้อเสนอแนะ: 1. สั่งการให้ กตส. จัดทำฐานข้อมูลกลางของสถานประกอบการ, กำหนดแนวทางการติดตามที่ชัดเจน, และจัดทำ/ปรับปรุงคู่มือแนวทางการตรวจสอบเผยแพร่ให้สถานประกอบการรับทราบอย่างทั่วถึง 2. สั่งการให้หน่วยงานภายใน ปส. หารือร่วมกันเพื่อกำหนดแนวทางและขั้นตอนการส่งเรื่องให้กลุ่มกฎหมายดำเนินการกรณีที่สถานประกอบการไม่ปฏิบัติตามกฎหมาย 3. สั่งการให้กองอนุญาตฯ พิจารณาหาแนวทางแก้ไขปัญหาการผลิตเจ้าหน้าที่ RSO เพื่อให้สถานประกอบการมีบุคลากรที่มีคุณสมบัติเหมาะสม",ผลกระทบ: 1. อาจก่อให้เกิดความเสี่ยงต่อความไม่ปลอดภัยของสถานประกอบการที่ไม่ได้รับการตรวจสอบ โดยเฉพาะแห่งที่มีวัสดุกัมมันตรังสีประเภทที่ 1 และ 2 ซึ่งมีความอันตรายสูง 2. การไม่ดำเนินการกับสถานประกอบการที่ไม่แก้ไขปรับปรุงตามข้อแนะนำ ทำให้สถานประกอบการเพิกเฉยและไม่ให้ความสำคัญกับการปฏิบัติตามกฎหมาย
FL-2130,ข้อตรวจพบที่ 3: ปส. ขาดการกำกับให้ผู้ครอบครองหรือใช้วัสดุกัมมันตรังสีรายงานผลการดำเนินการ และไม่มีฐานข้อมูลกากกัมมันตรังสีเพื่อใช้ในการกำกับดูแล,สำนักงานปรมาณูเพื่อสันติ,การบริหารจัดการและควบคุมวัสดุกัมมันตรังสี สำนักงานปรมาณูเพื่อสันติ กระทรวงการอุดมศึกษา วิทยาศาสตร์ วิจัยและนวัตกรรม,2567,กฎระเบียบ/กฎหมาย,สาเหตุ: 1. ปส. ยังไม่ได้กำหนดบทบาทภารกิจและแนวทางการปฏิบัติงานในการกำกับดูแลกากกัมมันตรังสีอย่างชัดเจน และไม่มีกลุ่มงานที่รับผิดชอบโดยตรง 2. เจ้าหน้าที่ผู้ปฏิบัติงานมีความเข้าใจคลาดเคลื่อนในบางประเด็นของการปฏิบัติงานตามกฎหมาย เช่น เข้าใจว่าหน่วยงานไม่ต้องรายงานผลการจัดการกากฯ มายัง ปส. 3. การพัฒนาเทคโนโลยีเพื่อสนับสนุนการจัดทำฐานข้อมูลกลางในการจัดการกากกัมมันตรังสีล่าช้ากว่าแผนที่กำหนด,"รายละเอียด: 1. ขาดการกำกับดูแลการรายงาน: ผู้ครอบครองหรือใช้ส่วนใหญ่ไม่มีการแจ้งผลการจัดการกากกัมมันตรังสี, ไม่ได้จัดส่งรายงานแสดงปริมาณของวัสดุกัมมันตรังสีที่มีในครอบครอง, และไม่ปรากฏข้อมูลการรายงานการปล่อยทิ้งกากกัมมันตรังสีมายัง ปส. ตามที่กฎหมายกำหนด 2. ไม่มีฐานข้อมูลกากกัมมันตรังสี: ปส. ยังไม่มีฐานข้อมูลกากกัมมันตรังสีเพื่อใช้ในการกำกับดูแล และระบบ e-License ยังไม่เป็นปัจจุบันในส่วนของสถานะการจัดการวัสดุออกจากระบบ","ข้อเสนอแนะ: 1. สั่งการให้หน่วยงานภายในที่เกี่ยวข้องหารือร่วมกันเพื่อกำหนดความชัดเจนเรื่องบทบาทหน้าที่และภารกิจในการกำกับดูแลกากกัมมันตรังสี และกำหนดกรอบแนวทางการติดตามและรวบรวมรายงานผล 2. สร้างความรู้ความเข้าใจแก่เจ้าหน้าที่ผู้ปฏิบัติงานในประเด็นที่ยังมีความเข้าใจคลาดเคลื่อน 3. สั่งการให้กลุ่มฐานข้อมูลฯ เร่งรัด ""โครงการพัฒนาด้านดิจิทัลเพื่อการกำกับดูแลความปลอดภัยฯ"" ให้แล้วเสร็จโดยเร็ว เพื่อให้มีระบบสนับสนุนการกำกับดูแลกากกัมมันตรังสีได้อย่างมีประสิทธิภาพ","ผลกระทบ: เป็นความเสี่ยงทำให้ ปส. ไม่มีข้อมูลสำคัญสำหรับใช้ในการวิเคราะห์, ติดตาม, หรือเฝ้าระวัง เพื่อให้สามารถควบคุมกำกับดูแลการจัดการกากกัมมันตรังสีได้อย่างถูกต้องเหมาะสม เช่น กรณีวัสดุสูญหายซึ่งอาจเป็นอันตรายต่อผู้ปฏิบัติงาน ประชาชน และสิ่งแวดล้อม"
FL-2131,ข้อตรวจพบ: การจัดทำโครงการเพื่อขับเคลื่อนการบรรลุเป้าหมายระดับแผนแม่บทย่อยการพัฒนากระบวนการยุติธรรม ไม่ครบถ้วนตามแนวทางที่กำหนด,สำนักปลัดกระทรวงยุติธรรม,การพัฒนากฎหมายแผนแม่บทกฎหมายและกระบวนการยุติธรรม ภายใต้ยุทธศาสตร์ชาติด้านการปรับสมดุลและพัฒนาระบบการบริหารจัดการภาครัฐ ของกระทรวงยุติธรรม,2568,กระบวนการ/มาตรฐานงาน,สาเหตุ: 1. หน่วยงานหลักไม่จัดทำโครงการ: หน่วยงานหลักบางแห่งยังมีความเข้าใจในหลักการจัดทำโครงการสำคัญไม่เป็นไปในทิศทางเดียวกัน และบางหน่วยงานพิจารณาเลือกเป็นหน่วยงานสนับสนุนแทนหน่วยงานหลัก หรือมีความเข้าใจคลาดเคลื่อนในกระบวนการเสนอโครงการ 2 ข้อเสนอโครงการไม่ครบทุกปัจจัย: 2 ปัจจัยที่ไม่มีโครงการรองรับนั้น ไม่มีหน่วยงานใดได้รับมอบหมายให้เป็นหน่วยงานที่เกี่ยวข้องหลัก ประกอบกับหน่วยงานที่เกี่ยวข้องเป็นหน่วยงานภายนอกกระทรวงยุติธรรม ซึ่งยังไม่ได้รับการประสานงานจากหน่วยงานเจ้าภาพ,รายละเอียด: 1. หน่วยงานหลักไม่จัดทำโครงการสำคัญ: หน่วยงานที่เกี่ยวข้องหลักบางหน่วยงานยังไม่ได้จัดทำโครงการสำคัญเพื่อส่งผลต่อการบรรลุเป้าหมายแผนแม่บทย่อยฯ ในบางปีงบประมาณ เช่น ปี 2567 มี 8 จาก 15 หน่วยงานที่ไม่ได้จัดทำข้อเสนอโครงการสำคัญ 2 จัดทำข้อเสนอโครงการไม่ครบทุกปัจจัย: การจัดทำข้อเสนอโครงการสำคัญภายใต้ปัจจัยขององค์ประกอบห่วงโซ่คุณค่าฯ ไม่ครบทุกปัจจัย โดยมี 2 ปัจจัย (F0307 และ F0402) ที่ยังไม่มีข้อเสนอโครงการมารองรับ,"ข้อเสนอแนะ: ให้กระทรวงยุติธรรม (ในฐานะหน่วยงานเจ้าภาพ) ประสานขอความร่วมมือกับหน่วยงานที่เกี่ยวข้องภายใต้เป้าหมายแผนแม่บทย่อยฯ เพื่อบูรณาการการดำเนินงานร่วมกัน, พิจารณาทบทวนความครอบคลุมของหน่วยงานที่เกี่ยวข้อง, และจัดประชุมร่วมกันเพื่อสร้างความเข้าใจที่ชัดเจนเกี่ยวกับการจัดทำโครงการเพื่อขับเคลื่อนการบรรลุเป้าหมายฯ ให้เป็นไปในแนวทางเดียวกัน",ผลกระทบ: อาจส่งผลกระทบทำให้เกิดความเสี่ยงที่การขับเคลื่อนยุทธศาสตร์ชาติจะไม่บรรลุผลสัมฤทธิ์ตามเป้าหมายแผนแม่บทประเด็น (22) กฎหมายและกระบวนการยุติธรรม ซึ่งจะเห็นได้จากค่าเฉลี่ยดัชนีนิติธรรม 3 ปัจจัยของประเทศไทยในปี 2563-2566 ยังคงอยู่ในระดับต่ำกว่าเป้าหมายในระดับวิกฤต
FL-2132,ข้อตรวจพบที่ 1: การบริหารจัดการสถานีสูบน้ำด้วยไฟฟ้าขององค์กรปกครองส่วนท้องถิ่นตามภารกิจที่ได้รับการถ่ายโอนไม่มีคุณภาพตามมาตรฐานการบริการสาธารณะที่กำหนด,กรมส่งเสริมการปกครองท้องถิ่น,การบริหารจัดการสถานีสูบน้ำขององค์กรปกครองส่วนท้องถิ่น ของกรมส่งเสริมการปกครองท้องถิ่น กระทรวงมหาดไทย,2565,ข้อมูล/บันทึก/เอกสาร,สาเหตุ: 1. สำนักงานส่งเสริมการปกครองท้องถิ่นจังหวัด (สถจ.) ไม่มีการส่งเสริมความรู้ความเข้าใจและติดตามประมวลผลการดำเนินงานของ อปท. อย่างครบถ้วน ทำให้ไม่ทราบถึงปัญหาและอุปสรรค 2. กรมส่งเสริมการปกครองท้องถิ่น (สถ.) ไม่ได้ปรับปรุงฐานข้อมูลสถานีสูบน้ำด้วยไฟฟ้าให้ถูกต้องและเป็นปัจจุบัน ทำให้ข้อมูลที่ใช้ในการบริหารจัดการคลาดเคลื่อน,"รายละเอียด: อปท. 15 แห่ง (71.43%) จาก 21 แห่งที่ตรวจสอบ มีการบริหารจัดการสถานีสูบน้ำฯ ไม่เป็นไปตามมาตรฐาน โดยไม่ได้นำแนวทางปฏิบัติมาใช้ในภารกิจทั้ง 3 ด้าน: 1. งานบำรุงรักษา: 24 สถานีที่ใช้งานอยู่ ไม่มีการจัดทำแผนปฏิบัติงานซ่อมแซมและบำรุงรักษา 2. การเก็บเงินค่ากระแสไฟฟ้า: 4 อปท. ไม่ได้จัดทำข้อบัญญัติฯ, 1 อปท. ไม่มีการจัดตั้งกลุ่มผู้ใช้น้ำ และในกลุ่มที่มีการจัดตั้งแล้ว ส่วนใหญ่ไม่ได้จัดทำบัญชีรายรับ-จ่าย หรือนำรายได้ฝากธนาคาร 3. การจัดตั้งสหกรณ์ผู้ใช้น้ำ: 20 จาก 23 สถานี (86.96%) ที่มีกลุ่มผู้ใช้น้ำ ไม่มีการพัฒนาเป็นสหกรณ์ผู้ใช้น้ำ",ข้อเสนอแนะ: 1. สั่งการให้ สถจ. ติดตามผลและสำรวจปัญหาการบริหารจัดการสถานีสูบน้ำของ อปท. และรายงานต่อคณะอนุกรรมการอำนวยการการกระจายอำนาจฯ ระดับจังหวัดเพื่อพิจารณาแก้ไข 2. จัดทำแนวทางและขั้นตอนการแก้ไขปัญหาการถ่ายโอนภารกิจทั้ง 3 ด้านให้ชัดเจน เพื่อให้ อปท. ยึดถือเป็นแนวทางปฏิบัติ 3. ปรับปรุงฐานข้อมูลสถานีสูบน้ำด้วยไฟฟ้าให้ถูกต้อง เป็นปัจจุบัน และเพิ่มการจัดเก็บข้อมูลที่จำเป็น เพื่อใช้ประโยชน์ในการวางแผนและบริหารจัดการ,ผลกระทบ: 1. สถานีสูบน้ำฯ มีความเสี่ยงที่จะไม่สามารถตอบสนองความต้องการของประชาชนได้อย่างยั่งยืน เนื่องจากขาดการบริหารจัดการที่มีประสิทธิภาพและโปร่งใส 2. การอุดหนุนงบประมาณเป็นไปอย่างไม่คุ้มค่า และอาจเกิดความไม่เป็นธรรมในการเข้าถึงบริการสาธารณะ
FL-2133,ข้อตรวจพบที่ 2: การจัดบริการสาธารณะด้านงานสูบน้ำด้วยไฟฟ้าขององค์กรปกครองส่วนท้องถิ่นไม่เป็นไปตามวัตถุประสงค์และเป้าหมายที่กำหนด,กรมส่งเสริมการปกครองท้องถิ่น,การบริหารจัดการสถานีสูบน้ำขององค์กรปกครองส่วนท้องถิ่น ของกรมส่งเสริมการปกครองท้องถิ่น กระทรวงมหาดไทย,2565,บุคลากร/สมรรถนะ,สาเหตุ: 1. ผู้บริหาร อปท. ขาดการกำกับดูแลให้เจ้าหน้าที่ปฏิบัติตามคู่มือการบำรุงรักษาสถานีสูบน้ำ และเจ้าหน้าที่ขาดความชำนาญในการซ่อมแซม 2. อปท. ขาดการสำรวจความต้องการใช้น้ำของประชาชนในพื้นที่ และขาดการส่งเสริมให้เกิดข้อตกลงเกี่ยวกับการใช้น้ำร่วมกัน,รายละเอียด: 1. สถานีสูบน้ำไม่พร้อมใช้งาน: จาก 39 สถานีที่ตรวจสอบ พบว่ามีสภาพไม่สามารถใช้งานได้ 9 สถานี (23.08%) และใช้งานได้แต่ไม่เต็มประสิทธิภาพ 21 สถานี (53.84%) 2 บริการไม่ครอบคลุม: 26 จาก 30 สถานี (86.67%) ที่ตรวจสอบ ให้บริการยังไม่ครอบคลุมพื้นที่ที่กำหนดไว้ เนื่องจากระบบส่งน้ำยังไม่ทั่วถึง หรือเกษตรกรไม่มีความต้องการใช้น้ำ,ข้อเสนอแนะ: 1. กำชับและส่งเสริมผู้บริหาร อปท. ให้กำกับดูแลการปฏิบัติงานของพนักงานประจำสถานีสูบน้ำให้เป็นไปตามคู่มือการบำรุงรักษา 2. แจ้งให้ อปท. ดำเนินการสำรวจความต้องการใช้น้ำของประชาชนและสภาพปัญหาของสถานีสูบน้ำ 3. กำชับให้ อปท. สนับสนุนและส่งเสริมให้เกิดข้อตกลงในการใช้น้ำระหว่างสมาชิกกลุ่มผู้ใช้น้ำ,ผลกระทบ: ประชาชน/เกษตรกรในพื้นที่เป้าหมายมีผลผลิตทางการเกษตรลดลงจากการขาดแคลนน้ำ และขาดรายได้จากการปลูกพืชนอกฤดูทำนา
FL-2134,ข้อตรวจพบที่ 1: การพัฒนา และสนับสนุนฐานข้อมูลการบริหารจัดการแหล่งน้ำให้กับองค์กรปกครองส่วนท้องถิ่นไม่เป็นไปตามแนวทางและวัตถุประสงค์ที่กำหนด,กรมส่งเสริมการปกครองท้องถิ่น,การบริหารจัดการแหล่งน้ำขององค์กรปกครองส่วนท้องถิ่น ของกรมส่งเสริมการปกครองท้องถิ่น กระทรวงมหาดไทย,2565,การเงิน/พัสดุ,สาเหตุ: 1. อปท. ขาดการสำรวจแหล่งน้ำในความรับผิดชอบเพื่อจัดทำฐานข้อมูล โดยจะสำรวจเป็นรายโครงการเมื่อต้องการของบประมาณเท่านั้น 2. เจ้าหน้าที่ อปท. ขาดความเข้าใจเกี่ยวกับวัตถุประสงค์ของระบบสารสนเทศฯ 3. สถ. ขาดแนวทางการใช้ประโยชน์จากฐานข้อมูล และไม่ได้นำข้อมูลมาใช้ประกอบการพิจารณาสนับสนุนงบประมาณจริง 4. สถ. ขาดการติดตามผลการใช้งานระบบเพื่อรวบรวมปัญหาและนำมาปรับปรุง,"รายละเอียด: อปท. 19 แห่ง จาก 31 แห่ง (61.29%) ยังไม่มีการจัดทำฐานข้อมูลแหล่งน้ำขนาดเล็กตามหลักเกณฑ์ นอกจากนี้ การบันทึกข้อมูลใน ""ระบบสารสนเทศด้านการบริหารจัดการน้ำขององค์กรปกครองส่วนท้องถิ่น"" ที่ สถ. จัดทำขึ้น ก็ไม่ครบถ้วน ไม่เป็นปัจจุบัน และข้อมูลไม่ตรงกับฐานข้อมูลของ อปท. เอง ทำให้ อปท. ส่วนใหญ่ (80.65%) ไม่ได้ใช้ประโยชน์จากระบบนี้",ข้อเสนอแนะ: 1. กำชับให้ อปท. สำรวจและจัดทำฐานข้อมูลแหล่งน้ำขนาดเล็กในความรับผิดชอบ 2. กำหนดแนวทางการนำข้อมูลในระบบสารสนเทศฯ มาใช้ประโยชน์อย่างเป็นรูปธรรม 3. รวบรวมปัญหาและข้อจำกัดในการใช้งานระบบเพื่อนำมาพัฒนาปรับปรุง 4. ให้ สถจ. กำชับและติดตามให้ อปท. บันทึกข้อมูลในระบบให้ครบถ้วน ถูกต้อง และเป็นปัจจุบัน,ผลกระทบ: ข้อมูลแหล่งน้ำในระบบสารสนเทศฯ ขาดความน่าเชื่อถือ ทำให้ อปท. และหน่วยงานอื่นๆ ไม่สามารถนำข้อมูลไปใช้ประโยชน์ในการวางแผนบริหารจัดการน้ำได้อย่างครอบคลุมและมีประสิทธิภาพ
FL-2135,ข้อตรวจพบที่ 2: การดูแล บำรุงรักษาแหล่งน้ำขององค์กรปกครองส่วนท้องถิ่นไม่มีประสิทธิภาพ,กรมส่งเสริมการปกครองท้องถิ่น,การบริหารจัดการแหล่งน้ำขององค์กรปกครองส่วนท้องถิ่น ของกรมส่งเสริมการปกครองท้องถิ่น กระทรวงมหาดไทย,2565,บุคลากร/สมรรถนะ,สาเหตุ: 1. เจ้าหน้าที่กองช่างของ อปท. ขาดความเข้าใจและความชำนาญงานด้านวิศวกรรมในการบริหารจัดการแหล่งน้ำ โดย อปท. ส่วนใหญ่ขาดวิศวกรและเจ้าหน้าที่ไม่เคยได้รับการอบรมที่เกี่ยวข้อง 2. สถ. ขาดการส่งเสริมความรู้ ความเข้าใจในการปฏิบัติงานด้านการดูแล บำรุงรักษาแหล่งน้ำให้กับเจ้าหน้าที่ของ อปท. อย่างต่อเนื่อง,รายละเอียด: 1. การตรวจสภาพโครงสร้าง: อปท. 23 จาก 26 แห่ง (88.46%) ไม่ได้ดำเนินการตรวจสภาพงานโครงสร้างคอนกรีตหรืออาคารชลศาสตร์ของแหล่งน้ำตามหลักการที่กำหนด จากการสังเกตการณ์ 48 แห่ง พบว่า 31 แห่ง (64.58%) มีสภาพชำรุดเสียหาย 2. กิจกรรมดูแลบำรุงรักษา: อปท. บางแห่งยังดำเนินกิจกรรมไม่ครอบคลุมสภาพปัญหาสำคัญ โดย 5 แห่งยังไม่มีการดำเนินกิจกรรมแก้ไขปัญหาการบุกรุก และพบแหล่งน้ำ 18 แห่ง ยังคงมีสภาพปัญหาวัชพืช/ขยะสิ่งปฏิกูล,ข้อเสนอแนะ: 1. สร้างความรู้ ความเข้าใจให้กับเจ้าหน้าที่ผู้ปฏิบัติงานของ อปท. โดยประสานขอความร่วมมือจากส่วนราชการเดิม (เช่น กรมชลประทาน) ในการให้คำแนะนำทางเทคนิควิชาการ 2. กำชับให้เจ้าหน้าที่ อปท. ปฏิบัติงานดูแล บำรุงรักษาแหล่งน้ำให้เป็นไปตามหลักการที่กำหนด,ผลกระทบ: 1. ประชาชนไม่สามารถใช้ประโยชน์จากแหล่งน้ำได้ตามวัตถุประสงค์และเพียงพอต่อความต้องการ โดยพบว่าแหล่งน้ำ 26 แห่งจาก 68 แห่งที่สังเกตการณ์ไม่สามารถกักเก็บน้ำได้ตลอดทั้งปี 2. แหล่งน้ำที่ชำรุดแต่ไม่ได้รับการซ่อมแซมอาจเสียหายมากขึ้น และ อปท. ต้องใช้งบประมาณจำนวนมากในการซ่อมแซมในอนาคต
FL-2136,ข้อสังเกต: การจัดทำแผนพัฒนาแหล่งน้ำขององค์กรปกครองส่วนท้องถิ่นตามภารกิจที่ได้รับถ่ายโอนไม่เป็นไปตามหลักเกณฑ์ที่กำหนด,กรมส่งเสริมการปกครองท้องถิ่น,การบริหารจัดการแหล่งน้ำขององค์กรปกครองส่วนท้องถิ่น ของกรมส่งเสริมการปกครองท้องถิ่น กระทรวงมหาดไทย,2565,,สาเหตุ: (ไม่ได้ระบุ) ข้อเสนอแนะ: ให้อธิบดีกรมส่งเสริมการปกครองท้องถิ่นพิจารณามอบหมายให้หน่วยงานที่เกี่ยวข้องกำหนดแนวทางในการส่งเสริมและสนับสนุนให้ อปท. ดำเนินการจัดทำแผนพัฒนาแหล่งน้ำในความรับผิดชอบ และส่งเสริม อบจ. ในการประสานแผนพัฒนาแหล่งน้ำทั้งจังหวัดร่วมกับส่วนราชการและทุกส่วน อปท.,รายละเอียด: 1. การจัดทำแผนของ อปท.: อปท. ทั้ง 32 แห่งที่ตรวจสอบ ไม่มีการจัดทำแผนพัฒนาแหล่งน้ำตามหลักเกณฑ์ที่กำหนด โดยส่วนใหญ่จัดทำในรูปแบบแผนพัฒนาท้องถิ่นซึ่งมาจากการประชาคมเป็นหลัก และไม่ได้คำนวณความต้องการใช้น้ำเพื่อนำมาวางแผนจัดหาแหล่งน้ำเพิ่มเติม 2. การประสานแผนของ อบจ.: อบจ. บางแห่ง (2 จาก 6 แห่ง) ไม่มีการประสานแผนพัฒนาแหล่งน้ำจาก อปท. อื่นในพื้นที่ตามหลักเกณฑ์ และพบว่ามี อปท. 7 แห่ง ที่มีโครงการเกินศักยภาพและต้องการประสานแผนกับ อบจ. แต่ไม่มีการประสานโครงการดังกล่าว,,ผลกระทบ: แหล่งน้ำไม่ได้รับการบำรุงรักษาอย่างเหมาะสม มีสภาพชำรุด เสียหาย หรืออยู่ในสภาพที่ไม่สามารถใช้ประโยชน์ได้เต็มที่ และประชาชนมีน้ำสำหรับการอุปโภค บริโภค และการเกษตรไม่เพียงพอกับความต้องการ
FL-2137,ข้อตรวจพบที่ 1: การจัดการข้อมูลถนนขององค์กรปกครองส่วนท้องถิ่นไม่มีประสิทธิภาพ,กรมส่งเสริมการปกครองท้องถิ่น,การบริหารจัดการถนนทางหลวงท้องถิ่นขององค์กรปกครองส่วนท้องถิ่น ของกรมส่งเสริมการปกครองท้องถิ่น กระทรวงมหาดไทย,2565,บุคลากร/สมรรถนะ,สาเหตุ: 1. เจ้าหน้าที่ อปท. ขาดความรู้ความเข้าใจและมีความเข้าใจคลาดเคลื่อนเกี่ยวกับคู่มือการลงทะเบียนทางหลวงท้องถิ่น 2. อปท. ส่วนใหญ่ไม่ให้ความสำคัญกับการจัดเก็บเอกสารประกอบหรือที่มาของถนน ทำให้ขาดความพร้อมด้านข้อมูล 3. อปท. บางแห่งมีภารกิจอื่นที่ให้ความสำคัญมากกว่า และขาดบุคลากรที่มีความเชี่ยวชาญ 4. ขาดการกำกับติดตามจากหน่วยงานที่เกี่ยวข้อง (สถ. และ สถจ.),"รายละเอียด: 1. การลงทะเบียนทางหลวงท้องถิ่น: อปท. ส่วนใหญ่ (17 จาก 20 แห่ง) ลงทะเบียนไม่ครบถ้วน โดยพบถนนที่ไม่ลงทะเบียนถึง 3,740 สายทาง (83.82%) และข้อมูลที่ลงทะเบียนแล้วส่วนใหญ่ไม่ถูกต้อง 2. ฐานข้อมูลไม่ถูกต้อง/ครบถ้วน: ฐานข้อมูลถนนในระบบ INFO ของ สถ. และทะเบียน/ประวัติถนนที่ อปท. จัดเก็บเอง ส่วนใหญ่มีข้อมูลไม่ครบถ้วนและไม่ถูกต้อง (เช่น ประเภทผิวจราจร, ความกว้าง, ความยาว)","ข้อเสนอแนะ: 1. บูรณาการกับหน่วยงานอื่น: ให้ สถ. บูรณาการและประสานงานกับกรมทางหลวงชนบท, กรมป้องกันและบรรเทาสาธารณภัย, และหน่วยงานรัฐผู้ดูแลพื้นที่ เพื่อซักซ้อมความเข้าใจและแก้ไขปัญหาร่วมกัน 2. สนับสนุนการจัดทำข้อมูล: สั่งการให้หน่วยงานภายในศึกษาและกำหนดแนวทางส่งเสริมการจัดทำข้อมูลทะเบียนถนนของ อปท. ให้แล้วเสร็จโดยเร็ว 3. กำกับติดตาม: ให้มีการกำกับติดตามความคืบหน้าในการลงทะเบียนทางหลวงท้องถิ่นและการปรับปรุงข้อมูลในระบบ INFO อย่างสม่ำเสมอ",ผลกระทบ: 1. อปท. ไม่สามารถกำกับดูแลและบังคับใช้กฎหมายทางหลวงได้อย่างสมบูรณ์ และขาดฐานข้อมูลที่ถูกต้องในการบริหารจัดการ 2. สถ. ขาดข้อมูลที่มีคุณภาพในการบริหารจัดการและวางแผนพัฒนา อปท. 3. อปท. ขาดความชัดเจนของข้อมูลถนนในความรับผิดชอบ ทำให้เกิดความสับสนและทับซ้อนของสายทาง
FL-2138,ข้อตรวจพบที่ 2: องค์กรปกครองส่วนท้องถิ่นบริหารจัดการดูแลบำรุงรักษาถนนไม่เป็นไปตามมาตรฐานและแนวทางที่กำหนด,กรมส่งเสริมการปกครองท้องถิ่น,การบริหารจัดการถนนทางหลวงท้องถิ่นขององค์กรปกครองส่วนท้องถิ่น ของกรมส่งเสริมการปกครองท้องถิ่น กระทรวงมหาดไทย,2565,บุคลากร/สมรรถนะ,สาเหตุ: 1. อปท. ขาดการบริหารจัดการดูแลบำรุงรักษาถนนอย่างมีประสิทธิภาพ เช่น ไม่มีการสำรวจตรวจสอบถนนประจำปี และไม่มีการจัดทำแผนซ่อมบำรุงรักษาทาง 2. อปท. ขาดการให้ความสำคัญกับมาตรฐานความปลอดภัยทางถนน และไม่ทราบวิธีการประเมินด้านความปลอดภัย 3. อปท. บางแห่งขาดบุคลากรที่เชี่ยวชาญ และมีภารกิจหลายด้าน,รายละเอียด: 1. สภาพถนนชำรุด: จากการสุ่มตรวจสอบ 99 สายทาง พบว่า 72 สายทาง (72.73%) มีสภาพชำรุดเสียหาย โดยเฉพาะถนนที่ไม่ได้ก่อสร้าง/ซ่อมแซมในปี 2563-2564 พบว่า 41 จาก 46 สายทาง (89.13%) มีสภาพชำรุด 2 ไม่เป็นไปตามมาตรฐานความปลอดภัย: 36 จาก 48 สายทาง (75%) ติดตั้งป้ายจราจรและเครื่องหมายบนพื้นทางไม่เป็นไปตามมาตรฐาน และ 50 จาก 99 สายทาง (50.51%) มีความกว้างของช่องจราจรน้อยกว่า 3 เมตร 3. ไม่ดำเนินการตามแนวทางป้องกันอุบัติเหตุ: 9 จาก 11 อปท. มีจุดเสี่ยงที่ยังไม่ได้รับการแก้ไขหรือแก้ไขแล้วแต่ยังมีความเสี่ยงสูง และ อปท. ส่วนใหญ่ไม่มีฐานข้อมูลอุบัติเหตุหรือแผนปฏิบัติการป้องกันและลดอุบัติเหตุ,ข้อเสนอแนะ: (เป็นข้อเสนอแนะชุดเดียวกับข้อตรวจพบที่ 1),ผลกระทบ: 1. ผู้ใช้เส้นทางมีความเสี่ยงต่อการประสบอุบัติเหตุ ซึ่งอาจเป็นอันตรายต่อชีวิตและทรัพย์สิน 2. การสัญจรและการขนส่งเป็นไปอย่างยากลำบาก และพาหนะของประชาชนเกิดการชำรุดเสียหาย 3. ความชำรุดของถนนอาจขยายเป็นวงกว้าง ทำให้ต้องใช้งบประมาณในการบำรุงรักษาเพิ่มขึ้น
FL-2139,ข้อสังเกต: การพัฒนาระบบข้อมูลทางหลวงระดับจังหวัดไม่มีการขับเคลื่อนภารกิจ,กรมส่งเสริมการปกครองท้องถิ่น,การบริหารจัดการถนนทางหลวงท้องถิ่นขององค์กรปกครองส่วนท้องถิ่น ของกรมส่งเสริมการปกครองท้องถิ่น กระทรวงมหาดไทย,2565,ข้อมูล/บันทึก/เอกสาร,สาเหตุ: 1. แนวทางในการพัฒนาระบบฐานข้อมูลขาดรายละเอียดขั้นตอนที่สำคัญในการปฏิบัติงานที่เป็นรูปธรรม 2. ขาดการกำกับติดตามการดำเนินงานตามภารกิจที่ได้รับมอบหมายจากหน่วยงานที่เกี่ยวข้อง,รายละเอียด: ไม่มีการแต่งตั้งคณะทำงานพัฒนาระบบข้อมูลทางหลวงระดับจังหวัดทั้ง 6 จังหวัดที่ตรวจสอบ และ อบจ. ทั้ง 6 แห่ง ไม่มีการดำเนินการขับเคลื่อนศูนย์ข้อมูลทางหลวงท้องถิ่นระดับจังหวัดตามแนวทางที่กำหนด,ข้อเสนอแนะ: ให้ สถ. ประสานงานกับคณะอนุกรรมการที่เกี่ยวข้องเพื่อพิจารณาหารือแนวทางและรายละเอียดในการพัฒนาระบบฐานข้อมูลทางหลวงระดับจังหวัดให้มีรูปแบบการดำเนินงานที่ชัดเจน พร้อมซักซ้อมความเข้าใจและมีรูปแบบการติดตามความคืบหน้า,ผลกระทบ: หน่วยงานที่เกี่ยวข้องในระดับจังหวัดขาดข้อมูลทางหลวงท้องถิ่นเพื่อใช้ในการบริหารจัดการและแก้ไขปัญหา เช่น ความทับซ้อนของสายทาง และขาดข้อมูลที่จะนำไปสู่การพัฒนาระบบฐานข้อมูลของประเทศให้เป็นเอกภาพ
FL-2140,ข้อตรวจพบที่ 1: การดำเนินงานกำกับ ดูแลโรงงานอุตสาหกรรมไม่ครอบคลุมโรงงานอุตสาหกรรม,กรมโรงงานอุตสาหกรรม,การบริหารจัดการด้านการกำกับดูแลโรงงานอุตสาหกรรม กระทรวงอุตสาหกรรม,2566,บุคลากร/สมรรถนะ,สาเหตุ: 1. ปริมาณงานไม่สอดคล้องกับบุคลากร: พนักงานเจ้าหน้าที่ของ สอจ. มีจำนวนน้อยเมื่อเทียบกับปริมาณโรงงานในความรับผิดชอบ (สูงสุด 358 แห่งต่อคน) 2. การทำงานร่วมกันไม่สอดคล้อง: หน่วยงานรับผิดชอบหลักไม่ได้กำหนดแนวทางการติดตามที่เป็นลายลักษณ์อักษรที่ชัดเจนและต่อเนื่อง ทำให้หน่วยปฏิบัติในพื้นที่ขาดความชัดเจนในภาระหน้าที่ 3. ฐานข้อมูลไม่ครบถ้วน: ฐานข้อมูลที่ใช้จัดเก็บผลการรายงานยังขาดความครบถ้วน ทำให้โรงงานบางส่วนตกหล่นจากการเป็นกลุ่มเป้าหมาย,"รายละเอียด: 1. การตรวจกำกับไม่ครอบคลุม: ในช่วงปี 2563-2565 โรงงานที่ไม่ได้รับการตรวจกำกับมีถึง 60.22% ของโรงงานทั้งหมด และพนักงานเจ้าหน้าที่ตรวจกำกับไม่ครบทุกด้าน โดยเฉพาะด้านสารเคมี/วัตถุอันตราย (ไม่ได้ตรวจ 89.08%) 2 การรายงานข้อมูล: โรงงานกลุ่มเป้าหมายหลายแห่งยังรายงานข้อมูลที่สำคัญไม่เป็นไปตามแนวทางที่กำหนด เช่น การรายงานกากอุตสาหกรรม, การตรวจสอบความปลอดภัยหม้อน้ำ, การรายงานผลวิเคราะห์ความเสี่ยง, และการรายงานข้อมูลสารเคมีอันตราย","ข้อเสนอแนะ: 1. สั่งการให้หน่วยงานที่เกี่ยวข้องรวบรวมปัญหาและข้อจำกัดในการปฏิบัติงานเพื่อหาแนวทางแก้ไขร่วมกัน 2. หารือร่วมกันในเรื่องต่างๆ ได้แก่ การใช้แบบตรวจสอบและการรายงานผลให้เป็นแนวทางเดียวกัน, แนวทางการตรวจกำกับให้ครอบคลุม (อาจพิจารณาใช้ผู้ตรวจสอบเอกชน), แนวทางการติดตามโรงงานให้รายงานข้อมูลอย่างเป็นระบบ, และแนวทางการจัดการฐานข้อมูลให้มีความครบถ้วน","ผลกระทบ: 1. โรงงานอุตสาหกรรมหลายแห่งมีความเสี่ยงก่อให้เกิดมลพิษ, เหตุเดือดร้อนรำคาญ, และอุบัติเหตุ เช่น เพลิงไหม้, สารเคมีรั่วไหล, หรือหม้อน้ำระเบิด 2. การกำกับดูแลไม่ครอบคลุม ทำให้ลดความสามารถในการป้องกันและระงับอันตรายที่อาจเกิดขึ้น และเจ้าหน้าที่ขาดข้อมูลประกอบการตรวจ"
FL-2141,ข้อตรวจพบที่ 2: การดำเนินงานด้านถ่ายโอนภารกิจของกระทรวงอุตสาหกรรม ยังไม่สามารถทำให้องค์กรปกครองส่วนท้องถิ่นดำเนินการตามแนวทางที่กำหนดได้,กรมโรงงานอุตสาหกรรม,การบริหารจัดการด้านการกำกับดูแลโรงงานอุตสาหกรรม กระทรวงอุตสาหกรรม,2566,บุคลากร/สมรรถนะ,สาเหตุ: 1. การส่งเสริมสนับสนุนไม่ต่อเนื่อง: กระทรวงอุตสาหกรรมมีการจัดฝึกอบรมให้เจ้าหน้าที่ สอจ. เพื่อไปถ่ายทอดให้เทศบาลเพียง 1 ครั้ง และเจ้าหน้าที่เทศบาลหลายแห่งในปัจจุบันไม่เคยได้รับการฝึกอบรม ทำให้ขาดความรู้ความเข้าใจ 2. ไม่มีแนวทางการกำกับดูแลในทางปฏิบัติ: ยังไม่มีแนวทางปฏิบัติที่ชัดเจนสำหรับ สอจ. ในการกำกับดูแลและให้คำแนะนำแก่เทศบาลตามอำนาจหน้าที่ที่ได้รับมอบหมาย,"รายละเอียด: อปท. (เทศบาล) ยังไม่สามารถปฏิบัติตามภารกิจที่ได้รับการถ่ายโอนได้ตามแนวทาง: - ภารกิจที่ 1 (กำกับดูแลโรงงานจำพวกที่ 1): เทศบาล 14 แห่งที่ตรวจสอบ ไม่ได้ดำเนินการสำรวจและจัดทำข้อมูลโรงงานตามแนวทาง - ภารกิจที่ 2 (รับแจ้งโรงงานจำพวกที่ 2): ข้อมูลโรงงานที่ อปท. ได้รับมาไม่ครบถ้วน และการรับแจ้งและออกใบรับแจ้งยังขาดขั้นตอนการเข้าตรวจโรงงานตามกฎหมาย - ภารกิจที่ 3 (ตรวจสอบกรณีเหตุเดือดร้อนรำคาญ): เจ้าหน้าที่ของเทศบาลใช้กฎหมายอื่น (พ.ร.บ. ควบคุมอาคาร, พ.ร.บ. สาธารณสุข) ในการตรวจสอบแทน พ.ร.บ. โรงงาน",ข้อเสนอแนะ: 1. สั่งการให้กรมโรงงานอุตสาหกรรมพิจารณาดำเนินการให้ความรู้แก่เจ้าหน้าที่ของ อปท. ในการดำเนินงานตามภารกิจถ่ายโอนอย่างสม่ำเสมอและต่อเนื่อง 2. สั่งการให้หน่วยงานที่เกี่ยวข้องร่วมกันกำหนดแนวทางการกำกับดูแลการดำเนินงานของ อปท. ตามภารกิจที่ได้รับการถ่ายโอนให้ถูกต้องตาม พ.r.บ. โรงงานฯ และคู่มือการปฏิบัติงาน,ผลกระทบ: โรงงานอุตสาหกรรมจำพวกที่ 1 และ 2 ไม่ได้รับการกำกับดูแลตาม พ.ร.บ. โรงงานฯ ทำให้มีความเสี่ยงที่จะเกิดการร้องเรียนกรณีเหตุเดือดร้อนรำคาญ และเหตุร้ายแรงในโรงงาน กรมโรงงานอุตสาหกรรมขาดฐานข้อมูลที่ถูกต้องและเป็นปัจจุบัน
FL-2142,ข้อตรวจพบที่ 1: การดำเนินการพัฒนาผลสัมฤทธิ์ทางการศึกษาของโรงเรียนในสังกัดองค์กรปกครองส่วนท้องถิ่น,กรมส่งเสริมการปกครองท้องถิ่น,การจัดการศึกษาขั้นพื้นฐานระดับประถมศึกษาและมัธยมศึกษา (สายสามัญ) ขององค์กรปกครองส่วนท้องถิ่น,2565,บุคลากร/สมรรถนะ,สาเหตุ: 1. การขับเคลื่อนคณะทำงานสร้างความเข้มแข็งระดับจังหวัดขาดการสนับสนุนให้เกิดความร่วมมือกับหน่วยงานอื่นที่มีศึกษานิเทศก์ 2. แนวทางการพัฒนาผลสัมฤทธิ์ทางการศึกษาของ สถ. ไม่ได้กำหนดรายละเอียดวิธีการหรือเทคนิคที่ชัดเจน ทำให้บุคลากรขาดความรู้ความเข้าใจในการนำไปปฏิบัติ 3. ขาดกระบวนการติดตามประเมินผลการดำเนินการตามแนวทางในทุกระดับ,รายละเอียด: 1. สถจ.: 4 จาก 6 แห่ง ไม่ได้ดำเนินการนิเทศติดตามโรงเรียนตามแนวทาง 2. อปท.: 7 จาก 20 แห่ง ไม่ได้ดำเนินการนิเทศติดตามโรงเรียนในสังกัด และในแห่งที่ทำ ก็ยังไม่เป็นไปตามแนวทางที่กำหนดอย่างครบถ้วน 3. โรงเรียน: 14 จาก 19 แห่ง ยังไม่ได้ดำเนินการวิเคราะห์ผลการทดสอบ O-NET เป็นรายบุคคลและรายมาตรฐานตัวชี้วัดตามแนวทาง,ข้อเสนอแนะ: 1. กำหนดแนวทางการประสานความร่วมมือระหว่างหน่วยงานเพื่อส่งเสริมการทำงานของคณะทำงานสร้างความเข้มแข็ง 2. จัดทำคู่มือหรือแนวทางการปฏิบัติงานด้านการพัฒนาผลสัมฤทธิ์ทางการศึกษาให้มีรายละเอียดที่ชัดเจน พร้อมทั้งซักซ้อมความเข้าใจกับบุคลากรที่เกี่ยวข้อง 3. กำหนดแนวทางการติดตามประเมินผลและการรายงานผลการดำเนินการในทุกระดับที่เกี่ยวข้อง,ผลกระทบ: โรงเรียนสังกัด อปท. บางแห่งสูญเสียโอกาสในการได้รับคำปรึกษาแนะนำทางวิชาการ ซึ่งส่งผลโดยตรงต่อการพัฒนาคุณภาพผู้เรียน โดยผลการทดสอบ O-NET ปีการศึกษา 2562 มีคะแนนเฉลี่ยลดลงจากปีก่อนและยังคงต่ำกว่าคะแนนเฉลี่ยระดับประเทศ
FL-2143,ข้อตรวจพบที่ 2: การดำเนินการพัฒนาคุณภาพการศึกษาท้องถิ่นภายใต้แผนงานบูรณาการยกระดับคุณภาพการศึกษาและการเรียนรู้ตลอดชีวิต,กรมส่งเสริมการปกครองท้องถิ่น,การจัดการศึกษาขั้นพื้นฐานระดับประถมศึกษาและมัธยมศึกษา (สายสามัญ) ขององค์กรปกครองส่วนท้องถิ่น,2565,บุคลากร/สมรรถนะ,"สาเหตุ: 1. DLIT: ขาดแนวทางการดำเนินงานที่ชัดเจน, บุคลากรขาดความรู้ความเข้าใจเกี่ยวกับระบบ, และขาดกระบวนการติดตามและประเมินผล 2. สะเต็มศึกษา: หลักเกณฑ์คุณสมบัติของโรงเรียนที่จะเป็นศูนย์อบรมไม่สอดคล้องกับบริบทของโรงเรียนสังกัด อปท. ในบางจังหวัด, และครูพี่เลี้ยงยังมีความเข้าใจเกี่ยวกับคุณสมบัติผู้เข้ารับการอบรมไม่ถูกต้อง",รายละเอียด: 1. DLIT: อปท. 15 จาก 20 แห่ง ยังไม่มีการแต่งตั้งคณะทำงานขับเคลื่อน DLIT. ครูผู้สอนส่วนใหญ่ (69.70%) ไม่เคยเข้าใช้งานระบบ DLIT. และโรงเรียนบางแห่งนำอุปกรณ์ไปใช้ไม่ตรงตามวัตถุประสงค์ 2. สะเต็มศึกษา: ศูนย์การอบรมสะเต็มศึกษาในสังกัด อปท. ไม่เป็นไปตามเป้าหมาย (ดำเนินการได้ 144 จาก 152 ศูนย์). ผู้เข้ารับการอบรมต่ำกว่าเป้าหมาย และบางส่วนไม่ใช่กลุ่มเป้าหมาย. และบางจังหวัดเปิดอบรมไม่ครอบคลุมทุกระดับชั้น,"ข้อเสนอแนะ: 1. DLIT: กำหนดแนวทางการดำเนินงานให้ชัดเจน, ซักซ้อมความเข้าใจ, และกำหนดแนวทางการติดตามประเมินผล 2. สะเต็มศึกษา: สำรวจปัญหาและหาแนวทางแก้ไขในการจัดตั้งศูนย์อบรมให้ครอบคลุมทุกระดับชั้น, และซักซ้อมความเข้าใจกับครูพี่เลี้ยงเกี่ยวกับการรับสมัครผู้เข้ารับการอบรม","ผลกระทบ: 1. DLIT: ครูของโรงเรียนในสังกัด อปท. สูญเสียโอกาสในการเพิ่มทางเลือกสำหรับการออกแบบการจัดการเรียนการสอน ซึ่งส่งผลต่อการพัฒนาคุณภาพผู้เรียน 2. สะเต็มศึกษา: ครูผู้สอนวิชาวิทยาศาสตร์, คณิตศาสตร์, และเทคโนโลยี สูญเสียโอกาสในการพัฒนาความรู้ความเข้าใจในการจัดกิจกรรมการเรียนรู้เชิงบูรณาการตามแนวทางสะเต็มศึกษา"
FL-2144,ข้อตรวจพบที่ 3: การดำเนินการพัฒนาระบบบริหารจัดการศึกษาอิเล็กทรอนิกส์ขององค์กรปกครองส่วนท้องถิ่นเพื่อเข้าสู่ประเทศไทย 4.0,กรมส่งเสริมการปกครองท้องถิ่น,การจัดการศึกษาขั้นพื้นฐานระดับประถมศึกษาและมัธยมศึกษา (สายสามัญ) ขององค์กรปกครองส่วนท้องถิ่น,2565,ข้อมูล/บันทึก/เอกสาร,สาเหตุ: อปท. โดยสำนัก/กองการศึกษาและโรงเรียนในสังกัดยังขาดความเข้าใจที่ชัดเจนเกี่ยวกับการดำเนินการพัฒนาระบบฯ เนื่องจากมีความซ้ำซ้อนกับระบบงานเดิม และมีข้อจำกัดในการนำเข้าข้อมูล,รายละเอียด: 1. การเชื่อมโยงข้อมูล: อปท. 6 จาก 8 แห่ง ยังไม่สามารถเชื่อมโยงข้อมูลในระบบบริหารจัดการศึกษาอิเล็กทรอนิกส์ของสถานศึกษาในสังกัดกับสำนัก/กองการศึกษาได้ตามวัตถุประสงค์ 2. การใช้ประโยชน์: อปท. 6 แห่ง ยังไม่มีการใช้งานระบบ และอีก 2 แห่ง มีการใช้งานแต่ไม่ครอบคลุมทุกระบบงาน,ข้อเสนอแนะ: 1. ดำเนินการสำรวจและรวบรวมปัญหา อุปสรรคและข้อจำกัดในการดำเนินการพัฒนาระบบฯ พร้อมทั้งหาแนวทางแก้ไข 2. กำหนดแนวทางปฏิบัติเกี่ยวกับการบริหารจัดการศึกษาท้องถิ่นด้วยระบบฯ อย่างเป็นรูปธรรม พร้อมทั้งซักซ้อมทำความเข้าใจกับผู้บริหารและบุคลากร,ผลกระทบ: การใช้จ่ายงบประมาณแผ่นดินเกิดความไม่คุ้มค่า และย่อมส่งผลถึงความสัมฤทธิ์ผลในการขับเคลื่อนการปฏิรูปการบริหารจัดการศึกษาของท้องถิ่นด้วยเทคโนโลยี
FL-2145,ข้อตรวจพบที่ 4: การดำเนินการพัฒนาการจัดการศึกษาท้องถิ่นโดยใช้โรงเรียนเป็นฐานในการพัฒนาท้องถิ่น (SBMLD),กรมส่งเสริมการปกครองท้องถิ่น,การจัดการศึกษาขั้นพื้นฐานระดับประถมศึกษาและมัธยมศึกษา (สายสามัญ) ขององค์กรปกครองส่วนท้องถิ่น,2565,การเงิน/พัสดุ,สาเหตุ: 1. แนวทางการจัดทำโครงการเพื่อขอรับงบประมาณภายใต้โครงการ SBMLD ยังไม่มีความชัดเจน โดยไม่ได้กำหนดรายละเอียดเงื่อนไขและรูปแบบกิจกรรมที่ชัดเจน 2. การดำเนินงานโครงการ SBMLD ขาดการติดตามประเมินผล,รายละเอียด: โรงเรียนสังกัด อปท. 10 จาก 13 แห่ง ไม่ได้นำกิจกรรมของโครงการ SBMLD บางโครงการไปบรรจุเป็นสาระการเรียนรู้เพิ่มเติมในหลักสูตรของสถานศึกษาตามแนวทางที่กำหนด โดยมี 70 จาก 90 โครงการที่ไม่ได้บรรจุในหลักสูตร ซึ่งส่วนใหญ่เป็นการจัดซื้อวัสดุหรือจัดกิจกรรมนอกเวลาเรียนแบบครั้งเดียวจบ,ข้อเสนอแนะ: 1. ทบทวนและปรับปรุงแนวทางการดำเนินงานโครงการ SBMLD ให้เกิดความชัดเจนในทางปฏิบัติยิ่งขึ้น โดยเพิ่มเติมรายละเอียดเงื่อนไขและลักษณะกิจกรรม 2. สั่งการให้หน่วยงานที่รับผิดชอบกำหนดแนวทางการติดตาม ประเมินผล และรายงานความสำเร็จของโครงการ SBMLD,ผลกระทบ: ผู้เรียนสูญเสียโอกาสในการได้รับการพัฒนาหรือส่งเสริมให้มีความเป็นเลิศตามอัจฉริยภาพของตนอย่างต่อเนื่อง จนสามารถนำไปประกอบอาชีพในท้องถิ่นได้
FL-2146,ข้อตรวจพบที่ 5: การดำเนินการพัฒนาการบริหารจัดการศึกษาท้องถิ่นให้สอดคล้องกับแผนการศึกษาแห่งชาติ พ.ศ. 2560 – 2579 และมาตรฐานการศึกษาขั้นพื้นฐาน พ.ศ. 2561,กรมส่งเสริมการปกครองท้องถิ่น,การจัดการศึกษาขั้นพื้นฐานระดับประถมศึกษาและมัธยมศึกษา (สายสามัญ) ขององค์กรปกครองส่วนท้องถิ่น,2565,บุคลากร/สมรรถนะ,สาเหตุ: 1. บุคลากรทางการศึกษาของ อปท. ยังขาดความรู้ ความเข้าใจเกี่ยวกับแนวทางการดำเนินการที่กำหนด เนื่องจากอยู่ระหว่างการปรับเปลี่ยนและยังไม่เคยได้รับการอบรม 2. การส่งเสริม สนับสนุนของ สถ. ขาดกระบวนการติดตามผลการดำเนินการตามแนวทางที่กำหนด,รายละเอียด: 1. การจัดทำแผนพัฒนาการศึกษา: อปท. 6 จาก 19 แห่ง ไม่ได้จัดทำแผนพัฒนาการศึกษาสี่ปีตามแนวทาง และ อบจ. 2 จาก 6 แห่ง ไม่มีการดำเนินการใดๆ เกี่ยวกับการจัดทำแผนฯ ในเขตจังหวัด 2. การประกันคุณภาพการศึกษา: โรงเรียน 16 จาก 20 แห่ง ดำเนินการประกันคุณภาพภายในไม่เป็นไปตามแนวทาง (เช่น กำหนดเกณฑ์ไม่ชัดเจน) และ อปท. 15 จาก 20 แห่ง ไม่ได้ดำเนินการสังเคราะห์รายงาน SAR ของโรงเรียนในสังกัด,ข้อเสนอแนะ: 1. สร้างความรู้ ความเข้าใจให้กับบุคลากรทางการศึกษาของ อปท. ที่ทำหน้าที่เกี่ยวกับการจัดทำแผนพัฒนาการศึกษาสี่ปี และการดำเนินการประกันคุณภาพการศึกษา 2. สั่งการให้หน่วยงานที่เกี่ยวข้องดำเนินการติดตามผลการดำเนินการตามแนวทางที่กำหนด เพื่อรวบรวมปัญหาและนำมาปรับปรุงแนวทาง,ผลกระทบ: ย่อมส่งผลต่อภาพลักษณ์และความน่าเชื่อถือของโรงเรียน รวมทั้งส่งผลต่อการยกระดับคุณภาพการจัดการศึกษาท้องถิ่นให้สอดคล้องกับมาตรฐานการศึกษาของประเทศ
FL-2147,ข้อสังเกต: การดำเนินการเพื่อขับเคลื่อนการจัดการศึกษาท้องถิ่นในระดับจังหวัด,กรมส่งเสริมการปกครองท้องถิ่น,การจัดการศึกษาขั้นพื้นฐานระดับประถมศึกษาและมัธยมศึกษา (สายสามัญ) ขององค์กรปกครองส่วนท้องถิ่น,2565,,,รายละเอียด: จากการตรวจสอบ 6 จังหวัด พบว่า 3 จังหวัด คณะกรรมการการจัดการศึกษาท้องถิ่นระดับจังหวัดยังไม่มีการดำเนินการตามบทบาทหน้าที่หรือดำเนินการไม่ต่อเนื่อง และใน 3 จังหวัดนี้ มี 2 จังหวัดที่คณะกรรมการฯ หมดวาระตั้งแต่ปี 2562 แต่ยังไม่มีการแต่งตั้งชุดใหม่,,ผลกระทบ: (ไม่ได้ระบุ) สาเหตุ: (ไม่ได้ระบุ) ข้อเสนอแนะ: ให้อธิบดีกรมส่งเสริมการปกครองท้องถิ่นพิจารณาสั่งการท้องถิ่นจังหวัดให้ดำเนินการตามบทบาทหน้าที่ของคณะกรรมการฯ อย่างเคร่งครัด และกำหนดให้มีการรายงานผลการดำเนินการเพื่อให้ทราบถึงปัญหาและหาแนวทางแก้ไข
FL-2148,ข้อตรวจพบที่ 1: การดำเนินงานกำกับ ดูแลโรงงานอุตสาหกรรมไม่ครอบคลุมโรงงานอุตสาหกรรม,กรมโรงงานอุตสาหกรรม,การบริหารจัดการด้านการกำกับดูแลโรงงานอุตสาหกรรม กระทรวงอุตสาหกรรม,2566,บุคลากร/สมรรถนะ,สาเหตุ: 1. ปริมาณงานไม่สอดคล้องกับจำนวนบุคลากร โดยพนักงานเจ้าหน้าที่ 1 คน ต้องดูแลโรงงานจำนวนมาก (สูงสุด 358 แห่งต่อคน) 2. การทำงานร่วมกันระหว่างหน่วยงานรับผิดชอบหลักและหน่วยปฏิบัติยังไม่สอดคล้องกัน ขาดแนวทางการติดตามที่ชัดเจน 3. ฐานข้อมูลเพื่อการกำกับดูแลยังไม่มีความครบถ้วน ทำให้โรงงานบางส่วนตกหล่นจากการเป็นกลุ่มเป้าหมาย,"รายละเอียด: 1. การตรวจกำกับไม่ครอบคลุม: ในช่วงปี 2563-2565 มีโรงงานที่ไม่ได้รับการตรวจกำกับถึง 60.22% และการตรวจกำกับไม่ครบทุกด้าน โดยเฉพาะด้านสารเคมี/วัตถุอันตราย (ไม่ได้ตรวจ 89.08%) นอกจากนี้ระบบที่ใช้บันทึกผลการตรวจกำกับยังมีข้อมูลไม่ครบถ้วน 2 การรายงานข้อมูล: โรงงานกลุ่มเป้าหมายหลายแห่งยังรายงานข้อมูลที่สำคัญไม่เป็นไปตามแนวทางที่กำหนด เช่น การรายงานกากอุตสาหกรรม, การตรวจสอบความปลอดภัยหม้อน้ำ, การรายงานผลวิเคราะห์ความเสี่ยง, และการรายงานข้อมูลสารเคมีอันตราย","ข้อเสนอแนะ: 1. ให้หน่วยงานที่เกี่ยวข้องรวบรวมปัญหา/ข้อจำกัดในการปฏิบัติงานเพื่อหาแนวทางแก้ไขร่วมกัน 2. หารือร่วมกันในเรื่องแนวทางการตรวจกำกับให้ครอบคลุม (อาจพิจารณาใช้ผู้ตรวจสอบเอกชน), แนวทางการติดตามให้โรงงานรายงานข้อมูลอย่างเป็นระบบ, และแนวทางการจัดการฐานข้อมูลให้มีความครบถ้วน","ผลกระทบ: โรงงานอุตสาหกรรมหลายแห่งมีความเสี่ยงก่อให้เกิดมลพิษ, เหตุเดือดร้อนรำคาญ, และอุบัติเหตุ เช่น เพลิงไหม้, สารเคมีรั่วไหล, หรือหม้อน้ำระเบิด การกำกับดูแลที่ไม่ครอบคลุมทำให้ลดความสามารถในการป้องกันและระงับอันตราย และเจ้าหน้าที่ขาดข้อมูลประกอบการตรวจ"
FL-2149,ข้อตรวจพบที่ 2: การดำเนินงานด้านถ่ายโอนภารกิจของกระทรวงอุตสาหกรรม ยังไม่สามารถทำให้องค์กรปกครองส่วนท้องถิ่นดำเนินการตามแนวทางที่กำหนดได้,กรมโรงงานอุตสาหกรรม,การบริหารจัดการด้านการกำกับดูแลโรงงานอุตสาหกรรม กระทรวงอุตสาหกรรม,2566,บุคลากร/สมรรถนะ,สาเหตุ: 1. การส่งเสริมสนับสนุนไม่ต่อเนื่อง: กระทรวงอุตสาหกรรมมีการจัดฝึกอบรมให้เจ้าหน้าที่ สอจ. เพื่อไปถ่ายทอดให้เทศบาลเพียง 1 ครั้ง และเจ้าหน้าที่เทศบาลหลายแห่งในปัจจุบันไม่เคยได้รับการฝึกอบรม ทำให้ขาดความรู้ความเข้าใจ 2. ไม่มีแนวทางการกำกับดูแลในทางปฏิบัติ: ยังไม่มีแนวทางปฏิบัติที่ชัดเจนสำหรับ สอจ. ในการกำกับดูแลและให้คำแนะนำแก่เทศบาลตามอำนาจหน้าที่ที่ได้รับมอบหมาย,"รายละเอียด: อปท. (เทศบาล) ยังไม่สามารถปฏิบัติตามภารกิจที่ได้รับการถ่ายโอนได้ตามแนวทาง: - ภารกิจที่ 1 (กำกับดูแลโรงงานจำพวกที่ 1): เทศบาลที่ตรวจสอบ 14 แห่ง ไม่ได้ดำเนินการสำรวจและจัดทำข้อมูลโรงงานตามแนวทาง - ภารกิจที่ 2 (รับแจ้งโรงงานจำพวกที่ 2): ข้อมูลโรงงานที่ อปท. ได้รับมาไม่ครบถ้วน และการรับแจ้งและออกใบรับแจ้งยังขาดขั้นตอนการเข้าตรวจโรงงานตามกฎหมาย - ภารกิจที่ 3 (ตรวจสอบกรณีเหตุเดือดร้อนรำคาญ): เจ้าหน้าที่ของเทศบาลใช้กฎหมายอื่น (พ.ร.บ. ควบคุมอาคาร, พ.ร.บ. สาธารณสุข) ในการตรวจสอบแทน พ.ร.บ. โรงงาน",ข้อเสนอแนะ: 1. สั่งการให้กรมโรงงานอุตสาหกรรมพิจารณาดำเนินการให้ความรู้แก่เจ้าหน้าที่ของ อปท. ในการดำเนินงานตามภารกิจถ่ายโอนอย่างสม่ำเสมอและต่อเนื่อง 2. สั่งการให้หน่วยงานที่เกี่ยวข้องร่วมกันกำหนดแนวทางการกำกับดูแลการดำเนินงานของ อปท. ตามภารกิจที่ได้รับการถ่ายโอนให้ถูกต้องตาม พ.ร.บ. โรงงานฯ และคู่มือการปฏิบัติงาน,ผลกระทบ: โรงงานอุตสาหกรรมจำพวกที่ 1 และ 2 ไม่ได้รับการกำกับดูแลตาม พ.ร.บ. โรงงานฯ ทำให้มีความเสี่ยงที่จะเกิดการร้องเรียนกรณีเหตุเดือดร้อนรำคาญ และเหตุร้ายแรงในโรงงาน กรมโรงงานอุตสาหกรรมขาดฐานข้อมูลที่ถูกต้องและเป็นปัจจุบัน
FL-2150,ข้อตรวจพบที่ 1: การดำเนินงานการพัฒนาการบริหารจัดการด้านแรงงานโดยใช้ระบบวิเคราะห์ข้อมูลขนาดใหญ่ด้านแรงงาน (Labour Big Data Analytics) เพื่อการพัฒนากำลังแรงงานของประเทศ ยังไม่บรรลุตามเป้าหมายการเป็นศูนย์กลางข้อมูลด้านแรงงาน,สำนักงานปลัดกระทรวงแรงงาน,การพัฒนาการบริหารจัดการด้านแรงงานโดยใช้ระบบดิจิทัลและเทคโนโลยีสมัยใหม่ สำนักงานปลัดกระทรวงแรงงาน กระทรวงแรงงาน,2566,ข้อมูล/บันทึก/เอกสาร,สาเหตุ: 1. ยังไม่ได้กำหนดแนวทางหรือแผนการบูรณาการข้อมูลกับหน่วยงานภายนอกอย่างเป็นรูปธรรม 2. ยังไม่ได้กำหนดแผนปรับปรุงประสิทธิภาพหรือยุติบทบาทระบบฐานข้อมูลเดิม (NLIC) ที่ชัดเจน 3. ขาดการทบทวนมาตรฐานข้อมูล (Standard Code) ของกระทรวงแรงงานให้เป็นปัจจุบัน 4. ยังขาดความชัดเจนเรื่องอำนาจหน้าที่ของหน่วยงานผู้รับผิดชอบตาม พ.ร.บ. คุ้มครองข้อมูลส่วนบุคคล 5. ไม่ได้สำรวจความต้องการใช้ข้อมูลจากกลุ่มเป้าหมายผู้ใช้งานจริงอย่างครอบคลุม 6. ไม่ได้มีการประเมินผลหรือติดตามผลการใช้งานระบบจากผู้ใช้งาน,"รายละเอียด: 1. การเชื่อมโยงข้อมูลมีข้อจำกัด: ระบบสามารถเชื่อมโยงข้อมูลกับหน่วยงานต่างๆ ได้อย่างมีข้อจำกัด เช่น ข้อมูลจากบางหน่วยงานไม่เป็นปัจจุบัน, ยังไม่สามารถเชื่อมโยงข้อมูลรายทะเบียนได้เนื่องจากติดข้อกฎหมาย, หน่วยงานภายในยังใช้มาตรฐานข้อมูลไม่เป็นมาตรฐานเดียวกัน, และเทคโนโลยีของระบบเดิม (NLIC) ล้าสมัย 2 ยังไม่ได้ใช้ประโยชน์ตามเป้าหมาย: หน่วยงานที่ตรวจสอบ 10 แห่ง ยังไม่ได้มีการใช้ประโยชน์จากฐานข้อมูลของระบบ และเจ้าหน้าที่ของสำนักงานแรงงานจังหวัดยังไม่เคยลงทะเบียนเข้าใช้งาน 3 คุณภาพข้อมูลและการให้บริการ: ข้อมูลในระบบบางรายการมีความแตกต่างหรือไม่ตรงกันกับข้อมูลของหน่วยงานเจ้าของข้อมูล และการให้บริการบนแพลตฟอร์มบางส่วนยังไม่ตอบสนองต่อการใช้งาน",ข้อเสนอแนะ: 1. สั่งการให้ศูนย์เทคโนโลยีสารสนเทศและการสื่อสารหารือร่วมกับหน่วยงานภายในและภายนอกเพื่อสำรวจความต้องการและกำหนดแนวทางการบูรณาการข้อมูล 2. จัดทำแผนปรับปรุงประสิทธิภาพระบบฐานข้อมูลศูนย์แรงงานแห่งชาติ (NLIC) ให้ชัดเจน 3. เร่งดำเนินการจัดทำธรรมาภิบาลข้อมูลภาครัฐและแนวทางตาม พ.ร.บ. คุ้มครองข้อมูลส่วนบุคคลให้เป็นรูปธรรม 4. มีการตรวจสอบติดตามและประเมินผลการใช้งานระบบจากผู้ใช้งานเพื่อนำมาปรับปรุง 5. หารือร่วมกันภายในกระทรวงเพื่อทบทวนมาตรฐานกลางสำหรับข้อมูลด้านแรงงาน 6. มีการประชาสัมพันธ์ ส่งเสริม และซักซ้อมความเข้าใจแนวทางการใช้งานระบบให้แก่หน่วยงานที่เกี่ยวข้อง,ผลกระทบ: 1. กระทรวงแรงงานไม่บรรลุเป้าหมายในการเป็นศูนย์กลางข้อมูลด้านแรงงาน 2. กลุ่มเป้าหมายผู้ใช้ข้อมูลขาดความเชื่อมั่นในการนำข้อมูลไปใช้ประโยชน์ และผู้บริหารขาดความเชื่อมั่นในการนำไปใช้วางแผนเชิงนโยบาย 3. การใช้จ่ายงบประมาณเพื่อพัฒนาระบบเกิดความไม่คุ้มค่า
FL-2151,ข้อตรวจพบที่ 2: การพัฒนาระบบเทคโนโลยีสารสนเทศ เพื่อนำมาใช้ประโยชน์ในการบริหารจัดการแรงงานนอกระบบยังไม่บรรลุเป้าหมาย,สำนักงานปลัดกระทรวงแรงงาน,การพัฒนาการบริหารจัดการด้านแรงงานโดยใช้ระบบดิจิทัลและเทคโนโลยีสมัยใหม่ สำนักงานปลัดกระทรวงแรงงาน กระทรวงแรงงาน,2566,การเงิน/พัสดุ,สาเหตุ: 1. สำนักงานปลัดกระทรวงแรงงานยังไม่มีนโยบาย แนวทาง และการสนับสนุนงบประมาณที่ชัดเจนเพื่อให้สำนักงานแรงงานจังหวัดนำข้อมูลรายทะเบียนแรงงานนอกระบบมาใช้ประโยชน์อย่างเป็นรูปธรรม 2. ข้อมูลที่สำรวจมาไม่เป็นปัจจุบัน และขาดแนวทางในการปรับปรุงข้อมูล 3. การบริหารจัดการแรงงานนอกระบบในพื้นที่ยังเป็นลักษณะต่างคนต่างทำ ขาดการประสานงานและส่งต่อข้อมูลระหว่างหน่วยงานที่เกี่ยวข้อง,รายละเอียด: ข้อมูลรายทะเบียนแรงงานนอกระบบที่ได้จากการสำรวจและบันทึกในระบบ ไม่ได้ถูกนำมาใช้ในการกำหนดมาตรการ แผน และนโยบายเพื่อยกระดับคุณภาพชีวิตแรงงานนอกระบบ การสำรวจและบันทึกข้อมูลยังมีสัดส่วนน้อยมากเมื่อเทียบกับจำนวนแรงงานนอกระบบทั้งหมด และข้อมูลไม่ได้รับการปรับปรุงให้เป็นปัจจุบัน สำนักงานแรงงานจังหวัดไม่ได้ใช้ข้อมูลจากฐานข้อมูลนี้ในการคัดเลือกกลุ่มเป้าหมายเข้าร่วมกิจกรรม และยังไม่มีนโยบายหรือแนวทางในการนำฐานข้อมูลนี้ไปใช้อย่างเป็นรูปธรรม,ข้อเสนอแนะ: 1. สั่งการให้หน่วยงานที่เกี่ยวข้องกำหนดแนวทางที่ชัดเจนให้สำนักงานแรงงานจังหวัดนำข้อมูลรายทะเบียนแรงงานนอกระบบมาใช้ประโยชน์ในการกำหนดโครงการและกิจกรรมต่างๆ 2. กำชับให้หน่วยงานที่เกี่ยวข้องกำกับติดตามโครงการที่กำลังพัฒนาให้เป็นไปตามสัญญา และศึกษาวิเคราะห์ความเป็นไปได้ของโครงการอย่างเหมาะสม 3. สั่งการให้หน่วยงานที่เกี่ยวข้องจัดเตรียมความพร้อมและกำหนดแผนงานรองรับการขึ้นทะเบียนแรงงานนอกระบบให้ชัดเจน 4. สั่งการให้หน่วยงานที่เกี่ยวข้องพิจารณาทบทวนการใช้งานระบบฐานข้อมูลแรงงานนอกระบบให้เกิดประโยชน์ร่วมกับระบบใหม่ที่จะพัฒนาขึ้น,ผลกระทบ: แรงงานนอกระบบไม่ได้รับการส่งเสริม คุ้มครอง และพัฒนาอย่างทั่วถึง หรืออาจไม่สามารถเข้าถึงความช่วยเหลือได้ ฐานข้อมูลที่มีอยู่ไม่เป็นปัจจุบัน ทำให้ไม่สามารถนำไปใช้วางแผนกำหนดนโยบายให้ตรงกับกลุ่มเป้าหมายได้อย่างทันท่วงที และการใช้งบประมาณในการสำรวจและบันทึกข้อมูล (23.22 ล้านบาท) ไม่เกิดความคุ้มค่า
FL-2152,ข้อสังเกต: การใช้บริการทางอิเล็กทรอนิกส์ (e-Service) บนระบบศูนย์บริการประชาชนกระทรวงแรงงาน (MOL Service Center System),สำนักงานปลัดกระทรวงแรงงาน,การพัฒนาการบริหารจัดการด้านแรงงานโดยใช้ระบบดิจิทัลและเทคโนโลยีสมัยใหม่ สำนักงานปลัดกระทรวงแรงงาน กระทรวงแรงงาน,2566,ติดตาม/ประเมินผล/กำกับ,สาเหตุ: โครงการยังอยู่ในระยะแรกของการเปิดให้บริการ ประชาชนคุ้นเคยกับการใช้บริการผ่านช่องทางเดิมของแต่ละหน่วยงาน และอาจยังไม่ทราบถึงช่องทางการให้บริการใหม่นี้ ประกอบกับยังไม่ได้มีการประเมินผลการรับรู้ข่าวสารจากการประชาสัมพันธ์,รายละเอียด: 1. บริการอิเล็กทรอนิกส์บางบริการยังไม่มียอดการเข้าใช้งาน (8 บริการ) หรือมีการใช้งานน้อยมาก (8 บริการ) 2. งานบริการรับเรื่องร้องทุกข์ของแรงงานไทยในต่างประเทศ ยังไม่มีประชาชนมายื่นเรื่องด้วยตนเองผ่านระบบออนไลน์,ข้อเสนอแนะ: 1. ให้ศูนย์เทคโนโลยีสารสนเทศฯ เพิ่มรูปแบบการประชาสัมพันธ์ให้หลากหลายและมีความถี่มากขึ้น พร้อมทั้งติดตามประเมินผลการรับรู้และการเข้าใช้งาน และพิจารณาพัฒนาบริการในรูปแบบ Mobile Application ในระยะถัดไป 2. ให้ศูนย์เทคโนโลยีสารสนเทศฯ และศูนย์บริการร่วมกระทรวงแรงงาน ร่วมมือกันสร้างการรับรู้ของเจ้าหน้าที่เพื่อประชาสัมพันธ์ให้ประชาชนทราบถึงช่องทางการให้บริการ e-Service,ผลกระทบ: จำนวนกลุ่มเป้าหมายเข้าใช้บริการน้อย อาจกระทบต่อการไม่บรรลุวัตถุประสงค์ของโครงการได้ในระยะต่อไป
FL-2153,ข้อตรวจพบ: การดำเนินโครงการพัฒนาอาชีพเสริม เพิ่มรายได้ให้ชุมชนดีพร้อมส่วนหนึ่งยังไม่บรรลุผลสำเร็จตามวัตถุประสงค์ที่กำหนดไว้,กรมส่งเสริมอุตสาหกรรม,โครงการอาชีพเสริม เพิ่มรายได้ให้ชุมชนดีพร้อม ของกรมส่งเสริมอุตสาหกรรม กระทรวงอุตสาหกรรม,2566,บุคลากร/สมรรถนะ,สาเหตุ: 1. คุณสมบัติกลุ่มเป้าหมาย: คุณสมบัติพื้นฐานของผู้รับประโยชน์ไม่สอดคล้องกับเนื้อหาหลักสูตรและความคาดหวังของโครงการ 2 การคัดเลือกกลุ่มเป้าหมาย: หน่วยปฏิบัติขาดความชัดเจนในแนวปฏิบัติการคัดเลือก โดยส่วนใหญ่เน้นหาคนให้ครบตามจำนวนที่กำหนด ไม่ได้จัดลำดับความสำคัญของผู้ที่เดือดร้อน 3 ระยะเวลาโครงการสั้น: ไม่มีการสำรวจความต้องการของชุมชนก่อนจัดอบรม และระยะเวลาอบรมเพียง 1 วัน ไม่เพียงพอต่อการพัฒนาทักษะเพื่อประกอบอาชีพได้จริง 4 ขาดการติดตาม: โครงการไม่มีการจัดทำแผนหรือกระบวนการติดตามเพื่อประเมินผลผู้เข้าร่วมโครงการ 5 ขาดการบูรณาการ: ขาดการบูรณาการกับหน่วยงานอื่นที่มีโครงการพัฒนาทักษะอาชีพในลักษณะเดียวกัน 6 ขาดการสนับสนุนต่อเนื่อง: ขาดการให้ความรู้เกี่ยวกับมาตรฐานผลิตภัณฑ์ และขาดการเชื่อมโยงตลาด,รายละเอียด: จากการสอบถามผู้เข้าร่วมโครงการ 395 คน พบว่า: - การเพิ่มรายได้: มีผู้นำความรู้ไปเพิ่มรายได้เพียง 11 คน (2.78%) - การนำความรู้ไปประยุกต์ใช้: มีผู้นำความรู้ไปประยุกต์ใช้ในการประกอบอาชีพได้ 46 คน (11.65%) ซึ่งต่ำกว่าเป้าหมายที่ตั้งไว้ (50%) - การสร้างอาชีพ/ต่อยอดธุรกิจ: มีผู้สามารถสร้างอาชีพหรือต่อยอดธุรกิจได้ 19 คน (4.81%) ซึ่งต่ำกว่าเป้าหมายที่ตั้งไว้ (10%) นอกจากนี้ หลักสูตรที่พัฒนายังไม่สอดคล้องกับวิถีชีวิต วัฒนธรรม และความต้องการของแต่ละชุมชน,ข้อเสนอแนะ: 1. ก่อนจัดทำโครงการ ควรกำหนดคุณสมบัติเป้าหมายในแต่ละหลักสูตรให้ชัดเจนและสอดคล้องกับเนื้อหาและความคาดหวัง 2. ควรกำหนดระยะเวลาการบริหารโครงการให้มีกระบวนการสำรวจความต้องการของชุมชน และกำหนดระยะเวลาการพัฒนาทักษะให้เหมาะสม 3. จัดทำแผนการติดตามผลการดำเนินโครงการ เพื่อใช้เป็นแนวทางในการติดตามอย่างเป็นระบบและต่อเนื่อง 4. ประสานงานหรือหารือร่วมกับหน่วยงานอื่นที่มีโครงการลักษณะเดียวกันเพื่อลดความซ้ำซ้อนและเกิดการพัฒนาอย่างต่อเนื่อง 5. ส่งเสริมและสนับสนุนให้ความรู้เกี่ยวกับมาตรฐานผลิตภัณฑ์ และเชื่อมโยงผู้เข้าร่วมโครงการกับตลาดหรือช่องทางการจำหน่าย,ผลกระทบ: 1. คนในชุมชนที่ถูกเลิกจ้างและกลับคืนถิ่นเสียโอกาสในการพัฒนาองค์ความรู้และทักษะ 2. การใช้จ่ายงบประมาณส่วนหนึ่งยังไม่เกิดประโยชน์สูงสุด เนื่องจากประชาชนยังไม่ได้สร้างรายได้หรือมีรายได้เพิ่มขึ้น
FL-2154,ข้อสังเกต: การดำเนินโครงการพัฒนาอาชีพเสริม เพิ่มรายได้ให้ชุมชนดีพร้อมกับบทบาทหน้าที่ภารกิจด้านการสนับสนุน และพัฒนาอุตสาหกรรมชุมชน ของกรมส่งเสริมอุตสาหกรรม,กรมส่งเสริมอุตสาหกรรม,โครงการอาชีพเสริม เพิ่มรายได้ให้ชุมชนดีพร้อม ของกรมส่งเสริมอุตสาหกรรม กระทรวงอุตสาหกรรม,2566,บุคลากร/สมรรถนะ,สาเหตุ: 1. โครงการเป็นการดำเนินการตามนโยบายรัฐบาลที่ต้องการเร่งฟื้นฟูเศรษฐกิจ ทำให้มีการขยายกลุ่มเป้าหมายเชิงปริมาณ และหน่วยงานขาดความพร้อมในการดำเนินการเนื่องจากระยะเวลาที่กระชั้นชิด 2. ขาดการบูรณาการกับหน่วยงานอื่นที่เกี่ยวข้องที่มีโครงการพัฒนาทักษะของคนในชุมชน,"รายละเอียด: 1. การส่งเสริมไม่ตรงกลุ่มเป้าหมายภารกิจ: โครงการส่วนหนึ่งยังไม่ได้เป็นการส่งเสริมและสนับสนุนผู้ประกอบการชุมชน, วิสาหกิจชุมชน หรือบุคลากรภาคอุตสาหกรรมตามภารกิจของ กสอ. โดยผู้เข้าร่วมส่วนใหญ่เป็นประชาชนผู้สนใจทั่วไป 2 กิจกรรมไม่สอดคล้องกับภารกิจ: กิจกรรมบางอย่างเป็นการพัฒนาทักษะอาชีพพื้นฐาน (เช่น ทำน้ำยาล้างจาน, ทำอาหาร) ซึ่งมีลักษณะเช่นเดียวกับหน่วยงานอื่น และไม่ได้มุ่งเน้นการส่งเสริมอุตสาหกรรมชุมชนตามภารกิจหลักของ กสอ.",ข้อเสนอแนะ: 1. การจัดทำโครงการเพื่อของบประมาณในอนาคต ควรให้มีรายละเอียดสอดคล้องกับพันธกิจของ กสอ. โดยเน้นกิจกรรมและกลุ่มเป้าหมายที่เกี่ยวข้องกับการส่งเสริมอุตสาหกรรม 2. ให้หน่วยงานบูรณาการหรือประสานงานร่วมกับหน่วยงานอื่นที่เกี่ยวข้องเพื่อลดความซ้ำซ้อนของกลุ่มเป้าหมายและกิจกรรม และเพื่อให้เกิดการพัฒนาที่ต่อเนื่องเชื่อมโยงกัน,"ผลกระทบ: 1. เสียโอกาสในการนำงบประมาณไปใช้ส่งเสริมผู้ประกอบการในภาคอุตสาหกรรม, วิสาหกิจชุมชน ที่ได้รับผลกระทบจากโควิด-19 โดยตรง 2. การใช้จ่ายงบประมาณอาจเกิดความทับซ้อนกับภารกิจของหน่วยงานอื่น และส่งผลต่อประสิทธิภาพในการใช้จ่ายงบประมาณแผ่นดิน"
FL-2155,ข้อตรวจพบที่ 1: จุดจอดพักรถส่วนใหญ่มีสิ่งอำนวยความสะดวกที่มีสภาพชำรุดไม่พร้อมสำหรับการให้บริการและอำนวยความสะดวก และไม่ตอบสนองกับความต้องการของประชาชนที่มาใช้บริการ,กรมทางหลวง,ร่างการพัฒนาจุดจอดพักรถและสถานีตรวจสอบน้ำหนัก ของกรมทางหลวง กระทรวงคมนาคม,2568,ข้อมูล/บันทึก/เอกสาร,สาเหตุ: 1. การกำหนดตัวชี้วัดยังไม่สะท้อนผลสำเร็จของโครงการอย่างแท้จริง 2. สคน. ยังไม่ได้กำหนดแผนและแนวทางในการบำรุงรักษาจุดจอดพักรถขนาดใหญ่ 3. แขวงทางหลวงบางแห่งยังไม่ให้ความสำคัญกับการบำรุงรักษาจุดจอดพักรถขนาดกลางและเล็กในความรับผิดชอบ 4. ไม่มีการสำรวจข้อมูลความต้องการใช้ประโยชน์จุดจอดพักรถจากกลุ่มเป้าหมายก่อนดำเนินการก่อสร้าง 5. ประชาชนผู้ใช้บริการขาดความระมัดระวังในการใช้ และมีพฤติกรรมทำลายหรือลักขโมยอุปกรณ์,รายละเอียด: 1. สิ่งอำนวยความสะดวกชำรุด: จุดจอดพักรถขนาดใหญ่ 8 แห่ง และขนาดกลาง/เล็ก 25 แห่งที่ตรวจสอบ พบปัญหาสิ่งอำนวยความสะดวกชำรุด โดยเฉพาะห้องน้ำ ห้องส้วม ศาลาที่พัก และไฟฟ้าส่องสว่าง 2 ไม่ตอบสนองความต้องการ: จุดจอดพักรถขนาดกลางและเล็กส่วนใหญ่ไม่มีห้องอาบน้ำ ซึ่งเป็นสิ่งที่ผู้ใช้บริการ โดยเฉพาะผู้ขับรถบรรทุกต้องการ,ข้อเสนอแนะ: 1. ให้หน่วยงานที่เกี่ยวข้องทบทวนการกำหนดตัวชี้วัดให้สะท้อนผลสำเร็จของโครงการ 2. ให้ สคน. สำรวจสภาพความชำรุดและจัดทำแผนการบำรุงรักษาจุดจอดพักรถขนาดใหญ่ 3. ให้ สร. กำกับติดตามการใช้จ่ายงบประมาณในการบำรุงรักษาจุดจอดพักรถ 4. ให้แขวงทางหลวงให้ความสำคัญกับการบริหารงบประมาณบำรุงรักษา และกำหนดมาตรการเฝ้าระวังดูแลความปลอดภัย 5. ให้หน่วยงานที่เกี่ยวข้องวิเคราะห์ปัญหาและรวบรวมความต้องการของผู้ใช้บริการเพื่อพัฒนาต่อยอดจุดจอดพักรถในอนาคต,ผลกระทบ: ประชาชนไม่ได้รับบริการและการอำนวยความสะดวกอย่างเพียงพอ โดยเฉพาะห้องน้ำห้องส้วมที่ไม่เพียงพอต่อจำนวนผู้ใช้บริการ ทำให้ผู้ใช้บริการไม่ได้รับความสะดวกสบายและความปลอดภัยตามที่ควรจะเป็น
FL-2156,ข้อตรวจพบที่ 2: ระบบควบคุมน้ำหนักยานพาหนะไม่สามารถตรวจสอบรถบรรทุกน้ำหนักเกินได้อย่างมีประสิทธิภาพ,กรมทางหลวง,ร่างการพัฒนาจุดจอดพักรถและสถานีตรวจสอบน้ำหนัก ของกรมทางหลวง กระทรวงคมนาคม,2568,บุคลากร/สมรรถนะ,สาเหตุ: 1. การบำรุงรักษาระบบควบคุมน้ำหนักยานพาหนะยังไม่ครอบคลุมทุกระบบ โดยเฉพาะสถานีตรวจสอบน้ำหนักย่อยสำหรับ Spot Check 2. เจ้าหน้าที่ไม่ได้ดำเนินการเชิงรุกในการสำรวจตรวจสอบสภาพแวดล้อมและความชำรุดของระบบที่ติดตั้งนอกสถานี 3. สคน. ขาดการประเมินผลประสิทธิภาพการอ่านป้ายทะเบียน และไม่ให้ความสำคัญกับการกำกับและรายงานผลการบำรุงรักษาของผู้รับจ้าง,"รายละเอียด: 1. อุปกรณ์ชำรุด/ไม่พร้อมใช้งาน: ระบบควบคุมน้ำหนักยานพาหนะ 10 แห่ง จาก 53 แห่ง มีอุปกรณ์ชำรุดหรือไม่พร้อมใช้งานซึ่งส่งผลต่อประสิทธิภาพการตรวจสอบ (เช่น ป้าย VMS ไม่แสดงผล, พื้นถนนชำรุด) และอีก 1 แห่ง ชำรุดจนไม่สามารถใช้งานได้ 2 ระบบอ่านป้ายทะเบียนไม่ถูกต้อง: ระบบควบคุมการอ่านป้ายทะเบียนของระบบควบคุมน้ำหนักทั้ง 3 ระบบ (WIM, ImPS, VWS) ส่วนใหญ่ไม่สามารถอ่านป้ายทะเบียนรถบรรทุกได้ถูกต้องตามเกณฑ์ที่กำหนด (ความถูกต้องไม่น้อยกว่า 80%)",ข้อเสนอแนะ: 1. ให้ สคน. วางแผนบำรุงรักษาระบบตรวจสอบน้ำหนักให้ครอบคลุมทุกระบบ 2. ให้ สคน. มอบหมายให้เจ้าหน้าที่ดำเนินการเชิงรุกในการสำรวจตรวจสอบสภาพแวดล้อมและความพร้อมของระบบที่ติดตั้งภายนอก 3. ให้ สคน. ประเมินผลประสิทธิภาพการทำงานของระบบควบคุมการอ่านป้ายทะเบียน และกำกับติดตามผู้รับจ้างให้ตรวจสอบและรายงานผลอย่างครอบคลุม,ผลกระทบ: 1. คนขับรถบรรทุกไม่สามารถทราบได้ว่าต้องนำรถเข้าตรวจสอบน้ำหนักหรือไม่ และเจ้าหน้าที่ขาดเครื่องมือในการปฏิบัติหน้าที่อย่างมีประสิทธิภาพ 2. การที่ระบบอ่านป้ายทะเบียนไม่ถูกต้อง ทำให้การควบคุมน้ำหนักรถบรรทุกเป็นไปอย่างไม่มีประสิทธิภาพ เนื่องจากไม่มีข้อมูลในการติดตามรถที่ต้องสงสัย
FL-2157,ข้อตรวจพบที่ 3: การตรวจสอบรถบรรทุกน้ำหนักเกินไม่เป็นไปตามแนวทางที่กำหนด,กรมทางหลวง,ร่างการพัฒนาจุดจอดพักรถและสถานีตรวจสอบน้ำหนัก ของกรมทางหลวง กระทรวงคมนาคม,2568,บุคลากร/สมรรถนะ,"สาเหตุ: 1. แนวทางปฏิบัติงานไม่ครอบคลุม: สคน. ยังไม่ได้กำหนดแนวทางปฏิบัติที่ชัดเจนในหลายกรณี เช่น กรณีรถบรรทุกน้ำหนักเกินแต่ไม่จับกุม, เกณฑ์ในการเรียกรถที่มีแนวโน้มน้ำหนักเกินกลับมาชั่ง, และขั้นตอนการปฏิบัติงานที่ Spot Check 2. ระบบไม่เชื่อมโยง: ระบบควบคุมน้ำหนักแต่ละระบบ (WIM, ImPS, VWS) ยังไม่สามารถเชื่อมโยงข้อมูลและทำงานร่วมกันได้อย่างมีประสิทธิภาพ (มีค่าความคลาดเคลื่อนต่างกัน) 3. การบริหารอัตรากำลัง: อัตรากำลังเจ้าหน้าที่ประจำสถานีตรวจสอบน้ำหนักยังไม่สอดคล้องกับปริมาณรถบรรทุกที่เข้าชั่งในแต่ละสถานี",รายละเอียด: 1. การตรวจสอบที่สถานี (Static): สถานีตรวจสอบน้ำหนักทั้ง 19 แห่ง มีการจับกุมรถบรรทุกน้ำหนักเกินน้อยกว่าจำนวนรถที่มีน้ำหนักเกินในระบบอย่างมีนัยสำคัญ และที่สถานีฯ ย่อยสำหรับ Spot Check ไม่พบการจับกุมเลย 2. การตรวจสอบรถที่มีแนวโน้มน้ำหนักเกิน: เจ้าหน้าที่ไม่ได้ดำเนินการเรียกรถที่ระบบ ImPS และ VWS แจ้งเตือนว่ามีแนวโน้มน้ำหนักเกินกลับมาชั่งที่สถานีตรวจสอบน้ำหนักตามแนวทาง,ข้อเสนอแนะ: 1. ให้ สคน. กำหนดแนวทางการปฏิบัติงานควบคุมน้ำหนักยานพาหนะให้ครอบคลุมและชัดเจนในทุกกรณี 2. ให้ สคน. พัฒนาระบบควบคุมน้ำหนักยานพาหนะให้สามารถเชื่อมโยงข้อมูลและทำงานร่วมกันได้อย่างมีประสิทธิภาพ 3. ให้ สคน. พิจารณาทบทวนการบริหารอัตรากำลังในการปฏิบัติหน้าที่ให้สอดคล้องกับปริมาณงานของแต่ละสถานี 4. ให้ สคน. พิจารณาทบทวนตัวชี้วัดและค่าเป้าหมายให้สอดคล้องกับการดำเนินงานและภารกิจปัจจุบัน,"ผลกระทบ: ถนนและสะพานเกิดความเสียหาย มีอายุการใช้งานลดลง และรัฐบาลต้องใช้งบประมาณเพิ่มขึ้นในการซ่อมแซมบำรุงรักษา การที่ สคน. ไม่เข้มงวดในการตรวจสอบทำให้เกิดความไม่คุ้มค่าในการใช้งบประมาณพัฒนาระบบควบคุมน้ำหนักยานพาหนะ (ปี 2564-2567 จำนวน 5,014.89 ล้านบาท)"
FL-2158,ข้อตรวจพบที่ 1: ศูนย์ควบคุมจราจรและความปลอดภัยทางทะเล ทั้ง 3 ศูนย์ (Bangkok VTS/ SrirachaVTS/ Phuket VTS) มีการใช้งานระบบตรวจการณ์ชายฝั่ง เพื่อควบคุม ความปลอดภัยและการจราจรทางทะเลไม่เป็นไปตามที่โครงการกำหนด,กรมเจ้าท่า,ร่างการควบคุมความปลอดภัยและการจราจรทางทะเล กรมเจ้าท่า กระทรวงคมนาคม,2568,กฎระเบียบ/กฎหมาย,สาเหตุ: 1. บริการไม่ครบ: ภารกิจของศูนย์ Bangkok VTS และ Phuket VTS ยังไม่ครอบคลุมการจัดบริการจราจรทางน้ำ และการบริหารจัดการศูนย์ขาดความยั่งยืน (ไม่มีกรอบอัตรากำลังชัดเจน) 2 พื้นที่ไม่สอดคล้อง: การจัดทำรายละเอียดข้อกฎหมายเพื่อการกำกับดูแลพื้นที่อ่าวไทยตอนบนยังไม่ถูกต้อง 3 ไม่ครอบคลุมเรือโดยสาร: การศึกษาวิเคราะห์ความเป็นไปได้ของโครงการไม่ครอบคลุมถึงการออกหลักเกณฑ์ให้เรือขนาดเล็กติดตั้งระบบ AIS และกรมเจ้าท่าขาดการกำกับติดตามให้เป็นไปตามเป้าหมาย 4 ไม่ครอบคลุมพื้นที่: กรมเจ้าท่าไม่มีการติดตามประเมินผลโครงการอย่างสม่ำเสมอ และขาดการสำรวจพื้นที่อับสัญญาณอย่างต่อเนื่อง,"รายละเอียด: 1. บริการไม่ครบทุกกิจกรรม: Bangkok VTS และ Phuket VTS ยังไม่สามารถจัดบริการจราจรทางน้ำได้ครบทั้ง 3 กิจกรรม (INS, TOS, NAS) ตามมาตรฐานสากล 2 พื้นที่กำกับดูแลไม่สอดคล้อง: Sriracha VTS กำหนดพื้นที่กำกับดูแลไม่สอดคล้องกับพื้นที่ทางทะเลตามกฎหมาย 3 ไม่ครอบคลุมเรือโดยสาร/ท่องเที่ยว: ทั้ง 3 ศูนย์ยังไม่สามารถนำระบบ VTS มาใช้ควบคุมเรือโดยสาร/ท่องเที่ยวขนาดต่ำกว่า 60 ตันกรอส หรือบรรทุกคนโดยสารตั้งแต่ 12 คนขึ้นไป ได้อย่างครอบคลุมตามขอบเขตโครงการ 4 ไม่ครอบคลุมทุกพื้นที่: ระบบตรวจการณ์ชายฝั่งยังไม่ครอบคลุมทุกพื้นที่ที่โครงการกำหนดเนื่องจากอุปกรณ์ไม่สามารถรับสัญญาณได้ทั่วถึง",ข้อเสนอแนะ: 1. ปรับปรุงรายละเอียดวิธีการปฏิบัติงาน (SOP) และพิจารณาปรับโครงสร้างการบริหารงานเพื่อให้ Bangkok VTS และ Phuket VTS สามารถให้บริการได้เต็มรูปแบบ 2. เร่งปรับปรุงรายละเอียดค่าเส้นตำบลในประกาศกรมเจ้าท่าให้ถูกต้องตามกฎหมาย 3. กำหนดมาตรการหรือแนวปฏิบัติให้เรือโดยสารตั้งแต่ 12 คนขึ้นไปเข้าสู่ระบบการรายงานการเข้า-ออกของเรือ 4. กำหนดคู่มือแนวทางวิธีการปฏิบัติงาน (SOP) สำหรับการกำกับดูแลเรือโดยสาร/ท่องเที่ยวขนาดเล็ก 5. สั่งการให้มีแผนงานการตรวจประเมินผลโครงการอย่างสม่ำเสมอ และสำรวจพื้นที่อับสัญญาณอย่างต่อเนื่อง 6. สั่งการให้มีแผนการบริหารจัดการอุปกรณ์รับส่งสัญญาณ Network ของระบบ VTS ให้ใช้งานได้อย่างต่อเนื่อง,ผลกระทบ: 1. การใช้จ่ายงบประมาณโครงการ VTS ระยะที่ 3 ไม่เกิดความคุ้มค่าและผลสัมฤทธิ์ 2. เรือโดยสารและเรือท่องเที่ยวบางส่วนที่ไม่ได้อยู่ในการควบคุมมีความเสี่ยงด้านความปลอดภัย ซึ่งส่งผลกระทบต่อภาพลักษณ์การท่องเที่ยวทางน้ำของประเทศ 3. พื้นที่ที่ไม่ครอบคลุมมีความเสี่ยงต่อการเกิดอุบัติเหตุทางทะเล
FL-2159,ข้อตรวจพบที่ 2: อุปกรณ์สนับสนุนการทำงานของระบบตรวจการณ์ชายฝั่งอ่าวไทยตอนบน ตอนล่าง และ อันดามัน (VTS ระยะที่ 1-3) บางส่วนชำรุด และไม่มีความพร้อมต่อการใช้งานเพื่อควบคุม ความปลอดภัยและการจราจรทางทะเล,กรมเจ้าท่า,ร่างการควบคุมความปลอดภัยและการจราจรทางทะเล กรมเจ้าท่า กระทรวงคมนาคม,2568,บุคลากร/สมรรถนะ,"สาเหตุ: ขาดการบริหารจัดการการซ่อมบำรุงรักษาอุปกรณ์ของระบบ VTS โดยศูนย์ฯ ไม่มีการตรวจสอบสถานะการทำงานของอุปกรณ์อย่างเป็นประจำ, กรมเจ้าท่าไม่มีการมอบหมายผู้รับผิดชอบดูแลบำรุงรักษาอย่างเป็นลายลักษณ์อักษร, และไม่มีการจัดทำแผนในการดูแลซ่อมบำรุงรักษา นอกจากนี้ เจ้าหน้าที่ของกรมเจ้าท่ายังขาดความรู้ความชำนาญในการซ่อมแซมอุปกรณ์สำคัญที่ต้องอาศัยความรู้เชิงเทคนิคเฉพาะทาง","รายละเอียด: ในจำนวนสถานีลูกข่ายทั้งหมด 33 สถานี มี 13 สถานีที่มีอุปกรณ์ชำรุดและไม่สามารถใช้งานได้ เมื่อจำแนกเป็นรายอุปกรณ์พบว่า RADAR ชำรุด 13 จาก 23 สถานี, AIS ชำรุด 2 จาก 31 สถานี, RDF ชำรุด 1 จาก 7 สถานี, CCTV ชำรุด 4 จาก 17 สถานี และ VHF ชำรุด 4 จาก 30 สถานี",ข้อเสนอแนะ: 1. สั่งการให้จัดทำแผนการดูแลบำรุงรักษาวัสดุอุปกรณ์และดำเนินการตามแผนโดยเคร่งครัด พร้อมทั้งมอบหมายผู้รับผิดชอบอย่างเป็นลายลักษณ์อักษร 2. สั่งการให้จัดทำแผนการซ่อมแซมแก้ไขอุปกรณ์ที่ชำรุดให้สามารถใช้งานได้ และทบทวนโครงสร้างเจ้าหน้าที่ให้มีผู้มีความรู้ความชำนาญเพียงพอต่อการซ่อมบำรุง,ผลกระทบ: กรมเจ้าท่าไม่สามารถกำกับดูแล ควบคุม ตรวจตราความปลอดภัยในการเดินเรือได้อย่างเต็มประสิทธิภาพ ทำให้มีความเสี่ยงต่อการเกิดอุบัติเหตุทางทะเล และลดประสิทธิภาพในการค้นหาและช่วยเหลือเรือประสบภัย
FL-2160,ข้อตรวจพบที่ 1 การขอเบิกค่าใช้จ่ายเพื่อบริการสาธารณสุขของหน่วยบริการไม่ถูกต้อง ส่งผลให้มีการเบิกจ่ายเงินโดยไม่ถูกต้อง,สำนักงานหลักประกันสุขภาพแห่งชาติ,ระบบหลักประกันสุขภาพ กองทุนหลักประกันสุขภาพแห่งชาติ,2564,ข้อมูล/บันทึก/เอกสาร,1. ความผิดพลาดของผู้ปฏิบัติงานบันทึกเวชระเบียน เช่น ไม่ชำนาญในการให้รหัสโรค หรือสับสนในการบันทึกข้อมูลเพื่อเบิกค่าบริการหลายสิทธิ. 2. เงื่อนไขการตรวจสอบเอกสารหลักฐานการเบิกจ่ายผ่านระบบ e-Claim ยังไม่เพียงพอ.,สปสช. สุ่มตรวจสอบเวชระเบียนที่หน่วยบริการบันทึกข้อมูลไม่ถูกต้องถึงร้อยละ 47.23 และพบธุรกรรมที่ไม่ผ่านเงื่อนไขการตรวจสอบก่อนเบิกจ่ายจำนวนมาก.,1. เสริมสร้างความรู้ความเข้าใจให้แก่บุคลากรที่เกี่ยวข้องกับการบันทึกเวชระเบียน. 2. ปรับปรุงหลักเกณฑ์หรือเงื่อนไขของการตรวจสอบก่อนการเบิกจ่าย (Pre-audit) ให้ครอบคลุมมากขึ้น.,1. สปสช. อาจต้องจ่ายค่าบริการเกินจริง. 2. หน่วยบริการอาจถูกเรียกเงินคืนหรือเบิกจ่ายชดเชยเงินเพิ่ม ทำให้เสียประโยชน์และส่ง ต่อสภาพคล่องทางการเงิน.
FL-2161,ข้อตรวจพบที่ 2 หน่วยบริการในระบบหลักประกันสุขภาพแห่งชาติบางแห่งมีคุณภาพและมาตรฐานการให้บริการสาธารณสุขไม่เป็นไปตามเกณฑ์ที่กำหนด,สำนักงานหลักประกันสุขภาพแห่งชาติ,ระบบหลักประกันสุขภาพ กองทุนหลักประกันสุขภาพแห่งชาติ,2564,บุคลากร/สมรรถนะ,1. หน่วยบริการไม่สามารถพัฒนาปรับปรุงหรือแก้ไขข้อเกณฑ์ที่เกี่ยวกับสถานที่ อุปกรณ์ และบุคลากรได้. 2. สปสช. ไม่มีการติดตามผลการปรับปรุงแก้ไขของหน่วยบริการที่ไม่ผ่านเกณฑ์และผ่านเกณฑ์แบบมีเงื่อนไข.,มีหน่วยบริการบางแห่งไม่ผ่านเกณฑ์การตรวจประเมินเพื่อขึ้นทะเบียน และบางแห่งผ่านเกณฑ์แบบมีเงื่อนไข โดยส่วนใหญ่เป็นหน่วยบริการของรัฐในกระทรวงสาธารณสุข. ประชาชนในพื้นที่ไม่ได้รับการบริการด้านสาธารณสุขอย่างเต็มที่และทั่วถึงทุกด้าน นำไปสู่ความไม่เท่าเทียมในการเข้าถึงและส่งผลต่อคุณภาพบริการสาธารณสุข.,1. จัดทำรายงานสรุปปัญหาของหน่วยบริการที่ไม่ผ่านเกณฑ์และเสนอคณะกรรมการฯ เพื่อวางแผนสนับสนุนทรัพยากร. 2. กำหนดแนวทาง วิธีการ และกรอบระยะเวลาในการติดตามผลการดำเนินการปรับปรุงแก้ไขของหน่วยบริการ.,
FL-2162,ข้อตรวจพบที่ 3 การดำเนินงานกองทุนหลักประกันสุขภาพในระดับท้องถิ่นหรือพื้นที่ไม่เป็นไปตามเป้าหมาย,สำนักงานหลักประกันสุขภาพแห่งชาติ,ระบบหลักประกันสุขภาพ กองทุนหลักประกันสุขภาพแห่งชาติ,2564,กฎระเบียบ/กฎหมาย,1. บุคลากรของ อปท. ขาดความรู้ด้านสาธารณสุขและระเบียบการเบิกจ่ายเงินกองทุนท้องถิ่น. 2. หน่วยบริการขาดบุคลากรที่ทำหน้าที่เป็นผู้ช่วยเหลือดูแลผู้สูงอายุที่มีภาวะพึ่งพิง (Caregiver) ที่มีจำนวนไม่เพียงพอ.,1. กองทุนท้องถิ่นมีเงินคงเหลือจำนวนมากและบางแห่งไม่มีการเบิกจ่ายเงินเพื่อดำเนินโครงการ. 2. การบริการสาธารณสุขสำหรับผู้สูงอายุที่มีภาวะพึ่งพิงไม่เป็นไปตามเป้าหมายการดูแลรายบุคคล.,1. เสริมสร้างความรู้ความเข้าใจเกี่ยวกับระเบียบการเบิกจ่ายเงินกองทุนท้องถิ่นแก่บุคลากรของ อปท. 2. กำหนดแนวทางความร่วมมือกับกระทรวงสาธารณสุขและกรมส่งเสริมการปกครองท้องถิ่นเพื่อแก้ไขปัญหาการขาดแคลน Caregiver.,1. ประชาชนในพื้นที่อาจไม่ได้รับบริการในการดูแลสุขภาพอย่างทั่วถึง. 2. เงินกองทุนที่คงเหลือไม่ได้ถูกนำไปใช้ประโยชน์อย่างคุ้มค่า. 3. ผู้สูงอายุที่มีภาวะพึ่งพิงไม่ได้รับการบริการหรือการดูแลตามสิทธิประโยชน์ที่พึงจะได้รับ ทำให้เกิดความเหลื่อมล้ำในการให้บริการ.
FL-2163,ข้อตรวจพบ 1 ระบบเบิกจ่ายตรงค่ารักษาพยาบาลของข้าราชการ ยังไม่ครอบคลุมสถานพยาบาลของรัฐทั้งประเทศ,สำนักงานหลักประกันสุขภาพแห่งชาติ,ระบบหลักประกันสุขภาพ กองทุนหลักประกันสุขภาพแห่งชาติ,2564,กฎระเบียบ/กฎหมาย,1. การเข้าร่วมระบบเบิกจ่ายตรงเป็นไปตามความสมัครใจ ไม่มีสภาพบังคับทางกฎหมาย. 2. กรมบัญชีกลางยังไม่มีการดำเนินการจัดส่งหรือแจ้งผลการตรวจสอบ Pre Audit และ Post Audit ให้ส่วนราชการเจ้าสังกัดของสถานพยาบาลทราบ. 3. บุคลากรที่รับผิดชอบด้านการเบิกจ่ายเงินของสถานพยาบาลยังขาดความรู้ความเข้าใจในการจัดทำข้อมูล.,มีสถานพยาบาลของรัฐที่เข้าร่วมระบบเบิกจ่ายตรงเพียงร้อยละ 8.53 ของสถานพยาบาลของรัฐทั้งหมด.,1. จัดให้มีการสำรวจข้อมูลหรือประเมินผลสถานพยาบาลเพื่อทราบปัญหาและวางแผนเพื่อจูงใจให้สถานพยาบาลเข้าสู่ระบบเบิกจ่ายตรงเพิ่มขึ้น. 2. จัดให้มีการส่งผลการตรวจสอบ Pre Audit และ Post Audit ให้หน่วยงานเจ้าสังกัดของสถานพยาบาลทราบ. 3. จัดให้มีกระบวนการเสริมสร้างความรู้ความเข้าใจเกี่ยวกับการปฏิบัติงาน.,1. มีความเสี่ยงที่การเบิกจ่ายจะไม่ถูกต้องและเกิดการรั่วไหลของงบประมาณ. 2. ผู้มีสิทธิที่รับบริการต้องทดรองจ่ายค่ารักษาพยาบาลไปก่อน ทำให้ไม่ได้รับความสะดวก. 3. อาจเกิดความเหลื่อมล้ำในการเบิกจ่ายเงินระหว่างสถานพยาบาล. 4. สถานพยาบาลอาจไม่ต้องการเข้าร่วมระบบเบิกจ่ายตรง. 5. สถานพยาบาลที่ไม่ได้รับการตรวจสอบขาดโอกาสได้รับการแนะนำเกี่ยวกับแนวทางปฏิบัติที่ถูกต้อง.
FL-2164,ข้อตรวจพบ 2 สถานพยาบาลจัดทำหลักฐานเพื่อส่งเบิกในระบบเบิกจ่ายตรงไม่ถูกต้อง ไม่ครบถ้วน,สำนักงานหลักประกันสุขภาพแห่งชาติ,ระบบหลักประกันสุขภาพ กองทุนหลักประกันสุขภาพแห่งชาติ,2564,กฎระเบียบ/กฎหมาย,1. การเข้าร่วมระบบเบิกจ่ายตรงเป็นไปตามความสมัครใจ ไม่มีสภาพบังคับทางกฎหมาย. 2. กรมบัญชีกลางยังไม่มีการดำเนินการจัดส่งหรือแจ้งผลการตรวจสอบ Pre Audit และ Post Audit ให้ส่วนราชการเจ้าสังกัดของสถานพยาบาลทราบ. 3. บุคลากรที่รับผิดชอบด้านการเบิกจ่ายเงินของสถานพยาบาลยังขาดความรู้ความเข้าใจในการจัดทำข้อมูล.,ผลการตรวจสอบก่อนการเบิกจ่าย (Pre Audit) พบข้อมูลการเรียกเก็บไม่ถูกต้อง. ผลการตรวจสอบหลังการเบิกจ่าย (Post Audit) พบการเบิกจ่ายไม่ถูกต้องตามหลักเกณฑ์ และกรมบัญชีกลางต้องเรียกเงินคืนจากสถานพยาบาลจำนวน 414.32 ล้านบาท.,1. จัดให้มีการสำรวจข้อมูลหรือประเมินผลสถานพยาบาลเพื่อทราบปัญหาและวางแผนเพื่อจูงใจให้สถานพยาบาลเข้าสู่ระบบเบิกจ่ายตรงเพิ่มขึ้น. 2. จัดให้มีการส่งผลการตรวจสอบ Pre Audit และ Post Audit ให้หน่วยงานเจ้าสังกัดของสถานพยาบาลทราบ. 3. จัดให้มีกระบวนการเสริมสร้างความรู้ความเข้าใจเกี่ยวกับการปฏิบัติงาน.,1. มีความเสี่ยงที่การเบิกจ่ายจะไม่ถูกต้องและเกิดการรั่วไหลของงบประมาณ. 2. ผู้มีสิทธิที่รับบริการต้องทดรองจ่ายค่ารักษาพยาบาลไปก่อน ทำให้ไม่ได้รับความสะดวก. 3. อาจเกิดความเหลื่อมล้ำในการเบิกจ่ายเงินระหว่างสถานพยาบาล. 4. สถานพยาบาลอาจไม่ต้องการเข้าร่วมระบบเบิกจ่ายตรง. 5. สถานพยาบาลที่ไม่ได้รับการตรวจสอบขาดโอกาสได้รับการแนะนำเกี่ยวกับแนวทางปฏิบัติที่ถูกต้อง.
FL-2165,ข้อตรวจพบที่ 1 การแจ้งขึ้นทะเบียนนายจ้าง การแจ้งขึ้นทะเบียนและแจ้งสิ้นสุดความเป็นผู้ประกันตน และการชำระเงินสมทบกองทุน ของสถานประกอบการ ไม่เป็นไปตามหลักเกณฑ์ที่กฎหมายกำหนด,สำนักงานประกันสังคม,ระบบหลักประกันสุขภาพ กองทุนประกันสังคมและกองทุนเงินทดแทน สำนักงานประกันสังคม,2564,กฎระเบียบ/กฎหมาย,1. สปส. ขาดฐานข้อมูลและระบบสารสนเทศสำหรับการปฏิบัติงานที่เหมาะสม. 2. แนวทางในการปฏิบัติงานไม่มีการเชื่อมโยงข้อมูลภายในส่วนงานอย่างเป็นระบบ. 3. ขาดความเข้มงวดในการบังคับใช้กฎหมายกับสถานประกอบการ.,1. การแจ้งขึ้นทะเบียนนายจ้างและผู้ประกันตนของสถานประกอบการไม่ครบถ้วนและล่าช้า. 2. มีหนี้เงินสมทบค้างชำระจำนวนมากในทั้ง 2 กองทุน.,1. เร่งรัดการดำเนินงานพัฒนาหรือปรับปรุงระบบเทคโนโลยีสารสนเทศ. 2. จัดทำแผนการเชื่อมโยงข้อมูลเพื่อสนับสนุนการปฏิบัติงาน. 3. จัดให้มีการติดตามประเมินผลการปฏิบัติงานของหน่วยปฏิบัติ. 4. ปรับปรุงกลไกและรูปแบบวิธีการในการบังคับใช้กฎหมาย.,1. ผู้ประกันตน/ลูกจ้างไม่ได้รับสิทธิประโยชน์หรือได้รับล่าช้า. 2. การบริหารจัดการการใช้จ่ายเงินกองทุนเป็นไปอย่างไม่ถูกต้อง. 3. การดำเนินงานกองทุนฯ อาจส่ง ต่อเสถียรภาพทางการเงินในระยะยาว.
FL-2166,ข้อตรวจพบที่ 2 ระบบการควบคุมและการติดตามตรวจสอบการขอรับประโยชน์ทดแทนอื่น และเงินทดแทน และการเบิกจ่ายค่าบริการทางการแพทย์ของกองทุนประกันสังคมและกองทุนเงินทดแทน มีจุดอ่อนหรือความเสี่ยงที่ยังไม่สามารถดำเนินการได้อย่างถูกต้องและเหมาะสม,สำนักงานประกันสังคม,ระบบหลักประกันสุขภาพ กองทุนประกันสังคมและกองทุนเงินทดแทน สำนักงานประกันสังคม,2564,ข้อมูล/บันทึก/เอกสาร,1. ระบบเทคโนโลยีสารสนเทศและฐานข้อมูลยังไม่สามารถสนับสนุนการปฏิบัติงานได้อย่างเหมาะสม. 2. ระบบการจัดการข้อมูลเพื่อการเบิกจ่ายค่าบริการทางการแพทย์มีรูปแบบและวิธีการปฏิบัติงานที่แตกต่างกัน. 3. ปัญหาการสื่อสาร ประชาสัมพันธ์กับสถานพยาบาลคู่สัญญาไม่เป็นระบบและชัดเจน. 4. สปส. ยังไม่ได้นำข้อมูลความเสี่ยงที่พบจากผลการตรวจสอบมาใช้ในการวางแผนปรับปรุงพัฒนาระบบ.,1. การวินิจฉัยสั่งจ่ายประโยชน์ทดแทนและเงินทดแทนของหน่วยปฏิบัติไม่ถูกต้อง. 2. การตรวจสอบก่อนการเบิกจ่าย (Pre – audit) พบข้อมูลธุรกรรมที่ไม่ผ่านการอนุมัติเบิกจ่ายจำนวนมาก. 3. การตรวจสอบเวชระเบียนหลังการเบิกจ่าย (Post – audit) พบการบันทึกข้อมูลไม่ถูกต้อง.,1. ปรับปรุงและพัฒนาระบบสารสนเทศที่ใช้ในการปฏิบัติงานให้เหมาะสมและเพียงพอ. 2. ปรับปรุงโครงสร้างงานและบุคลากรของ สปส.. 3. ปรับปรุงแนวทางในการปฏิบัติงานที่เกี่ยวข้องกับการเบิกจ่ายค่าบริการทางการแพทย์. 4. ปรับปรุงหลักเกณฑ์หรือเงื่อนไขการตรวจสอบค่าบริการทางการแพทย์ก่อนการเบิกจ่าย. 5. จัดทำแผนการพัฒนาปรับปรุงระบบการเบิกจ่ายค่าบริการทางการแพทย์. 6. กำหนดแนวทางการปฏิบัติงานแก่สถานพยาบาลคู่สัญญาและหน่วยงานที่เกี่ยวข้อง.,1. สปส. มีการจ่ายประโยชน์ทดแทนและเงินทดแทนไม่ถูกต้อง. 2. สูญเสียเงินกองทุนในกรณีที่ต้องจ่ายค่าบริการทางการแพทย์ให้แก่สถานพยาบาลเกินกว่าที่กำหนด. 3. บุคลากรของ สปส. ไม่ได้รับการพัฒนาให้การปฏิบัติงานมีประสิทธิภาพ. 4. สถานพยาบาลคู่สัญญาอาจขาดสภาพคล่องทางการเงิน. 5. ผู้ประกันตนได้รับประโยชน์ทดแทนและการบริการทางการแพทย์ที่ไม่ถูกต้อง.
FL-2167,ข้อสังเกต สถานพยาบาลคู่สัญญาในระบบประกันสังคมมีแนวโน้มลดลงทุกปี ส่งผลต่อการเข้าถึงหรือความสะดวกในการรับบริการทางการแพทย์ของผู้ประกันตน,สำนักงานประกันสังคม,ระบบหลักประกันสุขภาพ กองทุนประกันสังคมและกองทุนเงินทดแทน สำนักงานประกันสังคม,2564,ติดตาม/ประเมินผล/กำกับ,1. สถานพยาบาลคู่สัญญาขาดการสนับสนุน ส่งเสริม และการควบคุมและกำกับสถานพยาบาลเครือข่าย. 2. สปส. ขาดการดำเนินการติดตามการดำเนินงานของสถานพยาบาลคู่สัญญา. 3. ระบบการปฏิบัติงานของ สปส. ขาดความชัดเจนในเรื่องของกรอบระยะเวลาการดำเนินงาน.,สถานพยาบาลคู่สัญญาและสถานพยาบาลเครือข่ายในระบบประกันสังคมมีแนวโน้มลดลงทุกปี ขณะที่ผู้ประกันตนมีจำนวนเพิ่มขึ้น. ผู้ประกันตนเสียโอกาสในการเข้าถึงบริการสุขภาพที่สะดวกและรวดเร็ว และเกิดความเหลื่อมล้ำในการรับบริการสาธารณสุข.,สำรวจสภาพปัญหาการดำเนินงานและการบริหารจัดการของสถานพยาบาลคู่สัญญา.,
FL-2168,ข้อตรวจพบที่ 1 การพิจารณาให้เงินสงเคราะห์ไม่เป็นมาตรฐานเดียวกัน และส่วนใหญ่ไม่มีการติดตามประเมินผลเชิงคุณภาพหลังการจ่ายเงิน,กรมพัฒนาสังคมและสวัสดิการ,โครงการส่งเสริมและพัฒนาศักยภาพคนไร้ที่พึ่งและคนขอทาน,2565,กฎระเบียบ/กฎหมาย,1. ระเบียบที่เกี่ยวข้องมีหลักเกณฑ์การจ่ายเงินที่ยังไม่ครอบคลุมในบางกรณี. 2. หน่วยงานส่วนกลางยังไม่ได้ประกาศใช้หลักเกณฑ์การช่วยเหลือเงินสงเคราะห์. 3. หน่วยงานส่วนกลางไม่ได้กำหนดบทบาทหน้าที่ให้หน่วยงานระดับพื้นที่ดำเนินการติดตามผล. 4. บุคลากรของศูนย์คุ้มครองคนไร้ที่พึ่งมีจำนวนไม่เพียงพอสำหรับการติดตามผล.,1. ศูนย์คุ้มครองคนไร้ที่พึ่งแต่ละแห่งมีอัตราการจ่ายเงินสงเคราะห์และหลักเกณฑ์อายุแตกต่างกัน. 2. ส่วนใหญ่ไม่มีการจัดทำแผนการลงพื้นที่เพื่อตรวจติดตามผลเชิงคุณภาพหลังการจ่ายเงิน.,1. ทบทวนและปรับปรุงหลักเกณฑ์แนวทางการจ่ายเงินสงเคราะห์ให้มีความครอบคลุมและรัดกุม. 2. เร่งสรุปความเห็นของศูนย์คุ้มครองคนไร้ที่พึ่งต่อแบบฟอร์มหลักเกณฑ์การช่วยเหลือเงินสงเคราะห์. 3. สั่งการให้มีการติดตามผลการดำเนินงานเชิงคุณภาพหลังการจ่ายเงิน. 4. สำรวจสภาพปัญหาของการติดตามผลการดำเนินงานเชิงคุณภาพโดยอาจขอความร่วมมืออาสาสมัคร.,1. เกิดความเหลื่อมล้ำในการพิจารณาให้เงินที่แตกต่างกัน. 2. ผู้ปฏิบัติงานขาดความมั่นใจในการเบิกจ่ายเงิน. 3. ไม่ทราบผลการดำเนินงานเชิงคุณภาพว่าเงินสงเคราะห์ช่วยบรรเทาความเดือดร้อนได้จริงหรือไม่. 4. หน่วยงานส่วนกลางขาดข้อมูลในการวิเคราะห์และวางแผนเพื่อแก้ไขปัญหา.
FL-2169,ข้อตรวจพบที่ 2 การคุ้มครองคนไร้ที่พึ่งและคนขอทานไม่ตรงตามกลุ่มเป้าหมาย และไม่สามารถสนับสนุนการเข้าถึงสิทธิสวัสดิการสังคมที่เหมาะสม,กรมพัฒนาสังคมและสวัสดิการ,โครงการส่งเสริมและพัฒนาศักยภาพคนไร้ที่พึ่งและคนขอทาน,2565,กฎระเบียบ/กฎหมาย,1. ศูนย์คุ้มครองคนไร้ที่พึ่งไม่สามารถประสานส่งต่อผู้ใช้บริการไปยังหน่วยงานที่รับผิดชอบตามกฎหมายเฉพาะได้. 2. การจัดกิจกรรมส่งเสริมและพัฒนาศักยภาพยังขาดความชัดเจนและหน่วยงานไม่มีความพร้อมด้านอาคาร สถานที่ และบุคลากร.,1. ผู้ใช้บริการส่วนใหญ่ไม่ตรงกลุ่มเป้าหมายตามภารกิจหน้าที่ของหน่วยงาน. 2. ไม่สามารถสนับสนุนให้ผู้ใช้บริการเข้าถึงสิทธิสวัสดิการสังคมที่เหมาะสมได้.,1. หารือและบูรณาการทำงานร่วมกับหน่วยงานที่รับผิดชอบกลุ่มเป้าหมายที่มีกฎหมายเฉพาะให้การคุ้มครองเพื่อกำหนดแนวทางที่ชัดเจน. 2. กำหนดแนวทางในการจัดกิจกรรมในการส่งเสริมและพัฒนาศักยภาพผู้ใช้บริการที่เป็นมาตรฐานเดียวกันจากส่วนกลาง.,1. คนไร้ที่พึ่งที่เป็นกลุ่มเป้าหมายที่แท้จริงปฏิเสธการเข้ารับการคุ้มครอง. 2. ผู้ใช้บริการยังไม่ได้รับสิทธิสวัสดิการที่เหมาะสม ทำให้เกิดความเหลื่อมล้ำ. 3. การใช้จ่ายเงินงบประมาณขาดประสิทธิภาพ.
FL-2170,ข้อตรวจพบที่ 3 การบันทึกข้อมูลการจ่ายเงินอุดหนุนเงินสงเคราะห์ในระบบงานบริการทางสังคมไม่ถูกต้อง ไม่ครบถ้วน และไม่เป็นปัจจุบัน,กรมพัฒนาสังคมและสวัสดิการ,โครงการส่งเสริมและพัฒนาศักยภาพคนไร้ที่พึ่งและคนขอทาน,2565,บุคลากร/สมรรถนะ,1. ความผิดพลาดของเจ้าหน้าที่ในการบันทึกข้อมูลลงระบบ. 2. การสอบทานและตรวจสอบข้อมูลที่บันทึกในระบบงานบริการทางสังคมยังไม่รอบคอบและถี่ถ้วน.,การบันทึกข้อมูลการจ่ายเงินอุดหนุนเงินสงเคราะห์ในระบบงานบริการทางสังคมไม่ถูกต้อง ไม่ครบถ้วน และไม่เป็นปัจจุบัน. ข้อมูลในระบบไม่มีความน่าเชื่อถือและไม่สามารถนำไปใช้งานได้อย่างมีประสิทธิภาพ. อาจเกิดความเสี่ยงต่อความไม่โปร่งใสในการดำเนินงาน.,สั่งการให้หน่วยงานระดับพื้นที่สอบทานข้อมูลที่บันทึกในระบบให้มีความถูกต้อง ครบถ้วน และเป็นปัจจุบัน.,
FL-2171,ข้อตรวจพบที่ 1 ผลการดำเนินงานตามโครงการไม่เป็นไปตามแผนที่กำหนด,สถาบันพัฒนาองค์กรชุมชน (องค์การมหาชน),โครงการผู้มีรายได้น้อยในเมืองและชนบทมีความมั่นคงในที่อยู่อาศัย,2565,ข้อมูล/บันทึก/เอกสาร,1. ขาดฐานข้อมูลหรือศูนย์รวมข้อมูลกลุ่มเป้าหมายการดำเนินงานที่เป็นระบบ. 2. พอช. และกลไกเครือข่ายที่เกี่ยวข้องไม่มีบทบาทเพื่อบูรณาการการทำงานร่วมกับคณะทำงานด้านการแก้ไขปัญหาที่ดิน. 3. ไม่มีการบันทึกรายงานผลความคืบหน้าและสถานภาพการดำเนินงานในระบบสารสนเทศที่เป็นระบบ. 4. ปัญหา อุปสรรค และข้อจำกัดในการจัดตั้งสหกรณ์ การบริหารจัดการสหกรณ์ และการออมเงินของสมาชิก. 5. กลุ่มเป้าหมายบางแห่งขาดความเชื่อมั่นต่อการเข้าร่วมโครงการ.,1. ผลการดำเนินงานต่ำกว่าเป้าหมายที่กำหนดไว้ โดยเฉพาะโครงการบ้านมั่นคงและโครงการชุมชนริมคลอง. 2. การดำเนินโครงการล่าช้ากว่าระยะเวลาที่กำหนดไว้.,1. กำหนดแผนการจัดทำระบบฐานข้อมูลกลุ่มเป้าหมายในระดับจังหวัดและระดับภูมิภาค. 2. จัดให้มีกลไกในการบูรณาการประสานความร่วมมือในระดับพื้นที่เพื่อแก้ไขปัญหาที่ดินและที่อยู่อาศัย. 3. จัดให้มีระบบสารสนเทศที่ใช้ในการบันทึกรายงานผลความคืบหน้าและสถานภาพการดำเนินงาน. 4. จัดให้มีการส่งเสริมความรู้ความเข้าใจและการพัฒนาการบริหารงานขององค์กรผู้เสนอโครงการ. 5. ส่งเสริมให้มีการประชาสัมพันธ์เพื่อเสริมสร้างการรับรู้ความเข้าใจเกี่ยวกับหลักการและแนวทางการดำเนินงาน.,1. กลุ่มเป้าหมายผู้มีรายได้น้อยขาดโอกาสในการเข้าถึงที่อยู่อาศัย. 2. เกิดการเสียโอกาสในการใช้จ่ายงบประมาณเพื่อแก้ไขปัญหาที่อยู่อาศัย. 3. ส่งผลต่อความเชื่อมั่นของโครงการและเสี่ยงต่อการบริหารจัดการเงินงบประมาณขององค์กรผู้เสนอโครงการ.
FL-2172,ข้อตรวจพบที่ 2 การพิจารณาสิทธิ์ และการเบิกจ่ายเงินงบประมาณเพื่อดำเนินงานตามโครงการ ยังมีจุดอ่อนหรือความเสี่ยงที่ยังไม่สามารถดำเนินการได้อย่างถูกต้อง,สถาบันพัฒนาองค์กรชุมชน (องค์การมหาชน),โครงการผู้มีรายได้น้อยในเมืองและชนบทมีความมั่นคงในที่อยู่อาศัย,2565,การเงิน/พัสดุ,1. พอช. ขาดฐานข้อมูลและกลไกในการสอบทานหรือตรวจสอบความถูกต้องที่ใช้ในการพิจารณารับรองสิทธิ์กลุ่มเป้าหมาย. 2. พอช. มีการติดตามตรวจสอบการเบิกจ่ายงบประมาณที่ยังไม่รัดกุมและเพียงพอ. 3. องค์กรผู้เสนอโครงการยังขาดความพร้อมในการดำเนินงานโครงการให้มีประสิทธิภาพและยังมีปัญหาอุปสรรคที่สำคัญ.,ข้อมูลสำคัญที่ใช้ประกอบการพิจารณา. 2. การเบิกจ่ายเงินงบประมาณเพื่อดำเนินงานโครงการยังขาดความรัดกุม.,1. กำหนดให้มีแนวทางและระบบการจัดเก็บฐานข้อมูลกลุ่มรายชื่อผู้รับผลประโยชน์และครัวเรือนเป้าหมาย. 2. จัดให้มีระบบการติดตาม สอบทานและตรวจสอบการเบิกจ่ายงบประมาณที่รัดกุมและเพียงพอ. 3. จัดให้มีกิจกรรมการพัฒนาศักยภาพและความรู้ความเข้าใจด้านการบริหารจัดการและการจัดทำรายงานทางการเงินและบัญชี.,1. กลุ่มเป้าหมายที่ได้รับความช่วยเหลืออาจไม่ใช่กลุ่มเป้าหมายที่แท้จริง. 2. เกิดความเสี่ยงต่อความไม่โปร่งใสในการใช้จ่ายงบประมาณ. 3. การดำเนินงานโครงการล่าช้าและขาดความต่อเนื่อง.
FL-2173,ข้อตรวจพบที่ 1 การขอเบิกค่าใช้จ่ายเพื่อบริการสาธารณสุขของหน่วยบริการไม่ถูกต้อง ส่งผลให้มีการเบิกจ่ายเงินโดยไม่ถูกต้อง,สำนักงานหลักประกันสุขภาพแห่งชาติ,ระบบหลักประกันสุขภาพ กองทุนหลักประกันสุขภาพแห่งชาติ,2564,ข้อมูล/บันทึก/เอกสาร,1. ความผิดพลาดของผู้ปฏิบัติงานบันทึกเวชระเบียน เช่น ไม่ชำนาญในการให้รหัสโรค หรือสับสนในการบันทึกข้อมูลเพื่อเบิกค่าบริการหลายสิทธิ. 2. เงื่อนไขการตรวจสอบเอกสารหลักฐานการเบิกจ่ายผ่านระบบ e-Claim ยังไม่เพียงพอ.,สปสช. สุ่มตรวจสอบเวชระเบียนที่หน่วยบริการบันทึกข้อมูลไม่ถูกต้องถึงร้อยละ 47.23 และพบธุรกรรมที่ไม่ผ่านเงื่อนไขการตรวจสอบก่อนเบิกจ่ายจำนวนมาก.,1. เสริมสร้างความรู้ความเข้าใจให้แก่บุคลากรที่เกี่ยวข้องกับการบันทึกเวชระเบียน. 2. ปรับปรุงหลักเกณฑ์หรือเงื่อนไขของการตรวจสอบก่อนการเบิกจ่าย (Pre-audit) ให้ครอบคลุมมากขึ้น.,1. สปสช. อาจต้องจ่ายค่าบริการเกินจริง. 2. หน่วยบริการอาจถูกเรียกเงินคืนหรือเบิกจ่ายชดเชยเงินเพิ่ม ทำให้เสียประโยชน์และส่ง ต่อสภาพคล่องทางการเงิน.
FL-2174,ข้อตรวจพบที่ 2 หน่วยบริการในระบบหลักประกันสุขภาพแห่งชาติบางแห่งมีคุณภาพและมาตรฐานการให้บริการสาธารณสุขไม่เป็นไปตามเกณฑ์ที่กำหนด,สำนักงานหลักประกันสุขภาพแห่งชาติ,ระบบหลักประกันสุขภาพ กองทุนหลักประกันสุขภาพแห่งชาติ,2564,บุคลากร/สมรรถนะ,1. หน่วยบริการไม่สามารถพัฒนาปรับปรุงหรือแก้ไขข้อเกณฑ์ที่เกี่ยวกับสถานที่ อุปกรณ์ และบุคลากรได้. 2. สปสช. ไม่มีการติดตามผลการปรับปรุงแก้ไขของหน่วยบริการที่ไม่ผ่านเกณฑ์และผ่านเกณฑ์แบบมีเงื่อนไข.,มีหน่วยบริการบางแห่งไม่ผ่านเกณฑ์การตรวจประเมินเพื่อขึ้นทะเบียน และบางแห่งผ่านเกณฑ์แบบมีเงื่อนไข โดยส่วนใหญ่เป็นหน่วยบริการของรัฐในกระทรวงสาธารณสุข. ประชาชนในพื้นที่ไม่ได้รับการบริการด้านสาธารณสุขอย่างเต็มที่และทั่วถึงทุกด้าน นำไปสู่ความไม่เท่าเทียมในการเข้าถึงและส่งผลต่อคุณภาพบริการสาธารณสุข.,1. จัดทำรายงานสรุปปัญหาของหน่วยบริการที่ไม่ผ่านเกณฑ์และเสนอคณะกรรมการฯ เพื่อวางแผนสนับสนุนทรัพยากร. 2. กำหนดแนวทาง วิธีการ และกรอบระยะเวลาในการติดตามผลการดำเนินการปรับปรุงแก้ไขของหน่วยบริการ.,
FL-2175,ข้อตรวจพบที่ 3 การดำเนินงานกองทุนหลักประกันสุขภาพในระดับท้องถิ่นหรือพื้นที่ไม่เป็นไปตามเป้าหมาย,สำนักงานหลักประกันสุขภาพแห่งชาติ,ระบบหลักประกันสุขภาพ กองทุนหลักประกันสุขภาพแห่งชาติ,2564,กฎระเบียบ/กฎหมาย,1. บุคลากรของ อปท. ขาดความรู้ด้านสาธารณสุขและระเบียบการเบิกจ่ายเงินกองทุนท้องถิ่น. 2. หน่วยบริการขาดบุคลากรที่ทำหน้าที่เป็นผู้ช่วยเหลือดูแลผู้สูงอายุที่มีภาวะพึ่งพิง (Caregiver) ที่มีจำนวนไม่เพียงพอ.,1. กองทุนท้องถิ่นมีเงินคงเหลือจำนวนมากและบางแห่งไม่มีการเบิกจ่ายเงินเพื่อดำเนินโครงการ. 2. การบริการสาธารณสุขสำหรับผู้สูงอายุที่มีภาวะพึ่งพิงไม่เป็นไปตามเป้าหมายการดูแลรายบุคคล.,1. เสริมสร้างความรู้ความเข้าใจเกี่ยวกับระเบียบการเบิกจ่ายเงินกองทุนท้องถิ่นแก่บุคลากรของ อปท. 2. กำหนดแนวทางความร่วมมือกับกระทรวงสาธารณสุขและกรมส่งเสริมการปกครองท้องถิ่นเพื่อแก้ไขปัญหาการขาดแคลน Caregiver.,1. ประชาชนในพื้นที่อาจไม่ได้รับบริการในการดูแลสุขภาพอย่างทั่วถึง. 2. เงินกองทุนที่คงเหลือไม่ได้ถูกนำไปใช้ประโยชน์อย่างคุ้มค่า. 3. ผู้สูงอายุที่มีภาวะพึ่งพิงไม่ได้รับการบริการหรือการดูแลตามสิทธิประโยชน์ที่พึงจะได้รับ ทำให้เกิดความเหลื่อมล้ำในการให้บริการ.
FL-2176,ข้อตรวจพบ 1 ระบบเบิกจ่ายตรงค่ารักษาพยาบาลของข้าราชการ ยังไม่ครอบคลุมสถานพยาบาลของรัฐทั้งประเทศ,สำนักงานหลักประกันสุขภาพแห่งชาติ,ระบบหลักประกันสุขภาพ กองทุนหลักประกันสุขภาพแห่งชาติ,2564,กฎระเบียบ/กฎหมาย,1. การเข้าร่วมระบบเบิกจ่ายตรงเป็นไปตามความสมัครใจ ไม่มีสภาพบังคับทางกฎหมาย. 2. กรมบัญชีกลางยังไม่มีการดำเนินการจัดส่งหรือแจ้งผลการตรวจสอบ Pre Audit และ Post Audit ให้ส่วนราชการเจ้าสังกัดของสถานพยาบาลทราบ. 3. บุคลากรที่รับผิดชอบด้านการเบิกจ่ายเงินของสถานพยาบาลยังขาดความรู้ความเข้าใจในการจัดทำข้อมูล.,มีสถานพยาบาลของรัฐที่เข้าร่วมระบบเบิกจ่ายตรงเพียงร้อยละ 8.53 ของสถานพยาบาลของรัฐทั้งหมด.,1. จัดให้มีการสำรวจข้อมูลหรือประเมินผลสถานพยาบาลเพื่อทราบปัญหาและวางแผนเพื่อจูงใจให้สถานพยาบาลเข้าสู่ระบบเบิกจ่ายตรงเพิ่มขึ้น. 2. จัดให้มีการส่งผลการตรวจสอบ Pre Audit และ Post Audit ให้หน่วยงานเจ้าสังกัดของสถานพยาบาลทราบ. 3. จัดให้มีกระบวนการเสริมสร้างความรู้ความเข้าใจเกี่ยวกับการปฏิบัติงาน.,1. มีความเสี่ยงที่การเบิกจ่ายจะไม่ถูกต้องและเกิดการรั่วไหลของงบประมาณ. 2. ผู้มีสิทธิที่รับบริการต้องทดรองจ่ายค่ารักษาพยาบาลไปก่อน ทำให้ไม่ได้รับความสะดวก. 3. อาจเกิดความเหลื่อมล้ำในการเบิกจ่ายเงินระหว่างสถานพยาบาล. 4. สถานพยาบาลอาจไม่ต้องการเข้าร่วมระบบเบิกจ่ายตรง. 5. สถานพยาบาลที่ไม่ได้รับการตรวจสอบขาดโอกาสได้รับการแนะนำเกี่ยวกับแนวทางปฏิบัติที่ถูกต้อง.
FL-2177,ข้อตรวจพบ 2 สถานพยาบาลจัดทำหลักฐานเพื่อส่งเบิกในระบบเบิกจ่ายตรงไม่ถูกต้อง ไม่ครบถ้วน,สำนักงานหลักประกันสุขภาพแห่งชาติ,ระบบหลักประกันสุขภาพ กองทุนหลักประกันสุขภาพแห่งชาติ,2564,กฎระเบียบ/กฎหมาย,1. การเข้าร่วมระบบเบิกจ่ายตรงเป็นไปตามความสมัครใจ ไม่มีสภาพบังคับทางกฎหมาย. 2. กรมบัญชีกลางยังไม่มีการดำเนินการจัดส่งหรือแจ้งผลการตรวจสอบ Pre Audit และ Post Audit ให้ส่วนราชการเจ้าสังกัดของสถานพยาบาลทราบ. 3. บุคลากรที่รับผิดชอบด้านการเบิกจ่ายเงินของสถานพยาบาลยังขาดความรู้ความเข้าใจในการจัดทำข้อมูล.,ผลการตรวจสอบก่อนการเบิกจ่าย (Pre Audit) พบข้อมูลการเรียกเก็บไม่ถูกต้อง. ผลการตรวจสอบหลังการเบิกจ่าย (Post Audit) พบการเบิกจ่ายไม่ถูกต้องตามหลักเกณฑ์ และกรมบัญชีกลางต้องเรียกเงินคืนจากสถานพยาบาลจำนวน 414.32 ล้านบาท.,1. จัดให้มีการสำรวจข้อมูลหรือประเมินผลสถานพยาบาลเพื่อทราบปัญหาและวางแผนเพื่อจูงใจให้สถานพยาบาลเข้าสู่ระบบเบิกจ่ายตรงเพิ่มขึ้น. 2. จัดให้มีการส่งผลการตรวจสอบ Pre Audit และ Post Audit ให้หน่วยงานเจ้าสังกัดของสถานพยาบาลทราบ. 3. จัดให้มีกระบวนการเสริมสร้างความรู้ความเข้าใจเกี่ยวกับการปฏิบัติงาน.,1. มีความเสี่ยงที่การเบิกจ่ายจะไม่ถูกต้องและเกิดการรั่วไหลของงบประมาณ. 2. ผู้มีสิทธิที่รับบริการต้องทดรองจ่ายค่ารักษาพยาบาลไปก่อน ทำให้ไม่ได้รับความสะดวก. 3. อาจเกิดความเหลื่อมล้ำในการเบิกจ่ายเงินระหว่างสถานพยาบาล. 4. สถานพยาบาลอาจไม่ต้องการเข้าร่วมระบบเบิกจ่ายตรง. 5. สถานพยาบาลที่ไม่ได้รับการตรวจสอบขาดโอกาสได้รับการแนะนำเกี่ยวกับแนวทางปฏิบัติที่ถูกต้อง.
FL-2178,ข้อตรวจพบที่ 1 การแจ้งขึ้นทะเบียนนายจ้าง การแจ้งขึ้นทะเบียนและแจ้งสิ้นสุดความเป็นผู้ประกันตน และการชำระเงินสมทบกองทุน ของสถานประกอบการ ไม่เป็นไปตามหลักเกณฑ์ที่กฎหมายกำหนด,สำนักงานประกันสังคม,ระบบหลักประกันสุขภาพ กองทุนประกันสังคมและกองทุนเงินทดแทน สำนักงานประกันสังคม,2564,กฎระเบียบ/กฎหมาย,1. สปส. ขาดฐานข้อมูลและระบบสารสนเทศสำหรับการปฏิบัติงานที่เหมาะสม. 2. แนวทางในการปฏิบัติงานไม่มีการเชื่อมโยงข้อมูลภายในส่วนงานอย่างเป็นระบบ. 3. ขาดความเข้มงวดในการบังคับใช้กฎหมายกับสถานประกอบการ.,1. การแจ้งขึ้นทะเบียนนายจ้างและผู้ประกันตนของสถานประกอบการไม่ครบถ้วนและล่าช้า. 2. มีหนี้เงินสมทบค้างชำระจำนวนมากในทั้ง 2 กองทุน.,1. เร่งรัดการดำเนินงานพัฒนาหรือปรับปรุงระบบเทคโนโลยีสารสนเทศ. 2. จัดทำแผนการเชื่อมโยงข้อมูลเพื่อสนับสนุนการปฏิบัติงาน. 3. จัดให้มีการติดตามประเมินผลการปฏิบัติงานของหน่วยปฏิบัติ. 4. ปรับปรุงกลไกและรูปแบบวิธีการในการบังคับใช้กฎหมาย.,1. ผู้ประกันตน/ลูกจ้างไม่ได้รับสิทธิประโยชน์หรือได้รับล่าช้า. 2. การบริหารจัดการการใช้จ่ายเงินกองทุนเป็นไปอย่างไม่ถูกต้อง. 3. การดำเนินงานกองทุนฯ อาจส่ง ต่อเสถียรภาพทางการเงินในระยะยาว.
FL-2179,ข้อตรวจพบที่ 2 ระบบการควบคุมและการติดตามตรวจสอบการขอรับประโยชน์ทดแทนอื่น และเงินทดแทน และการเบิกจ่ายค่าบริการทางการแพทย์ของกองทุนประกันสังคมและกองทุนเงินทดแทน มีจุดอ่อนหรือความเสี่ยงที่ยังไม่สามารถดำเนินการได้อย่างถูกต้องและเหมาะสม,สำนักงานประกันสังคม,ระบบหลักประกันสุขภาพ กองทุนประกันสังคมและกองทุนเงินทดแทน สำนักงานประกันสังคม,2564,ข้อมูล/บันทึก/เอกสาร,1. ระบบเทคโนโลยีสารสนเทศและฐานข้อมูลยังไม่สามารถสนับสนุนการปฏิบัติงานได้อย่างเหมาะสม. 2. ระบบการจัดการข้อมูลเพื่อการเบิกจ่ายค่าบริการทางการแพทย์มีรูปแบบและวิธีการปฏิบัติงานที่แตกต่างกัน. 3. ปัญหาการสื่อสาร ประชาสัมพันธ์กับสถานพยาบาลคู่สัญญาไม่เป็นระบบและชัดเจน. 4. สปส. ยังไม่ได้นำข้อมูลความเสี่ยงที่พบจากผลการตรวจสอบมาใช้ในการวางแผนปรับปรุงพัฒนาระบบ.,1. การวินิจฉัยสั่งจ่ายประโยชน์ทดแทนและเงินทดแทนของหน่วยปฏิบัติไม่ถูกต้อง. 2. การตรวจสอบก่อนการเบิกจ่าย (Pre – audit) พบข้อมูลธุรกรรมที่ไม่ผ่านการอนุมัติเบิกจ่ายจำนวนมาก. 3. การตรวจสอบเวชระเบียนหลังการเบิกจ่าย (Post – audit) พบการบันทึกข้อมูลไม่ถูกต้อง.,1. ปรับปรุงและพัฒนาระบบสารสนเทศที่ใช้ในการปฏิบัติงานให้เหมาะสมและเพียงพอ. 2. ปรับปรุงโครงสร้างงานและบุคลากรของ สปส.. 3. ปรับปรุงแนวทางในการปฏิบัติงานที่เกี่ยวข้องกับการเบิกจ่ายค่าบริการทางการแพทย์. 4. ปรับปรุงหลักเกณฑ์หรือเงื่อนไขการตรวจสอบค่าบริการทางการแพทย์ก่อนการเบิกจ่าย. 5. จัดทำแผนการพัฒนาปรับปรุงระบบการเบิกจ่ายค่าบริการทางการแพทย์. 6. กำหนดแนวทางการปฏิบัติงานแก่สถานพยาบาลคู่สัญญาและหน่วยงานที่เกี่ยวข้อง.,1. สปส. มีการจ่ายประโยชน์ทดแทนและเงินทดแทนไม่ถูกต้อง. 2. สูญเสียเงินกองทุนในกรณีที่ต้องจ่ายค่าบริการทางการแพทย์ให้แก่สถานพยาบาลเกินกว่าที่กำหนด. 3. บุคลากรของ สปส. ไม่ได้รับการพัฒนาให้การปฏิบัติงานมีประสิทธิภาพ. 4. สถานพยาบาลคู่สัญญาอาจขาดสภาพคล่องทางการเงิน. 5. ผู้ประกันตนได้รับประโยชน์ทดแทนและการบริการทางการแพทย์ที่ไม่ถูกต้อง.
FL-2180,ข้อสังเกต สถานพยาบาลคู่สัญญาในระบบประกันสังคมมีแนวโน้มลดลงทุกปี ส่งผลต่อการเข้าถึงหรือความสะดวกในการรับบริการทางการแพทย์ของผู้ประกันตน,สำนักงานประกันสังคม,ระบบหลักประกันสุขภาพ กองทุนประกันสังคมและกองทุนเงินทดแทน สำนักงานประกันสังคม,2564,ติดตาม/ประเมินผล/กำกับ,1. สถานพยาบาลคู่สัญญาขาดการสนับสนุน ส่งเสริม และการควบคุมและกำกับสถานพยาบาลเครือข่าย. 2. สปส. ขาดการดำเนินการติดตามการดำเนินงานของสถานพยาบาลคู่สัญญา. 3. ระบบการปฏิบัติงานของ สปส. ขาดความชัดเจนในเรื่องของกรอบระยะเวลาการดำเนินงาน.,สถานพยาบาลคู่สัญญาและสถานพยาบาลเครือข่ายในระบบประกันสังคมมีแนวโน้มลดลงทุกปี ขณะที่ผู้ประกันตนมีจำนวนเพิ่มขึ้น. ผู้ประกันตนเสียโอกาสในการเข้าถึงบริการสุขภาพที่สะดวกและรวดเร็ว และเกิดความเหลื่อมล้ำในการรับบริการสาธารณสุข.,สำรวจสภาพปัญหาการดำเนินงานและการบริหารจัดการของสถานพยาบาลคู่สัญญา.,
FL-2181,ข้อตรวจพบที่ 1 การพิจารณาให้เงินสงเคราะห์ไม่เป็นมาตรฐานเดียวกัน และส่วนใหญ่ไม่มีการติดตามประเมินผลเชิงคุณภาพหลังการจ่ายเงิน,กรมพัฒนาสังคมและสวัสดิการ,โครงการส่งเสริมและพัฒนาศักยภาพคนไร้ที่พึ่งและคนขอทาน,2565,กฎระเบียบ/กฎหมาย,1. ระเบียบที่เกี่ยวข้องมีหลักเกณฑ์การจ่ายเงินที่ยังไม่ครอบคลุมในบางกรณี. 2. หน่วยงานส่วนกลางยังไม่ได้ประกาศใช้หลักเกณฑ์การช่วยเหลือเงินสงเคราะห์. 3. หน่วยงานส่วนกลางไม่ได้กำหนดบทบาทหน้าที่ให้หน่วยงานระดับพื้นที่ดำเนินการติดตามผล. 4. บุคลากรของศูนย์คุ้มครองคนไร้ที่พึ่งมีจำนวนไม่เพียงพอสำหรับการติดตามผล.,1. ศูนย์คุ้มครองคนไร้ที่พึ่งแต่ละแห่งมีอัตราการจ่ายเงินสงเคราะห์และหลักเกณฑ์อายุแตกต่างกัน. 2. ส่วนใหญ่ไม่มีการจัดทำแผนการลงพื้นที่เพื่อตรวจติดตามผลเชิงคุณภาพหลังการจ่ายเงิน.,1. ทบทวนและปรับปรุงหลักเกณฑ์แนวทางการจ่ายเงินสงเคราะห์ให้มีความครอบคลุมและรัดกุม. 2. เร่งสรุปความเห็นของศูนย์คุ้มครองคนไร้ที่พึ่งต่อแบบฟอร์มหลักเกณฑ์การช่วยเหลือเงินสงเคราะห์. 3. สั่งการให้มีการติดตามผลการดำเนินงานเชิงคุณภาพหลังการจ่ายเงิน. 4. สำรวจสภาพปัญหาของการติดตามผลการดำเนินงานเชิงคุณภาพโดยอาจขอความร่วมมืออาสาสมัคร.,1. เกิดความเหลื่อมล้ำในการพิจารณาให้เงินที่แตกต่างกัน. 2. ผู้ปฏิบัติงานขาดความมั่นใจในการเบิกจ่ายเงิน. 3. ไม่ทราบผลการดำเนินงานเชิงคุณภาพว่าเงินสงเคราะห์ช่วยบรรเทาความเดือดร้อนได้จริงหรือไม่. 4. หน่วยงานส่วนกลางขาดข้อมูลในการวิเคราะห์และวางแผนเพื่อแก้ไขปัญหา.
FL-2182,ข้อตรวจพบที่ 2 การคุ้มครองคนไร้ที่พึ่งและคนขอทานไม่ตรงตามกลุ่มเป้าหมาย และไม่สามารถสนับสนุนการเข้าถึงสิทธิสวัสดิการสังคมที่เหมาะสม,กรมพัฒนาสังคมและสวัสดิการ,โครงการส่งเสริมและพัฒนาศักยภาพคนไร้ที่พึ่งและคนขอทาน,2565,กฎระเบียบ/กฎหมาย,1. ศูนย์คุ้มครองคนไร้ที่พึ่งไม่สามารถประสานส่งต่อผู้ใช้บริการไปยังหน่วยงานที่รับผิดชอบตามกฎหมายเฉพาะได้. 2. การจัดกิจกรรมส่งเสริมและพัฒนาศักยภาพยังขาดความชัดเจนและหน่วยงานไม่มีความพร้อมด้านอาคาร สถานที่ และบุคลากร.,1. ผู้ใช้บริการส่วนใหญ่ไม่ตรงกลุ่มเป้าหมายตามภารกิจหน้าที่ของหน่วยงาน. 2. ไม่สามารถสนับสนุนให้ผู้ใช้บริการเข้าถึงสิทธิสวัสดิการสังคมที่เหมาะสมได้.,1. หารือและบูรณาการทำงานร่วมกับหน่วยงานที่รับผิดชอบกลุ่มเป้าหมายที่มีกฎหมายเฉพาะให้การคุ้มครองเพื่อกำหนดแนวทางที่ชัดเจน. 2. กำหนดแนวทางในการจัดกิจกรรมในการส่งเสริมและพัฒนาศักยภาพผู้ใช้บริการที่เป็นมาตรฐานเดียวกันจากส่วนกลาง.,1. คนไร้ที่พึ่งที่เป็นกลุ่มเป้าหมายที่แท้จริงปฏิเสธการเข้ารับการคุ้มครอง. 2. ผู้ใช้บริการยังไม่ได้รับสิทธิสวัสดิการที่เหมาะสม ทำให้เกิดความเหลื่อมล้ำ. 3. การใช้จ่ายเงินงบประมาณขาดประสิทธิภาพ.
FL-2183,ข้อตรวจพบที่ 3 การบันทึกข้อมูลการจ่ายเงินอุดหนุนเงินสงเคราะห์ในระบบงานบริการทางสังคมไม่ถูกต้อง ไม่ครบถ้วน และไม่เป็นปัจจุบัน,กรมพัฒนาสังคมและสวัสดิการ,โครงการส่งเสริมและพัฒนาศักยภาพคนไร้ที่พึ่งและคนขอทาน,2565,บุคลากร/สมรรถนะ,1. ความผิดพลาดของเจ้าหน้าที่ในการบันทึกข้อมูลลงระบบ. 2. การสอบทานและตรวจสอบข้อมูลที่บันทึกในระบบงานบริการทางสังคมยังไม่รอบคอบและถี่ถ้วน.,การบันทึกข้อมูลการจ่ายเงินอุดหนุนเงินสงเคราะห์ในระบบงานบริการทางสังคมไม่ถูกต้อง ไม่ครบถ้วน และไม่เป็นปัจจุบัน. ข้อมูลในระบบไม่มีความน่าเชื่อถือและไม่สามารถนำไปใช้งานได้อย่างมีประสิทธิภาพ. อาจเกิดความเสี่ยงต่อความไม่โปร่งใสในการดำเนินงาน.,สั่งการให้หน่วยงานระดับพื้นที่สอบทานข้อมูลที่บันทึกในระบบให้มีความถูกต้อง ครบถ้วน และเป็นปัจจุบัน.,
FL-2184,ข้อตรวจพบที่ 1 ผลการดำเนินงานตามโครงการไม่เป็นไปตามแผนที่กำหนด,สถาบันพัฒนาองค์กรชุมชน (องค์การมหาชน),โครงการผู้มีรายได้น้อยในเมืองและชนบทมีความมั่นคงในที่อยู่อาศัย,2565,ข้อมูล/บันทึก/เอกสาร,1. ขาดฐานข้อมูลหรือศูนย์รวมข้อมูลกลุ่มเป้าหมายการดำเนินงานที่เป็นระบบ. 2. พอช. และกลไกเครือข่ายที่เกี่ยวข้องไม่มีบทบาทเพื่อบูรณาการการทำงานร่วมกับคณะทำงานด้านการแก้ไขปัญหาที่ดิน. 3. ไม่มีการบันทึกรายงานผลความคืบหน้าและสถานภาพการดำเนินงานในระบบสารสนเทศที่เป็นระบบ. 4. ปัญหา อุปสรรค และข้อจำกัดในการจัดตั้งสหกรณ์ การบริหารจัดการสหกรณ์ และการออมเงินของสมาชิก. 5. กลุ่มเป้าหมายบางแห่งขาดความเชื่อมั่นต่อการเข้าร่วมโครงการ.,1. ผลการดำเนินงานต่ำกว่าเป้าหมายที่กำหนดไว้ โดยเฉพาะโครงการบ้านมั่นคงและโครงการชุมชนริมคลอง. 2. การดำเนินโครงการล่าช้ากว่าระยะเวลาที่กำหนดไว้.,1. กำหนดแผนการจัดทำระบบฐานข้อมูลกลุ่มเป้าหมายในระดับจังหวัดและระดับภูมิภาค. 2. จัดให้มีกลไกในการบูรณาการประสานความร่วมมือในระดับพื้นที่เพื่อแก้ไขปัญหาที่ดินและที่อยู่อาศัย. 3. จัดให้มีระบบสารสนเทศที่ใช้ในการบันทึกรายงานผลความคืบหน้าและสถานภาพการดำเนินงาน. 4. จัดให้มีการส่งเสริมความรู้ความเข้าใจและการพัฒนาการบริหารงานขององค์กรผู้เสนอโครงการ. 5. ส่งเสริมให้มีการประชาสัมพันธ์เพื่อเสริมสร้างการรับรู้ความเข้าใจเกี่ยวกับหลักการและแนวทางการดำเนินงาน.,1. กลุ่มเป้าหมายผู้มีรายได้น้อยขาดโอกาสในการเข้าถึงที่อยู่อาศัย. 2. เกิดการเสียโอกาสในการใช้จ่ายงบประมาณเพื่อแก้ไขปัญหาที่อยู่อาศัย. 3. ส่งผลต่อความเชื่อมั่นของโครงการและเสี่ยงต่อการบริหารจัดการเงินงบประมาณขององค์กรผู้เสนอโครงการ.
FL-2185,ข้อตรวจพบที่ 2 การพิจารณาสิทธิ์ และการเบิกจ่ายเงินงบประมาณเพื่อดำเนินงานตามโครงการ ยังมีจุดอ่อนหรือความเสี่ยงที่ยังไม่สามารถดำเนินการได้อย่างถูกต้อง,สถาบันพัฒนาองค์กรชุมชน (องค์การมหาชน),โครงการผู้มีรายได้น้อยในเมืองและชนบทมีความมั่นคงในที่อยู่อาศัย,2565,การเงิน/พัสดุ,1. พอช. ขาดฐานข้อมูลและกลไกในการสอบทานหรือตรวจสอบความถูกต้องที่ใช้ในการพิจารณารับรองสิทธิ์กลุ่มเป้าหมาย. 2. พอช. มีการติดตามตรวจสอบการเบิกจ่ายงบประมาณที่ยังไม่รัดกุมและเพียงพอ. 3. องค์กรผู้เสนอโครงการยังขาดความพร้อมในการดำเนินงานโครงการให้มีประสิทธิภาพและยังมีปัญหาอุปสรรคที่สำคัญ.,ข้อมูลสำคัญที่ใช้ประกอบการพิจารณา. 2. การเบิกจ่ายเงินงบประมาณเพื่อดำเนินงานโครงการยังขาดความรัดกุม.,1. กำหนดให้มีแนวทางและระบบการจัดเก็บฐานข้อมูลกลุ่มรายชื่อผู้รับผลประโยชน์และครัวเรือนเป้าหมาย. 2. จัดให้มีระบบการติดตาม สอบทานและตรวจสอบการเบิกจ่ายงบประมาณที่รัดกุมและเพียงพอ. 3. จัดให้มีกิจกรรมการพัฒนาศักยภาพและความรู้ความเข้าใจด้านการบริหารจัดการและการจัดทำรายงานทางการเงินและบัญชี.,1. กลุ่มเป้าหมายที่ได้รับความช่วยเหลืออาจไม่ใช่กลุ่มเป้าหมายที่แท้จริง. 2. เกิดความเสี่ยงต่อความไม่โปร่งใสในการใช้จ่ายงบประมาณ. 3. การดำเนินงานโครงการล่าช้าและขาดความต่อเนื่อง.
FL-2186,ข้อตรวจพบ การดำเนินโครงการให้เอกชนร่วมลงทุนในกิจการของการประปาส่วนภูมิภาคไม่บรรลุวัตถุประสงค์,การประปาส่วนภูมิภาค,การให้เอกชนร่วมลงทุนในกิจการของรัฐ โครงการให้สิทธิดำเนินการผลิตและจำหน่ายน้ำประปา ของการประปาส่วนภูมิภาค,2565,การควบคุมภายใน/ความเสี่ยง,1. การศึกษาและวิเคราะห์โครงการไม่ครอบคลุมความเสี่ยงที่ส่ง,1. การบริหารจัดการน้ำสูญเสียไม่เป็นไปตามเป้าหมาย. 2. การกำหนดกำลังการผลิตและปริมาณซื้อน้ำขั้นต่ำไม่ได้พิจารณาถึงการลดน้ำสูญเสีย. 3. รูปแบบการปรับราคาซื้อน้ำไม่สอดคล้องกับการปรับราคาจำหน่ายน้ำ. 4. คุณภาพแหล่งน้ำดิบที่ กปภ. จัดหาไม่มีคุณภาพตามมาตรฐาน.,1. ศึกษาและวิเคราะห์ความเสี่ยงของโครงการให้ครอบคลุม. 2. สำรวจปัญหาและความเสี่ยงในขั้นตอนที่ กปภ. รับผิดชอบ.,1. กปภ. มีภาระต้นทุนจากการดำเนินงานเพิ่มขึ้นจากปัญหาน้ำสูญเสีย. 2. การไม่พิจารณาการลดน้ำสูญเสียก่อนขยายกำลังการผลิตอาจทำให้เกิดต้นทุนเพิ่มขึ้นหรือกำลังการผลิตสูงเกินความจำเป็น. 3. กปภ. ไม่สามารถดำเนินการให้ผ่านตัวชี้วัดผลการดำเนินงานรัฐวิสาหกิจ. 4. น้ำประปาที่ไม่ได้มาตรฐานอาจส่ง ต่อสุขภาพประชาชนในระยะยาว. 5. กปภ. มีต้นทุนเพิ่มขึ้นจากการซื้อน้ำดิบเพิ่มเติมมาผสมเพื่อปรับปรุงคุณภาพ. ต่อผลสัมฤทธิ์. 2. กปภ. สาขาขาดความพร้อมในการดำเนินการบริหารจัดการน้ำสูญเสีย.
FL-2187,ข้อตรวจพบ การดำเนินกิจกรรมในโครงการ ยังไม่ส่งเสริม สนับสนุนบทบาทของ อสม. ให้บรรลุผลสำเร็จตามวัตถุประสงค์ที่กำหนดไว้,กรมสนับสนุนบริการสุขภาพ,โครงการค่าตอบแทน เยียวยา ชดเชย และเสี่ยงภัย สำหรับการปฏิบัติงานของอาสาสมัครสาธารณสุขประจำหมู่บ้าน (อสม.) ในการเฝ้าระวัง ป้องกัน และควบคุมโรคติดเชื้อไวรัสโคโรนา ๒๐๑๙ ในชุมชน,2566,,โครงการจัดทำขึ้นในลักษณะที่คล้ายคลึงกับการจ่ายเงินค่าป่วยการ อสม. ที่เบิกจ่ายกันอยู่แล้วทุกเดือนเพื่อเสนอขออนุมัติเงินกู้.,กิจกรรมเดียวที่ใช้จ่ายเงินคือการเบิกจ่ายค่าตอบแทนให้ อสม. ซึ่งไม่มีกิจกรรมอื่นใดที่แสดงถึงการเพิ่มศักยภาพหรือความสามารถของ อสม. ที่เชื่อมโยงกับวัตถุประสงค์ของโครงการ. การเบิกจ่ายเงินไม่เชื่อมโยงกับการบรรลุผลสำเร็จตามวัตถุประสงค์ของโครงการ แต่ส่งผลด้านขวัญกำลังใจของผู้ปฏิบัติงานเท่านั้น.,หากในอนาคตมีสถานการณ์ระบาดของโรคติดต่ออุบัติใหม่ ควรพิจารณาทบทวนการจัดทำข้อเสนอโครงการให้กิจกรรมมีความเชื่อมโยงและสนับสนุนต่อวัตถุประสงค์อย่างชัดเจน.,
FL-2188,ข้อสังเกต การจัดทำหลักฐานการเบิกจ่ายเงินค่าตอบแทน เยียวยา ชดเชย และเสี่ยงภัย มีสาระสำคัญไม่เป็นไปตามที่กำหนดในข้อเสนอโครงการ,กรมสนับสนุนบริการสุขภาพ,โครงการค่าตอบแทน เยียวยา ชดเชย และเสี่ยงภัย สำหรับการปฏิบัติงานของอาสาสมัครสาธารณสุขประจำหมู่บ้าน (อสม.) ในการเฝ้าระวัง ป้องกัน และควบคุมโรคติดเชื้อไวรัสโคโรนา ๒๐๑๙ ในชุมชน,2566,ข้อมูล/บันทึก/เอกสาร,1. ขาดความชัดเจนในการกำหนดหลักเกณฑ์ เงื่อนไข และวิธีการเบิกจ่ายเงิน. 2. ขาดการเชื่อมโยงข้อมูลระหว่างฐานข้อมูลที่ใช้ในการเบิกจ่ายและฐานข้อมูลในการรายงานผลการปฏิบัติงาน.,ของเอกสารหลักฐานผลการปฏิบัติงานเพิ่มเติมที่ใช้ประกอบการเบิกจ่าย และข้อมูลการรายงานผลในระบบสารสนเทศงานสุขภาพภาคประชาชนไม่ครบถ้วน.,1. ทบทวนหลักเกณฑ์ เงื่อนไข และวิธีการในการจ่ายเงินค่าตอบแทนให้เกิดความชัดเจนในการรายงานผลการปฏิบัติงาน. 2. ปรับปรุงและพัฒนาระบบสารสนเทศงานสุขภาพภาคประชาชนให้เชื่อมโยงและสอดคล้องกับระบบบูรณาการฐานข้อมูลสวัสดิการสังคม.,1. ขาดหลักฐานประกอบการเบิกจ่ายเงินค่าตอบแทนและไม่สามารถตรวจสอบการปฏิบัติงานด้าน COVID-19 ของ อสม. ได้. 2. มีความเสี่ยงในการเบิกจ่ายเงินค่าตอบแทนให้กับ อสม. ที่ไม่ได้ปฏิบัติงานจริง. 3. ขาดข้อมูลสำคัญในการวิเคราะห์ความคุ้มค่าของการจ่ายเงิน.
FL-2189,ข้อตรวจพบ การเตรียมความพร้อมด้านครุภัณฑ์ทางการแพทย์ และสิ่งก่อสร้างของหน่วยบริการสุขภาพไม่ทันกาลกับสถานการณ์การแพร่ระบาดของโรคติดเชื้อโควิด – 19,สำนักงานปลัดกระทรวงสาธารณสุข,การพัฒนาศักยภาพระบบบริการสุขภาพของหน่วยบริการ เพื่อรองรับสถานการณ์การแพร่ระบาดของโรคติดเชื้อไวรัสโคโรนา ๒๐๑๙,2566,กฎระเบียบ/กฎหมาย,1. กระบวนการเสนอขออนุมัติงบประมาณใช้เวลานาน. 2. ผู้ปฏิบัติงานไม่มั่นใจในการดำเนินการตามกฎหมายและระเบียบ. 3. กระบวนการพิจารณากลั่นกรองข้อเสนอโครงการขาดข้อมูลข้อเท็จจริง. 4. ขาดกระบวนการหรือกลไกในการทบทวนความต้องการและความจำเป็นก่อนการพิจารณาจัดสรรครุภัณฑ์.,1. การจัดซื้อครุภัณฑ์ทางการแพทย์มีความล่าช้า และไม่เป็นไปตามแผนการดำเนินงาน. 2. การปรับปรุงสิ่งก่อสร้างไม่เป็นไปตามกรอบระยะเวลาและแผนการดำเนินงาน. 3. หน่วยบริการสุขภาพบางแห่งได้รับจัดสรรครุภัณฑ์ทางการแพทย์ไม่สอดคล้องกับบทบาทภารกิจและเกินความต้องการ. 4. โครงการไม่สอดคล้องกับมาตรการคัดแยกผู้ป่วยที่เปลี่ยนแปลงไป. การใช้ประโยชน์จากครุภัณฑ์ทางการแพทย์และการจัดเตรียมพื้นที่ล่าช้า คลาดเคลื่อนไปจากเป้าหมายที่คาดการณ์ไว้.,1. จัดให้มีระบบสารสนเทศเพื่อการบริหารงานทรัพยากรสุขภาพเชิงพื้นที่ของประเทศ. 2. สำรวจและทบทวนความเหมาะสมของรายการครุภัณฑ์ทางการแพทย์ที่หน่วยบริการแต่ละแห่งได้รับการจัดสรร. 3. ถอดบทเรียนจากการดำเนินงานที่ผ่านมาเพื่อพัฒนากลไกการบริหารจัดการ.,
FL-2190,ข้อตรวจพบที่ 1 การดำเนินงานโครงการไม่เป็นไปตามแผนงาน และครุภัณฑ์ที่จัดซื้อบางรายการยังไม่ได้นำไปใช้ในการรับมือสถานการณ์ฉุกเฉินจากการระบาดของโรคติดเชื้อไวรัสโคโรนา 2019 ได้อย่างทันกาล,สำนักงานปลัดกระทรวงสาธารณสุข กรมควบคุมโรค,โครงการด้านสาธารณสุขเพื่อรับมือสถานการณ์ฉุกเฉิน อันเนื่องมาจากการระบาดของโรคติดเชื้อไวรัสโคโรนา 2019,2566,บุคลากร/สมรรถนะ,1. กระบวนการเสนอขออนุมัติโครงการมีการกลั่นกรองหลายขั้นตอนและใช้ระยะเวลานาน. 2. ครุภัณฑ์ที่จัดหาหลายรายการมีลักษณะเฉพาะและบุคลากรที่มีความเชี่ยวชาญมีจำกัด.,1. การดำเนินงานโครงการล่าช้าและไม่ทันกาล. 2. การจัดซื้อครุภัณฑ์บางรายการมีการขอยกเลิกหรือคืนเงิน. 3. ครุภัณฑ์บางรายการยังไม่มีการใช้ประโยชน์.,1. ทบทวนสถานการณ์หรือถอดบทเรียนเพื่อวางแผนสำหรับภาวะฉุกเฉินในอนาคต. 2. วางแผนการจัดอบรมความรู้เกี่ยวกับกระบวนการจัดซื้อจัดจ้างแก่เจ้าหน้าที่ที่เกี่ยวข้อง. 3. ดำเนินการโอนครุภัณฑ์ที่ยังไม่ได้ใช้ประโยชน์และจัดทำแผนการใช้ประโยชน์สำหรับครุภัณฑ์ที่ยังไม่ส่งมอบ.,1. หน่วยงานไม่สามารถบริหารจัดการโครงการให้เป็นไปตามวัตถุประสงค์ของการใช้จ่ายเงินตาม พ.ร.ก. กู้เงินฯ. 2. ประสิทธิภาพและประสิทธิผลด้านการเฝ้าระวัง ป้องกัน และควบคุมโรคลดลง. 3. เกิดความเสี่ยงที่ครุภัณฑ์ไม่ได้ถูกนำไปใช้งานตามวัตถุประสงค์. 4. เกิดค่าเสียโอกาสในการใช้จ่ายเงินตาม พ.ร.ก. กู้เงินฯ.
FL-2191,ข้อตรวจพบที่ 2 การพัฒนาระบบสารสนเทศยังไม่สามารถเชื่อมต่อข้อมูลเพื่อการเฝ้าระวัง ป้องกัน และควบคุมโรคติดเชื้อไวรัสโคโรนา 2019 ได้อย่างทั่วถึง,สำนักงานปลัดกระทรวงสาธารณสุข กรมควบคุมโรค,โครงการด้านสาธารณสุขเพื่อรับมือสถานการณ์ฉุกเฉิน อันเนื่องมาจากการระบาดของโรคติดเชื้อไวรัสโคโรนา 2019,2566,ข้อมูล/บันทึก/เอกสาร,1. ระบบสารสนเทศของสถานพยาบาลบางแห่งไม่รองรับการเชื่อมต่อข้อมูล. 2. กรมควบคุมโรคยังไม่ได้จัดทำบันทึกข้อตกลงร่วมกันในการขอเชื่อมต่อข้อมูลกับหน่วยงานนอกสังกัด. 3. การเตรียมความพร้อมด้านสารสนเทศสำหรับการคัดกรองผู้ป่วยผ่านช่องทางเข้าออกประเทศยังอยู่ในระยะเริ่มต้น.,1. การเชื่อมต่อข้อมูลในระบบการรายงานผู้ป่วยของสถานพยาบาลยังไม่ครบถ้วน. 2. ระบบคัดกรองและติดตามผู้ป่วยผ่านช่องทางเข้าออกประเทศยังไม่สามารถเชื่อมโยงข้อมูลและไม่ครอบคลุมทั่วถึง. การบันทึกข้อมูลให้ครบทุกปัจจัยเสี่ยง. 3. จัดทำบันทึกข้อตกลงร่วมกันในการเชื่อมต่อข้อมูลทางการแพทย์กับหน่วยงานนอกสังกัด. 4. เร่งรัดการโอนย้ายฐานข้อมูลการคัดกรองผู้ผ่านช่องทางเข้าออกประเทศ.,1. เร่งรัดการเชื่อมต่อข้อมูลกับสถานพยาบาลด้วยระบบ API. 2. ปรับปรุง,1. กรมควบคุมโรคได้รับข้อมูลไม่ครบถ้วน ทำให้การพยากรณ์และยับยั้งการระบาดเกิดความล่าช้า. 2. เกิดความยุ่งยากในการขอใช้ข้อมูลระหว่างหน่วยงาน. 3. ด่านควบคุมโรคขาดข้อมูลเพื่อเฝ้าระวัง ป้องกัน และควบคุมโรคที่เป็นปัจจุบัน.
FL-2192,ข้อสังเกต การพัฒนาและยกระดับสมรรถนะด่านควบคุมโรคติดต่อระหว่างประเทศ ยังไม่เพียงพอในการเฝ้าระวัง ป้องกัน และควบคุมโรค เพื่อรับมือสถานการณ์ฉุกเฉิน,สำนักงานปลัดกระทรวงสาธารณสุข กรมควบคุมโรค,โครงการด้านสาธารณสุขเพื่อรับมือสถานการณ์ฉุกเฉิน อันเนื่องมาจากการระบาดของโรคติดเชื้อไวรัสโคโรนา 2019,2566,ข้อมูล/บันทึก/เอกสาร,1. ขาดข้อมูลที่มากเพียงพอและแม่นตรงต่อการคาดการณ์สถานการณ์ที่จะเกิดขึ้นในอนาคต. 2. ศักยภาพของด่านควบคุมโรคที่ออกแบบไว้ไม่เพียงพอต่อการเฝ้าระวังและคัดกรองผู้เดินทางในสถานการณ์ฉุกเฉิน.,มีปัญหาด้านอัตรากำลังของเจ้าหน้าที่ไม่เพียงพอ ปัญหาด้านโครงสร้างพื้นฐาน และปัญหาความไม่เพียงพอของเครื่องมืออุปกรณ์ต่างๆ. การปฏิบัติงานคัดกรองผู้เดินทางผ่านช่องทางเข้าออกประเทศมีประสิทธิภาพและประสิทธิผลลดลง.,1. ทบทวนบทบาทหน้าที่ภารกิจและโครงสร้างอัตรากำลัง รวมถึงแผนการจัดหาเครื่องมืออุปกรณ์. 2. จัดทำแผนพัฒนาศักยภาพบุคลากรประจำด่านควบคุมโรคติดต่อระหว่างประเทศอย่างเป็นระบบ.,
FL-2193,ข้อตรวจพบ การให้บริการชุดตรวจ ATK ให้แก่ประชาชนผ่านระบบแอปพลิเคชันมีปัญหาหรือข้อจำกัดของการใช้งานในบางกรณี,สำนักงานหลักประกันสุขภาพแห่งชาติ องค์การเภสัชกรรม,การจัดหาชุดตรวจ COVID–19 ประเภท Rapid Antigen หรือ Antigen Test Kits แบบตรวจหาแอนติเจนด้วยตัวเอง ตามแผนการจัดหาภายใต้โครงการยา เวชภัณฑ์ และอุปกรณ์ทางการแพทย์ที่จำเป็นตามโครงการพิเศษ ปี ๒๕๖๔,2566,บุคลากร/สมรรถนะ,1. ระบบแอปพลิเคชันยากต่อการใช้งานในช่วงแรก ทำให้บุคลากรและประชาชนยังไม่มีความรู้ความเข้าใจ. 2. ระบบแอปพลิเคชันพัฒนาขึ้นเพื่อรองรับภารกิจเฉพาะหน้าในสถานการณ์เร่งด่วน ทำให้ไม่ครอบคลุมความต้องการใช้งานอย่างครบถ้วน.,1. การใช้งานระบบแอปพลิเคชันของธนาคารกรุงไทยมีปัญหาหรือข้อจำกัดในขั้นตอนการลงทะเบียน การแจกชุดตรวจ ATK และการติดตามผลการดำเนินงาน. 2. มีการแจกชุดตรวจ ATK จำนวนน้อยเมื่อเทียบกับจำนวนที่หน่วยบริการได้รับจัดสรร. 3. ระบบไม่สามารถแสดงผลการแจกชุดตรวจ ATK ของหน่วยบริการลูกข่ายได้.,1. หากมีการให้บริการสาธารณสุขผ่านระบบอิเล็กทรอนิกส์ ควรปรับปรุงพัฒนาระบบให้ง่ายต่อการใช้งาน. 2. มอบหมายให้หน่วยงานในพื้นที่จัดให้มีการประชาสัมพันธ์ให้ความรู้และเพิ่มช่องทางในการสอบถาม. 3. ทบทวนปัญหาอุปสรรคเพื่อนำไปสู่การออกแบบและพัฒนาระบบอิเล็กทรอนิกส์สำหรับบริการสาธารณสุขในอนาคต.,1. ประชาชนกลุ่มเป้าหมายบางส่วนมีข้อจำกัดในการเข้าถึงบริการตรวจคัดกรอง. 2. หน่วยบริการต้องใช้เวลาเตรียมความพร้อมเพื่อแจกชุดตรวจนาน.
FL-2194,ข้อตรวจพบ ครุภัณฑ์ที่จัดซื้อจัดจ้างของโครงการพัฒนาระบบสื่อสารสั่งการศูนย์ EOC บางรายการไม่มีการใช้ประโยชน์,สำนักงานปลัดกระทรวงสาธารณสุข กรมควบคุมโรค,โครงการด้านสาธารณสุขเพื่อรับมือสถานการณ์ฉุกเฉิน อันเนื่องมาจากการระบาดของโรคติดเชื้อไวรัสโคโรนา 2019,2566,การเงิน/พัสดุ,1. การกำหนดรายการครุภัณฑ์จากส่วนกลางไม่ได้มีการสำรวจความต้องการของสำนักงานเขตสุขภาพ. 2. ขาดการกำกับให้สำนักงานเขตสุขภาพดำเนินการลงบัญชีหรือทะเบียนเพื่อควบคุมพัสดุ และเจ้าหน้าที่พัสดุขาดความรู้ความเข้าใจ. 1. กำชับให้สำนักงานเขตสุขภาพมีการใช้ประโยชน์ครุภัณฑ์และลงบัญชีเพื่อควบคุมพัสดุ. 2. ควรมีการสำรวจ ประเมิน และวิเคราะห์ความสมเหตุสมผลของครุภัณฑ์ที่หน่วยงานผู้ใช้เสนอความต้องการก่อนการจัดหา.,ครุภัณฑ์บางรายการที่จัดซื้อแล้วยังไม่มีการใช้ประโยชน์และไม่มีการลงบัญชีหรือทะเบียนเพื่อควบคุมพัสดุ. 1. ครุภัณฑ์ที่ไม่ได้ใช้ประโยชน์ทำให้เกิดความสูญเปล่าและเป็นการใช้จ่ายเงินที่ไม่คุ้มค่า. 2. ครุภัณฑ์ที่ขาดการลงบัญชีหรือทะเบียนเพื่อควบคุมพัสดุอาจเกิดการสูญหาย.,,
FL-2195,ข้อตรวจพบที่ 1 การขอเบิกค่าใช้จ่ายเพื่อบริการสาธารณสุขของหน่วยบริการไม่ถูกต้อง ส่งผลให้มีการเบิกจ่ายเงินโดยไม่ถูกต้อง,สำนักงานหลักประกันสุขภาพแห่งชาติ,ระบบหลักประกันสุขภาพ กองทุนหลักประกันสุขภาพแห่งชาติ,2564,ข้อมูล/บันทึก/เอกสาร,1. ความผิดพลาดของผู้ปฏิบัติงานบันทึกเวชระเบียน เช่น ไม่ชำนาญในการให้รหัสโรค หรือสับสนในการบันทึกข้อมูลเพื่อเบิกค่าบริการหลายสิทธิ. 2. เงื่อนไขการตรวจสอบเอกสารหลักฐานการเบิกจ่ายผ่านระบบ e-Claim ยังไม่เพียงพอ.,สปสช. สุ่มตรวจสอบเวชระเบียนที่หน่วยบริการบันทึกข้อมูลไม่ถูกต้องถึงร้อยละ 47.23 และพบธุรกรรมที่ไม่ผ่านเงื่อนไขการตรวจสอบก่อนเบิกจ่ายจำนวนมาก.,1. เสริมสร้างความรู้ความเข้าใจให้แก่บุคลากรที่เกี่ยวข้องกับการบันทึกเวชระเบียน. 2. ปรับปรุงหลักเกณฑ์หรือเงื่อนไขของการตรวจสอบก่อนการเบิกจ่าย (Pre-audit) ให้ครอบคลุมมากขึ้น.,1. สปสช. อาจต้องจ่ายค่าบริการเกินจริง. 2. หน่วยบริการอาจถูกเรียกเงินคืนหรือเบิกจ่ายชดเชยเงินเพิ่ม ทำให้เสียประโยชน์และส่ง ต่อสภาพคล่องทางการเงิน.
FL-2196,ข้อตรวจพบที่ 2 หน่วยบริการในระบบหลักประกันสุขภาพแห่งชาติบางแห่งมีคุณภาพและมาตรฐานการให้บริการสาธารณสุขไม่เป็นไปตามเกณฑ์ที่กำหนด,สำนักงานหลักประกันสุขภาพแห่งชาติ,ระบบหลักประกันสุขภาพ กองทุนหลักประกันสุขภาพแห่งชาติ,2564,บุคลากร/สมรรถนะ,1. หน่วยบริการไม่สามารถพัฒนาปรับปรุงหรือแก้ไขข้อเกณฑ์ที่เกี่ยวกับสถานที่ อุปกรณ์ และบุคลากรได้. 2. สปสช. ไม่มีการติดตามผลการปรับปรุงแก้ไขของหน่วยบริการที่ไม่ผ่านเกณฑ์และผ่านเกณฑ์แบบมีเงื่อนไข.,มีหน่วยบริการบางแห่งไม่ผ่านเกณฑ์การตรวจประเมินเพื่อขึ้นทะเบียน และบางแห่งผ่านเกณฑ์แบบมีเงื่อนไข โดยส่วนใหญ่เป็นหน่วยบริการของรัฐในกระทรวงสาธารณสุข. ประชาชนในพื้นที่ไม่ได้รับการบริการด้านสาธารณสุขอย่างเต็มที่และทั่วถึงทุกด้าน นำไปสู่ความไม่เท่าเทียมในการเข้าถึงและส่งผลต่อคุณภาพบริการสาธารณสุข.,1. จัดทำรายงานสรุปปัญหาของหน่วยบริการที่ไม่ผ่านเกณฑ์และเสนอคณะกรรมการฯ เพื่อวางแผนสนับสนุนทรัพยากร. 2. กำหนดแนวทาง วิธีการ และกรอบระยะเวลาในการติดตามผลการดำเนินการปรับปรุงแก้ไขของหน่วยบริการ.,
FL-2197,ข้อตรวจพบที่ 3 การดำเนินงานกองทุนหลักประกันสุขภาพในระดับท้องถิ่นหรือพื้นที่ไม่เป็นไปตามเป้าหมาย,สำนักงานหลักประกันสุขภาพแห่งชาติ,ระบบหลักประกันสุขภาพ กองทุนหลักประกันสุขภาพแห่งชาติ,2564,กฎระเบียบ/กฎหมาย,1. บุคลากรของ อปท. ขาดความรู้ด้านสาธารณสุขและระเบียบการเบิกจ่ายเงินกองทุนท้องถิ่น. 2. หน่วยบริการขาดบุคลากรที่ทำหน้าที่เป็นผู้ช่วยเหลือดูแลผู้สูงอายุที่มีภาวะพึ่งพิง (Caregiver) ที่มีจำนวนไม่เพียงพอ.,1. กองทุนท้องถิ่นมีเงินคงเหลือจำนวนมากและบางแห่งไม่มีการเบิกจ่ายเงินเพื่อดำเนินโครงการ. 2. การบริการสาธารณสุขสำหรับผู้สูงอายุที่มีภาวะพึ่งพิงไม่เป็นไปตามเป้าหมายการดูแลรายบุคคล.,1. เสริมสร้างความรู้ความเข้าใจเกี่ยวกับระเบียบการเบิกจ่ายเงินกองทุนท้องถิ่นแก่บุคลากรของ อปท. 2. กำหนดแนวทางความร่วมมือกับกระทรวงสาธารณสุขและกรมส่งเสริมการปกครองท้องถิ่นเพื่อแก้ไขปัญหาการขาดแคลน Caregiver.,1. ประชาชนในพื้นที่อาจไม่ได้รับบริการในการดูแลสุขภาพอย่างทั่วถึง. 2. เงินกองทุนที่คงเหลือไม่ได้ถูกนำไปใช้ประโยชน์อย่างคุ้มค่า. 3. ผู้สูงอายุที่มีภาวะพึ่งพิงไม่ได้รับการบริการหรือการดูแลตามสิทธิประโยชน์ที่พึงจะได้รับ ทำให้เกิดความเหลื่อมล้ำในการให้บริการ.
FL-2198,ข้อตรวจพบ 1 ระบบเบิกจ่ายตรงค่ารักษาพยาบาลของข้าราชการ ยังไม่ครอบคลุมสถานพยาบาลของรัฐทั้งประเทศ,สำนักงานหลักประกันสุขภาพแห่งชาติ,ระบบหลักประกันสุขภาพ กองทุนหลักประกันสุขภาพแห่งชาติ,2564,กฎระเบียบ/กฎหมาย,1. การเข้าร่วมระบบเบิกจ่ายตรงเป็นไปตามความสมัครใจ ไม่มีสภาพบังคับทางกฎหมาย. 2. กรมบัญชีกลางยังไม่มีการดำเนินการจัดส่งหรือแจ้งผลการตรวจสอบ Pre Audit และ Post Audit ให้ส่วนราชการเจ้าสังกัดของสถานพยาบาลทราบ. 3. บุคลากรที่รับผิดชอบด้านการเบิกจ่ายเงินของสถานพยาบาลยังขาดความรู้ความเข้าใจในการจัดทำข้อมูล.,มีสถานพยาบาลของรัฐที่เข้าร่วมระบบเบิกจ่ายตรงเพียงร้อยละ 8.53 ของสถานพยาบาลของรัฐทั้งหมด.,1. จัดให้มีการสำรวจข้อมูลหรือประเมินผลสถานพยาบาลเพื่อทราบปัญหาและวางแผนเพื่อจูงใจให้สถานพยาบาลเข้าสู่ระบบเบิกจ่ายตรงเพิ่มขึ้น. 2. จัดให้มีการส่งผลการตรวจสอบ Pre Audit และ Post Audit ให้หน่วยงานเจ้าสังกัดของสถานพยาบาลทราบ. 3. จัดให้มีกระบวนการเสริมสร้างความรู้ความเข้าใจเกี่ยวกับการปฏิบัติงาน.,1. มีความเสี่ยงที่การเบิกจ่ายจะไม่ถูกต้องและเกิดการรั่วไหลของงบประมาณ. 2. ผู้มีสิทธิที่รับบริการต้องทดรองจ่ายค่ารักษาพยาบาลไปก่อน ทำให้ไม่ได้รับความสะดวก. 3. อาจเกิดความเหลื่อมล้ำในการเบิกจ่ายเงินระหว่างสถานพยาบาล. 4. สถานพยาบาลอาจไม่ต้องการเข้าร่วมระบบเบิกจ่ายตรง. 5. สถานพยาบาลที่ไม่ได้รับการตรวจสอบขาดโอกาสได้รับการแนะนำเกี่ยวกับแนวทางปฏิบัติที่ถูกต้อง.
FL-2199,ข้อตรวจพบ 2 สถานพยาบาลจัดทำหลักฐานเพื่อส่งเบิกในระบบเบิกจ่ายตรงไม่ถูกต้อง ไม่ครบถ้วน,สำนักงานหลักประกันสุขภาพแห่งชาติ,ระบบหลักประกันสุขภาพ กองทุนหลักประกันสุขภาพแห่งชาติ,2564,กฎระเบียบ/กฎหมาย,1. การเข้าร่วมระบบเบิกจ่ายตรงเป็นไปตามความสมัครใจ ไม่มีสภาพบังคับทางกฎหมาย. 2. กรมบัญชีกลางยังไม่มีการดำเนินการจัดส่งหรือแจ้งผลการตรวจสอบ Pre Audit และ Post Audit ให้ส่วนราชการเจ้าสังกัดของสถานพยาบาลทราบ. 3. บุคลากรที่รับผิดชอบด้านการเบิกจ่ายเงินของสถานพยาบาลยังขาดความรู้ความเข้าใจในการจัดทำข้อมูล.,ผลการตรวจสอบก่อนการเบิกจ่าย (Pre Audit) พบข้อมูลการเรียกเก็บไม่ถูกต้อง. ผลการตรวจสอบหลังการเบิกจ่าย (Post Audit) พบการเบิกจ่ายไม่ถูกต้องตามหลักเกณฑ์ และกรมบัญชีกลางต้องเรียกเงินคืนจากสถานพยาบาลจำนวน 414.32 ล้านบาท.,1. จัดให้มีการสำรวจข้อมูลหรือประเมินผลสถานพยาบาลเพื่อทราบปัญหาและวางแผนเพื่อจูงใจให้สถานพยาบาลเข้าสู่ระบบเบิกจ่ายตรงเพิ่มขึ้น. 2. จัดให้มีการส่งผลการตรวจสอบ Pre Audit และ Post Audit ให้หน่วยงานเจ้าสังกัดของสถานพยาบาลทราบ. 3. จัดให้มีกระบวนการเสริมสร้างความรู้ความเข้าใจเกี่ยวกับการปฏิบัติงาน.,1. มีความเสี่ยงที่การเบิกจ่ายจะไม่ถูกต้องและเกิดการรั่วไหลของงบประมาณ. 2. ผู้มีสิทธิที่รับบริการต้องทดรองจ่ายค่ารักษาพยาบาลไปก่อน ทำให้ไม่ได้รับความสะดวก. 3. อาจเกิดความเหลื่อมล้ำในการเบิกจ่ายเงินระหว่างสถานพยาบาล. 4. สถานพยาบาลอาจไม่ต้องการเข้าร่วมระบบเบิกจ่ายตรง. 5. สถานพยาบาลที่ไม่ได้รับการตรวจสอบขาดโอกาสได้รับการแนะนำเกี่ยวกับแนวทางปฏิบัติที่ถูกต้อง.
FL-2200,ข้อตรวจพบที่ 1 การแจ้งขึ้นทะเบียนนายจ้าง การแจ้งขึ้นทะเบียนและแจ้งสิ้นสุดความเป็นผู้ประกันตน และการชำระเงินสมทบกองทุน ของสถานประกอบการ ไม่เป็นไปตามหลักเกณฑ์ที่กฎหมายกำหนด,สำนักงานประกันสังคม,ระบบหลักประกันสุขภาพ กองทุนประกันสังคมและกองทุนเงินทดแทน สำนักงานประกันสังคม,2564,กฎระเบียบ/กฎหมาย,1. สปส. ขาดฐานข้อมูลและระบบสารสนเทศสำหรับการปฏิบัติงานที่เหมาะสม. 2. แนวทางในการปฏิบัติงานไม่มีการเชื่อมโยงข้อมูลภายในส่วนงานอย่างเป็นระบบ. 3. ขาดความเข้มงวดในการบังคับใช้กฎหมายกับสถานประกอบการ.,1. การแจ้งขึ้นทะเบียนนายจ้างและผู้ประกันตนของสถานประกอบการไม่ครบถ้วนและล่าช้า. 2. มีหนี้เงินสมทบค้างชำระจำนวนมากในทั้ง 2 กองทุน.,1. เร่งรัดการดำเนินงานพัฒนาหรือปรับปรุงระบบเทคโนโลยีสารสนเทศ. 2. จัดทำแผนการเชื่อมโยงข้อมูลเพื่อสนับสนุนการปฏิบัติงาน. 3. จัดให้มีการติดตามประเมินผลการปฏิบัติงานของหน่วยปฏิบัติ. 4. ปรับปรุงกลไกและรูปแบบวิธีการในการบังคับใช้กฎหมาย.,1. ผู้ประกันตน/ลูกจ้างไม่ได้รับสิทธิประโยชน์หรือได้รับล่าช้า. 2. การบริหารจัดการการใช้จ่ายเงินกองทุนเป็นไปอย่างไม่ถูกต้อง. 3. การดำเนินงานกองทุนฯ อาจส่ง ต่อเสถียรภาพทางการเงินในระยะยาว.
FL-2201,ข้อตรวจพบที่ 2 ระบบการควบคุมและการติดตามตรวจสอบการขอรับประโยชน์ทดแทนอื่น และเงินทดแทน และการเบิกจ่ายค่าบริการทางการแพทย์ของกองทุนประกันสังคมและกองทุนเงินทดแทน มีจุดอ่อนหรือความเสี่ยงที่ยังไม่สามารถดำเนินการได้อย่างถูกต้องและเหมาะสม,สำนักงานประกันสังคม,ระบบหลักประกันสุขภาพ กองทุนประกันสังคมและกองทุนเงินทดแทน สำนักงานประกันสังคม,2564,ข้อมูล/บันทึก/เอกสาร,1. ระบบเทคโนโลยีสารสนเทศและฐานข้อมูลยังไม่สามารถสนับสนุนการปฏิบัติงานได้อย่างเหมาะสม. 2. ระบบการจัดการข้อมูลเพื่อการเบิกจ่ายค่าบริการทางการแพทย์มีรูปแบบและวิธีการปฏิบัติงานที่แตกต่างกัน. 3. ปัญหาการสื่อสาร ประชาสัมพันธ์กับสถานพยาบาลคู่สัญญาไม่เป็นระบบและชัดเจน. 4. สปส. ยังไม่ได้นำข้อมูลความเสี่ยงที่พบจากผลการตรวจสอบมาใช้ในการวางแผนปรับปรุงพัฒนาระบบ.,1. การวินิจฉัยสั่งจ่ายประโยชน์ทดแทนและเงินทดแทนของหน่วยปฏิบัติไม่ถูกต้อง. 2. การตรวจสอบก่อนการเบิกจ่าย (Pre – audit) พบข้อมูลธุรกรรมที่ไม่ผ่านการอนุมัติเบิกจ่ายจำนวนมาก. 3. การตรวจสอบเวชระเบียนหลังการเบิกจ่าย (Post – audit) พบการบันทึกข้อมูลไม่ถูกต้อง.,1. ปรับปรุงและพัฒนาระบบสารสนเทศที่ใช้ในการปฏิบัติงานให้เหมาะสมและเพียงพอ. 2. ปรับปรุงโครงสร้างงานและบุคลากรของ สปส.. 3. ปรับปรุงแนวทางในการปฏิบัติงานที่เกี่ยวข้องกับการเบิกจ่ายค่าบริการทางการแพทย์. 4. ปรับปรุงหลักเกณฑ์หรือเงื่อนไขการตรวจสอบค่าบริการทางการแพทย์ก่อนการเบิกจ่าย. 5. จัดทำแผนการพัฒนาปรับปรุงระบบการเบิกจ่ายค่าบริการทางการแพทย์. 6. กำหนดแนวทางการปฏิบัติงานแก่สถานพยาบาลคู่สัญญาและหน่วยงานที่เกี่ยวข้อง.,1. สปส. มีการจ่ายประโยชน์ทดแทนและเงินทดแทนไม่ถูกต้อง. 2. สูญเสียเงินกองทุนในกรณีที่ต้องจ่ายค่าบริการทางการแพทย์ให้แก่สถานพยาบาลเกินกว่าที่กำหนด. 3. บุคลากรของ สปส. ไม่ได้รับการพัฒนาให้การปฏิบัติงานมีประสิทธิภาพ. 4. สถานพยาบาลคู่สัญญาอาจขาดสภาพคล่องทางการเงิน. 5. ผู้ประกันตนได้รับประโยชน์ทดแทนและการบริการทางการแพทย์ที่ไม่ถูกต้อง.
FL-2202,ข้อสังเกต สถานพยาบาลคู่สัญญาในระบบประกันสังคมมีแนวโน้มลดลงทุกปี ส่งผลต่อการเข้าถึงหรือความสะดวกในการรับบริการทางการแพทย์ของผู้ประกันตน,สำนักงานประกันสังคม,ระบบหลักประกันสุขภาพ กองทุนประกันสังคมและกองทุนเงินทดแทน สำนักงานประกันสังคม,2564,ติดตาม/ประเมินผล/กำกับ,1. สถานพยาบาลคู่สัญญาขาดการสนับสนุน ส่งเสริม และการควบคุมและกำกับสถานพยาบาลเครือข่าย. 2. สปส. ขาดการดำเนินการติดตามการดำเนินงานของสถานพยาบาลคู่สัญญา. 3. ระบบการปฏิบัติงานของ สปส. ขาดความชัดเจนในเรื่องของกรอบระยะเวลาการดำเนินงาน.,สถานพยาบาลคู่สัญญาและสถานพยาบาลเครือข่ายในระบบประกันสังคมมีแนวโน้มลดลงทุกปี ขณะที่ผู้ประกันตนมีจำนวนเพิ่มขึ้น. ผู้ประกันตนเสียโอกาสในการเข้าถึงบริการสุขภาพที่สะดวกและรวดเร็ว และเกิดความเหลื่อมล้ำในการรับบริการสาธารณสุข.,สำรวจสภาพปัญหาการดำเนินงานและการบริหารจัดการของสถานพยาบาลคู่สัญญา.,
FL-2203,ข้อตรวจพบที่ 1 การพิจารณาให้เงินสงเคราะห์ไม่เป็นมาตรฐานเดียวกัน และส่วนใหญ่ไม่มีการติดตามประเมินผลเชิงคุณภาพหลังการจ่ายเงิน,กรมพัฒนาสังคมและสวัสดิการ,โครงการส่งเสริมและพัฒนาศักยภาพคนไร้ที่พึ่งและคนขอทาน,2565,กฎระเบียบ/กฎหมาย,1. ระเบียบที่เกี่ยวข้องมีหลักเกณฑ์การจ่ายเงินที่ยังไม่ครอบคลุมในบางกรณี. 2. หน่วยงานส่วนกลางยังไม่ได้ประกาศใช้หลักเกณฑ์การช่วยเหลือเงินสงเคราะห์. 3. หน่วยงานส่วนกลางไม่ได้กำหนดบทบาทหน้าที่ให้หน่วยงานระดับพื้นที่ดำเนินการติดตามผล. 4. บุคลากรของศูนย์คุ้มครองคนไร้ที่พึ่งมีจำนวนไม่เพียงพอสำหรับการติดตามผล.,1. ศูนย์คุ้มครองคนไร้ที่พึ่งแต่ละแห่งมีอัตราการจ่ายเงินสงเคราะห์และหลักเกณฑ์อายุแตกต่างกัน. 2. ส่วนใหญ่ไม่มีการจัดทำแผนการลงพื้นที่เพื่อตรวจติดตามผลเชิงคุณภาพหลังการจ่ายเงิน.,1. ทบทวนและปรับปรุงหลักเกณฑ์แนวทางการจ่ายเงินสงเคราะห์ให้มีความครอบคลุมและรัดกุม. 2. เร่งสรุปความเห็นของศูนย์คุ้มครองคนไร้ที่พึ่งต่อแบบฟอร์มหลักเกณฑ์การช่วยเหลือเงินสงเคราะห์. 3. สั่งการให้มีการติดตามผลการดำเนินงานเชิงคุณภาพหลังการจ่ายเงิน. 4. สำรวจสภาพปัญหาของการติดตามผลการดำเนินงานเชิงคุณภาพโดยอาจขอความร่วมมืออาสาสมัคร.,1. เกิดความเหลื่อมล้ำในการพิจารณาให้เงินที่แตกต่างกัน. 2. ผู้ปฏิบัติงานขาดความมั่นใจในการเบิกจ่ายเงิน. 3. ไม่ทราบผลการดำเนินงานเชิงคุณภาพว่าเงินสงเคราะห์ช่วยบรรเทาความเดือดร้อนได้จริงหรือไม่. 4. หน่วยงานส่วนกลางขาดข้อมูลในการวิเคราะห์และวางแผนเพื่อแก้ไขปัญหา.
FL-2204,ข้อตรวจพบที่ 2 การคุ้มครองคนไร้ที่พึ่งและคนขอทานไม่ตรงตามกลุ่มเป้าหมาย และไม่สามารถสนับสนุนการเข้าถึงสิทธิสวัสดิการสังคมที่เหมาะสม,กรมพัฒนาสังคมและสวัสดิการ,โครงการส่งเสริมและพัฒนาศักยภาพคนไร้ที่พึ่งและคนขอทาน,2565,กฎระเบียบ/กฎหมาย,1. ศูนย์คุ้มครองคนไร้ที่พึ่งไม่สามารถประสานส่งต่อผู้ใช้บริการไปยังหน่วยงานที่รับผิดชอบตามกฎหมายเฉพาะได้. 2. การจัดกิจกรรมส่งเสริมและพัฒนาศักยภาพยังขาดความชัดเจนและหน่วยงานไม่มีความพร้อมด้านอาคาร สถานที่ และบุคลากร.,1. ผู้ใช้บริการส่วนใหญ่ไม่ตรงกลุ่มเป้าหมายตามภารกิจหน้าที่ของหน่วยงาน. 2. ไม่สามารถสนับสนุนให้ผู้ใช้บริการเข้าถึงสิทธิสวัสดิการสังคมที่เหมาะสมได้.,1. หารือและบูรณาการทำงานร่วมกับหน่วยงานที่รับผิดชอบกลุ่มเป้าหมายที่มีกฎหมายเฉพาะให้การคุ้มครองเพื่อกำหนดแนวทางที่ชัดเจน. 2. กำหนดแนวทางในการจัดกิจกรรมในการส่งเสริมและพัฒนาศักยภาพผู้ใช้บริการที่เป็นมาตรฐานเดียวกันจากส่วนกลาง.,1. คนไร้ที่พึ่งที่เป็นกลุ่มเป้าหมายที่แท้จริงปฏิเสธการเข้ารับการคุ้มครอง. 2. ผู้ใช้บริการยังไม่ได้รับสิทธิสวัสดิการที่เหมาะสม ทำให้เกิดความเหลื่อมล้ำ. 3. การใช้จ่ายเงินงบประมาณขาดประสิทธิภาพ.
FL-2205,ข้อตรวจพบที่ 3 การบันทึกข้อมูลการจ่ายเงินอุดหนุนเงินสงเคราะห์ในระบบงานบริการทางสังคมไม่ถูกต้อง ไม่ครบถ้วน และไม่เป็นปัจจุบัน,กรมพัฒนาสังคมและสวัสดิการ,โครงการส่งเสริมและพัฒนาศักยภาพคนไร้ที่พึ่งและคนขอทาน,2565,บุคลากร/สมรรถนะ,1. ความผิดพลาดของเจ้าหน้าที่ในการบันทึกข้อมูลลงระบบ. 2. การสอบทานและตรวจสอบข้อมูลที่บันทึกในระบบงานบริการทางสังคมยังไม่รอบคอบและถี่ถ้วน.,การบันทึกข้อมูลการจ่ายเงินอุดหนุนเงินสงเคราะห์ในระบบงานบริการทางสังคมไม่ถูกต้อง ไม่ครบถ้วน และไม่เป็นปัจจุบัน. ข้อมูลในระบบไม่มีความน่าเชื่อถือและไม่สามารถนำไปใช้งานได้อย่างมีประสิทธิภาพ. อาจเกิดความเสี่ยงต่อความไม่โปร่งใสในการดำเนินงาน.,สั่งการให้หน่วยงานระดับพื้นที่สอบทานข้อมูลที่บันทึกในระบบให้มีความถูกต้อง ครบถ้วน และเป็นปัจจุบัน.,
FL-2206,ข้อตรวจพบที่ 1 ผลการดำเนินงานตามโครงการไม่เป็นไปตามแผนที่กำหนด,สถาบันพัฒนาองค์กรชุมชน (องค์การมหาชน),โครงการผู้มีรายได้น้อยในเมืองและชนบทมีความมั่นคงในที่อยู่อาศัย,2565,ข้อมูล/บันทึก/เอกสาร,1. ขาดฐานข้อมูลหรือศูนย์รวมข้อมูลกลุ่มเป้าหมายการดำเนินงานที่เป็นระบบ. 2. พอช. และกลไกเครือข่ายที่เกี่ยวข้องไม่มีบทบาทเพื่อบูรณาการการทำงานร่วมกับคณะทำงานด้านการแก้ไขปัญหาที่ดิน. 3. ไม่มีการบันทึกรายงานผลความคืบหน้าและสถานภาพการดำเนินงานในระบบสารสนเทศที่เป็นระบบ. 4. ปัญหา อุปสรรค และข้อจำกัดในการจัดตั้งสหกรณ์ การบริหารจัดการสหกรณ์ และการออมเงินของสมาชิก. 5. กลุ่มเป้าหมายบางแห่งขาดความเชื่อมั่นต่อการเข้าร่วมโครงการ.,1. ผลการดำเนินงานต่ำกว่าเป้าหมายที่กำหนดไว้ โดยเฉพาะโครงการบ้านมั่นคงและโครงการชุมชนริมคลอง. 2. การดำเนินโครงการล่าช้ากว่าระยะเวลาที่กำหนดไว้.,1. กำหนดแผนการจัดทำระบบฐานข้อมูลกลุ่มเป้าหมายในระดับจังหวัดและระดับภูมิภาค. 2. จัดให้มีกลไกในการบูรณาการประสานความร่วมมือในระดับพื้นที่เพื่อแก้ไขปัญหาที่ดินและที่อยู่อาศัย. 3. จัดให้มีระบบสารสนเทศที่ใช้ในการบันทึกรายงานผลความคืบหน้าและสถานภาพการดำเนินงาน. 4. จัดให้มีการส่งเสริมความรู้ความเข้าใจและการพัฒนาการบริหารงานขององค์กรผู้เสนอโครงการ. 5. ส่งเสริมให้มีการประชาสัมพันธ์เพื่อเสริมสร้างการรับรู้ความเข้าใจเกี่ยวกับหลักการและแนวทางการดำเนินงาน.,1. กลุ่มเป้าหมายผู้มีรายได้น้อยขาดโอกาสในการเข้าถึงที่อยู่อาศัย. 2. เกิดการเสียโอกาสในการใช้จ่ายงบประมาณเพื่อแก้ไขปัญหาที่อยู่อาศัย. 3. ส่งผลต่อความเชื่อมั่นของโครงการและเสี่ยงต่อการบริหารจัดการเงินงบประมาณขององค์กรผู้เสนอโครงการ.
FL-2207,ข้อตรวจพบที่ 2 การพิจารณาสิทธิ์ และการเบิกจ่ายเงินงบประมาณเพื่อดำเนินงานตามโครงการ ยังมีจุดอ่อนหรือความเสี่ยงที่ยังไม่สามารถดำเนินการได้อย่างถูกต้อง,สถาบันพัฒนาองค์กรชุมชน (องค์การมหาชน),โครงการผู้มีรายได้น้อยในเมืองและชนบทมีความมั่นคงในที่อยู่อาศัย,2565,การเงิน/พัสดุ,1. พอช. ขาดฐานข้อมูลและกลไกในการสอบทานหรือตรวจสอบความถูกต้องที่ใช้ในการพิจารณารับรองสิทธิ์กลุ่มเป้าหมาย. 2. พอช. มีการติดตามตรวจสอบการเบิกจ่ายงบประมาณที่ยังไม่รัดกุมและเพียงพอ. 3. องค์กรผู้เสนอโครงการยังขาดความพร้อมในการดำเนินงานโครงการให้มีประสิทธิภาพและยังมีปัญหาอุปสรรคที่สำคัญ.,ข้อมูลสำคัญที่ใช้ประกอบการพิจารณา. 2. การเบิกจ่ายเงินงบประมาณเพื่อดำเนินงานโครงการยังขาดความรัดกุม.,1. กำหนดให้มีแนวทางและระบบการจัดเก็บฐานข้อมูลกลุ่มรายชื่อผู้รับผลประโยชน์และครัวเรือนเป้าหมาย. 2. จัดให้มีระบบการติดตาม สอบทานและตรวจสอบการเบิกจ่ายงบประมาณที่รัดกุมและเพียงพอ. 3. จัดให้มีกิจกรรมการพัฒนาศักยภาพและความรู้ความเข้าใจด้านการบริหารจัดการและการจัดทำรายงานทางการเงินและบัญชี.,1. กลุ่มเป้าหมายที่ได้รับความช่วยเหลืออาจไม่ใช่กลุ่มเป้าหมายที่แท้จริง. 2. เกิดความเสี่ยงต่อความไม่โปร่งใสในการใช้จ่ายงบประมาณ. 3. การดำเนินงานโครงการล่าช้าและขาดความต่อเนื่อง.
FL-2208,ข้อตรวจพบ การดำเนินโครงการให้เอกชนร่วมลงทุนในกิจการของการประปาส่วนภูมิภาคไม่บรรลุวัตถุประสงค์,การประปาส่วนภูมิภาค,การให้เอกชนร่วมลงทุนในกิจการของรัฐ โครงการให้สิทธิดำเนินการผลิตและจำหน่ายน้ำประปา ของการประปาส่วนภูมิภาค,2565,การควบคุมภายใน/ความเสี่ยง,1. การศึกษาและวิเคราะห์โครงการไม่ครอบคลุมความเสี่ยงที่ส่ง,1. การบริหารจัดการน้ำสูญเสียไม่เป็นไปตามเป้าหมาย. 2. การกำหนดกำลังการผลิตและปริมาณซื้อน้ำขั้นต่ำไม่ได้พิจารณาถึงการลดน้ำสูญเสีย. 3. รูปแบบการปรับราคาซื้อน้ำไม่สอดคล้องกับการปรับราคาจำหน่ายน้ำ. 4. คุณภาพแหล่งน้ำดิบที่ กปภ. จัดหาไม่มีคุณภาพตามมาตรฐาน.,1. ศึกษาและวิเคราะห์ความเสี่ยงของโครงการให้ครอบคลุม. 2. สำรวจปัญหาและความเสี่ยงในขั้นตอนที่ กปภ. รับผิดชอบ.,1. กปภ. มีภาระต้นทุนจากการดำเนินงานเพิ่มขึ้นจากปัญหาน้ำสูญเสีย. 2. การไม่พิจารณาการลดน้ำสูญเสียก่อนขยายกำลังการผลิตอาจทำให้เกิดต้นทุนเพิ่มขึ้นหรือกำลังการผลิตสูงเกินความจำเป็น. 3. กปภ. ไม่สามารถดำเนินการให้ผ่านตัวชี้วัดผลการดำเนินงานรัฐวิสาหกิจ. 4. น้ำประปาที่ไม่ได้มาตรฐานอาจส่ง ต่อสุขภาพประชาชนในระยะยาว. 5. กปภ. มีต้นทุนเพิ่มขึ้นจากการซื้อน้ำดิบเพิ่มเติมมาผสมเพื่อปรับปรุงคุณภาพ. ต่อผลสัมฤทธิ์. 2. กปภ. สาขาขาดความพร้อมในการดำเนินการบริหารจัดการน้ำสูญเสีย.
FL-2209,ข้อตรวจพบ การดำเนินกิจกรรมในโครงการ ยังไม่ส่งเสริม สนับสนุนบทบาทของ อสม. ให้บรรลุผลสำเร็จตามวัตถุประสงค์ที่กำหนดไว้,กรมสนับสนุนบริการสุขภาพ,โครงการค่าตอบแทน เยียวยา ชดเชย และเสี่ยงภัย สำหรับการปฏิบัติงานของอาสาสมัครสาธารณสุขประจำหมู่บ้าน (อสม.) ในการเฝ้าระวัง ป้องกัน และควบคุมโรคติดเชื้อไวรัสโคโรนา ๒๐๑๙ ในชุมชน,2566,,โครงการจัดทำขึ้นในลักษณะที่คล้ายคลึงกับการจ่ายเงินค่าป่วยการ อสม. ที่เบิกจ่ายกันอยู่แล้วทุกเดือนเพื่อเสนอขออนุมัติเงินกู้.,กิจกรรมเดียวที่ใช้จ่ายเงินคือการเบิกจ่ายค่าตอบแทนให้ อสม. ซึ่งไม่มีกิจกรรมอื่นใดที่แสดงถึงการเพิ่มศักยภาพหรือความสามารถของ อสม. ที่เชื่อมโยงกับวัตถุประสงค์ของโครงการ. การเบิกจ่ายเงินไม่เชื่อมโยงกับการบรรลุผลสำเร็จตามวัตถุประสงค์ของโครงการ แต่ส่งผลด้านขวัญกำลังใจของผู้ปฏิบัติงานเท่านั้น.,หากในอนาคตมีสถานการณ์ระบาดของโรคติดต่ออุบัติใหม่ ควรพิจารณาทบทวนการจัดทำข้อเสนอโครงการให้กิจกรรมมีความเชื่อมโยงและสนับสนุนต่อวัตถุประสงค์อย่างชัดเจน.,
FL-2210,ข้อสังเกต การจัดทำหลักฐานการเบิกจ่ายเงินค่าตอบแทน เยียวยา ชดเชย และเสี่ยงภัย มีสาระสำคัญไม่เป็นไปตามที่กำหนดในข้อเสนอโครงการ,กรมสนับสนุนบริการสุขภาพ,โครงการค่าตอบแทน เยียวยา ชดเชย และเสี่ยงภัย สำหรับการปฏิบัติงานของอาสาสมัครสาธารณสุขประจำหมู่บ้าน (อสม.) ในการเฝ้าระวัง ป้องกัน และควบคุมโรคติดเชื้อไวรัสโคโรนา ๒๐๑๙ ในชุมชน,2566,ข้อมูล/บันทึก/เอกสาร,1. ขาดความชัดเจนในการกำหนดหลักเกณฑ์ เงื่อนไข และวิธีการเบิกจ่ายเงิน. 2. ขาดการเชื่อมโยงข้อมูลระหว่างฐานข้อมูลที่ใช้ในการเบิกจ่ายและฐานข้อมูลในการรายงานผลการปฏิบัติงาน.,ของเอกสารหลักฐานผลการปฏิบัติงานเพิ่มเติมที่ใช้ประกอบการเบิกจ่าย และข้อมูลการรายงานผลในระบบสารสนเทศงานสุขภาพภาคประชาชนไม่ครบถ้วน.,1. ทบทวนหลักเกณฑ์ เงื่อนไข และวิธีการในการจ่ายเงินค่าตอบแทนให้เกิดความชัดเจนในการรายงานผลการปฏิบัติงาน. 2. ปรับปรุงและพัฒนาระบบสารสนเทศงานสุขภาพภาคประชาชนให้เชื่อมโยงและสอดคล้องกับระบบบูรณาการฐานข้อมูลสวัสดิการสังคม.,1. ขาดหลักฐานประกอบการเบิกจ่ายเงินค่าตอบแทนและไม่สามารถตรวจสอบการปฏิบัติงานด้าน COVID-19 ของ อสม. ได้. 2. มีความเสี่ยงในการเบิกจ่ายเงินค่าตอบแทนให้กับ อสม. ที่ไม่ได้ปฏิบัติงานจริง. 3. ขาดข้อมูลสำคัญในการวิเคราะห์ความคุ้มค่าของการจ่ายเงิน.
FL-2211,ข้อตรวจพบ การเตรียมความพร้อมด้านครุภัณฑ์ทางการแพทย์ และสิ่งก่อสร้างของหน่วยบริการสุขภาพไม่ทันกาลกับสถานการณ์การแพร่ระบาดของโรคติดเชื้อโควิด – 19,สำนักงานปลัดกระทรวงสาธารณสุข,การพัฒนาศักยภาพระบบบริการสุขภาพของหน่วยบริการ เพื่อรองรับสถานการณ์การแพร่ระบาดของโรคติดเชื้อไวรัสโคโรนา ๒๐๑๙,2566,กฎระเบียบ/กฎหมาย,1. กระบวนการเสนอขออนุมัติงบประมาณใช้เวลานาน. 2. ผู้ปฏิบัติงานไม่มั่นใจในการดำเนินการตามกฎหมายและระเบียบ. 3. กระบวนการพิจารณากลั่นกรองข้อเสนอโครงการขาดข้อมูลข้อเท็จจริง. 4. ขาดกระบวนการหรือกลไกในการทบทวนความต้องการและความจำเป็นก่อนการพิจารณาจัดสรรครุภัณฑ์.,1. การจัดซื้อครุภัณฑ์ทางการแพทย์มีความล่าช้า และไม่เป็นไปตามแผนการดำเนินงาน. 2. การปรับปรุงสิ่งก่อสร้างไม่เป็นไปตามกรอบระยะเวลาและแผนการดำเนินงาน. 3. หน่วยบริการสุขภาพบางแห่งได้รับจัดสรรครุภัณฑ์ทางการแพทย์ไม่สอดคล้องกับบทบาทภารกิจและเกินความต้องการ. 4. โครงการไม่สอดคล้องกับมาตรการคัดแยกผู้ป่วยที่เปลี่ยนแปลงไป. การใช้ประโยชน์จากครุภัณฑ์ทางการแพทย์และการจัดเตรียมพื้นที่ล่าช้า คลาดเคลื่อนไปจากเป้าหมายที่คาดการณ์ไว้.,1. จัดให้มีระบบสารสนเทศเพื่อการบริหารงานทรัพยากรสุขภาพเชิงพื้นที่ของประเทศ. 2. สำรวจและทบทวนความเหมาะสมของรายการครุภัณฑ์ทางการแพทย์ที่หน่วยบริการแต่ละแห่งได้รับการจัดสรร. 3. ถอดบทเรียนจากการดำเนินงานที่ผ่านมาเพื่อพัฒนากลไกการบริหารจัดการ.,
FL-2212,ข้อตรวจพบที่ 1 การดำเนินงานโครงการไม่เป็นไปตามแผนงาน และครุภัณฑ์ที่จัดซื้อบางรายการยังไม่ได้นำไปใช้ในการรับมือสถานการณ์ฉุกเฉินจากการระบาดของโรคติดเชื้อไวรัสโคโรนา 2019 ได้อย่างทันกาล,สำนักงานปลัดกระทรวงสาธารณสุข กรมควบคุมโรค,โครงการด้านสาธารณสุขเพื่อรับมือสถานการณ์ฉุกเฉิน อันเนื่องมาจากการระบาดของโรคติดเชื้อไวรัสโคโรนา 2019,2566,บุคลากร/สมรรถนะ,1. กระบวนการเสนอขออนุมัติโครงการมีการกลั่นกรองหลายขั้นตอนและใช้ระยะเวลานาน. 2. ครุภัณฑ์ที่จัดหาหลายรายการมีลักษณะเฉพาะและบุคลากรที่มีความเชี่ยวชาญมีจำกัด.,1. การดำเนินงานโครงการล่าช้าและไม่ทันกาล. 2. การจัดซื้อครุภัณฑ์บางรายการมีการขอยกเลิกหรือคืนเงิน. 3. ครุภัณฑ์บางรายการยังไม่มีการใช้ประโยชน์.,1. ทบทวนสถานการณ์หรือถอดบทเรียนเพื่อวางแผนสำหรับภาวะฉุกเฉินในอนาคต. 2. วางแผนการจัดอบรมความรู้เกี่ยวกับกระบวนการจัดซื้อจัดจ้างแก่เจ้าหน้าที่ที่เกี่ยวข้อง. 3. ดำเนินการโอนครุภัณฑ์ที่ยังไม่ได้ใช้ประโยชน์และจัดทำแผนการใช้ประโยชน์สำหรับครุภัณฑ์ที่ยังไม่ส่งมอบ.,1. หน่วยงานไม่สามารถบริหารจัดการโครงการให้เป็นไปตามวัตถุประสงค์ของการใช้จ่ายเงินตาม พ.ร.ก. กู้เงินฯ. 2. ประสิทธิภาพและประสิทธิผลด้านการเฝ้าระวัง ป้องกัน และควบคุมโรคลดลง. 3. เกิดความเสี่ยงที่ครุภัณฑ์ไม่ได้ถูกนำไปใช้งานตามวัตถุประสงค์. 4. เกิดค่าเสียโอกาสในการใช้จ่ายเงินตาม พ.ร.ก. กู้เงินฯ.
FL-2213,ข้อตรวจพบที่ 2 การพัฒนาระบบสารสนเทศยังไม่สามารถเชื่อมต่อข้อมูลเพื่อการเฝ้าระวัง ป้องกัน และควบคุมโรคติดเชื้อไวรัสโคโรนา 2019 ได้อย่างทั่วถึง,สำนักงานปลัดกระทรวงสาธารณสุข กรมควบคุมโรค,โครงการด้านสาธารณสุขเพื่อรับมือสถานการณ์ฉุกเฉิน อันเนื่องมาจากการระบาดของโรคติดเชื้อไวรัสโคโรนา 2019,2566,ข้อมูล/บันทึก/เอกสาร,1. ระบบสารสนเทศของสถานพยาบาลบางแห่งไม่รองรับการเชื่อมต่อข้อมูล. 2. กรมควบคุมโรคยังไม่ได้จัดทำบันทึกข้อตกลงร่วมกันในการขอเชื่อมต่อข้อมูลกับหน่วยงานนอกสังกัด. 3. การเตรียมความพร้อมด้านสารสนเทศสำหรับการคัดกรองผู้ป่วยผ่านช่องทางเข้าออกประเทศยังอยู่ในระยะเริ่มต้น.,1. การเชื่อมต่อข้อมูลในระบบการรายงานผู้ป่วยของสถานพยาบาลยังไม่ครบถ้วน. 2. ระบบคัดกรองและติดตามผู้ป่วยผ่านช่องทางเข้าออกประเทศยังไม่สามารถเชื่อมโยงข้อมูลและไม่ครอบคลุมทั่วถึง. การบันทึกข้อมูลให้ครบทุกปัจจัยเสี่ยง. 3. จัดทำบันทึกข้อตกลงร่วมกันในการเชื่อมต่อข้อมูลทางการแพทย์กับหน่วยงานนอกสังกัด. 4. เร่งรัดการโอนย้ายฐานข้อมูลการคัดกรองผู้ผ่านช่องทางเข้าออกประเทศ.,1. เร่งรัดการเชื่อมต่อข้อมูลกับสถานพยาบาลด้วยระบบ API. 2. ปรับปรุง,1. กรมควบคุมโรคได้รับข้อมูลไม่ครบถ้วน ทำให้การพยากรณ์และยับยั้งการระบาดเกิดความล่าช้า. 2. เกิดความยุ่งยากในการขอใช้ข้อมูลระหว่างหน่วยงาน. 3. ด่านควบคุมโรคขาดข้อมูลเพื่อเฝ้าระวัง ป้องกัน และควบคุมโรคที่เป็นปัจจุบัน.
FL-2214,ข้อสังเกต การพัฒนาและยกระดับสมรรถนะด่านควบคุมโรคติดต่อระหว่างประเทศ ยังไม่เพียงพอในการเฝ้าระวัง ป้องกัน และควบคุมโรค เพื่อรับมือสถานการณ์ฉุกเฉิน,สำนักงานปลัดกระทรวงสาธารณสุข กรมควบคุมโรค,โครงการด้านสาธารณสุขเพื่อรับมือสถานการณ์ฉุกเฉิน อันเนื่องมาจากการระบาดของโรคติดเชื้อไวรัสโคโรนา 2019,2566,ข้อมูล/บันทึก/เอกสาร,1. ขาดข้อมูลที่มากเพียงพอและแม่นตรงต่อการคาดการณ์สถานการณ์ที่จะเกิดขึ้นในอนาคต. 2. ศักยภาพของด่านควบคุมโรคที่ออกแบบไว้ไม่เพียงพอต่อการเฝ้าระวังและคัดกรองผู้เดินทางในสถานการณ์ฉุกเฉิน.,มีปัญหาด้านอัตรากำลังของเจ้าหน้าที่ไม่เพียงพอ ปัญหาด้านโครงสร้างพื้นฐาน และปัญหาความไม่เพียงพอของเครื่องมืออุปกรณ์ต่างๆ. การปฏิบัติงานคัดกรองผู้เดินทางผ่านช่องทางเข้าออกประเทศมีประสิทธิภาพและประสิทธิผลลดลง.,1. ทบทวนบทบาทหน้าที่ภารกิจและโครงสร้างอัตรากำลัง รวมถึงแผนการจัดหาเครื่องมืออุปกรณ์. 2. จัดทำแผนพัฒนาศักยภาพบุคลากรประจำด่านควบคุมโรคติดต่อระหว่างประเทศอย่างเป็นระบบ.,
FL-2215,ข้อตรวจพบ การให้บริการชุดตรวจ ATK ให้แก่ประชาชนผ่านระบบแอปพลิเคชันมีปัญหาหรือข้อจำกัดของการใช้งานในบางกรณี,สำนักงานหลักประกันสุขภาพแห่งชาติ องค์การเภสัชกรรม,การจัดหาชุดตรวจ COVID–19 ประเภท Rapid Antigen หรือ Antigen Test Kits แบบตรวจหาแอนติเจนด้วยตัวเอง ตามแผนการจัดหาภายใต้โครงการยา เวชภัณฑ์ และอุปกรณ์ทางการแพทย์ที่จำเป็นตามโครงการพิเศษ ปี ๒๕๖๔,2566,บุคลากร/สมรรถนะ,1. ระบบแอปพลิเคชันยากต่อการใช้งานในช่วงแรก ทำให้บุคลากรและประชาชนยังไม่มีความรู้ความเข้าใจ. 2. ระบบแอปพลิเคชันพัฒนาขึ้นเพื่อรองรับภารกิจเฉพาะหน้าในสถานการณ์เร่งด่วน ทำให้ไม่ครอบคลุมความต้องการใช้งานอย่างครบถ้วน.,1. การใช้งานระบบแอปพลิเคชันของธนาคารกรุงไทยมีปัญหาหรือข้อจำกัดในขั้นตอนการลงทะเบียน การแจกชุดตรวจ ATK และการติดตามผลการดำเนินงาน. 2. มีการแจกชุดตรวจ ATK จำนวนน้อยเมื่อเทียบกับจำนวนที่หน่วยบริการได้รับจัดสรร. 3. ระบบไม่สามารถแสดงผลการแจกชุดตรวจ ATK ของหน่วยบริการลูกข่ายได้.,1. หากมีการให้บริการสาธารณสุขผ่านระบบอิเล็กทรอนิกส์ ควรปรับปรุงพัฒนาระบบให้ง่ายต่อการใช้งาน. 2. มอบหมายให้หน่วยงานในพื้นที่จัดให้มีการประชาสัมพันธ์ให้ความรู้และเพิ่มช่องทางในการสอบถาม. 3. ทบทวนปัญหาอุปสรรคเพื่อนำไปสู่การออกแบบและพัฒนาระบบอิเล็กทรอนิกส์สำหรับบริการสาธารณสุขในอนาคต.,1. ประชาชนกลุ่มเป้าหมายบางส่วนมีข้อจำกัดในการเข้าถึงบริการตรวจคัดกรอง. 2. หน่วยบริการต้องใช้เวลาเตรียมความพร้อมเพื่อแจกชุดตรวจนาน.
FL-2216,ข้อตรวจพบที่ 1 สาระสำคัญของกฎหมายว่าด้วยการควบคุมโรคติดต่อ ยังไม่ครอบคลุมการป้องกันและควบคุมการระบาดใหญ่ (Pandemic) ของโรคติดต่อ,กรมควบคุมโรค สำนักงานปลัดกระทรวงสาธารณสุข,ด้านการเพิ่มขีดความสามารถและการเตรียมความพร้อมในการรองรับภาวะฉุกเฉินด้านสาธารณสุข,2566,,1. หน่วยงานที่เกี่ยวข้องไม่มีการคาดการณ์ถึงการระบาดใหญ่ จึงเตรียมความพร้อมไม่เพียงพอ. 2. หน่วยงานที่เกี่ยวข้องขาดการทบทวนหลักเกณฑ์และแนวทางการดำเนินการให้มีความชัดเจน.,1. ข้อกำหนดใน พ.ร.บ.โรคติดต่อ พ.ศ. 2558 มีข้อจำกัดในการควบคุมการระบาดใหญ่. 2. การออกกฎหมายลำดับรองตาม พ.ร.บ.โรคติดต่อฯ ยังไม่ครอบคลุมการปฏิบัติงาน. 3. กฎหมายที่เกี่ยวข้องกับการป้องกันและควบคุมโรคติดต่อยังไม่สอดคล้องเชื่อมโยงกัน.,1. ทบทวนและหารือร่วมกับหน่วยงานที่เกี่ยวข้องเพื่อกำหนดแนวทางปฏิบัติให้สอดคล้องกัน. 2. พิจารณาจัดทำแนวทางการปฏิบัติงานให้ชัดเจนเมื่อเกิดการระบาดในระดับต่างๆ. 3. ผลักดันการแก้ไข พ.ร.บ.โรคติดต่อ พ.ศ. 2558 อย่างต่อเนื่อง. 4. ทบทวนความชัดเจนและครอบคลุมของกฎหมายลำดับรอง.,1. การควบคุมการระบาดของโรคไม่สามารถดำเนินการได้อย่างทันที. 2. การออกกฎหมายลำดับรองที่ไม่ครอบคลุมทำให้การปฏิบัติงานของเจ้าหน้าที่ล่าช้าและไม่คล่องตัว. 3. ความไม่สอดคล้องของกฎหมายทำให้เจ้าหน้าที่เกิดความสับสนและไม่มั่นใจในการปฏิบัติหน้าที่.
FL-2217,ข้อตรวจพบที่ 2 การจัดทำแผน การดำเนินงานตามแผน และการติดตามผลการดำเนินงาน ตามแผนยุทธศาสตร์และแผนปฏิบัติการที่เกี่ยวข้องกับการเตรียมความพร้อม ป้องกัน และแก้ไขปัญหาโรคติดต่อ ยังไม่มีความชัดเจน,กรมควบคุมโรค สำนักงานปลัดกระทรวงสาธารณสุข,ด้านการเพิ่มขีดความสามารถและการเตรียมความพร้อมในการรองรับภาวะฉุกเฉินด้านสาธารณสุข,2566,ข้อมูล/บันทึก/เอกสาร,1. คณะกรรมการอำนวยการแผนแต่ละคณะต่างดำเนินการตามวัตถุประสงค์ที่กำหนดของแต่ละแผน แต่ไม่ได้มีการประสานงานในการจัดทำแผนร่วมกัน. 2. การบริหารงานแบบแยกส่วน ทำให้ขาดการเชื่อมโยงอย่างเป็นระบบ. 3. การกำหนดองค์ประกอบของคณะกรรมการและการกำหนดหน่วยงานที่รับผิดชอบไม่ครอบคลุมหน่วยงานที่เกี่ยวข้องทั้งหมด. 4. ไม่มีการกำหนดแนวทางการรายงานผลการดำเนินงานตามแผนและไม่กำหนดบทบาทหน้าที่ของหน่วยงานติดตามให้ชัดเจน.,1. แผนยุทธศาสตร์และแผนปฏิบัติการมีเป้าหมายตัวชี้วัดที่คล้ายคลึงกันแต่กำหนดค่าเป้าหมายแตกต่างกัน. 2. หน่วยงานที่มีหน้าที่รับผิดชอบแปลงแผนไปสู่การปฏิบัติงานยังไม่ครอบคลุมทุกหน่วยงาน. 3. การติดตามประเมินผลการดำเนินงานยังไม่ครอบคลุมหน่วยงานทุกระดับ. ของแผนยุทธศาสตร์ฯ โดยพิจารณาองค์ประกอบของคณะกรรมการให้ครอบคลุมและกำหนดตัวชี้วัดที่แต่ละหน่วยงานต้องรับผิดชอบให้ชัดเจน. 3. พิจารณาถึงความจำเป็นและความเป็นไปได้ในการเสนอ ครม. ให้มีการจัดทำงบประมาณรายจ่ายบูรณาการ.,1. หารือร่วมกับหน่วยงานหลักในการจัดทำแผนยุทธศาสตร์ฯ เพื่อไม่ให้เกิดความซ้ำซ้อน. 2. พิจารณา,1. หน่วยงานที่รับผิดชอบเกิดความสับสนในการดำเนินการและพิจารณาจัดทำแผนงานโครงการ. 2. การแปลงแผนไปสู่การปฏิบัติไม่ครอบคลุม ทำให้เมื่อเกิดการระบาดใหญ่ทุกหน่วยงานมีปัญหา. 3. การติดตามประเมินผลไม่ครอบคลุม ส่งผลให้การรายงานผลไม่สะท้อนผลสำเร็จในภาพรวม.
FL-2218,ข้อตรวจพบที่ 3 การเตรียมความพร้อมของระบบฐานข้อมูลด้านสาธารณสุขของประเทศยังไม่เพียงพอต่อการตอบโต้ภาวะฉุกเฉินด้านสาธารณสุข ด้านโรคติดต่อ,กรมควบคุมโรค สำนักงานปลัดกระทรวงสาธารณสุข,ด้านการเพิ่มขีดความสามารถและการเตรียมความพร้อมในการรองรับภาวะฉุกเฉินด้านสาธารณสุข,2566,ข้อมูล/บันทึก/เอกสาร,1. การพัฒนาระบบฐานข้อมูลมีการพัฒนาแบบแยกส่วน. 2. ความไม่ชัดเจนในแนวทางปฏิบัติตาม พ.ร.บ.คุ้มครองข้อมูลส่วนบุคคล พ.ศ. 2562. 3. การบันทึกข้อมูลทางสาธารณสุขยังไม่มีหลักเกณฑ์และกำหนดรูปแบบของระบบปฏิบัติการ. 4. หน่วยงานจัดทำระบบไม่มีแนวทางการบันทึกข้อมูลที่ชัดเจน.,1. ระบบฐานข้อมูลของแต่ละหน่วยงานไม่สามารถเชื่อมโยงกันได้อย่างครบถ้วน. 2. ระบบฐานข้อมูลที่มีอยู่เดิมไม่เพียงพอต่อการตอบโต้ภาวะฉุกเฉิน. 3. การบันทึกข้อมูลในระบบ CO-WARD มีแนวทางปฏิบัติที่แตกต่างกัน.,1. เร่งดำเนินการกำหนดหรือจัดตั้งองค์กรกลางความร่วมมือการบริหารจัดการระบบสารสนเทศ. 2. กำหนดแนวทางในการพัฒนาระบบฐานข้อมูลด้านสาธารณสุขของประเทศให้เป็นไปในแนวทางเดียวกันและสามารถเชื่อมโยงกันได้. 3. จัดทำแนวทางการบันทึกข้อมูลในระบบฐานข้อมูลต่างๆ ให้ชัดเจน.,1. รัฐบาลไม่มีฐานข้อมูลกลางในภาพรวมของประเทศในการตัดสินใจวางนโยบายหรือมาตรการได้อย่างทันท่วงที. 2. เจ้าหน้าที่ต้องบันทึกข้อมูลจำนวนมาก ทำให้ข้อมูลที่ส่งมาไม่เป็นปัจจุบันและไม่แสดงข้อมูลที่แท้จริง. 3. การบันทึกข้อมูลไม่เป็นไปในแนวทางเดียวกันอาจส่งผลต่อการวางนโยบายในภาพรวมของประเทศ.
FL-2219,ข้อตรวจพบ การดำเนินโครงการพาณิชย์ลดราคาช่วยประชาชน ปี 2565 ล่าช้าและไม่ทันต่อสถานการณ์,กรมการค้าภายใน,โครงการพาณิชย์ลดราคาช่วยประชาชน ปี๒๕๖๕,2566,การเงิน/พัสดุ,1. การเสนอขออนุมัติงบประมาณไม่มีการวางแผนการดำเนินงานร่วมกันระหว่างกรมการค้าภายในและสำนักงานพาณิชย์จังหวัด. 2. ขาด,1. การดำเนินโครงการล่าช้ากว่าแผนการปฏิบัติงาน 6 – 7 เดือน. 2. การดำเนินงานไม่ทันต่อสถานการณ์การแพร่ระบาดของโรค COVID-19 และสถานการณ์ราคาสินค้าที่ปรับตัวสูงขึ้น. ประชาชนไม่ได้รับการลดภาระค่าครองชีพและบรรเทาความเดือดร้อนได้ทันท่วงที. การดำเนินงานโครงการอย่างชัดเจนในขั้นตอนที่สำคัญ. 3. ไม่มีการกำหนดระยะเวลาการปฏิบัติงานในแต่ละขั้นตอนไว้ในแผนการปฏิบัติงาน.,1. หากมีการดำเนินโครงการในลักษณะเดียวกันอีกในอนาคต ควรพิจารณาใช้กลไกและเครือข่ายที่มีอยู่. 2. ควรมีการบูรณาการกันระหว่างหน่วยงานเจ้าภาพหลักและหน่วยปฏิบัติอย่างใกล้ชิด. 3. ถอดบทเรียนจากผลการดำเนินโครงการเพื่อนำไปพัฒนาปรับปรุงกิจกรรม.,
FL-2220,ข้อสังเกตที่ 1 ความครอบคลุมทั่วถึงของผู้ได้รับประโยชน์จากการดำเนินโครงการพาณิชย์ลดราคา ช่วยประชาชน ปี 2565,กรมการค้าภายใน,โครงการพาณิชย์ลดราคาช่วยประชาชน ปี๒๕๖๕,2566,ข้อมูล/บันทึก/เอกสาร,1. ขาดข้อมูลสำคัญในการกำหนดพื้นที่กลุ่มเป้าหมายของโครงการ. 2. ขาดการผลักดันนโยบายหรือแนวทางในการใช้ประโยชน์จากร้านค้าธงฟ้าประชารัฐอย่างชัดเจน.,การดำเนินโครงการ LOT 20 มีจุดจำหน่ายสินค้าไม่ครอบคลุมทุกอำเภอและตำบล. สินค้าส่งเสริมการขายไม่เพียงพอกับความต้องการ. ช่วงเวลาในการตั้งจุดจำหน่ายไม่สอดรับกับช่วงเวลาการซื้อสินค้า. โครงการ LOT 21 ไม่สามารถจัดงานได้ครอบคลุมทุกพื้นที่. ประชาชนในพื้นที่เป้าหมายโดยเฉพาะพื้นที่ห่างไกลไม่ได้รับประโยชน์จากโครงการ.,1. ควรนำฐานข้อมูลและองคาพยพที่มีอยู่ตามโครงการธงฟ้าหรือ Mobile พาณิชย์ มาใช้ในการบริหารจัดการโครงการ. 2. ให้ความสำคัญกับการบริหารจัดการฐานข้อมูลโครงการต่างๆ. 3. เร่งผลักดันแนวทางการใช้ประโยชน์จากร้านค้าธงฟ้าประชารัฐ.,
FL-2221,ข้อสังเกตที่ 2 ความสอดคล้องของการใช้จ่ายเงินงบประมาณรายจ่ายงบกลางกับการดำเนินโครงการพาณิชย์ลดราคาช่วยประชาชน ปี 2565,กรมการค้าภายใน,โครงการพาณิชย์ลดราคาช่วยประชาชน ปี๒๕๖๕,2566,การเงิน/พัสดุ,กรมการค้าภายในเสนอขออนุมัติเงินงบประมาณรายจ่ายงบกลางโดยมิได้จัดทำเอกสารประกอบการขอรับการจัดสรรให้ครบถ้วน.,โครงการมีลักษณะเป็นภารกิจประจำของกรมการค้าภายในที่ได้รับงบประมาณปกติอยู่แล้ว แต่มีการนำเงินงบประมาณรายจ่ายงบกลางมาใช้. เกิดการเสียโอกาสในการนำงบประมาณรายจ่ายงบกลางไปใช้จ่ายเพื่อกรณีฉุกเฉินหรือจำเป็นอื่นๆ.,พิจารณาทบทวนการขอรับการจัดสรรเงินงบประมาณรายจ่ายงบกลางมาใช้ในภารกิจปกติและจัดทำเอกสารหลักฐานประกอบการพิจารณาอนุมัติให้รอบด้าน.,
FL-2222,ข้อตรวจพบ โครงการทัวร์เที่ยวไทย ไม่สามารถดำเนินการได้ตามเป้าหมายที่กำหนดไว้,การท่องเที่ยวแห่งประเทศไทย,โครงการทัวร์เที่ยวไทย,2566,ข้อมูล/บันทึก/เอกสาร,1. การวางแผนการประเมินและการจัดทำข้อเสนอโครงการขาดความละเอียดรอบคอบ. 2. ขาดการเตรียมความพร้อมที่เพียงพอในการจัดทำแผนดำเนินงาน. 3. ขาดการประชาสัมพันธ์และสร้างการรับรู้ความเข้าใจเกี่ยวกับโครงการ. 4. ขาดการบริหารจัดการข้อมูลที่เป็นระบบและมีข้อมูลสำคัญไม่เพียงพอ. 5. มีข้อจำกัดในการเข้าร่วมโครงการของผู้ประกอบธุรกิจนำเที่ยวและประชาชน.,1. ผลการใช้สิทธิและเบิกจ่ายงบประมาณต่ำกว่าเป้าหมายที่กำหนดไว้. 2. ผลการเข้าร่วมโครงการของผู้ประกอบธุรกิจนำเที่ยวต่ำกว่าเป้าหมายที่กำหนดไว้.,1. หากต้องดำเนินมาตรการหรือโครงการขนาดใหญ่ในอนาคต ควรมีการวางแผนและออกแบบโครงการร่วมกับทุกภาคส่วน. 2. ให้ความสำคัญกับการเตรียมความพร้อมในการจัดทำแผนดำเนินงาน. 3. ให้ความสำคัญกับการประชาสัมพันธ์และสร้างการรับรู้ความเข้าใจเกี่ยวกับโครงการ. 4. ททท. ควรนำรายงานผลการตรวจสอบและ เสนอต่อที่ประชุมคณะกรรมการนโยบายการท่องเที่ยวแห่งชาติเพื่อเตรียมความพร้อมและออกแบบแนวทางการจัดเก็บและบริหารจัดการข้อมูลด้านการท่องเที่ยว.,1. เกิดค่าเสียโอกาสในการนำงบประมาณไปใช้ในโครงการอื่น. 2. การดำเนินโครงการไม่เกิดผลสัมฤทธิ์ในการช่วยเหลือและเยียวยาผู้ประกอบการและธุรกิจที่เกี่ยวเนื่อง. 3. เสียโอกาสในการสร้างมูลค่า ทางเศรษฐกิจ.
FL-2223,ข้อตรวจพบที่ 1 การก่อสร้างและปรับปรุงประสิทธิภาพการผลิตของโครงการไฟฟ้าพลังน้ำขนาดเล็กบางแห่ง ไม่เป็นไปตามระยะเวลาที่กำหนด,สำนักงานปลัดกระทรวงพลังงาน สำนักงานนโยบายและแผนพลังงาน กระทรวงพลังงาน กองทุนเพื่อส่งเสริมการอนุรักษ์พลังงาน,โครงการภายใต้กลุ่มงานส่งเสริมอนุรักษ์พลังงานและพลังงานทดแทนเศรษฐกิจฐานราก,2566,การเงิน/พัสดุ,1. ผลการศึกษาความเหมาะสมของโครงการมีความล้าสมัย. 2. ผู้รับจ้างขาดความพร้อมหรือขาดสภาพคล่องด้านการเงิน. 3. การศึกษาความเป็นไปได้ของพื้นที่ก่อสร้างขาดความรอบคอบ.,โครงการไฟฟ้าพลังน้ำขนาดเล็กบางแห่งก่อสร้างล่าช้ากว่าที่กำหนดในสัญญาเป็นเวลาหลายปี และเครื่องกำเนิดไฟฟ้าบางรายการถูกจัดเก็บไว้โดยไม่มีการนำมาใช้งาน.,1. หากในอนาคตมีแผนพัฒนาโครงการไฟฟ้าพลังน้ำขนาดเล็ก ควรศึกษาความเหมาะสมของโครงการอย่างละเอียด. 2. ทบทวนข้อกำหนด (TOR) ในการจัดซื้อจัดจ้างให้มีความรัดกุม. 3. กำชับเจ้าหน้าที่ให้ดำเนินการขออนุญาตใช้พื้นที่ให้แล้วเสร็จก่อนดำเนินการจัดหาผู้รับจ้าง. 4. กรณีโครงการที่พิจารณาแล้วไม่สามารถใช้อุปกรณ์เดิมได้แล้ว ควรหาแนวทางที่จะนำไปใช้ประโยชน์ในโครงการอื่น. 5. กำชับเจ้าหน้าที่ที่รับผิดชอบดำเนินการติดตามและเร่งรัดการปฏิบัติงานของผู้รับจ้าง.,1. มีความเสี่ยงที่การดำเนินงานจะไม่บรรลุผลตามเป้าหมายที่กำหนดไว้ตามแผนพัฒนาพลังงานทดแทน. 2. การใช้จ่ายเงินงบประมาณขาดประสิทธิภาพและไม่เกิดผลสัมฤทธิ์. 3. เครื่องกังหันน้ำและเครื่องกำเนิดไฟฟ้ามีความเสี่ยงต่อการชำรุดเสียหายและเสื่อมสภาพ.
FL-2224,ข้อตรวจพบที่ 2 การดำเนินงานโครงการไฟฟ้าพลังน้ำขนาดเล็กมากบางแห่ง ไม่บรรลุผลสำเร็จตามวัตถุประสงค์ที่กำหนดไว้,สำนักงานปลัดกระทรวงพลังงาน สำนักงานนโยบายและแผนพลังงาน กระทรวงพลังงาน กองทุนเพื่อส่งเสริมการอนุรักษ์พลังงาน,โครงการภายใต้กลุ่มงานส่งเสริมอนุรักษ์พลังงานและพลังงานทดแทนเศรษฐกิจฐานราก,2566,กฎระเบียบ/กฎหมาย,1. ปริมาณน้ำจากแหล่งน้ำต้นทุนลดน้อยลง. 2. โครงการบางแห่งมีการก่อสร้างฝายไม่มีประตูระบายทราย. 3. โครงการที่ยังไม่สามารถผลิตและจำหน่ายไฟฟ้าได้เกิดจากอยู่ในขั้นตอนการปรับปรุงและตรวจสอบอุปกรณ์. 4. การประสานงานกับหน่วยงานที่เกี่ยวข้องยังขาดประสิทธิผล. 5. ขาดการพัฒนาระบบฐานข้อมูลที่บันทึกข้อมูลสำคัญ. 6. ขาดการศึกษาความเป็นไปได้และข้อกฎหมายที่เกี่ยวข้องกับการโอนทรัพย์สิน. 7. ขาดการบำรุงรักษาและซ่อมแซมทรัพย์สินของโครงการ.,1. การดำเนินงานโครงการบางแห่งพัฒนาในพื้นที่ที่ระบบสายส่งไฟฟ้าของการไฟฟ้าส่วนภูมิภาคเข้าถึงแล้ว. 2. โครงการบางแห่งชำรุดหรือเสียหายและไม่สามารถผลิตและจ่ายกระแสไฟฟ้าให้ชุมชนได้. 3. โครงการบางแห่งไม่สามารถส่งเสริมให้มีการผลิตและจำหน่ายไฟฟ้าเพื่อก่อให้เกิดรายได้แก่ท้องถิ่น.,1. ทบทวนแผนการพัฒนาโครงการใหม่และปรับปรุงประสิทธิภาพโครงการเดิม โดยให้จัดลำดับความสำคัญในพื้นที่ที่ยังไม่มีไฟฟ้าใช้. 2. พิจารณาดำเนินการให้เป็นไปตามกฎหมายและระเบียบในกรณีที่ไม่มีการใช้ประโยชน์และทรัพย์สินเสียหาย. 3. จัดทำคู่มือใช้งานเครื่องจักรและการบำรุงรักษาซ่อมแซมเครื่องจักรเบื้องต้นให้แก่ชุมชน. 4. กรณีที่ยังมีการดำเนินโครงการในอนาคต พพ. ต้องมีการศึกษาความเป็นไปได้อย่างรอบคอบ. 5. สำหรับโครงการที่รอการจำหน่ายไฟฟ้าให้เร่งรัดดำเนินการปรับปรุงอุปกรณ์. 6. สำรวจบริเวณพื้นที่ตั้งของโครงการที่ กฟภ. ขยายสายส่งไฟฟ้าเข้าไปแล้ว. 7. จัดทำและพัฒนาระบบฐานข้อมูลของโครงการไฟฟ้าพลังน้ำ.,1. เสียโอกาสในการนำงบประมาณไปดำเนินการในพื้นที่ห่างไกลที่ไม่มีไฟฟ้าใช้. 2. การใช้จ่ายงบประมาณเกิดความสูญเปล่า. 3. ไม่สามารถเพิ่มสัดส่วนพลังงานทดแทนได้ตามที่คาดหวัง. 4. พพ. ยังคงต้องรับภาระในการบำรุงรักษาทรัพย์สินของทางราชการ.
FL-2225,ข้อสังเกต การควบคุมและดูแลพัสดุของโครงการตามกฎหมายและระเบียบที่เกี่ยวข้อง,สำนักงานปลัดกระทรวงพลังงาน สำนักงานนโยบายและแผนพลังงาน กระทรวงพลังงาน กองทุนเพื่อส่งเสริมการอนุรักษ์พลังงาน,โครงการภายใต้กลุ่มงานส่งเสริมอนุรักษ์พลังงานและพลังงานทดแทนเศรษฐกิจฐานราก,2566,กฎระเบียบ/กฎหมาย,1. เจ้าหน้าที่ที่รับผิดชอบโครงการไม่เคร่งครัดในการปฏิบัติงาน. 2. ขาดการกำกับให้เจ้าหน้าที่ที่รับผิดชอบโครงการทุกแห่งดำเนินการให้มีการลงบัญชีหรือทะเบียนเพื่อควบคุมพัสดุให้เป็นไปตามกฎหมายและระเบียบที่กำหนด.,สิ่งก่อสร้างและครุภัณฑ์ที่เป็นส่วนประกอบของโครงการไฟฟ้าพลังน้ำไม่ได้ดำเนินการลงบัญชีหรือทะเบียนเพื่อควบคุมพัสดุให้ถูกต้องตามระเบียบที่กำหนด.,1. สำรวจการลงบัญชีหรือทะเบียนและลงรหัสเพื่อควบคุมพัสดุของโครงการไฟฟ้าพลังน้ำทุกแห่ง. 2. จัดให้มีการส่งเสริมความรู้ความเข้าใจในการบริหารงานพัสดุภาครัฐให้แก่เจ้าหน้าที่ที่รับผิดชอบโครงการ.,1. การปฏิบัติงานตรวจสอบพัสดุประจำปีและการของบประมาณเพื่อบำรุงรักษาหรือปรับปรุงซ่อมแซมทำได้ยาก. 2. มีความเสี่ยงที่ทรัพย์สินของโครงการอาจเกิดการสูญหาย.
FL-2226,ข้อตรวจพบที่ 1 เทคโนโลยีพลังงานที่ได้รับการสนับสนุนส่วนหนึ่งไม่สอดคล้องกับความต้องการของกลุ่มเป้าหมาย,สำนักงานปลัดกระทรวงพลังงาน สำนักงานนโยบายและแผนพลังงาน กระทรวงพลังงาน กองทุนเพื่อส่งเสริมการอนุรักษ์พลังงาน,โครงการภายใต้กลุ่มงานส่งเสริมอนุรักษ์พลังงานและพลังงานทดแทนเศรษฐกิจฐานราก,2566,ข้อมูล/บันทึก/เอกสาร,1. หน่วยงานผู้ขอรับการสนับสนุนและกลุ่มผู้ประสงค์ขอรับการสนับสนุนขาดข้อมูลในการศึกษาและทำความเข้าใจเกี่ยวกับประสิทธิภาพของเทคโนโลยีพลังงาน. 2. สำนักงานพลังงานจังหวัดขาดข้อมูลปัจจัยแวดล้อมที่เอื้อต่อการใช้ประโยชน์เทคโนโลยีพลังงาน. 3. กองทุนเพื่อส่งเสริมการอนุรักษ์พลังงานขาดการทำความเข้าใจ ให้ความรู้ และกำหนดแนวทางที่ชัดเจนในการให้ความรู้กับหน่วยงานที่เกี่ยวข้องทั้งหมด.,1. เทคโนโลยีพลังงานที่ได้รับการสนับสนุนบางระบบไม่มีการใช้ประโยชน์ และบางส่วนไม่สอดคล้องกับความต้องการของกลุ่มเป้าหมาย. 2. กลุ่มผู้ได้รับการสนับสนุนมีการใช้ประโยชน์ไม่ทั่วถึงตามที่กองทุนกำหนด.,1. ติดตามประเมินผลและรวบรวมข้อมูลการใช้งานเทคโนโลยีพลังงานแต่ละประเภท. 2. พิจารณาความเหมาะสมของพื้นที่และกิจกรรมของกลุ่มผู้ประสงค์ขอรับการสนับสนุนกับประสิทธิภาพของเทคโนโลยีพลังงานก่อนการอนุมัติโครงการ. 3. กำหนดแนวทางการถ่ายทอดความรู้เกี่ยวกับประสิทธิภาพของเทคโนโลยีพลังงาน.,1. การใช้จ่ายเงินกองทุนยังไม่เกิดประสิทธิผลตามวัตถุประสงค์ของโครงการ. 2. เกิดการสูญเปล่าของงบประมาณที่ให้การสนับสนุนเทคโนโลยีพลังงาน. 3. ประชาชนบางกลุ่มไม่ได้รับประโยชน์ตามวัตถุประสงค์ของโครงการ.
FL-2227,ข้อตรวจพบที่ 2 การบริหารจัดการเงินกองทุนเพื่อส่งเสริมการอนุรักษ์พลังงานภายใต้กลุ่มงานส่งเสริมอนุรักษ์พลังงานและพลังงานทดแทนเศรษฐกิจฐานรากยังไม่สะท้อนถึงสภาพปัญหาและความต้องการของกลุ่มเป้าหมายในแต่ละพื้นที่,สำนักงานปลัดกระทรวงพลังงาน สำนักงานนโยบายและแผนพลังงาน กระทรวงพลังงาน กองทุนเพื่อส่งเสริมการอนุรักษ์พลังงาน,โครงการภายใต้กลุ่มงานส่งเสริมอนุรักษ์พลังงานและพลังงานทดแทนเศรษฐกิจฐานราก,2566,กระบวนการ/มาตรฐานงาน,1. ข้อจำกัดของหลักเกณฑ์การกำหนดกรอบวงเงินการจัดสรรเงินกองทุนเท่ากันทุกจังหวัด. 2. หลักเกณฑ์การพิจารณาโครงการไม่ชัดเจน. 3. กองทุนไม่มีการกำหนดแนวทางการแจ้งผลโครงการที่ไม่ได้รับการอนุมัติให้ สพจ. รับทราบ. 4. การดำเนินงานโครงการขาดการประสานการปฏิบัติงานร่วมกัน. 5. คณะกรรมการกองทุนฯ ขาดการกำหนดนโยบายในการนำ,1. การกำหนดกรอบวงเงินงบประมาณเท่ากันทุกจังหวัดไม่สอดคล้องกับสภาพปัญหาและความจำเป็นในแต่ละพื้นที่. 2. การอนุมัติงบประมาณของ กทอ. ต่ำกว่างบประมาณที่ผ่านการพิจารณาให้ความเห็นชอบจาก ก.บ.จ.. 3. กองทุนยังไม่ดำเนินการตามรายงานการติดตามและประเมินผลโครงการของที่ปรึกษา.,จากผลการติดตามและประเมินผลโครงการไปดำเนินการ. 1. พิจารณาทบทวนแนวทางการกำหนดกรอบวงเงินของจังหวัดและแนวทางการใช้จ่ายเงินกองทุน. 2. พิจารณาทบทวนหลักเกณฑ์การให้คะแนนโครงการที่เสนอขอรับการสนับสนุน. 3. กำหนดแนวทางการแจ้งผลการพิจารณาโครงการ. 4. กำหนดแนวทางหรือช่องทางการชี้แจงทำความเข้าใจร่วมกันระหว่าง ส.กทอ. สพจ. และหน่วยงานผู้ขอรับการสนับสนุน. 5. กำหนดนโยบายในการปรับปรุงแก้ไขการดำเนินงานโครงการจากปัญหา อุปสรรค และ จากผลการติดตามและประเมินผล.,1. หลายพื้นที่หรือหลายจังหวัดที่มีความจำเป็นหรือความต้องการเสียโอกาสในการรับการสนับสนุน. 2. เกิดความไม่คุ้มค่าของการใช้จ่ายงบประมาณในการว่าจ้างที่ปรึกษา.
FL-2228,ข้อสังเกต การดำเนินโครงการบางกิจกรรมไม่เป็นไปตามแนวทางที่กำหนดในหนังสือยืนยันการขอรับการสนับสนุนเงินกองทุนเพื่อส่งเสริมการอนุรักษ์พลังงาน รวมทั้งประกาศหลักเกณฑ์การเข้าร่วมโครงการ,สำนักงานปลัดกระทรวงพลังงาน สำนักงานนโยบายและแผนพลังงาน กระทรวงพลังงาน กองทุนเพื่อส่งเสริมการอนุรักษ์พลังงาน,โครงการภายใต้กลุ่มงานส่งเสริมอนุรักษ์พลังงานและพลังงานทดแทนเศรษฐกิจฐานราก,2566,การเงิน/พัสดุ,1. การกำหนดแผนการเบิกจ่ายเงินจากกองทุนไม่สอดคล้องกับการดำเนินงานตามสัญญาจัดซื้อจัดจ้าง. 2. กองทุนขาดการติดตามผลการดำเนินการในการบริหารจัดการเทคโนโลยีพลังงาน.,1. การเบิกจ่ายเงินของหน่วยงานผู้ขอรับการสนับสนุนไม่เป็นไปตามที่กำหนด. 2. การบริหารจัดการเทคโนโลยีพลังงานหลังจากโครงการเสร็จสิ้นไม่เป็นไปตามแนวทางที่กำหนด. 3. ผู้ประสงค์ขอรับการสนับสนุนส่วนหนึ่งไม่ดำเนินการตามเงื่อนไขของการเข้าร่วมโครงการ.,1. พิจารณาทบทวนแนวทางการกำหนดงวดงานและงวดการเบิกจ่ายเงินจากกองทุน. 2. ติดตามและประเมินผลการดำเนินงานเกี่ยวกับการบริหารจัดการเทคโนโลยีพลังงานของหน่วยงานผู้ขอรับการสนับสนุนหลังเสร็จสิ้นโครงการ.,1. การใช้จ่ายเงินกองทุนยังไม่เกิดประสิทธิผลตามวัตถุประสงค์ของโครงการ. 2. การดูแลบำรุงรักษาและการติดตามตรวจสอบสภาพอุปกรณ์ไม่มีผู้รับผิดชอบที่ชัดเจน. 3. ผู้ประสงค์ขอรับการสนับสนุนไม่ตระหนักถึงความเป็นเจ้าของระบบและมีความเสี่ยงในการไม่ดูแลบำรุงรักษา. 4. การไม่จดบันทึกข้อมูลการใช้งานทำให้ไม่สามารถติดตามและประเมินผลการใช้ประโยชน์เทคโนโลยีพลังงานได้.
FL-2229,ข้อตรวจพบ กระบวนการรับจดทะเบียนทรัพย์สินทางปัญญาบางประเภทไม่เป็นไปตามระยะเวลาที่กำหนด,กรมทรัพย์สินทางปัญญา,แผนงาน/โครงการภายใต้แผนแม่บทการบริการประชาชนและประสิทธิภาพภาครัฐของกรมทรัพย์สินทางปัญญา : การพัฒนาระบบเทคโนโลยีสารสนเทศเพื่อสนับสนุนการให้บริการรับจดทะเบียนทรัพย์สินทางปัญญา,2567,บุคลากร/สมรรถนะ,1. ระบบเทคโนโลยีสารสนเทศที่พัฒนาขึ้นยังมีข้อจำกัดด้านความสามารถในการรองรับความต้องการใช้งาน. 2. บุคลากรของกรมทรัพย์สินทางปัญญา และผู้ยื่นคำขอรับจดทะเบียนมีข้อจำกัดด้านความรู้และความเข้าใจ. 3. หลักเกณฑ์และวิธีการปฏิบัติงานบางส่วนเป็นปัจจัยที่ทำให้เกิดความล่าช้า. 4. การติดตามประเมินผลความพึงพอใจของผู้รับบริการยังไม่ครบถ้วนรอบด้าน.,1. การให้บริการรับจดทะเบียนทรัพย์สินทางปัญญายังคงมีจำนวนคำขอที่ได้รับการพิจารณาเกินระยะเวลาที่กำหนดต่อเนื่องทุกปี. 2. ระยะเวลาการให้บริการรับจดทะเบียนทรัพย์สินทางปัญญาบางประเภทเกินกว่าที่กำหนดในคู่มือสำหรับประชาชน. 3. ระบบเทคโนโลยีสารสนเทศที่ปรับปรุงหรือพัฒนาตามโครงการยังมีปัญหาหรือข้อจำกัดในการใช้งาน.,1. สำรวจและรวบรวมปัญหา อุปสรรคจากการใช้งานระบบ และพิจารณาการเชื่อมโยงระบบกับฐานข้อมูลของหน่วยงานอื่น. 2. กำหนดแนวทางการพัฒนาและส่งเสริมศักยภาพในการให้บริการแก่บุคลากรและผู้ยื่นคำขอ. 3. ทบทวนหลักเกณฑ์และแนวทางการปฏิบัติงานในการรับจดทะเบียนทรัพย์สินทางปัญญาเพื่อลดปัญหาและอุปสรรค. 4. ทบทวนรูปแบบและเครื่องมือการประเมินผลการดำเนินงานให้มีแนวทางที่ชัดเจนและครอบคลุม. 5. พิจารณาทบทวนการตั้งค่าเป้าหมายตัวชี้วัดในการให้บริการ.,1. เจ้าของสิทธิในทรัพย์สินทางปัญญาเสียประโยชน์ในการได้รับความคุ้มครองสิทธิ์. 2. ส่ง ต่อการส่งเสริมผู้ประกอบการเข้าสู่การคุ้มครองสิทธิในทรัพย์สินทางปัญญา. 3. ผู้ประกอบการและประชาชนที่ยื่นคำขอในรูปแบบ Onsite ต้องเสียเวลาและค่าใช้จ่าย. 4. การพิจารณาอนุมัติการจดทะเบียนอาจล่าช้าเนื่องจากผู้ยื่นคำขอไม่เข้าใจคำสั่งแก้ไข.
FL-2230,ข้อตรวจพบที่ 1 การรวมกลุ่มคลัสเตอร์ของ อปท. มีแนวโน้มที่จะไม่สามารถดำเนินการได้ครอบคลุม ตามบัญชีการรวมกลุ่มพื้นที่ในการจัดการขยะมูลฝอย และยังไม่สามารถบริหารจัดการร่วมกันได้ตามแนวทางที่กำหนดไว้,กรมส่งเสริมการปกครองส่วนท้องถิ่น,แผนปฏิบัติการตามมาตรการเพิ่มประสิทธิภาพระบบกำจัดขยะ (ขยะมูลฝอยชุมชน),2567,การวางแผน/ตัวชี้วัด,1. การขับเคลื่อนภายใต้รูปแบบกลุ่มคลัสเตอร์ไม่สอดคล้องกับบริบทของบางพื้นที่ในสถานการณ์ปัจจุบัน. 2. ขาดแนวทางในการบริหารจัดการและขับเคลื่อนการดำเนินงานร่วมกันของกลุ่มคลัสเตอร์. 3. การแปลงแผนปฏิบัติการฯ เป็นแผนจังหวัดสะอาด ไม่ครอบคลุมทุกเป้าหมายและกิจกรรมที่กำหนดไว้. 4. กรมส่งเสริมการปกครองท้องถิ่น (สถ.) มีข้อจำกัดในการส่งเสริมและขับเคลื่อนการดำเนินงานของกลุ่มคลัสเตอร์.,1. อปท. ไม่สามารถจัดตั้งกลุ่มคลัสเตอร์ได้ตามแผนที่กำหนดไว้. 2. อปท. หลายแห่งไม่มีความพร้อมและศักยภาพในการเข้าร่วมกลุ่มคลัสเตอร์. 3. อปท. ที่เข้าร่วมกลุ่มคลัสเตอร์ยังไม่สามารถบริหารจัดการขยะร่วมกันตามแนวทางที่กำหนด.,1. สั่งการให้หน่วยงานที่เกี่ยวข้องทบทวนมาตรการและแนวทางการรวมกลุ่มคลัสเตอร์ให้สอดคล้องกับบริบทการดำเนินงานจริง. 2. สั่งการให้มีการกำหนดแนวทางในการจัดทำแผนการบริหารจัดการและขับเคลื่อนการดำเนินงานร่วมกันของกลุ่มคลัสเตอร์.,1. การขับเคลื่อนการยกระดับสถานที่กำจัดขยะมูลฝอยให้ถูกต้องตามหลักวิชาการอาจไม่สำเร็จ. 2. การจัดการเพื่อแก้ไขปัญหาสิ่งแวดล้อมไม่ประสบผลสำเร็จ ทำให้เกิดมลพิษในหลายด้าน.
FL-2231,ข้อตรวจพบที่ 2 กลุ่มคลัสเตอร์ และ อปท. ส่วนใหญ่ยังไม่สามารถดำเนินการยกระดับสถานที่กำจัดขยะมูลฝอยให้ถูกต้องตามหลักวิชาการ,กรมส่งเสริมการปกครองส่วนท้องถิ่น,แผนปฏิบัติการตามมาตรการเพิ่มประสิทธิภาพระบบกำจัดขยะ (ขยะมูลฝอยชุมชน),2567,การเงิน/พัสดุ,1. หน่วยงานที่เกี่ยวข้องยังไม่มีแผน/แนวทาง หรือมาตรการที่ชัดเจนในการขับเคลื่อนการยกระดับสถานที่กำจัดขยะมูลฝอยชุมชน. 2. เจ้าภาพกลุ่มคลัสเตอร์ และ อปท. มีข้อจำกัดในการเสนอขอรับการสนับสนุนงบประมาณ.,1. สถานที่กำจัดขยะมูลฝอยของเจ้าภาพกลุ่มคลัสเตอร์ และ อปท. ส่วนใหญ่ดำเนินการอย่างไม่ถูกหลักวิชาการ. 2. กลุ่มคลัสเตอร์และ อปท. ส่วนใหญ่ยังไม่สามารถดำเนินการยกระดับสถานที่กำจัดขยะมูลฝอยได้ตามข้อเสนอการยกระดับฯ. 3. กลุ่มคลัสเตอร์และ อปท. ส่วนใหญ่ไม่มีการกำหนดแนวทาง/แผนงานที่จะนำไปสู่การยกระดับสถานที่กำจัดขยะมูลฝอยให้ถูกต้อง.,1. กำหนดให้มีการศึกษาหรือถอดบทเรียนผลการดำเนินงานที่ผ่านมาของกลุ่มคลัสเตอร์และ อปท.. 2. กำหนดให้มีการหารือร่วมกันระหว่างหน่วยงานภายในเพื่อร่วมกันกำหนดแนวทางในการจัดทำแผนการยกระดับสถานที่กำจัดขยะมูลฝอย. 3. พิจารณาให้มีการจัดทำฐานข้อมูลกลางที่เกี่ยวข้องกับผลการดำเนินงาน.,1. เกิด ด้านสิ่งแวดล้อมเนื่องจากปริมาณขยะมูลฝอยที่ตกค้างสะสมเพิ่มขึ้น. 2. การใช้งบประมาณในการบริหารจัดการขยะปลายทางไม่สามารถสะท้อนต้นทุนที่แท้จริงได้.
FL-2232,ข้อตรวจพบที่ 3 การดำเนินโครงการกำจัดขยะมูลฝอยขององค์กรปกครองส่วนท้องถิ่นที่มอบหมาย ให้เอกชนดำเนินการหรือร่วมดำเนินการกำจัดมูลฝอยในรูปแบบโรงไฟฟ้าขยะชุมชน ยังไม่สามารถดำเนินการได้ตามเป้าหมายกำหนด,กรมส่งเสริมการปกครองส่วนท้องถิ่น,แผนปฏิบัติการตามมาตรการเพิ่มประสิทธิภาพระบบกำจัดขยะ (ขยะมูลฝอยชุมชน),2567,การวางแผน/ตัวชี้วัด,1. มาตรการส่งเสริมให้เอกชนเข้าร่วมลงทุนจัดการขยะมูลฝอยขาดความชัดเจนในแนวทางปฏิบัติ. 2. แผนงานในการขับเคลื่อนโรงไฟฟ้าขยะชุมชนไม่สอดคล้องกับเป้าหมายตามแผน AEDP. 3. การพิจารณาทางเลือกในการยกระดับการจัดการขยะมูลฝอยให้แต่ละกลุ่มคลัสเตอร์ยังขาดแนวทางการดำเนินงานร่วมกัน. 4. การบูรณาการกับหน่วยงานที่เกี่ยวข้องในกระบวนการเพื่อการส่งเสริมให้เอกชนเข้าร่วมลงทุนจัดการขยะมูลฝอยแก่ อปท. ยังไม่มีแนวทางปฏิบัติที่ชัดเจน. 5. กลไกในการควบคุม กำกับ และติดตามการดำเนินงานตามโครงการยังไม่มีการกำหนดแนวทางที่ชัดเจน.,1. การดำเนินโครงการกำจัดขยะมูลฝอยเพื่อผลิตกระแสไฟฟ้าไม่เป็นไปตามเป้าหมายที่กำหนดไว้. 2. โครงการที่ก่อสร้างแล้วเสร็จยังไม่สามารถยกระดับการบริหารจัดการขยะมูลฝอยในรูปแบบการรวมกลุ่มคลัสเตอร์ให้เกิดผลสำเร็จได้.,1. กำหนดให้มีรูปแบบการติดตามประเมินผลโครงการฯ เพื่อรวบรวมปัญหา อุปสรรค. 2. พิจารณาทบทวนโครงการกำจัดขยะมูลฝอยของ อปท. ให้มีความสอดคล้องกับเป้าหมาย. 3. กำหนดให้ อปท. หรือกลุ่มคลัสเตอร์ ที่ดำเนินโครงการฯ ต้องมีการจัดทำแผนปฏิบัติการ (Action plan) ในการบริหารจัดการขยะในภาพรวมของจังหวัด. 4. พิจารณานำรายงานผลการตรวจสอบของสำนักงานการตรวจเงินแผ่นดินเสนอไปยังคณะกรรมการสิ่งแวดล้อมแห่งชาติ.,1. การดำเนินงานในการให้เอกชนเข้าร่วมลงทุนจัดการขยะมูลฝอยในรูปแบบพลังงานมีแนวโน้มที่ไม่เกิดผลสำเร็จ. 2. อปท. สูญเสียโอกาสในการปรับปรุงฟื้นฟูสถานที่กำจัดขยะมูลฝอย. 3. การจัดการขยะมูลฝอยชุมชนของ อปท. ไม่สามารถยกระดับสถานที่กำจัดขยะและจัดการขยะให้ถูกต้องตามหลักวิชาการ. 4. มีความเสี่ยงที่จะไม่ได้รับจัดสรรโควตาไฟฟ้าเพิ่มเติมจาก กกพ. ในอนาคต. 5. พื้นที่ที่ดำเนินการโครงการให้เอกชนร่วมลงทุนยังไม่ประสบผลสำเร็จ.
FL-2233,ข้อตรวจพบที่ 1 การดำเนินงานโครงการยังไม่สอดคล้องกับหลักการบริหารจัดการที่ดี,กรมพลศึกษา,โครงการส่งเสริมการออกกำลังกาย กีฬา และนันทนาการ,2567,ข้อมูล/บันทึก/เอกสาร,1. กระบวนการจัดทำโครงการถูกกำหนดจากส่วนกลาง โดยไม่มีการสอบถามความต้องการของพื้นที่. 2. กระบวนการจัดหา อสก. ยังไม่เป็นไปตามเป้าหมาย. 3. ระบบฐานข้อมูล อสก. ยังไม่เป็นปัจจุบัน.,1. การจัดทำโครงการย่อยยังขาดการมีส่วนร่วมในการสำรวจความต้องการของหน่วยงานระดับพื้นที่. 2. โครงการสำคัญที่ทำให้ตัวชี้วัดบรรลุผลสำเร็จยังมีข้อจำกัดในการดำเนินการ เช่น กระบวนการจัดหาอาสาสมัครกีฬาและผู้นำการออกกำลังกาย (อสก.) ไม่เป็นไปตามเป้าหมาย และการติดตามประเมินผลการดำเนินงานของ อสก. ยังไม่สามารถวัดผลสัมฤทธิ์ได้.,1. ทบทวนขั้นตอนการเสนอโครงการให้มีการสำรวจความต้องการของพื้นที่. 2. ทบทวนการปรับเปลี่ยนกระบวนการฝึกอบรมและหลักสูตร อสก. ให้สอดคล้องกับเป้าหมายและงบประมาณ. 3. พัฒนาเครื่องมือที่ใช้ในการติดตามประเมินผลการดำเนินงานของ อสก.. 4. ปรับปรุงฐานข้อมูล อสก. ให้ถูกต้อง ครบถ้วน และเป็นปัจจุบัน.,1. โครงการไม่สามารถจัดชนิดกีฬาที่หลากหลายและตรงตามความต้องการของพื้นที่. 2. ประชาชนขาดผู้นำในชุมชนในการส่งเสริมการออกกำลังกาย. 3. กรมพลศึกษาขาดข้อมูลสำคัญในการปรับปรุงและพัฒนาโครงการในอนาคต. 4. การใช้จ่ายงบประมาณไม่เกิดประสิทธิผลตามวัตถุประสงค์.
FL-2234,ข้อตรวจพบที่ 2 สนามกีฬาระดับอำเภอและตำบล รวมถึงสระว่ายน้ำชุมชน ยังมีความเสี่ยงในการบริหารจัดการภายหลังการก่อสร้างแล้วเสร็จ เพื่อให้มีความพร้อมในการให้บริการ,กรมพลศึกษา,โครงการส่งเสริมการออกกำลังกาย กีฬา และนันทนาการ,2567,ข้อมูล/บันทึก/เอกสาร,1. กรมพลศึกษาไม่มีการชี้แจงทำความเข้าใจข้อมูลสำคัญและไม่มีการทำบันทึกข้อตกลงก่อนการก่อสร้าง. 2. มีข้อจำกัดตามมติ ครม. ที่ให้ถ่ายโอนให้ อปท. ทำให้เกิดความขัดแย้งกับหน่วยงานเจ้าของพื้นที่. 3. ฐานข้อมูลของกรมพลศึกษาไม่มีข้อมูลสำคัญและไม่เป็นปัจจุบัน. 4. กรมพลศึกษาไม่มีการกำหนดรูปแบบหรือวิธีการในการเร่งรัดติดตามการดำเนินงาน. 5. กรมพลศึกษาไม่มีขั้นตอนการชี้แจง,1. สนามกีฬาส่วนใหญ่ยังไม่ได้ถ่ายโอนให้หน่วยงานที่รับผิดชอบ และมีปัญหาในการบริหารจัดการและการดูแลบำรุงรักษา. 2. สระว่ายน้ำชุมชนที่ก่อสร้างแล้วเสร็จทั้งหมดยังไม่ได้ถ่ายโอนให้หน่วยงานที่รับผิดชอบ. 3. การควบคุมดูแลสระว่ายน้ำชุมชนยังไม่เป็นไปตามหลักเกณฑ์ในการควบคุมกำกับดูแลการประกอบกิจการสระว่ายน้ำ. และเงื่อนไขที่สำคัญต่างๆ เกี่ยวกับการบริหารจัดการสระว่ายน้ำ. 6. กรมพลศึกษาไม่มีการกำหนดเงื่อนไขการควบคุมดูแลสระว่ายน้ำในบันทึกข้อตกลงการส่งมอบ. สำคัญก่อนที่หน่วยงานจะตัดสินใจเข้าร่วมโครงการ. 2. ร่วมกับหน่วยงานที่เกี่ยวข้องหาแนวทางแก้ไขปัญหาที่ไม่สามารถถ่ายโอนสนามกีฬาได้. 3. สั่งการให้หน่วยงานที่เกี่ยวข้องจัดทำฐานข้อมูลสำคัญเกี่ยวกับปัญหา อุปสรรคของการถ่ายโอนสนามกีฬา. 4. สั่งการให้หน่วยงานที่เกี่ยวข้องกำหนดแผนการเร่งรัดติดตามการดำเนินงานสนามกีฬา. 5. พิจารณาทบทวนชะลอการขอรับจัดสรรงบประมาณในการก่อสร้างสนามกีฬาแห่งใหม่ไว้ก่อน. 6. พิจารณาสั่งการให้หน่วยงานที่เกี่ยวข้องเพิ่มข้อกำหนดหรือแนวทางที่ชัดเจนในการบริหารจัดการและควบคุมดูแลสระว่ายน้ำชุมชน.,1. พิจารณาให้มีกระบวนการชี้แจงทำความเข้าใจใน,1. มีความเสี่ยงที่สนามกีฬาจะไม่ได้รับการดูแลบำรุงรักษาจนเกิดความชำรุดเสียหายและวัสดุครุภัณฑ์สูญหาย. 2. อาจเป็นภาระต่องบประมาณของกรมพลศึกษาที่ต้องนำมาดูแลรักษา. 3. ประชาชนเสียโอกาสในการใช้ประโยชน์สนามกีฬาอย่างเต็มประสิทธิภาพ. 4. การบริหารจัดการสระว่ายน้ำมีค่าใช้จ่ายสูงและอาจไม่เป็นไปตามมาตรฐานด้านสุขลักษณะ.
FL-2235,ข้อตรวจพบ การกำหนดนโยบายและหลักเกณฑ์ที่เกี่ยวข้องกับการจัดหาพลังงานไฟฟ้าในการบริหารจัดการเพื่อให้ได้มาซึ่งพลังงานไฟฟ้ายังไม่เกิดประสิทธิภาพสูงสุดต่อผู้ผลิตและผู้ใช้ไฟฟ้าในสถานการณ์ปัจจุบัน,1. สำนักงานนโยบายและแผนพลังงาน กระทรวงพลังงาน 2.สำนักงานคณะกรรมการกำกับกิจการพลังงาน 3.การไฟฟ้าฝ่ายผลิตแห่งประเทศไทย,ด้านการกำหนดโครงสร้างราคาพลังงานไฟฟ้า,2567,การเงิน/พัสดุ,1. แผนพัฒนากำลังการผลิตไฟฟ้า (PDP) กำหนดให้มีการใช้เชื้อเพลิงก๊าซธรรมชาติในสัดส่วนที่สูง. 2. รูปแบบของสัญญาการรับซื้อไฟฟ้าจากเอกชนทำให้ภาครัฐไม่สามารถสั่งผลิตไฟฟ้าจากโรงไฟฟ้าที่ต้นทุนต่ำที่สุดได้.,1. การผลิตไฟฟ้าของประเทศยังพึ่งพาก๊าซธรรมชาติในสัดส่วนที่สูง. 2. รูปแบบสัญญาการรับซื้อไฟฟ้าจากเอกชนทำให้ภาครัฐไม่สามารถเลือกสั่งเดินเครื่องโรงไฟฟ้าที่ต้นทุนต่ำที่สุดได้.,1. การจัดทำแผน PDP ควรคำนึงถึงความหลากหลายของชนิดเชื้อเพลิงและลดการพึ่งพาก๊าซธรรมชาติ. 2. การกำหนดนโยบายและหลักเกณฑ์ควรพิจารณาถึงความยืดหยุ่นของสัญญาและเงื่อนไขต่างๆ เพื่อให้ภาครัฐมีทางเลือกในการสั่งเดินเครื่องผลิตไฟฟ้า.,1. กฟผ. มีความเสี่ยงถูกปรับลดอันดับความน่าเชื่อถือ เนื่องจากต้องแบกรับภาระค่า Ft ค้างรับสะสมแทนผู้ใช้ไฟฟ้า. 2. ผู้ใช้ไฟฟ้ามีแนวโน้มที่จะแบกรับภาระค่าไฟฟ้าสูงขึ้นในอนาคต เพื่อชดเชยค่า Ft ค้างรับสะสม.
FL-2236,ข้อตรวจพบ โครงการพัฒนาแหล่งน้ำบาดาลขนาดใหญ่ โดยใช้เทคโนโลยีที่ทันสมัย (Riverbank Filtration) มีผลการดำเนินงานไม่เป็นไปตามเป้าหมายที่กำหนดตามการดำเนินโครงการระยะที่ 2 และระยะที่ 3,กรมทรัพยากรน้ำบาดาล,โครงการพัฒนาแหล่งน้ำบาดาลขนาดใหญ่ โดยใช้เทคโนโลยีที่ทันสมัย (River Bank Filtration),2568,การเงิน/พัสดุ,1. ปัจจัยด้านการจัดหาที่ดินเพื่อดำเนินโครงการ RBF มีความยุ่งยากและต้นทุนสูง. 2. การออกแบบกำลังการผลิตไม่สอดคล้องกับความต้องการใช้น้ำในพื้นที่. 3. ขาดความพร้อมของหน่วยงานที่จะนำผลการศึกษาและพัฒนาไปใช้.,กรมทรัพยากรน้ำบาดาลยังไม่สามารถนำรายงานผลการศึกษาความเหมาะสมจากระยะที่ 1 ไปสู่การดำเนินการในระยะที่ 2 (การก่อสร้างระบบนำร่อง) และระยะที่ 3 (การถ่ายทอดองค์ความรู้) ได้อย่างต่อเนื่อง.,1. หากมีแผนจะดำเนินโครงการต่อไป ควรพิจารณาปัจจัยสำคัญแห่งความสำเร็จอย่างรอบด้าน. 2. พิจารณาหาแนวทางร่วมกับหน่วยงานที่เกี่ยวข้องในการวางแผนพัฒนาแหล่งน้ำบาดาลขนาดใหญ่ร่วมกัน. 3. รวบรวมปัญหา อุปสรรค และข้อจำกัดสำคัญต่างๆ ที่ส่งผลต่อความสำเร็จในการดำเนินโครงการ.,1. การใช้จ่ายเงินจากกองทุนพัฒนาน้ำบาดาลยังไม่เกิดความคุ้มค่า. 2. กรมทรัพยากรน้ำบาดาลจะเสียโอกาสในการเพิ่มพูนองค์ความรู้และเทคโนโลยีใหม่ๆ. 3. ข้อมูลและองค์ความรู้ที่ได้จากการศึกษาในระยะที่ 1 บางปัจจัยอาจไม่สามารถนำมาใช้ในสถานการณ์ปัจจุบันได้.
FL-2237,ข้อตรวจพบ การดำเนินโครงการถังขยะเปียก ลดโลกร้อนขององค์กรปกครองส่วนท้องถิ่น ประเทศไทย ยังไม่บรรลุตามความมุ่งหวังของโครงการ,กรมส่งเสริมการปกครองท้องถิ่น,โครงการถังขยะเปียก ลดโลกร้อนขององค์กรปกครองส่วนท้องถิ่น ประเทศไทย,2568,บุคลากร/สมรรถนะ,1. การกำหนดเป้าหมายและรูปแบบการดำเนินโครงการไม่สอดคล้องกับความเป็นไปได้ของ อปท. และบริบทของกลุ่มเป้าหมาย. 2. ขาดการส่งเสริมความรู้และการมีส่วนร่วมของประชาชน. 3. การดำเนินงานโครงการยังขาดการติดตามผลเชิงคุณภาพ. 4. ขาดการกำกับติดตามให้หน่วยงานที่เกี่ยวข้องในระดับพื้นที่ดำเนินการตามแนวทาง. 5. เจ้าหน้าที่บันทึกข้อมูลระบบ DLA Waste ขาดความเข้าใจในการบันทึกข้อมูล. 6. ขาดกลไกสนับสนุนเชิงรุกและการประชาสัมพันธ์ข้อมูลคาร์บอนเครดิตเชิงพื้นที่อย่างต่อเนื่อง.,1. การขายคาร์บอนเครดิตภาคสมัครใจยังไม่ครอบคลุม อปท. เป้าหมาย. 2. กระบวนการทวนสอบจากผู้ประเมินภายนอก (VVB) ยังมีข้อจำกัดและไม่สะท้อนข้อเท็จจริง. 3. การดำเนินงานและการรายงานข้อมูลของ อปท. ไม่เป็นไปตามแนวทางโครงการ. 4. กลุ่มเป้าหมายบางส่วนไม่มีการใช้งานถังขยะเปียกหรือใช้ประโยชน์ไม่ต่อเนื่อง.,"1. ทบทวนรูปแบบการดำเนินโครงการให้เหมาะสมกับแต่ละพื้นที่. 2. กำหนดให้มีแนวทางการส่งเสริมความรู้และความเข้าใจของประชาชน. 3. กำหนดแนวทางการติดตามผลโดยพัฒนากลไกการติดตามแบบมีส่วนร่วม. 4. กำกับติดตามให้หน่วยงานระดับพื้นที่ดำเนินการตามแนวทางและกลไกการขับเคลื่อนโครงการ. 5. พิจารณากำหนดแนวทางการดำเนินการส่งเสริมศักยภาพของบุคลากรของ อปท. ที่รับผิดชอบด้านการจัดเก็บและบันทึกข้อมูลผ่านระบบ DLA Waste. 6. หารือร่วมกับหน่วยงานที่เกี่ยวข้องถึงความเป็นไปได้ในการพัฒนา ""แพลตฟอร์มด้านคาร์บอนเครดิตจากท้องถิ่น"". 7. กำหนดให้มีนโยบายประชาสัมพันธ์ข้อมูลคาร์บอนเครดิตในระดับพื้นที่.",1. ไม่สามารถลดปริมาณขยะมูลฝอยที่ต้องนำไปกำจัดและลดค่าใช้จ่ายในการบริหารจัดการได้จริง. 2. ไม่สามารถลดปริมาณขยะอินทรีย์เข้าสู่ระบบฝังกลบได้จริง. 3. การใช้ทรัพยากรภายใต้โครงการไม่คุ้มค่า. 4. อปท. เสียโอกาสในการมีรายได้และพัฒนาโครงการด้านสิ่งแวดล้อม. 5. ข้อมูลภายใต้โครงการขาดความน่าเชื่อถือ.
FL-2238,ข้อตรวจพบที่ 1 การติดตั้งสถานีเตือนภัยล่วงหน้ายังไม่ครอบคลุมพื้นที่เสี่ยงอุทกภัย–ดินถล่มในพื้นที่ลาดชันและพื้นที่ราบเชิงเขา และมีการติดตั้งสถานีเตือนภัยล่วงหน้าในพื้นที่อื่น ๆ ที่ไม่ใช่หมู่บ้านเสี่ยงอุทกภัย–ดินถล่ม ตามฐานข้อมูลหมู่บ้านเสี่ยงอุทกภัย–ดินถล่ม ของกรมทรัพยากรน้ำ,กรมทรัพยากรน้ำ,การบริหารจัดการระบบเตือนภัยล่วงหน้า (Early Warning System) สำหรับพื้นที่เสี่ยงอุทกภัย–ดินถล่ม,2568,ข้อมูล/บันทึก/เอกสาร,1. กรมทรัพยากรน้ำ (ทน.) ยังไม่สามารถพัฒนาเทคโนโลยีที่เหมาะสมสำหรับติดตั้งสถานีเตือนภัยในพื้นที่ต้นน้ำและพื้นที่ลาดชันได้. 2. ทน. ยังไม่มีการทบทวน ปรับปรุง ฐานข้อมูลหมู่บ้านเสี่ยงอุทกภัย–ดินถล่มให้เป็นปัจจุบัน.,1. หมู่บ้านเสี่ยงอุทกภัย–ดินถล่มบางส่วนยังไม่มีการติดตั้งสถานีเตือนภัยและไม่อยู่ในพื้นที่ครอบคลุมการเตือนภัย. 2. มีการติดตั้งสถานีเตือนภัยในพื้นที่อื่น ๆ ที่ไม่ใช่หมู่บ้านเสี่ยงตามฐานข้อมูล.,1. สำรวจและรวบรวมปัญหา อุปสรรค จากการใช้งานระบบเตือนภัยล่วงหน้าเพื่อนำมาปรับปรุงระบบให้เหมาะสมกับสภาพพื้นที่. 2. ให้ความสำคัญในการติดตามประเมินผลการทำงานของสถานีเตือนภัยล่วงหน้า. 3. ทบทวน ปรับปรุง ฐานข้อมูลหมู่บ้านเสี่ยงอุทกภัย–ดินถล่มให้เป็นปัจจุบัน ทันต่อสถานการณ์.,1. ประชาชนในพื้นที่เสี่ยงภัยไม่ได้รับการเฝ้าระวังและแจ้งเตือนภัยล่วงหน้า. 2. หน่วยงานที่เกี่ยวข้องขาดข้อมูลสำคัญเพื่อใช้ในการวิเคราะห์และแจ้งเตือนภัยได้อย่างทันกาล.
FL-2239,ข้อตรวจพบที่ 2 ผลการดำเนินงานบางส่วนของโครงการจัดทำระบบเตือนภัยล่วงหน้ายังไม่เป็นไปตามวัตถุประสงค์โครงการ,กรมทรัพยากรน้ำ,การบริหารจัดการระบบเตือนภัยล่วงหน้า (Early Warning System) สำหรับพื้นที่เสี่ยงอุทกภัย–ดินถล่ม,2568,ข้อมูล/บันทึก/เอกสาร,1. ทน. ยังไม่มีการกำหนดแนวทางให้ สทน. จัดเก็บข้อมูลสำคัญเพื่อใช้วิเคราะห์. 2. ทน. ยังไม่มีการทบทวนถึงความเหมาะสมของจุดติดตั้งสถานีเตือนภัยล่วงหน้า. 3. การสื่อสารเพื่อซักซ้อมความเข้าใจให้ผู้รู้ประจำสถานี ผู้นำชุมชน และประชาชนยังไม่ต่อเนื่อง. 4. ทน. ยังมีข้อจำกัดในการดูแลบำรุงรักษาสถานีเตือนภัยล่วงหน้าให้ครบถ้วนทุกสถานี. 5. ทน. ยังไม่มีการกำหนดแนวทางหรือแผนสำรองให้กับ สทน. เพื่อใช้เตือนภัยในพื้นที่ที่สถานีชำรุด.,1. สถานีเตือนภัยล่วงหน้าที่สุ่มตรวจสอบส่วนใหญ่ไม่มีการส่งสัญญาณแจ้งเตือนภัยก่อนเกิดสถานการณ์อุทกภัยในเขตพื้นที่ประสบสาธารณภัย. 2. การรับรู้ข้อมูลการเตือนภัยของประชาชนยังไม่ทั่วถึง. 3. สถานีเตือนภัยล่วงหน้าบางส่วนไม่มีความพร้อมใช้งาน.,1. สั่งการให้สำนักที่เกี่ยวข้องร่วมกันวิเคราะห์และประเมินถึงเหตุผล ความจำเป็น และความเป็นไปได้ของการกำหนดแนวทางจัดเก็บข้อมูลสำคัญ. 2. ทบทวนถึงความเหมาะสมของจุดติดตั้งสถานีเตือนภัยล่วงหน้าให้สอดคล้องกับสถานการณ์และสภาพพื้นที่ปัจจุบัน. 3. ทบทวนการกำหนดช่องทางที่จะใช้สำหรับประชาสัมพันธ์ให้เหมาะสมและมีประสิทธิภาพ. 4. ปรับปรุงการแสดงผลข้อมูลในแอปพลิเคชัน EWS DWR. 5. จัดทำฐานข้อมูลสถานีเตือนภัยล่วงหน้าที่ชำรุดเสียหายทั้งหมด. 6. พิจารณาจัดทำแผนบริหารความต่อเนื่องของระบบเตือนภัยสำหรับสถานีที่ชำรุด. 7. พิจารณาทบทวนการตั้งค่าเป้าหมายตัวชี้วัดเรื่องความพร้อมใช้งานของสถานีเตือนภัยล่วงหน้าให้สอดคล้องกับสถานการณ์ภัยพิบัติ.,1. ประชาชนในพื้นที่ประสบสาธารณภัยไม่รับทราบข้อมูลการแจ้งเตือนภัยล่วงหน้า ทำให้ไม่สามารถเตรียมความพร้อมรับมือได้. 2. การแจ้งเตือนภัยที่ไม่สอดคล้องกับสถานการณ์อาจส่ง ต่อความน่าเชื่อถือ. 3. ประชาชนขาดเครื่องมือสำคัญในการติดตามข้อมูลและสถานการณ์อย่างรวดเร็วและต่อเนื่อง. 4. ทน. และสำนักงานทรัพยากรน้ำภาค (สทน.) ขาดข้อมูลผลการตรวจวัดค่าต่างๆ เพื่อวิเคราะห์และติดตามสถานการณ์น้ำ.
FL-2240,ข้อตรวจพบที่ 1 การดำเนินโครงการที่ได้รับงบประมาณสนับสนุนจากกองทุนพัฒนาน้ำบาดาล บางส่วนมีผลการดำเนินงานไม่เป็นไปตามแผนกำหนด,กรมทรัพยากรน้ำบาดาล,โครงการศึกษา วิจัย เพื่อพัฒนาและอนุรักษ์แหล่งน้ำบาดาลและสิ่งแวดล้อม,2568,,1. ปัญหาการจัดหาที่ปรึกษาและปัญหาพื้นที่ดำเนินโครงการไม่มีศักยภาพน้ำเพียงพอ. 2. ผู้รับผิดชอบโครงการขาดการพิจารณา,1. มีโครงการที่ขอยกเลิกหลังจากได้รับอนุมัติแล้ว และมีการเบิกจ่ายงบประมาณไปบางส่วน. 2. มีโครงการจำนวน 61 โครงการ ที่มีผลการดำเนินงานล่าช้ากว่าระยะเวลาที่กำหนดไว้ในข้อเสนอโครงการ. และวิธีดำเนินโครงการเกี่ยวกับกฎหมายและระเบียบ. 3. การกำหนดแนวทางแก้ไขปัญหายังไม่ได้ให้ความสำคัญกับการนำสภาพปัญหาและความเสี่ยงต่างๆ มาพิจารณา. 4. ขาดการกำหนดแนวทาง/กระบวนการติดตามเร่งรัดที่ชัดเจนเพื่อให้หน่วยงานจัดส่งรายงานความก้าวหน้า.,1. ให้มีการพิจารณาทบทวนรวมถึงประเมินผลการดำเนินงานที่ผ่านมาของกองทุนพัฒนาน้ำบาดาล. 2. นำข้อมูลปัญหา อุปสรรค และข้อจำกัดมาจัดทำฐานข้อมูลสำหรับใช้กำหนดกรอบการประเมินความเสี่ยง. 3. กำหนดให้มีแนวทาง ขั้นตอน หรือกระบวนการติดตามเร่งรัดการรายงานผลต่างๆ ให้ชัดเจน.,1. การใช้จ่ายเงินจากกองทุนพัฒนาน้ำบาดาลไม่คุ้มค่า. 2. กลุ่มเป้าหมายไม่ได้รับประโยชน์ตามที่โครงการกำหนดไว้. 3. กรมทรัพยากรน้ำบาดาลเสียโอกาสในการเพิ่มพูนองค์ความรู้และเทคโนโลยีใหม่ๆ. 4. ข้อมูลสำคัญจากผลการศึกษาสำรวจไม่สามารถนำมาประกอบการพิจารณาวางแผนหรือกำหนดนโยบายการดำเนินงานได้อย่างทันท่วงที.
FL-2241,ข้อตรวจพบที่ 2 กระบวนการติดตามและประเมินผลการดำเนินงานโครงการที่ได้รับงบประมาณ สนับสนุนจากกองทุนพัฒนาน้ำบาดาล ยังไม่สามารถวัดผลสัมฤทธิ์ของการดำเนินงานได้ชัดเจน,กรมทรัพยากรน้ำบาดาล,โครงการศึกษา วิจัย เพื่อพัฒนาและอนุรักษ์แหล่งน้ำบาดาลและสิ่งแวดล้อม,2568,ติดตาม/ประเมินผล/กำกับ,1. กองทุนพัฒนาน้ำบาดาลยังขาดการติดตามประเมินผลโครงการบางประเภท. 2. การวัดความสำเร็จของการดำเนินโครงการในระดับผลสัมฤทธิ์แต่ละระดับเกิดขึ้นในช่วงเวลาที่แตกต่างกัน.,กรมทรัพยากรน้ำบาดาลใช้แนวทางติดตามประเมินผลการนำผลการศึกษา/ผลงานวิจัยของโครงการที่ได้รับเงินกองทุนพัฒนาน้ำบาดาลไปใช้ให้เกิดประโยชน์ โดยการตรวจสอบข้อมูลจากเอกสารรายงานความก้าวหน้าและเอกสารรายงานฉบับสมบูรณ์. คณะกรรมการบริหารกองทุนพัฒนาน้ำบาดาลและกรมทรัพยากรน้ำบาดาลขาดข้อมูลสำคัญเกี่ยวกับการประเมินผลลัพธ์ของโครงการ.,1. ทบทวนแนวทางการติดตามและประเมินผลการดำเนินงานโครงการ. 2. จัดทำแผนการติดตามประเมินผลในระดับผลสัมฤทธิ์ของแต่ละปีงบประมาณ. 3. กำหนดประเภทของโครงการที่มีความจำเป็นต้องติดตามประเมินผลเพิ่มเติม. 4. กำหนดให้มีแนวทางสำหรับใช้ในการติดตามประเมินผลโครงการในระดับผลสัมฤทธิ์. 5. กำหนดให้มีขั้นตอนการชี้แจงทำความเข้าใจถึงแนวทางการจัดทำข้อเสนอโครงการ.,
FL-2242,ข้อตรวจพบที่ 1 สถานศึกษาส่วนใหญ่มีการดำเนินการด้านความปลอดภัย ยังไม่สอดคล้องกับความเสี่ยงตามบริบทของสถานศึกษา,สำนักงานคณะกรรมการการศึกษาขั้นพื้นฐาน,ด้านความปลอดภัยของสถานศึกษา,2568,ติดตาม/ประเมินผล/กำกับ,1. หน่วยงานทุกระดับที่เกี่ยวข้องยังขาดความเข้าใจในการดำเนินงานด้านความปลอดภัย. 2. แนวทางการดำเนินงานด้านความปลอดภัยยังไม่ชัดเจนในการนำไปปฏิบัติ. 3. ขาดการซักซ้อมความเข้าใจร่วมกันในการปฏิบัติตามแนวทางด้านความปลอดภัย. 4. ระบบการกำกับ ติดตาม และประเมินผล ของหน่วยงานแต่ละระดับยังไม่สะท้อนผลสำเร็จในเชิงผลลัพธ์ของการดำเนินงานด้านความปลอดภัย.,1. สถานศึกษาส่วนใหญ่จัดทำแผนเสริมสร้างความปลอดภัยและแผนเผชิญเหตุที่ไม่สอดคล้องกับความเสี่ยงตามบริบท. 2. สถานศึกษาส่วนใหญ่มีการดำเนินโครงการด้านความปลอดภัยยังไม่สอดคล้องกับความเสี่ยงของสถานศึกษา. 3. สถานศึกษาส่วนใหญ่ยังไม่ได้จัดทำแผนในการกำกับ ติดตาม และประเมินผลการดำเนินโครงการด้านความปลอดภัยตามแผนปฏิบัติราชการประจำปี.,1. พัฒนาแนวทางหรือคู่มือการปฏิบัติให้มีความชัดเจนและพัฒนาเครื่องมือสนับสนุนให้สามารถนำไปปฏิบัติได้. 2. จัดให้มีระบบการสื่อสารและการถ่ายทอดนโยบายสู่การปฏิบัติอย่างมีประสิทธิภาพ. 3. พัฒนาระบบกำกับติดตามและประเมินผลที่เชื่อมโยงกับเป้าหมายของศูนย์บริหารความสุขและความปลอดภัย สพฐ. อย่างเป็นระบบ.,1. นักเรียน ครู และบุคลากรทางการศึกษายังมีความเสี่ยงหรืออาจไม่ได้รับความปลอดภัย. 2. หากเกิดเหตุการณ์ความไม่ปลอดภัยกับนักเรียน ครู และบุคลากรทางการศึกษา สถานศึกษาอาจไม่มีความพร้อมในการบริหารจัดการเหตุการณ์ดังกล่าว.
FL-2243,ข้อตรวจพบที่ 2 การรายงานสถิติการเกิดภัยของสถานศึกษา และ สพท. ยังไม่เป็นไปตามแนวทางที่ สพฐ. กำหนด และหน่วยงานทุกระดับมีจำนวนสถิติที่ไม่ตรงกัน,สำนักงานคณะกรรมการการศึกษาขั้นพื้นฐาน,ด้านความปลอดภัยของสถานศึกษา,2568,ข้อมูล/บันทึก/เอกสาร,1. สพฐ. ยังขาดการทำความเข้าใจถึงแนวทางที่ชัดเจนในการจัดเก็บและรายงานข้อมูลด้านความปลอดภัย. 2. สพฐ. ยังขาดการจัดทำระบบสารสนเทศด้านความปลอดภัยที่สามารถนำไปใช้วางแผนและพัฒนางานได้อย่างเป็นรูปธรรม.,1. ระดับสถานศึกษาและ สพท. ยังขาดการรายงานเหตุความไม่ปลอดภัยในทุกภัยและทุกระดับความรุนแรงตามแนวทางที่ สพฐ. กำหนด. 2. ข้อมูลสถิติการเกิดภัยในระดับสถานศึกษาในสังกัดกับข้อมูลการเกิดภัยในระดับ สพท. และ สพฐ. มีข้อมูลสถิติที่ไม่ตรงกันในทุกระดับ.,1. กำหนดให้มีแนวทางและการซักซ้อมความเข้าใจที่ชัดเจนในการรายงานเหตุความไม่ปลอดภัย. 2. พัฒนาการจัดทำข้อมูลสารสนเทศด้านความปลอดภัย. 3. กำหนดให้มีผู้รับผิดชอบของ สพฐ. ในการสอบทานการรายงานสถิติการเกิดภัยและเป็นผู้ให้ข้อมูล.,1. ข้อมูลการเกิดภัยของหน่วยงานในทุกระดับไม่ถูกต้องตรงกัน และไม่สามารถใช้เป็นเครื่องมือสนับสนุนการวางแผนและตัดสินใจเชิงนโยบายหรือการดำเนินงานด้านความปลอดภัยได้อย่างมีประสิทธิภาพ. 2. การดำเนินงานด้านความปลอดภัยไม่สามารถตอบสนองต่อปัญหาและความเสี่ยงของสถานศึกษา.
