finding_id,issue_title,unit,program,year,cause_detail,issue_detail,recommendation,outcomes_impact
FL-0014,การดำเนินงานไม่บรรลุวัตถุประสงค์เป้าหมายของโครงการ                                                  ,เทศบาลเมืองกำแพงเพชร,โครงการก่อสร้างสถานีขนถ่ายขยะมูลฝอยของเทศบาลเมืองกำแพงเพชรอ.รัตภูมิ จ.สงขลา,2562,โดยเส้นทางเข้าสู่สถานีขนถ่ายขยะมูลฝอยที่เทศบาลเมืองกำแพงเพชรเลือกนั้น ปัจจุบันเป็นถนนดินลูกรังที่วิ่งผ่านสวนยางพาราของประชาชน 1.ไม่มีถนนทางเข้าสถานีขนถ่ายที่ได้มาตรฐาน,1.การดำเนินโครงการก่อสร้างสถานีขนถ่ายขยะมูลฝอยเทศบาลเมืองกำแพงเพชรไม่บรรลุวัตถุประสงค์/เป้าหมาย,"1.ดูแลรักษาสถานีขนถ่ายขยะมูลฝอยให้อยู่ในสภาพที่พร้อมใช้งาน 
เมื่อดำเนินการก่อสร้างถนนทางเข้าสถานีขนถ่ายขยะมูลฝอย 
และขยายเขตไฟฟ้าแล้วเสร็จ สามารถเปิดดำเนินการได้ทันที
2.เร่งดำเนินการก่อสร้างถนนและขอขยายเขตไฟฟ้าจากการไฟฟ้าส่วนภูมิภาคให้แล้วเสร็จ 
เพื่อที่จ","1.ตามสัญญาเดิม 
โครงการก่อสร้างสถานีขนถ่ายขยะมูลฝอยถูกกำหนดให้แล้วเสร็จในปีงบประมาณ 2560 
เพื่อที่จะให้โครงการสามารถสอดรับกับเป้าหมาย Roadmap 
การบริหารจัดการขยะมูลฝอย คือ นำขยะสะสมของอปท.ทั้ง 7 แห่ง ปริมาณ 58,708 ตัน 
มากำจัดอย่างถูกหลักวิชาการให้หมดภายใ"
FL-0015,การดำเนินงานไม่บรรลุวัตถุประสงค์เป้าหมายของโครงการ                                                  ,สำนักงานท้องถิ่นจังหวัดสุราษฎร์ธานี,โครงการด้านเทคโนโลยีและการสื่อสารขององค์กรปกครองส่วนท้องถิ่นในจังหวัดสุราษฎร์ธานี,2562,,,,
FL-0016,การดำเนินงานไม่บรรลุวัตถุประสงค์เป้าหมายของโครงการ                                                  ,สำนักงานปศุสัตว์จังหวัดประจวบคีรีขันธ์,โครงการเพิ่มศักยภาพการผลิตสินค้าปศุสัตว์ให้ได้มาตรฐานอาหารปลอดภัย (Food sefety)และปลอดมลภาวะ (Zero waste Livestotks),2562,ไม่ได้สอบถามความต้องการและความพร้อมของเกษตรกรที่จะเข้าร่วมกิจกรรม จากการสอบถามปศุสัตว์อำเภอจำนวน การกำหนดกลุ่มเป้าหมายเพื่อเข้าร่วมกิจกรรมต่าง,ผลการดำเนินกิจกรรมไม่บรรลุวัตถุประสงค์ของโครงการ,"	๑. การดำเนินโครงการ 
ควรมีการสำรวจความต้องการที่แท้จริงของกลุ่มเป้าหมายในการเข้าร่วมกิจกรรม 
รวมทั้งพิจารณาเกษตรกรที่มีความพร้อม 
และมีพื้นที่ดำเนินกิจกรรมที่เหมาะสมเพื่อกำหนดจำนวนกลุ่มเป้าหมายที่จะดำเนินการ 
และความเหมาะสมในการจัดสรรงบประมาณ ทำให้การใช้","การดำเนินกิจกรรมต่าง ๆ 
ไม่บรรลุตามวัตถุประสงค์ของโครงการส่งผลให้การใช้จ่ายงบประมาณในการดำเนินโครงการเป็นไปอย่างไม่คุ้มค่า 
ดังนี้
	๑. การส่งเสริมแปลงพืชอาหารสัตว์ในปีงบประมาณ พ.ศ. ๒๕๕๙ 
ของสำนักงานปศุสัตว์จังหวัดเพชรบุรี 
จากการสังเกตการณ์แปลงพืชอาหารสัต"
FL-0017,การดำเนินงานไม่บรรลุวัตถุประสงค์เป้าหมายของโครงการ                                                  ,กลุ่มจังหวัดภาคเหนือตอนบน 2,โครงการเพิ่มขีดในการแข่งขันการเกษตรระดับภูมิภาค(ภายใต้แผนงานบูรณาการพัฬนาจังหวัดและกลุ่มจังหวัด),2562,สาเหตข้อตรวจพบ สภาพปัญหาที่แท้จริงของระบบธุรกิจการเลี้ยงโคเนื้อ สำนักงานปศุสัตว์จังหวัดพะเยา,โครงการเพิ่มขีดในการแข่งขันการเกษตรระดับภูมิภาค เป็นโครงการภายใต้นโยบายของกระทรวงเกษตรและสหกรณ์ที่เล็งเห็นความสำคัญในการเลี้ยงโคเนื้อคุณภาพ ยั่งยืนและอาหารปลอดภัยสู่อาเซียน,"	ผู้ว่าการตรวจเงินแผ่นดิน โดยสำนักงานการตรวจเงินแผ่นดินภูมิภาคที่ 9 
(จังหวัดลำปาง) มีข้อเสนอแนะให้ผู้ว่าราชการจังหวัดเชียงราย 
(ในฐานะหัวหน้ากลุ่มจังหวัดภาคเหนือตอนบน 2) พิจารณาดำเนินการ ดังนี้
	ข้อตรวจพบที่ 1
1.	ให้ผู้บังคับบัญชาทุกระดับชั้น ตั้งแต่ผู้ว","มูลค่าเสียโอกาส	ฃ ไม่มี 	R มี (ระบุจำนวนเงิน)       24,796,710.00	บาท
แยกเป็นมูลค่าเสียโอกาสจากข้อตรวจพบที่ 1 และข้อสังเกต ดังนี้
ข้อตรวจพบที่ 1 
กรณีส่งคืนงบประมาณแผ่นดินทำให้กลุ่มเป้าหมายเสียโอกาสที่จะได้รับการพัฒนาจำนวน 
3,200,000.00 บาท 
และกรณีใช้จ่า"
FL-0018,การดำเนินงานไม่บรรลุวัตถุประสงค์เป้าหมายของโครงการ                                                  ,สำนักงานเกษตรจังหวัดขอนแก่น,โครงการพัฒนาคุณภาพการผลิตและเพิ่มมูลค่าผลผลิตข้าวครบวงจร ประจำปีงบประมาณ พ.ศ.2561 ของกลุ่มจังหวัดภาคตะวันออกเฉียงเหนือตอนกลาง,2562,การพิจารณาอนุมัติของคณะกรรมการบริหารงานกลุ่มจังหวัดแบบบูรณาการ ไม่ได้จัดเตรียมข้อมูลเกี่ยวกับกลุ่มเป้าหมาย สาเหตุเนื่องจากการจัดทำโครงการเพื่อขออนุมัติงบประมาณและเปลี่ยนแปลงงบประมาณ,1.การเปลี่ยนแปลงหน่วยดำเนินการและรายการครุภัณฑ์ไม่สอดคล้องกับกลุ่มเป้าหมายของ โครงการพัฒนาคุณภาพการผลิตและเพิ่มมูลค่าผลผลิตข้าวครบวงจร สำนักงานเกษตรจังหวัดขอนแก่นได้กำห,"1.สั่งกำชับให้กลุ่มงานบริหารยุทธศาสตร์กลุ่มจังหวัดภาคตะวันออกเฉียงเหนือตอนกลาง
ให้ความสำคัญและพิจารณาถึงกลุ่มเป้าหมาย ความสอดคล้องและเชื่อมโยงของโครงการ 
(ห่วงโซ่คุณค่าระดับต้นน้ำ กลางน้ำ และปลายน้ำ) รวมถึงวัตถุประสงค์ 
และผลสำเร็จตามตัวชี้วัดของโครงการ 
","การดำเนินโครงการไม่เป็นไปตามเป้าหมายและวัตถุประสงค์ของโครงการส่งผลต่อความ
สำเร็จของโครงการ ทำให้ไม่สามารถพัฒนาคุณภาพการผลิตและเพิ่มมูลค่าผลผลิตข้าว
ได้อย่างครบวงจรตามที่กำหนด ส่งผลต่อความสำเร็จของโครงการตามตัวชี้วัด 
และการบรรลุวัตถุประสงค์ของโครงการ
"
FL-0019,การดำเนินงานไม่บรรลุวัตถุประสงค์เป้าหมายของโครงการ                                                  ,เทศบาลตำบลนากลาง,โครงการก่อสร้างศูนย์การจัดการขยะมูลฝอยรวม เทศบาลตำบลนากลาง,2562,มูลฝอยรวมยังไม่ดำเนินการตามบันทึกข้อตกลงการรับเงินอุดหนุนจากกองทุนสิ่งแวดล้อมและคู่มือดำเนินการศูนย์กำจัดขยะมูลฝอยรวมเทศบาลตำบลนากลาง การที่เทศบาลตำบลนากลางมีการบริหารจัดการโครงการก่อสร้างศูนย์การจัดการขยะ มีสาเหตุ,ยังไม่ดำเนินการตามบันทึกข้อตกลงการรับเงินอุดหนุนจากกองทุนสิ่งแวดล้อมและคู่มือดำเนินการศูนย์กำจัดขยะมูลฝอยรวมเทศบาลตำบลนากลาง การบริหารจัดการโครงการก่อสร้างศูนย์การจัดการขยะมูลฝอยรวม โดยสรุปข้อตรวจพบและข้อสังเกต,"เพื่อให้การดำเนินการบริหารจัดการโครงการก่อสร้างศูนย์การจัดการขยะมูลฝอยรวมของเทศบาลตำบลนากลางเป็นไปตามมาตรฐานการดำเนินการในระบบฝังกลบ 
เพื่อลดผลกระทบต่อสิ่งแวดล้อมและส่งผลกระทบต่อประชาชนที่อยู่ติดกับโครงการ 
โดยให้การบริหารจัดการศูนย์การจัดการขยะมูลฝอยเป็น","การที่องค์กรปกครองส่วนท้องถิ่นไม่ให้ความสำคัญและไม่ดำเนินการอย่างจริงจังเพื่อให้ประชาชนในท้องถิ่นมีจิตสำนึกเห็นถึงความสำคัญและประโยชน์ของการลดและคัดแยกขยะมูลฝอย 
และประชาชนไม่ดำเนินการคัดแยกขยะมูลฝอยอย่างจริงจัง มีผลกระทบดังนี้
1. การดำเนินงานโครงการไม่บร"
FL-0020,การดำเนินงานไม่บรรลุวัตถุประสงค์เป้าหมายของโครงการ                                                  ,สำนักงานจังหวัดอุบลราชธานี,โครงการพัฒนาและส่งเสริมการเกษตรในกลุ่มจังหวัดภาคตะวันออกเฉีย1,2562,ขาดความเป็นไปได้ที่จะสามารถผลิตและจำหน่ายสินค้าในต่างประเทศได้ ออกแบบบรรจุภัณฑ์ราคาสูงและไม่มีตลาดรองรับ จัดทำโครงการและดำเนินโครงการที่มีลักษณะ,โครงการยกระดับมาตรฐานการผลิตและพัฒนาผลิตภัณฑ์แปรรูปเพื่อสร้างมูลค่าเพิ่มให้กับผลิตภัณฑ์ข้าวและเกษตรอินทรีย์สู่สากลยังไม่มีผลสัมฤทธิ์เพื่อการส่งเสริมการจำหน่ายสินค้าทั้งตลาดในประเทศและต่างประเทศ จากการตรวจสอบบริษัท/กลุ่มเกษตรกรที่เข้าร่วมโ ข้อตรวจพบที่,"1.ปรับปรุงแก้ไขผลการดำเนินโครงการให้สามารถจำหน่ายสินค้าในระดับท้องถิ่นให้ได้ก่อน 
แล้วขยายผลไปสู่ตลาดภายในประเทศและต่างประเทศตามวัตถุประสงค์และเป้าหมายของโครงการ 
และตามรายงานผลการศึกษาออกแบบของที่ปรึกษาโดยเร็ว 
หรือตามแนวทางข้อเสนอแนะของสำนักงานการตรวจเง","ทำให้การใช้จ่ายงบประมาณที่ใช้เพื่อการลงทุนกลุ่ม/บริษัท ๆ ละ ประมาณ 500,000 
บาท รวมทั้งหมด 20 กลุ่ม/บริษัท เป็นเงินจำนวน 10,176,000.00 บาท 
ยังไม่เกิดความคุ้มค่าและขาดโอกาสในการนำงบประมาณไปพัฒนาสินค้ากลุ่มอื่นๆ 
ที่มีศักยภาพและสามารถส่งออกต่างประเทศได้ตาม"
FL-0021,การดำเนินงานไม่บรรลุวัตถุประสงค์เป้าหมายของโครงการ                                                  ,สำนักงานประมงจังหวัดฉะเชิงเทรา,โครงการการยกระดับคุณภาพและการแปรรูปสินค้าเกษตร งบประมาณจังหวัด ปีงบประมาณ 2560 - 2562,2562,สำนักงานสหกรณ์จังหวัดระยองไม่มีข้อมูลเกี่ยวกับเกษตรกรผู้ปลูกทุเรียนในจังหวัดระยองที่เพียงพอ และเกษตรกรส่วนใหญ่ที่เข้าร่วมประชุมไม่ขอรับแจกสติกเกอร์ กรณีไม่บรรลุเป้าหมายจำนวนเกษตรที่เข้าร่วมประชุมชี้แจง,การดำเนินการตามเป้าหมายของโครงการ,"	1.  ให้ผู้ว่าราชการจังหวัดระยอง พิจารณาดำเนินการ 
          
มอบหมายให้สำนักงานเกษตรจังหวัดระยองและหน่วยงานที่เกี่ยวข้องสำรวจความต้องการของเกษตรกรผู้ปลูกทุเรียนระยอง 
ศึกษาวิเคราะห์ช่องทางการจำหน่ายทุเรียน 
เพื่อหาแนวทางในการส่งเสริมการจำหน่ายทุเรียนให้เ","1. การจัดประชุมเกษตรกรไม่ครบตามเป้าหมายที่กำหนด 
ในกิจกรรมการสร้างมูลค่าเพิ่มและความเชื่อมั่นให้กับทุเรียนระยอง 
ส่งผลกระทบให้เกษตรกรผู้ปลูกทุเรียนที่มีการขึ้นทะเบียนเกษตรกรกับสำนักงานเกษตรจังหวัดระยอง 
ตามเป้าหมายในปี 2562 จำนวน 3,000 ราย ผ่านการประชุมชี"
FL-0022,การดำเนินงานไม่บรรลุวัตถุประสงค์เป้าหมายของโครงการ                                                  ,สำนักงานประมงจังหวัดฉะเชิงเทรา,โครงการการยกระดับคุณภาพและการแปรรูปสินค้าเกษตร งบประมาณจังหวัด ปีงบประมาณ 2560 - 2562,2562,1.เจ้าหน้าที่ต้องจัดทำรายงานการติดตามประเมินผลให้แล้วเสร็จภายในสิ้นเดือนสิงหาคมซึ่งโครงการดำเนินการยังไม่สิ้นสุดรอบการเลี้ยงสัตว์น้ำ ทำให้ยังไม่ได้มีการถอดบทเรียนเพื่อสรุปเป็นองค์ความรู้ เจ้าหน้าที่ผู,โครงการพัฒนาการเลี้ยงสัตว์น้ำในพื้นที่ที่มีความเหมาะสมการเลี้ยงกุ้งขาวร่วมกับปลาน้ำจืดที่มีคุณค่าทางเศรษฐกิจในบ่อดิน การดำเนินโครงการไม่บรรลุวัตถุประสงค์เรื่องการรวบรวมองค์ความรู้เพื่อใช้ในการส่งเสริมเกษตรกร มีวัตถ,"ให้ประมงจังหวัดฉะเชิงเทรา พิจารณาดำเนินการ ดังนี้
1.ให้เจ้าหน้าที่ผู้รับผิดชอบโครงการเร่งรัดกระบวนการถอดบทเรียนเพื่อสรุปเป็นองค์ความรู้ 
โดยการถอดบทเรียนต้องแสดงให้เห็นถึงความโดดเด่น 
และมีการปฏิบัติที่ดีในการเลี้ยงกุ้งขาวปลานิลร่วมกัน 
หรือเป็นเทคนิคเฉพา","การดำเนินโครงการพัฒนาการเลี้ยงสัตว์น้ำในพื้นที่ที่มีความเหมาะสมการเลี้ยงกุ้งขาวร่วมกับปลาน้ำจืดที่มีคุณค่าทางเศรษฐกิจในบ่อดิน 
ปีงบประมาณ 2561 
ไม่บรรลุวัตถุประสงค์ในเรื่องการรวบรวมองค์ความรู้เพื่อใช้ในการส่งเสริมเกษตรกรส่งผลกระทบทำให้หน่วยงานไม่มีข้อมูลอ"
FL-0024,การดำเนินงานไม่บรรลุวัตถุประสงค์เป้าหมายของโครงการ                                                  ,กรมบัญชีกลาง,โครงการประชารัฐสวัสดิการ,2562,กิจกรรมตามมาตรการพัฒนาคุณภาพชีวิตผู้มีบัตรสวัสดิการแห่งรัฐ ส่วนใหญ่เป็นลักษณะเน้นการอบรมฝึกอาชีพตามแนวทางเดิมที่หน่วยงาน พัฒนาดำเนินการตามภารกิจปกติ,การดำเนินมาตรการพัฒนาคุณภาพชีวิตผู้มีบัตรสวัสดิการแห่งรัฐไม่บรรลุวัตถุประสงค์ ที่กำหนดไว้,"ให้มีการปรับปรุงกระบวนการ ขั้นตอน 
และแผนการพัฒนาคุณภาพชีวิตให้กับผู้มีรายได้น้อย 
โดยต้องทบทวนกำหนดกรอบเวลาการปฏิบัติงานของหน่วยงานที่เกี่ยวข้อง 
เกี่ยวเนื่องสัมพันธ์กันให้สามารถปฏิบัติงานได้โดยไม่เกิดความเร่งรีบ 
มุ่งเน้นผลสัมฤทธิ์ของการดำเนินงาน กำหนดแ","เกิดความไม่คุ้มค่าของเงินงบประมาณที่รัฐใช้ในการจัดสวัสดิการตามมาตรการ
เพื่อจูงใจให้กลุ่มเป้าหมายเข้าร่วมมาตรการพัฒนาคุณภาพชีวิต 
เป็นจำนวนเงินไม่น้อยกว่า 3,233.76 ล้านบาท 
"
FL-0025,การดำเนินงานไม่บรรลุวัตถุประสงค์เป้าหมายของโครงการ                                                  ,สำนักงานคณะกรรมการการศึกษาขั้นพื้นฐาน,การตรวจสอบการดำเนินงานการจัดการการศึกษาขั้นพื้นฐานในสังกัดสำนักงานคณะกรรมการการศึกษาขั้นพื้นฐาน,2562,สำนักงานเขตพื้นที่การศึกษายังขาดหลักเกณฑ์หรือแนวทางที่ชัดเจน หรือการประเมินทุกประเภทและทุกระดับชั้นไปวิเคราะห์ผู้เรียนรายบุคคล สาเหตุของข้อตรวจพบที่,การวัดและประเมินผลยังไม่เป็นไปตามเป้าหมายและวัตถุประสงค์ในการยกระดับคุณภาพ 1 การดำเนินการตามแนวทางพัฒนาหลักสูตร,"ข้อเสนอแนะของข้อตรวจพบที่ 1.1 และ 1.2 เพื่อให้การดำเนินการตามแนวทางพัฒนา
หลักสูตร กระบวนการเรียนการสอน การวัดและประเมินผลเป็นไปตามเป้าหมายและ
วัตถุประสงค์ จึงมีข้อเสนอแนะให้เลขาธิการคณะกรรมการการศึกษาขั้นพื้นฐาน พิจารณา
ดำเนินการ ดังนี้
 1.พิจารณาทบทวนแก้","ผลกระทบของข้อตรวจพบที่ 1.1 และ 1.2 จากการดำเนินการตามแนวทางพัฒนาหลักสูตร 
กระบวนการเรียนการสอน การวัดและประเมินผลยังไม่เป็นไปตามเป้าหมายและวัตถุประสงค์ 
ส่งผลให้ครูไม่ได้มีการพัฒนากระบวนการหรือเทคนิควิธีการสอน ทำให้นักเรียนขาดโอกาส
ในการพัฒนาความรู้ความสา"
FL-0026,การดำเนินงานไม่บรรลุวัตถุประสงค์เป้าหมายของโครงการ                                                  ,สำนักงานจังหวัดพัทลุง,โครงการผลผลิตทางการเกษตรขับเคลื่อนเศรษฐกิจเข้มแข็ง จังหวัดพัทลุง ประจำปีงบประมาณ พ.ศ.2559,2562,ไม่ระบุกลุ่มเกษตรกรเป้าหมายของโครงการให้ชัดเจนที่จะส่งผลต่อการบรรลุวัตถุประสงค์ โครงการ/กิจกรรมขับเคลื่อนตลาดกลางพืช อำเภอของจังหวัดพัทลุง,การดำเนินงานตามโครงการไม่บรรลุผลสำเร็จตามเป้าหมายและวัตถุประสงค์ที่กำหนด -กิจกรรมส่งเสริมและพัฒนาฟาร์มโคนมตัวอย่าง -กิจกรรมขับเคลื่อนตลาดกลางพืช,"สำนักงานการตรวจเงินแผ่นดินมีข้อเสนอแนะ ให้ผู้ว่าราชการจังหวัดพัทลุง 
สั่งการให้สำนักงานสหกรณ์จังหวัดพัทลุง ดำเนินการ ดังนี้
1. ในโอกาสต่อไป การจัดทำโครงการตามแผนพัฒนาจังหวัด 
ควรกำหนดหรือระบุกลุ่มเป้าหมายผู้มีส่วนได้ส่วนเสียที่ประสงค์จะรับการสนับสนุน 
เป็","1. การสนับสนุนวัสดุ 
อุปกรณ์ให้กลุ่มเป้าหมายที่ไม่ส่งผลต่อการบรรลุวัตถุประสงค์ 
ส่งผลต่อการดำเนินการไม่บรรลุวัตถุประสงค์ของโครงการและส่งผลให้เกิดความเสียหายแก่ทางราชการ 
โครงการไม่เกิดผลสัมฤทธิ์และประสิทธิภาพในการใช้จ่ายเงิน
2. สมาชิกกลุ่มสหกรณ์โคนมพัทลุง"
FL-0027,การดำเนินงานไม่บรรลุวัตถุประสงค์เป้าหมายของโครงการ                                                  ,สำนักงานเกษตรจังหวัดกระบี่,โครงการ9101ตามรอยเท้าพ่อภายใต้ร่มพระบารมีเพื่อการพัฒนาการเกษตรอย่างยั่งยืนสำนักงานเกษตรจังหวัดนครศรีฯกระบี่ตรังและพัทลุง,2562,ระยะเวลาการดำเนินโครงการจำกัดและกระชั้นชิด ชุมชนส่วนใหญ่ไม่จัดทำเวทีชุทชน การโอนงบประมาณให้ชุมชนมีความล่าช้า,การดำเนินงานโครงการไม่เป็นไปตามขั้นตอน หลักเกณฑ์ หรือเงื่อนไขที่กำหนด,"1. การจัดทำดครงการลักษณะเดียวกันในโอกาสต่อไป ควรกำหนดระยะเวลาการนำเสนอ
   โครงการตั้งแต่กระบวนการเร่ิมต้นและสิ้นสุดให้มีความเหมาะสม เพียงพอ
   ไม่เร่งรีบ เพื่อให้ผู้เกี่ยวข้องสามารถปฏิบัติหน้าที่ได้อย่างรอบคอบ
    ถูกต้องตามระเบียบหลักเกณฑ์ หรือเงื่อนไขขอ","1. โครงการ/กิจกรรมที่ได้รับสนับสนุนงบประมาณ ไม่สามารถแก้ไขปัญหาของชุมชนได้
2. ไม่ได้รับความร่วมมือจากเกษตรกรกลุ่มเป้าหมายในชุมชน
3. การจ่ายค่าแรงไม่เป็นไปตามเงื่อนไขที่กำหนด
4. ใช้ประจากวัสดุอุปกรณ์ที่จัดซื้อไม่คุ้มค่า
5. จัดซื้อวัสดุอุปกรณ์โดยไม่มีใบสืบร"
FL-0028,การดำเนินงานไม่บรรลุวัตถุประสงค์เป้าหมายของโครงการ                                                  ,สำนักงานจังหวัดสุราษฎร์ธานี,โครงการพัฒนาประสิทธิภาพการแปรรูปผลิตภัณฑ์ การเกษตร ประมง และปศุสัตว์ในกลุ่มจังหวัดสุราษฎร์ธานีและจังหวัดชุมพร,2562,,,,
FL-0029,การดำเนินงานไม่บรรลุวัตถุประสงค์เป้าหมายของโครงการ                                                  ,สำนักงานจังหวัดสุราษฎร์ธานี,โครงการพัฒนาและปรับปรุงภูมิทัศน์บึงขุนทะเล,2562,,,,
FL-0030,การดำเนินงานไม่บรรลุวัตถุประสงค์เป้าหมายของโครงการ                                                  ,สำนักงานเกษตรจังหวัดกาญจนบุรี,โครงการเพิ่มประสิทธิภาพสินค้าเกษตรอินทรีย์ตามแนวพระราชดำริ จังหวัดกาญจนบุรี,2562,จึงจะดำเนินการก่อสร้างโรงเรือนสำหรับจัดทำแปลงต้นแบบฯ ซึ่งเกษตรกรต้องรอเงินรายได้จากการขายพืชผลการเกษตรก่อน เกษตรกรมีการก่อสร้างโรงเรือน,การผลิตสินค้าเกษตรอินทรีย์ไม่บรรลุวัตถุประสงค์ของโครงการ,"สำนักงานการตรวจเงินแผ่นดิน โดยสำนักงานการตรวจเงินแผ่นดินภูมิภาคที่ 12 
(จังหวัดเพชรบุรี) มีข้อเสนอแนะให้สำนักงานเกษตรจังหวัดกาญจนบุรีดำเนินการ 
ดังนี้
1. การจัดทำโครงการในลักษณะเดียวกันในโอกาสต่อไป 
ให้พิจารณาความพร้อมของเกษตรกรที่เข้าร่วมโครงการ 
ในด้านเ","1. การที่เกษตรกรมีการก่อสร้างโรงเรือน และจัดทำแปลงต้นแบบฯ แล้ว 
แต่ยังไม่มีการเพาะปลูก 
ทำให้เกษตรกรไม่สามารถลดต้นทุนและเพิ่มรายได้จากการจำหน่ายสินค้าเกษตรอินทรีย์ได้ตามวัตถุประสงค์ของโครงการ
2. การที่เกษตรกรไม่มีการก่อสร้างโรงเรือน และยังไม่ได้จัดทำแปลงต"
FL-0031,การดำเนินงานไม่บรรลุวัตถุประสงค์เป้าหมายของโครงการ                                                  ,กลุ่มจังหวัดภาคเหนือตอนล่าง 2,โครงการส่งเสริมและพัฒนาผลิตภัณฑ์สินค้าเกษตรของกลุ่มจังหวัดภาคเหนือตอนล่าง 2 ภายใต้แผนงานบูรณาการสร้างความเข้มแข็งและยั่งยืนให้กับเศรษฐกิจภายในประเทศ ประจำปีงบประมาณ พ.ศ. 2560,2562,ทั้งนี้สาเหตุที่ทำให้การดำเนินกิจกรรมและโครงการไม่บรรลุวัตถุประสงค์ที่กำหนดไว้เนื่องมาจากกระบวนการพิจารณากลั่นกรองโครงการของหน่วยงานที่เกี่ยวข้องไม่ให้ความสำคัญอย่างเคร่งครัดต่อการพิจารณาในภาพรวมทั้งโครงการ ขาดการวิเคราะห์ความสอดคล้องเชื่อมโยงให้ครบถ้วนต,ข้อตรวจพบที่ 1 การดำเนินโครงการภายใต้แผนงานบูรณาการสร้างความเข้มแข็งและยั่งยืนให้กับเศรษฐกิจภายในประเทศ ประจำปีงบประมาณ พ.ศ. 2560 ด้านการเพิ่มศักยภาพภาคการเกษตร (ประเภทข้าว) ส่วนใหญ่ไม่บรรลุวัตถุประสงค์ตามที่กำหนดไว้,"1. กรณีกิจกรรมที่ผลการดำเนินงานยังไม่บรรลุวัตถุประสงค์ 
ให้พิจารณาแจ้งหน่วยงานที่รับผิดชอบทราบ 
เพื่อปรับปรุงการดำเนินงานให้มีความสอดคล้องครอบคลุมและบรรลุตามวัตถุประสงค์และเป้าหมายมากยิ่งขึ้น 
ดังนี้ 
1.1 
สั่งการให้สำนักงานเกษตรจังหวัดนครสวรรค์และจังหวัด","ส่งผลให้กลุ่มเป้าหมายของโครงการไม่สามารถเพิ่มรายได้จากการเพิ่มมูลค่าผลผลิตทางการเกษตร 
(ประเภทข้าว) ได้อย่างต่อเนื่องและยั่งยืน 
ไม่สามารถลดความเหลื่อมล้ำของชุมชนได้  
"
FL-0032,การดำเนินงานไม่บรรลุวัตถุประสงค์เป้าหมายของโครงการ                                                  ,สำนักบริหารยุทธศาสตร์กลุ่มจังหวัดภาคเหนือตอนบน 2,โครงการยกระดับกาแฟภาคเหนือตอนบน 2 มาตรฐานสากลก้าวไกลไปตลาดโลก,2562,1. การดำเนินการก่อสร้างฝายพร้อมระบบส่งน้ำทั้ง 4 แห่ง แล้วเสร็จล่าช้าไม่ทันภายในปีงบประมาณ 2560 และตามแผนการปฏิบัติงานก่อสร้างของโครงการชลประทานเชียงราย สาเหตุส่วนใหญ่เนื่องมาจาก 1.1 โครงการยกระดับกาแฟภาคเหนือตอนบน 2 สู่มาตรฐานสากล ก้าวไกลไปตลาดโลก เป็,จากการตรวจสอบกิจกรรมพัฒนาแหล่งน้ำเพื่อสนับสนุนภาคการเกษตรงบประมาณ พบว่าการก่อสร้างฝายพร้อมระบบส่งน้ำล่าช้าและการใช้ประโยชน์จากฝายพร้อมระบบส่งน้ำในพื้นที่ ข้อตรวจพบที่,"ให้ผู้ว่าราชการจังหวัดเชียงราย (หัวหน้ากลุ่มจังหวัดภาคเหนือตอนบน 2) 
ดำเนินการดังนี้ 
1.ให้ผู้อำนวยการโครงการชลประทานเชียงราย
	1.1	
สั่งกำชับให้เจ้าหน้าที่ผู้รับผิดชอบกำหนดระยะเวลาการจัดทำแผนปฏิบัติงานประจำปีให้สอดคล้องกับระยะเวลาการดำเนินงานโครงการ 
รวมท","1.	การก่อสร้างฝายพร้อมระบบส่งน้ำล่าช้าแล้วเสร็จไม่ทันภายในปีงบประมาณ 
2560 
และใช้ประโยชน์ไม่ตรงตามวัตถุประสงค์ของโครงการส่งผลต่อการใช้จ่ายงบประมาณ 
จำนวน 35,838,460.97 บาทไม่มีประสิทธิภาพ 
2.	เกษตรกรผู้ผลิตกาแฟ และประชาชนผู้ใช้น้ำในพื้นที่ทั้ง 4 แห่ง 
สู"
FL-0033,การดำเนินงานไม่บรรลุวัตถุประสงค์เป้าหมายของโครงการ                                                  ,สำนักงานเกษตรจังหวัดกาฬสินธุ์,โครงการพัฒนาคุณภาพการผลิตและเพิ่มมูลค่าผลผลิตข้าวหอมมะลิคุณภาพสูงครบวงจร จังหวัดกาฬสินธุ์,2562,การยกระดับคุณภาพข้าวหอมมะลิที่ได้รับรองมาตรฐาน สาเหตุเกิดจากการจัดทำโครงการไม่กำหนดกลุ่มเป้าหมายที่ชัดเจน เริ่มตั้งแต่การเตรียมความพร้อมของเกษตรกรให้ความรู้ด้านวิชาการเกษตร,หน่วยงานที่รับผิดชอบไม่ดำเนินการและดำเนินการไม่ครบถ้วนตามกิจกรรมของโครงการ เป็นหน่วยงานผู้เสนอและรับผิดชอบโครงการ การดำเนินงานไม่บรรลุผลสำเร็จตามวัตถุประสงค์ของโครงการ,"1.	ก่อนจัดทำโครงการที่มีลักษณะบูรณาการร่วมกันหลายหน่วยงาน  
ควรให้หน่วยงานผู้รับผิดชอบร่วมกันพิจารณาโครงการทั้งระบบ 
โดยมีการประสานแผนการดำเนินงานเพื่อกำหนดกิจกรรมย่อยของโครงการให้มีความสอดคล้องกันทั้งกลุ่มเป้าหมายและระยะเวลาในการดำเนินโครงการ 
การกำหนดตั","การดำเนินงานไม่ครบถ้วนตามกิจกรรมกำหนด เช่น 
การให้ความรู้แนะนำการจัดทำบัญชีต้นทุนประกอบอาชีพ 
เพื่อให้กลุ่มเกษตรกรทราบข้อมูลทางการเงินของกลุ่ม 
การส่งเสริมปลูกพืชสดเพื่อบำรุงดินก่อนเพาะปลูกข้าว 
การจัดอบรมตามระบบโรงเรียนเกษตรกรข้าว 
เพื่อนำความรู้ตามหลักว"
FL-0036,การดำเนินงานไม่บรรลุวัตถุประสงค์เป้าหมายของโครงการ                                                  ,โครงการชลประทานฉะเชิงเทรา,โครงการพัฒนาแหล่งน้ำและระบบกระจายน้ำ เพื่อเพิ่มศักยภาพการเกษตรแก้ไขปัญหาภัยแล้ง โครงการชลประทานจังหวัดฉะเชิงเทรา,2562,๒.กรณีการดำเนินการบางส่วนไม่เหมาะสมเกิดจากระยะเวลาที่จำกัดในการเตรียมการและการจัดทำรายละเอียดโครงการ ๑.กรณีไม่ได้ก่อสร้างสถานีสูบน้ำด้วยไฟฟ้าบ้านนาน้อย เนื่องจากโครงการชลประทานฉะเชิงเทราดำเนินงานล่าช้า,การดำเนินโครงการฯ บางส่วนไม่บรรลุวัตถุประสงค์ ไม่เหมาะสมและมีการใช้ประโยชน์ไม่เต็มประสิทธิภาพX,"๑.กรณีการดำเนินโครงการฯ บางส่วนไม่บรรลุวัตถุประสงค์ 
ไม่เหมาะสมและมีการใช้ประโยชน์ไม่เต็มประสิทธิภาพ 
กลุ่มจังหวัดภาคกลางตอนกลาง/ผู้ว่าราชการจังหวัดฉะเชิงเทรา 
ในการจัดทำโครงการต้องระบุพื้นที่ดำเนินการให้ชัดเจนว่าจะดำเนินการในพื้นที่ใด 
หมู่บ้าน ตำบลใด 
แ","ประชาชนเสียโอกาสในการที่จะได้รับประโยชน์จากการก่อสร้างสถานีสูบน้ำบ้านนาน้อย 
และทำให้เกิดความไม่คุ้มค่าของงบประมาณที่ใช้ในการขุดสระเนื่องจากไม่มีการเข้าไปใช้ประโยชน์หรือมีการใช้ประโยชน์เฉพาะบุคคลใดบุคคลหนึ่งเท่านั้น
"
FL-0037,การดำเนินงานไม่บรรลุวัตถุประสงค์เป้าหมายของโครงการ                                                  ,กรมควบคุมมลพิษ,การตรวจสอบการดำเนินงานการป้องกันและแก้ไขปัญหาสิ่งแวดล้อมของประเทศไทย (ครั้งที่ 3 ด้านน้ำเสีย),2562,การดำเนินงานกิจกรรมการบำบัดน้ำเสียชุมชนยังไม่เกิดผลสัมฤทธิ์ ความพร้อมในการจัดการน้ำเสียให้เกิดผลสัมฤทธิ์และมีประสิทธิภาพ ทั้งด้านงบประมาณในการดำเนินการจัดการน้ำเสียชุ,การจัดเก็บค่าบริการบำบัดน้ำเสียยังไม่สามารถดำเนินการให้เป็นไป ตามหลักการผู้ก่อมลพิษเป็นผู้จ่ายได้อย่างแท้จริง รายได้จากการจัดเก็บค่าบริการบำบัดน้ำเส,"สำนักงานการตรวจเงินแผ่นดินมีข้อเสนอแนะให้ปลัดกระทรวงทรัพยากรธรรมชาติและ
สิ่งแวดล้อมพิจารณาดำเนินการเพื่อให้กระทรวงทรัพยากรธรรมชาติและสิ่งแวดล้อม
เป็นหน่วยงานหลักในการดำเนินการเพื่อพิจารณาจัดทำแผนแม่บทการจัดการน้ำเสียของ
ประเทศ โดยนำเสนอรัฐบาลให้พิจารณา เห","ผลการตรวจสอบการดำเนินงานการป้องกันและแก้ไขปัญหาสิ่งแวดล้อมของประเทศไทย
ด้านน้ำเสีย ตามประเด็นข้อตรวจพบที่ 1 - 3 แสดงให้เห็นว่าการจัดการน้ำเสียของ
ประเทศโดยเฉพาะอย่างยิ่งการดำเนินงานกิจกรรมการบำบัดน้ำเสียชุมชนที่ยังไม่เกิด
ผลสัมฤทธิ์ และไม่มีประสิทธิภาพ ส่"
FL-0038,การดำเนินงานไม่บรรลุวัตถุประสงค์เป้าหมายของโครงการ                                                  ,กรมควบคุมมลพิษ,การตรวจสอบการดำเนินงานการป้องกันและแก้ไขปัญหาสิ่งแวดล้อมของประเทศไทย (ครั้งที่ 3 ด้านน้ำเสีย),2562,การดำเนินงานกิจกรรมการบำบัดน้ำเสียชุมชนยังไม่เกิดผลสัมฤทธิ์ น้ำเสียให้เกิดผลสัมฤทธิ์และมีประสิทธิภาพ และไม่มีประสิทธิภาพ,การจัดเก็บค่าบริการบำบัดน้ำเสียยังไม่สามารถดำเนินการให้เป็นไป ตามหลักการผู้ก่อมลพิษเป็นผู้จ่ายได้อย่างแท้จริง รายได้จากการจัดเก็บค่าบริการบำบัดน้ำเส,"สำนักงานการตรวจเงินแผ่นดินมีข้อเสนอแนะให้ปลัดกระทรวงทรัพยากรธรรมชาติและ
สิ่งแวดล้อมพิจารณาดำเนินการเพื่อให้กระทรวงทรัพยากรธรรมชาติและสิ่งแวดล้อม
เป็นหน่วยงานหลักในการดำเนินการเพื่อพิจารณาจัดทำแผนแม่บทการจัดการน้ำเสียของ
ประเทศ โดยนำเสนอรัฐบาลให้พิจารณา เห","ผลการตรวจสอบการดำเนินงานการป้องกันและแก้ไขปัญหาสิ่งแวดล้อมของประเทศไทย
ด้านน้ำเสีย ตามประเด็นข้อตรวจพบที่ 1 - 3 แสดงให้เห็นว่าการจัดการน้ำเสีย
ของประเทศโดยเฉพาะอย่างยิ่งการดำเนินงานกิจกรรมการบำบัดน้ำเสียชุมชนที่ยังไม่เกิด
ผลสัมฤทธิ์ และไม่มีประสิทธิภาพ ส่"
FL-0039,การดำเนินงานไม่บรรลุวัตถุประสงค์เป้าหมายของโครงการ                                                  ,กรมควบคุมมลพิษ,การตรวจสอบการดำเนินงานการป้องกันและแก้ไขปัญหาสิ่งแวดล้อมของประเทศไทย (ครั้งที่ 3 ด้านน้ำเสีย),2562,การดำเนินงานกิจกรรมการบำบัดน้ำเสียชุมชนยังไม่เกิดผลสัมฤทธิ์ น้ำเสียให้เกิดผลสัมฤทธิ์และมีประสิทธิภาพ และไม่มีประสิทธิภาพ,เป็นไปตามหลักการผู้ก่อมลพิษเป็นผู้จ่ายได้อย่างแท้จริง การจัดเก็บค่าบริการบำบัดน้ำเสียยังไม่สามารถดำเนินการให้ รายได้จากการจัดเก็บค่าบริการบำบัดน้ำเส,"สำนักงานการตรวจเงินแผ่นดินมีข้อเสนอแนะให้ปลัดกระทรวงทรัพยากรธรรมชาติและ
สิ่งแวดล้อมพิจารณาดำเนินการเพื่อให้กระทรวงทรัพยากรธรรมชาติและสิ่งแวดล้อม
เป็นหน่วยงานหลักในการดำเนินการเพื่อพิจารณาจัดทำแผนแม่บทการจัดการน้ำเสียของ
ประเทศ โดยนำเสนอรัฐบาลให้พิจารณา เห","ผลการตรวจสอบการดำเนินงานการป้องกันและแก้ไขปัญหาสิ่งแวดล้อมของประเทศไทย
ด้านน้ำเสีย ตามประเด็นข้อตรวจพบที่ 1 - 3 แสดงให้เห็นว่าการจัดการน้ำเสีย
ของประเทศโดยเฉพาะอย่างยิ่งการดำเนินงานกิจกรรมการบำบัดน้ำเสียชุมชนที่ยังไม่เกิด
ผลสัมฤทธิ์ และไม่มีประสิทธิภาพ ส่"
FL-0040,การดำเนินงานไม่บรรลุวัตถุประสงค์เป้าหมายของโครงการ                                                  ,กรมควบคุมมลพิษ,การตรวจสอบการดำเนินงานการป้องกันและแก้ไขปัญหาสิ่งแวดล้อมของประเทศไทย (ครั้งที่ 3 ด้านน้ำเสีย),2562,การดำเนินงานกิจกรรมการบำบัดน้ำเสียชุมชนยังไม่เกิดผลสัมฤทธิ์ น้ำเสียให้เกิดผลสัมฤทธิ์และมีประสิทธิภาพ และไม่มีประสิทธิภาพ,การจัดเก็บค่าบริการบำบัดน้ำเสียยังไม่สามารถดำเนินการให้เป็นไป ตามหลักการผู้ก่อมลพิษเป็นผู้จ่ายได้อย่างแท้จริง รายได้จากการจัดเก็บค่าบริการบำบัดน้ำเสี,"สำนักงานการตรวจเงินแผ่นดินมีข้อเสนอแนะให้ปลัดกระทรวงทรัพยากรธรรมชาติและ
สิ่งแวดล้อมพิจารณาดำเนินการเพื่อให้กระทรวงทรัพยากรธรรมชาติและสิ่งแวดล้อม
เป็นหน่วยงานหลักในการดำเนินการเพื่อพิจารณาจัดทำแผนแม่บทการจัดการน้ำเสียของ
ประเทศ โดยนำเสนอรัฐบาลให้พิจารณา เห","ผลการตรวจสอบการดำเนินงานการป้องกันและแก้ไขปัญหาสิ่งแวดล้อมของประเทศไทย
ด้านน้ำเสีย ตามประเด็นข้อตรวจพบที่ 1 - 3 แสดงให้เห็นว่าการจัดการน้ำเสียของ
ประเทศโดยเฉพาะอย่างยิ่งการดำเนินงานกิจกรรมการบำบัดน้ำเสียชุมชนที่ยังไม่เกิด
ผลสัมฤทธิ์ และไม่มีประสิทธิภาพ ส่"
FL-0041,การดำเนินงานไม่บรรลุวัตถุประสงค์เป้าหมายของโครงการ                                                  ,กรมควบคุมมลพิษ,การตรวจสอบการดำเนินงานการป้องกันและแก้ไขปัญหาสิ่งแวดล้อมของประเทศไทย (ครั้งที่ 3 ด้านน้ำเสีย),2562,การดำเนินงานกิจกรรมการบำบัดน้ำเสียชุมชนยังไม่เกิดผลสัมฤทธิ์ ความพร้อมในการจัดการน้ำเสียให้เกิดผลสัมฤทธิ์และมีประสิทธิภาพ โดยมีข้อจำกัดทั้งด้านงบประมาณในการดำเนินการจัดการน้ำเสียชุ,การจัดเก็บค่าบริการบำบัดน้ำเสียยังไม่สามารถดำเนินการให้เป็นไปตาม หลักการผู้ก่อมลพิษเป็นผู้จ่ายได้อย่างแท้จริง รายได้จากการจัดเก็บค่าบริการบำบัดน้ำเส,"สำนักงานการตรวจเงินแผ่นดินมีข้อเสนอแนะให้ปลัดกระทรวงทรัพยากรธรรมชาติและ
สิ่งแวดล้อมพิจารณาดำเนินการเพื่อให้กระทรวงทรัพยากรธรรมชาติและสิ่งแวดล้อม
เป็นหน่วยงานหลักในการดำเนินการเพื่อพิจารณาจัดทำแผนแม่บทการจัดการน้ำเสียของ
ประเทศ โดยนำเสนอรัฐบาลให้พิจารณา เห","ผลการตรวจสอบการดำเนินงานการป้องกันและแก้ไขปัญหาสิ่งแวดล้อมของประเทศไทยด้าน
น้ำเสีย ตามประเด็นข้อตรวจพบที่ 1 - 3 แสดงให้เห็นว่าการจัดการน้ำเสียของประเทศ
โดยเฉพาะอย่างยิ่งการดำเนินงานกิจกรรมการบำบัดน้ำเสียชุมชนที่ยังไม่เกิดผลสัมฤทธิ์ 
และไม่มีประสิทธิภาพ ส่"
FL-0042,การดำเนินงานไม่บรรลุวัตถุประสงค์เป้าหมายของโครงการ                                                  ,กรมส่งเสริมอุตสาหกรรม,การตรวจสอบการดำเนินงานการส่งเสริม สนับสนุน และพัฒนาวิสาหกิจขนาดกลางและขนาดย่อม,2562,สาเหตุสำคัญเกิดจากหน่วยงานเจ้าของโครงการไม่ได้กำหนดคุณสมบัติของผู้เข้าร่วมโครงการในข้อเสนอโครงการให้สอดคล้องกับกลุ่มเป้าหมายของแนวทางการดำเนินงานส่งเสริม แต่จะกำหนดเพียงสาขาอุตสาหกรรมเป้าหมายเท่านั้น SME,จากการตรวจสอบโครงการภายใต้แนวทางการดำเนินงานส่งเสริมวิสาหกิจขนาดกลางและขนาดย่อมกลุ่มทั่วไป แผนงานบูรณาการส่งเสริมวิสาหกิจขนาดกลางและขนาดย่อม โครงการเพิ่มขีดความสามาร,"ผู้ว่าการตรวจเงินแผ่นดินเห็นควรให้อธิบดีกรมส่งเสริมอุตสาหกรรมพิจารณาทบทวนการจัดทำข้อเสนอโครงการภายใต้แผนงานบูรณาการส่งเสริมวิสาหกิจขนาดกลางและขนาดย่อมในระยะต่อไป 
โดยให้หน่วยงานที่เกี่ยวข้องพิจารณากำหนดกลุ่มเป้าหมายของโครงการให้สอดคล้องกับกลุ่มเป้าหมายตาม","ผลกระทบจากกรณีดังกล่าวทำให้วิสาหกิจขนาดกลางและขนาดย่อมกลุ่มทั่วไปรายอื่นสูญเสียโอกาสในการได้รับการส่งเสริมและพัฒนาประสิทธิภาพและผลิตภาพด้านต่าง 
ๆ ของกิจการให้มีศักยภาพเพิ่มมากขึ้น อีกทั้งทำให้การส่งเสริม SMEs 
ในแต่ละกลุ่มภายใต้แผนงานบูรณาการส่งเสริมวิสา"
FL-0056,การดำเนินงานไม่บรรลุวัตถุประสงค์เป้าหมายของโครงการ                                                  ,กรุงเทพมหานคร,การตรวจสอบการดำเนินงานมหานครปลอดภัย ด้านปลอดมลพิษของกรุงเทพมหานคร,2562,กรุงเทพมหานครโดยสำนักการระบายน้ำยังไม่สามารถรวบรวมน้ำเสียภายในพื้นที่บริการได้ครอบคลุมแหล่งกำเนิดน้ำเสียทั้ง กรุงเทพมหานครไม่สามารถดำเนินการจัดการคุณภาพแหล่งน้ำธรรมชาติให้บรรลุวัตถุประสงค์เป้าหมายที่กำหนดไว้ได้ 1.,ปริมาณน้ำเสียที่เข้าสู่ระบบบำบัดไม่เป็นไปตามเป้าหมายที่กำหนด กรุงเทพมหานครมีระบบบำบัดน้ำเสียที่มีขีดความสามารถในกา 1..,"1. 
เพื่อให้ดารจัดการคุณภาพแหล่งน้ำธรรมชาติของกรุงเทพมหานครบรรลุวัตถุประสงค์เป้าหมายที่กำหนดไว้ 
สำนักงานการตรวจเงินแผ่นดินมีข้อเสนอแนะให้ผู้ว่าราชการกรุงเทพมหานคร 
พิจารณาดำเนินการ ดังนี้
	1.1 พิจารณานำข้อมูลจุดน้ำเสียที่ยังไม่เข้าสู่ระบบบำบัดน้ำเสีย 
มา","ผลจากกรุงเทพมหานครไม่สามารถดำเนินการจัดการคุณภาพแหล่งน้ำ มูลฝอย 
และอากาศให้บรรลุวัตถุประสงค์เป้าหมายที่กำหนดไว้ได้นั้น 
ทำให้เกิดความไม่คุ้มค่าของงบประมาณที่ใช้ในการก่อสร้างโรงงานและจัดทำโครงการ 
ตลอดจนงบประมาณที่ใช้เป็นค่าใช้จ่ายในการรักษาสภาพโรงงานและเ"
FL-0058,การดำเนินงานไม่บรรลุวัตถุประสงค์เป้าหมายของโครงการ                                                  ,กรมการปกครอง,โครงการยกระดับศักยภาพหมู่บ้านเพื่อขับเคลื่อนเศรษฐกิจฐานรากตามแนวทางประชารัฐ,2562,คณะกรรมการหมู่บ้านขาดความรู้ความเข้าใจในการดำเนินโครงการ 3.ไม่มีการกำหนดให้ประเมินผลสัมฤทธิ์ของการดำเนินโครงการ การจัดทำข้อมูลในแบบเสนอโครงการของหมู่บ้านให้รายละเอียดไม่เพียงพอ,1.การดำเนินโครงการของหมู่บ้านเป็นโครงการที่ห้ามดำเนินการ การดำเนินโครงการของหมู่บ้านเป็นโครงการที่ห้ามดำเนินการ และผลการดำเนินโครงการของหมู่บ้านไม่บรรลุวัตถุประสงค์และขาดความยั่งยืน,"  สำนักงานการตรวจเงินแผ่นดินมีข้อเสนอแนะให้อธิบดีกรมการปกครองพิจารณาดำเนินการ
หากมีการดำเนินงานโครงการในลักษณะเช่นเดียวกันนี้อีก ดังนี้
  1. กำชับเจ้าหน้าที่ระดับอำเภอผู้ดูแลรับผิดชอบอนุมัติโครงการของหมู่บ้าน
ให้ชี้แจงทำความเข้าใจกับคณะกรรมการหมู่บ้านให้เ","  การใช้จ่ายงบประมาณของรัฐเกิดความสูญเปล่า ไม่คุ้มค่าเป็นเงิน 13.08 
ล้านบาท คิดเป็น ร้อยละ 43.52 ของงบประมาณโครงการที่สุ่มตรวจสอบทั้งหมด จำนวน 
148 โครงการ (30.05 ล้านบาท) ซึ่งในจำนวนนี้เป็นงบประมาณของโครงการที่ยกเลิก
หรือหยุดดำเนินการและโครงการที่ไม่ได้"
FL-0060,การดำเนินงานไม่บรรลุวัตถุประสงค์เป้าหมายของโครงการ                                                  ,กรมปศุสัตว์,โครงการปรับเปลี่ยนพื้นที่ทำนาไม่เหมาะสม เพื่อส่งเสริมการเลี้ยงโคเนื้อ,2562,การที่มีเกษตรกรสมัครเข้าร่วมโครงการต่ำกว่าเป้าหมายที่กำหนดเนื่องจากระยะเวลาในการรับสมัครไม่สอดคล้องกับระยะเวลาการปลูกข้าวของเกษตรกร ระยะเวลาในการรับสมัครเกษตรกรไม่สอดคล้องกับระยะเวลาการปลูกข้าวในนาของเกษตรกร โครงการกำหนดให้เริ่มรับสมัครเกษตรกรในระหว่,มีแนวคิดในการดำเนินโครงการโดยการจูงใจให้เกษตรกรที่ปลูกข้าวอยู่ในพื้นที่ไม่เหมาะสมหรือเหมาะสมน้อยสำหรับการปลูกข้าว เปลี่ยนมาเลี้ยงโคเนื้อและใช้พื้นที่ดังกล่าวเพื่อปลูกพืชอาหาร เพื่อส่งเสริมการเลี้ยงโคเนื้อ,"1. 
หากในอนาคตกรมปศุสัตว์ได้รับมอบหมายให้ดำเนินโครงการเพื่อส่งเสริมให้เกิดการปรับเปลี่ยนการเพาะปลูกพืชไปเป็นพืชชนิดอื่น 
หรือเปลี่ยนการปลูกพืชเป็นการทำปศุสัตว์ 
ควรพิจารณากำหนดช่วงเวลาในการเริ่มดำเนินโครงการโดยคำนึงถึงความเหมาะสมและสอดคล้องกับระยะเวลาที่เ","1. 
การที่เกษตรกรเข้าร่วมโครงการและการปรับเปลี่ยนพื้นที่ไม่เหมาะสมสำหรับการปลูกข้าวเพื่อปลูกพืชอาหารสัตว์ดำเนินการได้ต่ำกว่าเป้าหมายทำให้ไม่สามารถลดพื้นที่ปลูกข้าวที่ไม่เหมาะสมหรือพื้นที่เหมาะสมน้อย 
(N, S3) ได้ตามวัตถุประสงค์ของโครงการ 
ซึ่งจะส่งผลต่อการ"
FL-0079,การดำเนินงานไม่บรรลุวัตถุประสงค์เป้าหมายของโครงการ                                                  ,กรมการข้าว,การตรวจสอบการดำเนินงานโครงการปรับโครงสร้างการผลิตข้าว,2562,การส่งเสริมให้ชาวนารวมกลุ่มผลิตปัจจัยการผลิตไว้ใช้เองเพื่อลดต้นทุนการผลิต กลุ่มเกษตรกรผู้บริหารจัดการศัตรูข้าวยังไม่สามารถดำเนินการตามหลักการข กลุ่มเกษตรกรยังไม่สามารถดำเนินการในรูปแบบธนาคารปุ๋ยอินทรีย์และปุ๋ยชีวภาพได้,การดำเนินกิจกรรมในโครงการปรับปรุงประสิทธิภาพการผลิตและคุณภาพผลผลิตยังไม่เป็นไปตามเป้าหมายและความคาดหวังที่กำหนดไว้,"1. การดำเนินกิจกรรมในระยะต่อไปหรือโครงการอื่นที่มีลักษณะเดียวกัน 
ควรสั่งการหน่วยงานที่เกี่ยวข้องสำรวจความต้องการและสภาพพื้นที่ของการผลิตข้าวของเกษตรกร 
รวมถึงพิจารณาความสอดคล้องกับฤดูกาลในการเพาะปลูก
2. กำกับ ดูแลติดตาม 
ให้ความช่วยเหลือและเป็นที่ปรึกษาใ","1. 
การส่งเสริมให้ชาวนารวมกลุ่มผลิตปัจจัยการผลิตไว้ใช้เองเพื่อให้สามารถลดต้นทุนการผลิตยังไม่ประสบความสำเร็จ 
ทำให้ไม่สามารถบรรลุเป้าหมายการลดต้นทุนการผลิตต่อพื้นที่ 
และลดต้นทุนการผลิตต่อหน่วยผลผลิต 
รวมถึงการเพิ่มผลผลิตต่อพื้นที่ตามที่กำหนดไว้ได้
2. จากผ"
FL-0472,การดำเนินงานล่าช้ากว่าแผน                                                                           ,สำนักงานเกษตรจังหวัดขอนแก่น,โครงการพัฒนาคุณภาพการผลิตและเพิ่มมูลค่าผลผลิตข้าวครบวงจร ประจำปีงบประมาณ พ.ศ.2561 ของกลุ่มจังหวัดภาคตะวันออกเฉียงเหนือตอนกลาง,2562,บางกิจกรรมครุภัณฑ์ที่จัดซื้อต้องมีการติดตั้งและทดสอบเครื่องจักรก่อนการใช้งาน ทำให้ต้องรอการอนุมัติการโอนเปลี่ยนแปลงงบประมาณก่อนจึงจะดำเนินกา สาเหตุเนื่องจากมีความล่าช้าในกระบวนการจัดหา,โดยล่าช้ากว่าแผนและไม่ได้ดำเนินการตามแผน การดำเนินงานของโครงการไม่เป็นไปตามแผนปฏิบัติงานที่กำหนด ไม่เป็นไปตามแผนปฏิบัติงานที่กำหนดไว้ในข้อเสนอโครงการ,"1.สั่งกำชับให้หน่วยงานที่รับผิดชอบดำเนินกิจกรรมตามโครงการให้เป็นไปตาม
แผนปฏิบัติงานที่กำหนด และเป็นไปตามกรอบระยะเวลาของโครงการ 
รวมทั้งเร่งรัดและติดตามผลการดำเนินงานเพื่อให้การดำเนินงานเป็นไปตามแผน
ปฏิบัติราชการประจำปีของกลุ่มจังหวัดภาคตะวันออกเฉียงเหนือต","การดำเนินงานของโครงการไม่เป็นไปตามแผนปฏิบัติงานที่กำหนด 
ทำให้กลุ่มเกษตรกรได้รับประโยชน์จากวัสดุ 
ครุภัณฑ์ที่ได้รับสนับสนุนจากโครงการล่าช้า 
รวมทั้งได้รับความรู้จากการฝึกอบรมและศึกษาดูงานล่าช้า 
ส่งผลให้กลุ่มเกษตรกรเสียโอกาสในการนำความรู้และวัสดุ 
ครุภัณฑ"
FL-0473,การดำเนินงานล่าช้ากว่าแผน                                                                           ,กรมป่าไม้,การตรวจสอบการดำเนินงานการอนุรักษ์ ฟื้นฟู และป้องกันทรัพยากรป่าไม้ ของกรมป่าไม้,2562,,จากการตรวจสอบข้อมูลการส่งมอบและรับมอบภารกิจควบคุมไฟป่าให้แก่องค์กรปกครองส่วนท้องถิ่น ข้อสังเกตการถ่ายโอนภารกิจควบคุมไฟป่าให้แก่องค์กรปกครองส่วนท้องถิ่น กรมป่าไม้ได้ถ่ายโอนภารกิจควบคุมไฟป่าให้กับองค์,"สำนักงานการตรวจเงินแผ่นดินมีข้อเสนอแนะให้อธิบดีกรมป่าไม้พิจารณาสั่งการให้สำนักจัดการทรัพยากรป่าไม้ที่ส่งมอบภารกิจควบคุมไฟป่าให้แก่องค์กรปกครองส่วนท้องถิ่นยังไม่แล้วเสร็จ 
เร่งรัดติดตาม และสอบถามถึงสาเหตุที่ยังไม่รับมอบ เพื่อจะได้ชี้แจงทำความเข้าใจ หรือแก้"," ส่งผลให้องค์กรปกครองส่วนท้องถิ่นขาดส่วนร่วมในการตัดสินใจกำหนดนโยบาย และแนวทางการบริหารจัดการพื้นที่รับผิดชอบของตนเองให้สอดคล้องกับความต้องการของชุมชน 
รวมทั้งไม่ได้รับการฝึกอบรมหลักสูตรการควบคุมไฟป่าจากกรมป่าไม้ เพื่อเตรียมความพร้อมและใช้เป็นแนวทางในการป"
FL-0475,การดำเนินงานล่าช้ากว่าแผน                                                                           ,สำนักงานจังหวัดสุราษฎร์ธานี,โครงการพัฒนาและปรับปรุงภูมิทัศน์บึงขุนทะเล,2562,,,,
FL-0476,การดำเนินงานล่าช้ากว่าแผน                                                                           ,สำนักบริหารยุทธศาสตร์กลุ่มจังหวัดภาคเหนือตอนบน 2,โครงการยกระดับกาแฟภาคเหนือตอนบน 2 มาตรฐานสากลก้าวไกลไปตลาดโลก,2562,ครุภัณฑ์ที่จัดซื้อล่าช้าไม่ได้ใช้ประโยชน์ภายในปีงบประมาณ โดยกลุ่มจังหวัดภาคเหนือตอนบน เนื่องจากมีการเปลี่ยนแปลงหน่วยงานผู้รับผิดชอบโครงการ,จากการตรวจสอบกิจกรรมส่งเสริมและพัฒนาผลิตภัณฑ์เครื่องสำอางเชียงรายจากเศษวัสดุกาแฟ การดำเนินกิจกรรมจัดซื้อครุภัณฑ์ล่าช้ การดำเนินกิจกรรมล่าช้าและไม่สามารถบรรลุวัตถุประสงค์ของกิจกรรม,"ให้ผู้ว่าราชการจังหวัดเชียงราย(หัวหน้ากลุ่มจังหวัดภาคเหนือตอนบน 2) 
ดำเนินการดังนี้
1. ให้มหาวิทยาลัยแม่ฟ้าหลวง
1.1 
นำครุภัณฑ์ตามกิจกรรมโครงการใช้ให้เกิดประโยชน์ในการส่งเสริมและพัฒนาผลิตภัณฑ์ 
ให้เป็นไปตามวัตถุประสงค์โครงการ
1.2 
หลังจากดำเนินกิจกรรมวิจั","การดำเนินการจัดซื้อครุภัณฑ์ล่าช้าและไม่สามารถบรรลุวัตถุประสงค์ของกิจกรรมได้ 
ส่งผลให้การใช้จ่ายเงินงบประมาณขาดประสิทธิภาพ และไม่คุ้มค่า จำนวนเงิน 
10,721,985 บาท ดังนี้
1. มหาวิทยาลัยแม่ฟ้าหลวงเสียโอกาสในการใช้ประโยชน์จากครุภัณฑ์ตามกิจกรรม 
นับจากวันสิ้นส"
FL-0477,การดำเนินงานล่าช้ากว่าแผน                                                                           ,สำนักงานจังหวัดอุบลราชธานี,โครงการเพิ่มศักยภาพความเข้มแข็งในการผลิตข้าวหอมมะลิอินทรีย์ของกลุ่มจังหวัดภาคตะวันออกเฉียงเหนือตอนล่าง 2 งบประมาณ(เพิ่มเติม) ปี พ.ศ.2560,2562,ไม่ได้สำรวจสภาพของชั้นดินพื้นที่ทำการขุดบ่อกักเก็บน้ำตามรูปแบบของบ่อธนาคารน้ำ กรณีการดำเนินโครงการก่อสร้างบ่อกักเก็บน้ำธนาคารน้ำไม่มีประสิทธิภาพ และโครงการอื่นซึ่งมีการดำเนินการอยู่ก่อนแล้ว,การก่อสร้างบ่อกักเก็บน้ำธนาคารน้ำและฝายกักเก็บน้ำของจังหวัดอำนาจเจริญไม่มีประสิทธิภาพ โครงการขุดบ่อกักเก็บน้ำตามรูปแบบธนาคารน้ำ กำหนดให้ขุดบ่อกักเก็บน้ำ,"สำนักงานการตรวจเงินแผ่นดินภูมิภาคที่ 5 (จังหวัดอุบลราชธานี) พิจารณาแล้ว 
เห็นควรให้หัวหน้ากลุ่มจังหวัดภาคตะวันออกเฉียงเหนือตอนล่าง 2 
ดำเนินการดังนี้ 
	1. 
กรณีการดำเนินโครงการก่อสร้างบ่อกักเก็บน้ำธนาคารน้ำไม่มีประสิทธิภาพ 
	1.1 พิจารณาทบทวนโครงการก่อสร้า",
FL-0478,การดำเนินงานล่าช้ากว่าแผน                                                                           ,สำนักงานบริหารยุทธศาสตร์กลุ่มจังหวัด กลุ่มจังหวัดภาคตะวันออก(ชลบุรี),โครงการตามแนวทางการสร้างความเข้มแข็งและยั่งยืนให้กับเศรษฐกิจภายในประเทศ(Local Economy)แนวทางเพิ่มศักยภาพภาคการท่องเที่ยวและบริการ กลุ่มจังหวัดภาคตะวันออก งปม.รายจ่ายเพิ่มเติม 2560,2562,ซึ่งหน่วยงานที่รับผิดชอบโครงการขาดการเตรียมความพร้อมให้แล้วเสร็จก่อนขอรับการสนับสนุนงบประมาณ และด้านบุคลากรเครื่องมือและเทคนิคการดำเนินการ โดยเฉพาะความไม่พร้อมในด้านพื้นที่ดำเนินการ,การดำเนินงานมีความล่าช้าและไม่แล้วเสร็จภายในระยะเวลาที่กำหนด,"1. เพื่อแก้ไขปัญหาความล่าช้าที่เกิดขึ้นให้การดำเนินกิจกรรมต่าง ๆ 
เป็นไปด้วยความเรียบร้อยตามวัตถุประสงค์ 
และสามารถตอบสนองแนวทางการพัฒนากลุ่มจังหวัดได้ตามเป้าหมายในระยะเวลาที่กำหนด 
สำนักงานการตรวจเงินแผ่นดินมีข้อเสนอแนะให้กลุ่มจังหวัดภาคตะวันออก 
พิจารณา","การดำเนินกิจกรรมต่าง ๆ 
ที่ล่าช้าไม่แล้วเสร็จภายในระยะเวลาที่กำหนดส่งผลให้ประชาชนกลุ่มเป้าหมายของกิจกรรมต่าง 
ๆ ได้รับประโยชน์หรือได้รับการแก้ไขปัญหาล่าช้ากว่าที่ควรจะเป็น 
อีกทั้งยังกระทบต่อชีวิตความเป็นอยู่ของประชาชนไม่ได้รับความสะดวกสบาย 
โดยเฉพาะกิจกร"
FL-0479,การดำเนินงานล่าช้ากว่าแผน                                                                           ,ที่ทำการปกครองอำเภอบางซ้าย,โครงการนวัตกรรม วัฒนธรรมสายน้ำเจ้าพระยา-ป่าสัก เพื่อการท่องเที่ยว,2562,หน่วยงานที่รับผิดชอบการดำเนินโครงการขาดการเตรียมความพร้อมในการดำเนินงานโครงการ,มีหน่วยงานที่ไม่สามารถดำเนินงานโครงการให้แล้วเสร็จภายในเดือนกุมภาพันธ์ โครงการนวัตกรรมสายน้ำฯ มีกำหนดระยะเวลาการดำเนินโครงการ,"  1.การดำเนินโครงการในโอกาสต่อไป ควรมีการประเมินความพร้อม 
รวมทั้งศึกษาความเป็นไปได้และความเหมาะสมของสภาพพื้นที่ดำเนินการ 
เพื่อให้ทราบถึงปัญหาอุปสรรคที่อาจทำให้ไม่สามารถปฏิบัติงานได้ 
  2.กิจกรรมปรับปรุงภูมิทัศน์ Landmark Cowboy City 
ที่อยู่ระหว่างการดำ","  1.ทำให้เกิดปัญหาอุปสรรคในระหว่างการก่อสร้าง 
ทำให้ผู้รับจ้างไม่สามารถปฏิบัติงานได้ 
จึงต้องมีการขยายระยะเวลาการส่งมอบงานให้แก่ผู้รับจ้างเพื่อทำการปรับปรุงแก้ไขพื้นที่ดำเนินการ 
ส่งผลให้ไม่สามารถดำเนินงานโครงการให้แล้วเสร็จภายในระยะเวลาที่กำหนดไว้ตามแผนง"
FL-0480,การดำเนินงานล่าช้ากว่าแผน                                                                           ,กรมพัฒนาฝีมือแรงงาน,โครงการพัฒนาศักยภาพแรงงานรองรับภาคอุตสาหกรรมและบริการเพื่อการแข่งขัน,2562,กรมพัฒนาฝีมือแรงงานได้รับมอบหมายให้ดำเนินการตามภารกิจเร่งด่วนของรัฐบาล,การจัดทำหลักสูตรกลางในการฝึกยกระดับฝีมือแรงงานตามความสามารถไม่เป็นไปตามแผนงาน จ้างที่ปรึกษาพัฒนาหลักสูตรการฝึกยกระดับฝีมือตามความสามารถ จากการตรวจสอบเอกสารรายงานผลการดำเนินการจัดทำหลักสูตรกลางภายใต้โครงการ,"เร่งรัด กำชับ และควบคุมสำนักพัฒนาผู้ฝึกฯ ให้ดำเนินการจัดทำหลักสูตรกลาง
ในการฝึกยกระดับฝีมือแรงงานตามความสามารถให้แล้วเสร็จโดยเร็ว 
","อาจจะส่งผลให้แรงงานไทยสูญเสียโอกาสในการฝึกยกระดับฝีมือ และไม่สามารถทำงาน
กับเทคโนโลยีชั้นสูงได้อย่างมีประสิทธิภาพ
"
FL-0530,ขาดการติดตามประเมินผล                                                                               ,กรมอุทยานแห่งชาติ สัตว์ป่าและพันธุ์พืช,การป้องกันและแก้ปัญหาสิ่งแวดล้อมของประเทศไทย(ครั้งที่1 ด้านอากาศ),2562,จากรายงานการติดตามและประเมินผลเครือข่ายแก้ไขป การติดตามและประเมินผลเครือข่ายความร่วมมือในการดับไฟป่า ยังขาดการกำหนดแนวทางที่ชัดเจนในการจัดทำสรุปผลภาพรวม,หน่วยงานในสังกัดกระทรวงทรัพยากรธรรมชาติและสิ่งแวดล้อมยังขาดการติดตาม และประเมินผลการดำเนินงานของชุมชนหรือเครือข่ายที่ได้รับงบประมาณสนับสนุน เพื่อดำเนินการตามภารกิจด้านการป้องกันและแก้ไขปัญหาไฟป่าและหมอกควัน,"1.อธิบดีกรมป่าไม้ พิจารณากำหนดให้มีการจัดทำระบบการติดตาม
และประเมินผลการดำเนินงานของเครือข่ายที่ได้รับงบประมาณ
สนับสนุนจากกรมป่าไม้ เพื่อให้หน่วยงานที่เกี่ยวข้องทั้งในระดับพื้นที่
และในส่วนกลางใช้เป็นเครื่องมือในการติดตามและประเมินผลการดำเนินการ
ป้องกันแล","ไม่ทราบถึงปัญหา อุปสรรค และความสำเร็จจากการใช้จ่ายเงินงบประมาณ
ในแต่ละปีงบประมาณ ตลอดจนไม่มีข้อมูลที่จะนำไปสู่การปรับปรุงแผนการ
ดำเนินงานในระยะต่อ ๆ ไปให้เป็นไปในทิศทางที่เหมาะสมได้


"
FL-0571,ความสัมฤทธิ์ผลของโครงการ                                                                            ,สำนักงานจังหวัดสงขลา,โครงการเพิ่มประสิทธิภาพการผลิตยางพาราเพื่อสร้างมูลค่าเพิ่ม,2562,1.การสนับสนุนอุปกรณ์ให้แก่ดรงงานแปรรูปผลิตภัณฑ์จากยางพาราของสหกรณ์การเกษตร 1.2ข้แจำกัดในการออกแบบและจัดทำแม่พิมพ์ผลิตภัณฑ์ 2.การก่อสร้างโรงงานผลิตน้ำยาง,โครงการมีความเสี่ยงสูงต่อการไม่เกิดผลสัมฤทธิ์จากการใช้จ่ายเงินงบประมาณ,"ผู้ว่าราชการจังหวัดสงขลา ในฐานะหัวหน้าส่วนราชการภูมิภาค 
เห็นควรพิจารณาดำเนินการดังนี้
  1.ควรพิพิจารณาแต่งตั้งบุคคลหรือกลุ่มบุคคลที่มีความรู้ ความสามารถ และ
ประสบการณ์จากหน่วยงานต่างๆที่เกี่ยวข้องกับการดำเนินกิจการของสหกรณ์การเกษตร
ทั้ง 3 แห่ง เพื่อให้คำ","จากการดำเนินงานโครงการเพิ่มประสิทธิภาพการผลิตยางพาราเพื่อสร้างมูลค่าเพิ่ม
ในพื้นที่จังหวัดสงขลามาช่วงระยะเวลาหนึ่งหลังจากที่โครงการฯก่อสร้างแล้วเสร็จนั้น
แต่ยังไม่สามารถบรรลุผลลัพธ์ของโครงการฯได้นั้น 
ส่งผลกระทบโดยตรงกับเกษตรกรชาวสวนยางที่เป็นเป้าหมายของโ"
FL-0572,ความสัมฤทธิ์ผลของโครงการ                                                                            ,สำนักงานส่งเสริมการปกครองท้องถิ่นจังหวัดศรีสะเกษ,โครงการบริหารจัดการระบบประปาขององค์กรปกครองส่วนท้องถิ่นจังหวัดศรีสะเกษ,2562,เนื่องจากขาดการเตรียมความพร้อมเรื่องพื้นที่ก่อสร้างระบบประปา เนื่องจากผู้ควบคุมงานและกรรมการตรวจการจ้างปฏิบัติหน้าที่บกพร่อง ขาดความรู้ความสามารถในการควบคุมงานและตรวจรับงานจ้าง,การดำเนินการก่อสร้างระบบประปาล่าช้าและไม่เป็นไปตามสัญญา การดำเนินการก่อสร้างระบบประปาที่ได้รับการจัดสรรเงินงบประมาณส่วนใหญ่แล้วเสร็จล่าช้ามา ระบบประปามีการก่อสร้างแล้วเสร็จล่าช้ากว่าที่กำหนดไว้ในสัญญา,"สำนักงานการตรวจเงินแผ่นดินมีข้อเสนอแนะ ให้ ผู้ว่าราชการจังหวัดศรีสะเกษ 
ดำเนินการ ดังนี้
สั่งกำชับ อปท. ในโอกาสต่อไปการดำเนินการก่อสร้างระบบประปา ให้ควบคุม ดูแล     
การดำเนินการก่อสร้างให้เป็นไปตามสัญญา และเป็นไปตามระเบียบ กฎหมาย ข้อบังคับ 
หนังสือ     ส","1.  การดำเนินการก่อสร้างประปาล่าช้า 
ส่งผลให้การแก้ไขปัญหาขาดแคลนน้ำเพื่อการอุปโภค บริโภค แก่ประชาชน 
ไม่ได้ถูกแก้ไขโดยทันที
	2.  การส่งคืนงบประมาณ ทำให้ประชาชน จำนวน 12 หมู่บ้าน 
ไม่มีระบบประปาที่มีมาตรฐานใช้ส่งผลให้คุณภาพชีวิตและความเป็นอยู่ของประชาชนไม"
FL-0573,ความสัมฤทธิ์ผลของโครงการ                                                                            ,องค์การบริหารส่วนจังหวัดระยอง,การบริหารจัดการศูนย์กำจัดขยะมูลฝอยรวมแบบครบวงจร จังหวัดระยอง,2562,,ผลสัมฤทธิ์ของการบริหารจัดการศูนย์กำจัดขยะมูลฝอยรวมแบบครบวงจรจังหวัดระยอง ในจังหวัดระยองให้ความร่วมมือส่งขยะมูลฝอยชุมชนมากำจัดที่ศูนย์ฯ บางแห่งไม่ได้ส่งขยะมากำจัดและมีการบริหารจัดการที่ไม่ถูกสุขลักษณะ,"ผู้ว่าราชการจังหวัดระยอง (ในฐานะประธานกรรมการจัดการสิ่งปฏิกูลและมูลฝอย 
จังหวัดระยอง)
1.  ติดตามเร่งรัดการแก้ไขปัญหากรณีอปท.ที่ไม่ได้จัดส่งขยะมากำจัดที่ศูนย์ฯ 
และยังมีการบริหารจัดการขยะที่ไม่ถูกสุขลักษณะ
2. พิจารณากำหนดแนวทางหรือมาตรการในการเก็บรวบรวมข้อ",
FL-0574,ความสัมฤทธิ์ผลของโครงการ                                                                            ,สำนักงานเกษตรจังหวัดกระบี่,โครงการ9101ตามรอยเท้าพ่อภายใต้ร่มพระบารมีเพื่อการพัฒนาการเกษตรอย่างยั่งยืนสำนักงานเกษตรจังหวัดนครศรีฯกระบี่ตรังและพัทลุง,2562,กลุ่มสมาชิกในชุมชนขาดประสบการณ์และการวางแผนการบริหารจัดการที่ดี พิจารณาอนุมัติโครงการโดยไม่ให้ความสำคัญต่อแผน การบริหารจัดการและการใช้ประโยชน์หลังสิ้นสุดโครงาร,2. โครงการขาดการบริหารจัดการเพื่อให้เกิดความยั่งยืน,"1. ควรกำหนดระยะเวลาในการดำเนินงานขั้นตอนต่าง ๆ อย่างเหมาะสมและเพียงพอ
   ในการจัดทำโครงารลักษระเดียวกันในโอกาสต่อไป
2. สั่งการ กำชับ ให้ผู้มีหน้าที่พิจารณากลั่นกรองและอนุมัติโครงการคำนึงถึง
   ความเหมาะสมกับบริบทของพื้นที่ ความต้องการของสมาชิกในชุมชน ต้อม","1. ดำเนินโครงการด้วยความเร่งรีบ ลุ่มวางแผนเสนอโครงการไม่รอบคอบ ไม่เสนอ
   โครงการที่เกิดจากสภาพปัญหาหรือความต้องการอย่างแท้จริงของคนในชุมชน
2. ผู้พิจารณาอนุมัติโครงการไม่สามารถศึกษาหรือเก็บข้อมูลในด้านต่าง ๆ 
   เพื่อนำมาใช้ประกอบการพิจารณาโครงการได้อย่าง"
FL-0575,ความสัมฤทธิ์ผลของโครงการ                                                                            ,สำนักงานจังหวัดเชียงราย,โครงการพัฒนาพืชเฉพาะถิ่นตามภูมิศาสตร์ (ชา กาแฟ),2562,โรงเรือนและครุภัณฑ์แปรรูปกะลากาแฟที่กลุ่มวิสาหกิจชุมชนเป้าหมายได้รับสนับสนุนตามกิจกรรมโครงการ สำนักงานเกษตรจังหวัดเชียงรายดำเนินโครงการโดยไม่ตระหนักถึงประสิทธิภาพ และความคุ้มค่าของการใช้จ่ายเงินงบประมาณ,จากการตรวจสอบการใช้ประโยชน์โรงเรือนและอุปกรณ์แปรรูปกะลากาแฟของกลุ่มวิสาหกิจชุมชนเป้าหมายทั้ง โรงเรือนแปรรูปกะลากาแฟพร้อมอุปกรณ์ไม่ได้ใช้ประโยชน์ โรงเรือนแปรรูปกะลากาแฟ,"ข้อเสนอแนะ ให้ เกษตรจังหวัดเชียงราย ดำเนินการ ดังนี้
	
1.กลุ่มวิสาหกิจชุมชนที่ไม่สามารถใช้ประโยชน์โรงเรือนแปรรูปกะลากาแฟพร้อมอุปกรณ์เนื่องจากขาดความพร้อมด้านพื้นที่เป้าหมาย 
ได้แก่ ความพร้อมด้านระบบไฟฟ้า ความพร้อมด้านระบบน้ำ 
และความพร้อมของโรงเรือนแปรรูป","ผลกระทบ 
	1.การใช้จ่ายเงินงบประมาณ จำนวน 11,840,000 บาท 
เป็นไปอย่างไม่มีประสิทธิภาพ และไม่คุ้มค่า 
โรงเรือนแปรรูปกะลากาแฟและอุปกรณ์ไม่ได้ใช้ประโยชน์ 
ทำให้กลุ่มวิสาหกิจชุมชนเป้าหมายเสียโอกาสในการเพิ่มมูลค่าผลผลิตกาแฟ 
จากการแปรรูปเชอรี่กาแฟเป็นกะลากาแฟ 
"
FL-0576,ความสัมฤทธิ์ผลของโครงการ                                                                            ,สำนักบริหารยุทธศาสตร์กลุ่มจังหวัดภาคเหนือตอนบน 2,โครงการยกระดับกาแฟภาคเหนือตอนบน 2 มาตรฐานสากลก้าวไกลไปตลาดโลก,2562,โรงเรือนและครุภัณฑ์แปรรูปกะลากาแฟที่กลุ่มวิสาหกิจชุมชนเป้าหมายได้รับสนับสนุนตามกิจกรรมโครงการ สำนักงานเกษตรจังหวัดเชียงรายดำเนินโครงการโดยไม่ตระหนักถึงประสิทธิภาพ และความคุ้มค่าของการใช้จ่ายเงินงบประมาณ,ปัญหาการใช้ประโยชน์โรงเรือนและครุภัณฑ์แปรรูปกะลากาแฟ จากการตรวจสอบโรงเรือนแปรรูปกะลากาแฟของกลุ่มวิสาหกิจชุมชน และครุภัณฑ์แปรรูปกะลากาแฟ,"ให้ผู้ว่าราชการจังหวัดเชียงราย (หัวหน้ากลุ่มจังหวัดภาคเหนือตอนบน 2) 
ดำเนินการดังนี้
1. ให้เกษตรจังหวัดเชียงรายและหน่วยงานผู้รับผิดชอบโครงการอื่น ๆ 
ที่สำนักงานการตรวจเงินแผ่นดินภูมิภาคที่ 8 (จังหวัดเชียงใหม่) ไม่ได้ตรวจสอบ 
การดำเนินโครงการต้องตระหนักถึง","1. การใช้จ่ายเงินงบประมาณ จำนวน 7,248,224 บาท เป็นไปอย่างไม่มีประสิทธิภาพ      
และไม่คุ้มค่า โรงเรือนแปรรูปกะลากาแฟและอุปกรณ์ไม่ได้ใช้ประโยชน์ 
ทำให้กลุ่มวิสาหกิจชุมชนเป้าหมายเสียโอกาสในการเพิ่มมูลค่าผลผลิตกาแฟ 
จากการแปรรูปเชอรี่กาแฟเป็นกะลากาแฟ       
"
FL-0577,ความสัมฤทธิ์ผลของโครงการ                                                                            ,สำนักงานจังหวัดอุบลราชธานี,โครงการบริหารจัดการเกษตรแบบผสมผสาน กล่มจังหวัดภาคตะวันออกเฉียงเหนือตอนล่าง 2,2562,3.ไม่มีการประชาสัมพันธ์รายละเอียดและเงื่อนไขการเข้าร่วมโครงการให้เกษตรกรในพื้นที่เข้าใจและทั่วถึง 1.โครงการขาดฐานข้อมูลความต้องการเกษตรกรที่ต้องการทำการเกษตรผสมผสาน 4.กลุ่มจังหวัดได้รับจัดสรรงบประมาณล่าช้ากว่,การดำเนินงานโครงการบริหารจัดการเกษตรแบบผสมผสานไม่เป็นไปตามวัตถุประสงค์ 1.เกษตรกรเข้าร่วมโครงการต่ำกว่าเป้าหมายที่กำหนดและขาดคุณสมบัติที่จะเข้าร่วมโครงการ 2.การดำเนินงานแต่ละกิจกรรมล่าช้ากว่าแผนที่กำหนดไว้,"1.  สั่งการให้หน่วยดำเนินการโครงการ 
ติดตามการบริหารจัดการปัจจัยด้านพืชของเกษตรกรทุกราย 
หากพบว่าเกษตรกรรายใดมีปัจจัยด้านพืช (ไม่รวมเมล็ดพันธุ์ผัก) 
คงเหลือมากกว่าร้อยละ 50 ของปัจจัยการผลิตที่รับทั้งหมด 
ให้จัดทำแนวทางการส่งเสริมเพื่อให้เกษตรกรสามารถดำเนิ","1.  
เกษตรกรเสียโอกาสที่จะได้รับการสนับสนุนงบประมาณเพื่อส่งเสริมให้เกษตรกรปรับเปลี่ยนการทำเกษตรเชิงเดี่ยวเป็นเกษตรแบบผสมผสานจำนวน 
1,202 ราย คิดเป็นมูลค่า 40,838,130.30 บาท (271,801,200 บาท หาร 8,000 ราย 
คูณ 1,202 ราย) เนื่องจากเกษตรกรเข้าร่วมโครงการต่ำก"
FL-0578,ความสัมฤทธิ์ผลของโครงการ                                                                            ,สำนักงานบริหารยุทธศาสตร์กลุ่มจังหวัด กลุ่มจังหวัดภาคตะวันออก(ชลบุรี),โครงการตามแนวทางการสร้างความเข้มแข็งและยั่งยืนให้กับเศรษฐกิจภายในประเทศ(Local Economy)แนวทางเพิ่มศักยภาพภาคการท่องเที่ยวและบริการ กลุ่มจังหวัดภาคตะวันออก งปม.รายจ่ายเพิ่มเติม 2560,2562,เนื่องจากจังหวัดที่รับผิดชอบดำเนินกิจกรรมและกลุ่มจังหวัดภาคตะวันออกดำเนินการเกี่ยวกับการเบิกจ่ายงบประมาณไม่เป็นไปตามหลักเกณฑ์วิธีปฏิบัติในการเบิกจ กรณีผลการดำเนินงานในภาพรวมไม่เป็นไปตามเป้าหมายโดยมีกิจกรรมที่ไม่สามารถก่อหนี้ผูกพันได้จำนวน 1.,การดำเนินงานโครงการบางส่วนยังไม่เกิดผลสัมฤทธิ์,"เพื่อแก้ไขปัญหาที่เกิดขึ้นแล้ว พิจารณาดำเนินการดังนี้
	1. 
กรณีผลผลิตของบางกิจกรรมไม่เป็นไปตามเป้าหมายที่กำหนดและบางกิจกรรมมีสภาพชำรุดบกพร่องไม่เหมาะต่อการใช้ประโยชน์ 
ให้แจ้งหน่วยงานที่รับผิดชอบโครงการหรือหน่วยงานที่ต้องบริหารจัดการสำรวจความเสียหายและดำเ","1. กรณีไม่สามารถก่อหนี้ผูกพันได้จำนวน 13 กิจกรรม 
ส่งผลให้เสียโอกาสในการนำงบประมาณกว่า 42.98 
ล้านบาทมาใช้ในการพัฒนาศักยภาพด้านการท่องเที่ยวและบริการของกลุ่มจังหวัดภาคตะวันออก

	2. 
กรณีดำเนินกิจกรรมจัดทำระบบฐานข้อมูลเพื่อสนับสนุนการบริหารจัดการตามยุทธศาส"
FL-0579,ความสัมฤทธิ์ผลของโครงการ                                                                            ,กรมกิจการผู้สูงอายุ,การตรวจสอบการดำเนินงานตามแผนผู้สูงอายุแห่งชาติ ฉบับที่ 2,2562,ยังไม่มีการกำหนดแนวทางและผู้รับผิดชอบในการแปลงแผนไปสู่การปฏิบัต สาเหตุหลักเนื่องจากคณะกรรมการผู้สูงอายุแห่งชาติยังไม่ให้ความสำคัญ ในการแปลงแผนผู้สูงอายุแห่งชาติไปสู่การปฏิบัติเท่าที่ควร,การแปลงแผนผู้สูงอายุแห่งชาติฉบับที่ 2545-2564) แผนผู้สูงอายุแห่งชาติ,"เพื่อให้การขับเคลื่อนแผนผู้สูงอายุแห่งชาติฉบับที่ 2 (พ.ศ. 2545-2564) 
ไปสู่การปฏิบัติเป็นไปอย่างมีประสิทธิภาพและประสิทธิผล สำนักงานการตรวจเงินแผ่นดิน
มีข้อเสนอแนะให้อธิบดีกรมกิจการผู้สูงอายุในฐานะเลขานุการ
คณะกรรมการผู้สูงอายุแห่งชาติ เสนอให้ประธานกรรมการ","ส่งผลกระทบต่อการบรรลุวัตถุประสงค์ของแผน ขาดรายละเอียด
ระดับแผนงาน/งาน/โครงการเพื่อใช้ในการติดตามและประเมินผล 
ส่งผลต่อความน่าเชื่อถือในการวัดผลสัมฤทธิ์ของแผน เนื่องจากไม่มีแผนปฏิบัติการ
ในภาพรวมเพื่อใช้เป็นแนวทางในการวางแผนติดตามและประเมินผลอย่างเป็นระบบ "
FL-0678,ด้านความสัมฤทธิ์ผลของโครงการ อื่นๆ                                                                  ,สำนักงานมาตรฐานผลิตภัณฑ์อุตสาหกรรม,การตรวจสอบการดำเนินงานการคุ้มครองผู้บริโภคของสำนักงานมาตรฐานผลิตภัณฑ์อุตสาหกรรม,2562,1.เกณฑ์การคัดเลือกขาดความชัดเจนในเรื่องความพร้อมด้า ยังไม่เกิดผลสัมฤทธิ์เกิดจากสาเหตุหลายประการ ดังนี้,ข้อตรวจพบที่ 3 การพัฒนาศักยภาพผู้ทำ ผู้นำเข้า ผู้จำหน่าย และการสร้างความ ตระหนักรู้แก่ประชาชน ยังไม่เกิดประสิทธิผล,"1.โครงการพัฒนาผู้ประกอบการเพื่อการรับรองคุณภาพผลิตภัณฑ์ (มอก.) รายสาขา
  1.ปรับปรุงเกณฑ์การคัดเลือกให้มีความชัดเจน โดยต้องกำหนดตัวชี้วัดที่สามารถวัด
ค่าออกมาได้ 
  2.ปรับปรุงวิธีการคัดเลือกผู้ประกอบการเข้าร่วมโครงการให้เหมาะสม 
  3.เ พิ่มรูปแบบการประชาสัม","1.โครงการพัฒนาผู้ประกอบการเพื่อการรับรองคุณภาพผลิตภัณฑ์ (มอก.) รายสาขา 
  เกิดค่าเสียโอกาสในการนำเงินงบประมาณไปใช้ในการพัฒนาศักยภาพของผู้ประกอบการ
รายอื่น อีกทั้งผู้ประกอบการที่เข้าร่วมโครงการยังคงไม่สามารถพัฒนาผลิตภัณฑ์
ให้ได้มาตรฐานและได้รับการรับรองเคร"
FL-0679,ด้านความสัมฤทธิ์ผลของโครงการ อื่นๆ                                                                  ,ที่ทำการปกครองอำเภอบางซ้าย,โครงการนวัตกรรม วัฒนธรรมสายน้ำเจ้าพระยา-ป่าสัก เพื่อการท่องเที่ยว,2562,1.สำนักงานส่งเสริมการปกครองท้องถิ่นจังหวัดสระบุรี โดยไม่สำรวจสภาพพื้นที่ที่จะดำเนินโครงการ 2.ที่ทำการปกครองอำเภอบางปะอิน,หรือใช้ประโยชนไม่ตรงตามวัตถุประสงค์ของโครงการ งานปรับปรุงภูมิทัศน์และส่งเสริมการ วัสดุครุภัณฑ์ของโครงการบางรายการไม่มีการใช้ประโยชน์,"ควรเร่งหาแนวทางการดำเนินการเพื่อให้มีการใช้ประโยชน์จากทรัพย์สินหรือวัสดุ 
ครุภัณฑ์นั้น ๆ 
เพื่อให้การใช้จ่ยเงินงบประมาณเกิดความคุ้มค่าและเกิดประโยชน์สูงสุด

"," 
1.ผลการดำเนินงานโครงการยังไม่บรรลุวัตถุประสงค์และเป้าหมายของโครงการที่กำหนดไว้ 
โดยเฉพาะด้านการเพิ่มจำนวนนักท่องเที่ยวและการเพิ่มขึ้นของรายได้จากการท่องเที่ยว 
 2.การใช้จ่ายงบประมาณการดำเนินโครงการเป็นไปอย่างไม่คุ้มค่า 
เนื่องจากอาคารศูนย์ท่องเที่ยวฯ แล"
FL-0689,ด้านประสิทธิผล                                                                                      ,ที่ทำการปกครองอำเภอเมืองตาก,ตรวจสอบการดำเนินงานตามแผนบูรณาการส่งเสริมการพัฒนาจังหวัด และกลุ่มจังหวัดประจำปีงบประมาณ พ.ศ. 2560,2562,,,,
FL-0690,ด้านประสิทธิผล                                                                                      ,อบต.ยางซ้าย,ตรวจสอบการดำเนินงานระบบประปาหมู่บ้านขนาดใหญ่ ขององค์กรปกครองส่วนท้องถิ่นในจังหวัดสุโขทัย,2562,,,,
FL-0691,ด้านประสิทธิผล                                                                                      ,สำนักงานประมงจังหวัดหนองคาย,โครงการเสริมสร้างความโดดเด่นของผลผลิตและผลิตภัณฑ์จากภาคการเกษตรและประมง กิจกรรมการเลี้ยงปลานิลแบบครบวงจร,2562,การดำเนินกิจกรรมส่งเสริมการเลี้ยงปลานิลแบบครบวงจร ไม่มีความรู้ความชำนาญในด้านการบริหารจัดการตลาด จึงไม่มีการจัดหาตลาดรองรับผลผลิต,การดำเนินกิจกรรมส่งเสริมการเลี้ยงปลานิลแบบครบวงจร ส่งเสริมการเพาะพันธุ์ปลานิลแปลงเพศสายพันธุ์ดี ไม่ได้อาศัยอยู่ในพื้นที่จังหวัดอุดรธานี,,"ข้อตรวจพบที่ 1	การดำเนินกิจกรรมส่งเสริมการเลี้ยงปลานิลแบบครบวงจร 
ไม่บรรลุวัตถุประสงค์ที่กำหนด
การดำเนินโครงการ/กิจกรรมไม่บรรลุวัตถุประสงค์ตามที่กำหนดไว้ 
ส่งผลให้ไม่สามารถแก้ไขปัญหาการนำเข้าลูกพันธ์ปลานิลจากจังหวัดในภูมิภาคอื่น 
ๆ ไม่สามารถเพิ่มรายได้ให้"
FL-0692,ด้านประสิทธิผล                                                                                      ,สำนักงานประมงจังหวัดหนองคาย,โครงการเสริมสร้างความโดดเด่นของผลผลิตและผลิตภัณฑ์จากภาคการเกษตรและประมง กิจกรรมการเลี้ยงปลานิลแบบครบวงจร,2562,การดำเนินกิจกรรมส่งเสริมการเลี้ยงปลานิลแบบครบวงจร ไม่มีความรู้ความชำนาญในด้านการบริหารจัดการตลาด จึงไม่มีการจัดหาตลาดรองรับผลผลิต,มอบพ่อพันธุ์แม่พันธุ์พร้อมวัสดุอุปกรณ์ให้กับเกษตรกรรายอื่น ส่งเสริมการเพาะพันธุ์ปลานิลแปลงเพศสายพันธุ์ดี การดำเนินกิจกรรมส่งเสริมการเลี้ยงปลานิลแบบครบวงจร,"ข้อตรวจพบที่ 1	การดำเนินกิจกรรมส่งเสริมการเลี้ยงปลานิลแบบครบวงจร 
ไม่บรรลุวัตถุประสงค์ที่กำหนด
1. จัดทำโครงการหรือกิจกรรมย่อยโดยการบูรณาการกับส่วนราชการ ภาคเอกชน 
ที่เกี่ยวข้องเพื่อจัดฝึกอบรมให้ความรู้ จัดหาช่องทางการจำหน่าย 
ส่งเสริมด้านการตลาดให้เกิดตลา","ข้อตรวจพบที่ 1	การดำเนินกิจกรรมส่งเสริมการเลี้ยงปลานิลแบบครบวงจร 
ไม่บรรลุวัตถุประสงค์ที่กำหนด
การดำเนินโครงการ/กิจกรรมไม่บรรลุวัตถุประสงค์ตามที่กำหนดไว้ 
ส่งผลให้ไม่สามารถแก้ไขปัญหาการนำเข้าลูกพันธ์ปลานิลจากจังหวัดในภูมิภาคอื่น 
ๆ ไม่สามารถเพิ่มรายได้ให้"
FL-0693,ด้านประสิทธิผล                                                                                      ,สำนักงานจังหวัดอุบลราชธานี,โครงการพัฒนาและส่งเสริมการเกษตรในกลุ่มจังหวัดภาคตะวันออกเฉีย1,2562,ขาดความพร้อมในการบริหารจัดการและความเป็นไปได้ในการดำเนินงานของกลุ่มให้เกิดผลตอบแทนที่คุ้มค่าต่อการลงทุน ความเข้าใจและประสบการณ์ในการบริหารจัดการโครงการด้านการแปรรูปสินค้าเกษตร หน่วยงานดำเนินโครงการขาดความรู้,กลุ่มเกษตรกรที่เข้าร่วมโครงการส่งเสริมการแปรรูปสินค้าเกษตรเพิ่มมูลค่าในกลุ่มเกษตรกรและวิสาหกิจขาดศักยภาพการบริหารจัดการให้ประสบผลสำเร็จ ขาดศักยภาพการบริหารจัดการให้ประส จากการตรวจสอบกลุ่มเกษตรกรที่เข้าร่วมโครงการ,"1. แจ้งให้สำนักงานเกษตรจังหวัดอุบลราชธานี ศรีสะเกษ อำนาจเจริญ 
และจังหวัดยโสธร ดำเนินการและติดตามผลรายละเอียดตามภาคผนวก 1ดังนี้
1.1 
ดำเนินการประชุมร่วมกับกลุ่มเกษตรกรที่เข้าร่วมโครงการเพื่อส่งเสริมเพิ่มพูนความรู้ให้ประธานและกรรมการบริหารกลุ่ม 
ในเรื่องกา","1. ผลกระทบต่อกลุ่ม 
ทำให้กลุ่มเกษตรกรที่เข้าร่วมโครงการสูญเสียรายได้จากการบริหารจัดการกลุ่ม 
และบริหารจัดการเงินทุนตามเป้าหมายของโครงการและทำให้สมาชิกของกลุ่มขาดแรงจูงใจที่จะเข้าร่วมกลุ่มเพื่อพัฒนากลุ่มให้ประสบผลสำเร็จจำนวน 
32กลุ่ม 
2. 
ผลต่องบประมาณทำให"
FL-0694,ด้านประสิทธิผล                                                                                      ,สำนักงานประมงจังหวัดฉะเชิงเทรา,โครงการการยกระดับคุณภาพและการแปรรูปสินค้าเกษตร งบประมาณจังหวัด ปีงบประมาณ 2560 - 2562,2562,เจ้าหน้าที่ต้องจัดทำรายงานการติดตามประเมินผลให้แล้วเสร็จภายในสิ้นเดือนสิงหาคมซึ่งโครงการดำเนินการยังไม่สิ้นสุดรอบการเลี้ยงสัตว์น้ำ ดำเนินโครงการไม่บรรลุวัตถุประสงค์เรื่องการรวบรวมองค์ความรู้เพื่อใช้ในการส่งเสริมเกษตรกร สาเหตุ,การดำเนินการตามวัตถุประสงค์ของโครงการ,"ให้ประมงจังหวัดฉะเชิงเทรา พิจารณาดำเนินการ ดังนี้
1. 
ให้เจ้าหน้าที่ผู้รับผิดชอบโครงการเร่งรัดกระบวนการถอดบทเรียนเพื่อสรุปเป็นองค์ความรู้ 
โดยการถอดบทเรียนต้องแสดงให้เห็นถึงความโดดเด่น 
และมีการปฏิบัติที่ดีในการเลี้ยงกุ้งขาวปลานิลร่วมกัน 
หรือเป็นเทคนิคเฉ","การดำเนินโครงการพัฒนาการเลี้ยงสัตว์น้ำในพื้นที่ที่มีความเหมาะสมการเลี้ยงกุ้งขาวร่วมกับปลาน้ำจืดที่มีคุณค่าทางเศรษฐกิจในบ่อดิน 
ปีงบประมาณ 2561 
ไม่บรรลุวัตถุประสงค์ในเรื่องการรวบรวมองค์ความรู้เพื่อใช้ในการส่งเสริมเกษตรกรส่งผลกระทบทำให้หน่วยงานไม่มีข้อมูลอ"
FL-0695,ด้านประสิทธิผล                                                                                      ,สำนักงานประมงจังหวัดฉะเชิงเทรา,โครงการการยกระดับคุณภาพและการแปรรูปสินค้าเกษตร งบประมาณจังหวัด ปีงบประมาณ 2560 - 2562,2562,สำนักงานสหกรณ์จังหวัดระยองไม่มีข้อมูลเกี่ยวกับเกษตรกรผู้ปลูกทุเรียนในจังหวัดระยอง และเกษตรกรส่วนใหญ่ที่เข้าร่วมประชุมไม่ขอรับแจกสติกเกอร์ กรณีไม่บรรลุเป้าหมายจำนวนเกษตรที่เข้าร่วมประชุมชี้แจง,ข้อตรวจพบที่ 1 การดำเนินการตามเป้าหมายของโครงการ,"ข้อเสนอแนะ 
	1.  ให้ผู้ว่าราชการจังหวัดระยอง พิจารณาดำเนินการ 
          
มอบหมายให้สำนักงานเกษตรจังหวัดระยองและหน่วยงานที่เกี่ยวข้องสำรวจความต้องการของเกษตรกรผู้ปลูกทุเรียนระยอง 
ศึกษาวิเคราะห์ช่องทางการจำหน่ายทุเรียน 
เพื่อหาแนวทางในการส่งเสริมการจำหน่า","ผลกระทบ 
	1. การจัดประชุมเกษตรกรไม่ครบตามเป้าหมายที่กำหนด 
ในกิจกรรมการสร้างมูลค่าเพิ่มและความเชื่อมั่นให้กับทุเรียนระยอง 
ส่งผลกระทบให้เกษตรกรผู้ปลูกทุเรียนที่มีการขึ้นทะเบียนเกษตรกรกับสำนักงานเกษตรจังหวัดระยอง 
ตามเป้าหมายในปี 2562 จำนวน 3,000 ราย ผ่านก"
FL-0696,ด้านประสิทธิผล                                                                                      ,สำนักงานมาตรฐานผลิตภัณฑ์อุตสาหกรรม,การตรวจสอบการดำเนินงานการคุ้มครองผู้บริโภคของสำนักงานมาตรฐานผลิตภัณฑ์อุตสาหกรรม,2562,โดยกองกำหนดมาตรฐานมีกรอบอัตรากำลังจำนวน อัตรากำลังเจ้าหน้าที่มีจำกัด ให้ความสำคัญกับผลิตภัณฑ์อุตสาหกรรมที่ยังไม่มีการกำหนดมาตรฐาน,การกำหนดและทบทวนมาตรฐานผลิตภัณฑ์อุตสาหกรรมประเภทมาตรฐานบังคับ ข้อตรวจพบที่ เพื่อการคุ้มครองผู้บริโภค,"1. กำชับเจ้าหน้าที่ให้ดำเนินการทบทวนมาตรฐานตามหลักเกณฑ์ โดยจัดทำหนังสือขอความ
เห็นจากผู้มีส่วนเกี่ยวข้องอย่างรอบด้านเพื่อนำข้อมูลมาสู่การพิจารณาทบทวนมาตรฐาน 
2. เร่งรัดการถ่ายโอนงานกำหนดมาตรฐานให้แก่องค์กรเครือข่ายด้านการกำหนดมาตรฐาน 
(Standard Developmen","การที่มาตรฐานผลิตภัณฑ์อุตสาหกรรมประเภทมาตรฐานบังคับไม่ได้รับการทบทวนตาม
หลักเกณฑ์ที่กำหนด ทำให้ผลิตภัณฑ์อุตสาหกรรมบางประเภทมีข้อกำหนดไม่ครอบคลุม
ปัจจัยเสี่ยงที่เกิดขึ้นในปัจจุบัน และการที่ผลิตภัณฑ์อุตสาหกรรมที่มีผลกระทบต่อ
ความปลอดภัยยังไม่ได้รับการกำหนดเ"
FL-0697,ด้านประสิทธิผล                                                                                      ,กรมอุทยานแห่งชาติ สัตว์ป่าและพันธุ์พืช,การตรวจสอบการดำเนินงานการอนุรักษ์ฟื้นฟูและป้องกันทรัพยากรป่าไม้,2562,การเดินลาดตระเวนป้องกันรักษาป่ายังไม่สามารถดำเนินการได้อย่างทั่วถึง และส่งเสริมให้เกิดการมีส่วนร่วมของประชาชนและชุมชนในพื้นที่ ความเข้าใจแก่ประชาชน,การดำเนินกิจกรรมการป้องกันการบุกรุกป่า,"
1. 
กำหนดให้ทุกหน่วยงานที่ทำหน้าที่ในการลาดตระเวนป้องกันการบุกรุกป่าใช้แนวทางการลาดตระเวนเชิงคุณภาพ 
(Smart Patrol) ในการดำเนินการลาดตระเวน 
รวมทั้งพัฒนาศักยภาพของบุคลากรและเครื่องมืออุปกรณ์ให้สามารถเพื่อเพิ่มประสิทธิภาพในการลาดตระเวน 
นอกจากนี้ 
อาจพิจา","การที่ยังมีการบุกรุกพื้นที่ป่าอย่างต่อเนื่อง 
นอกจากส่งผลโดยตรงต่อเป้าหมายในการเพิ่มพื้นที่ป่าอนุรักษ์ของประเทศแล้ว 
การดำเนินการฟื้นฟูให้ป่ากลับมามีสภาพดังเดิมมีความยากยิ่งกว่าโดยรัฐต้องใช้จ่ายงบประมาณในการดำเนินการฟื้นฟูจำนวนมาก 
และใช้ระยะเวลานานกว่าสภ"
FL-0698,ด้านประสิทธิผล                                                                                      ,กรมป่าไม้,การตรวจสอบการดำเนินงานการอนุรักษ์ ฟื้นฟู และป้องกันทรัพยากรป่าไม้ ของกรมป่าไม้,2562,ในการสำรวจและคัดเลือกพื้นที่ป่าเสื่อมโทรมเพื่อดำเนินการปลูกป่าของสำนักจัดการทรัพยากรป่าไม้ท้องที่ ไม่ปรากฏอย่างชัดเจนว่าได้มีการคำนึงถึงความเหมาะสมของสภาพพื้นที่เป้าหมายปลูกป่า ขาดการสอบทานความเหมาะสมของพื้นที่เป้าหมายปลูกป่าโดยหน่วยงานที่รับผิ,แปลงปลูกที่สุ่มตรวจสอบส่วนใหญ่มีอัตราการรอดต จากการตรวจสอบแปลงปลูกและบำรุงป่า โดยการตรวจนับอัตราการรอดตายของกล้าไม้และการสังเกตการณ์สภาพภายในแปลงปลูกป่า,"สำนักงานการตรวจเงินแผ่นดินมีข้อเสนอแนะให้อธิบดีกรมป่าไม้พิจารณาดำเนินการ ดังนี้
	1. ปรับปรุงแนวทางปฏิบัติงานฟื้นฟูป่าไม้ให้สอดคล้องกับขั้นตอน วิธีการ และเงื่อนไขพื้นที่ที่ต้องดำเนินการในปัจจุบัน 
และกำหนดให้มีการรวบรวมข้อมูลเชิงลึกของพื้นที่ให้มีรายละเอีย","    1.1 ทำให้ป่ายังคงมีสภาพเป็นป่าเสื่อมโทรมไม่อาจฟื้นตัวให้มีโครงสร้างและองค์ประกอบได้อย่างสมบูรณ์ตามวัตถุประสงค์ของการฟื้นฟูป่าไม้ 
และการดำเนินการปลูกป่าในแปลงที่มีพื้นที่มิได้มีสภาพเป็นป่าเสื่อมโทรม หรือพื้นที่ที่มิได้กำหนดให้เป็นพื้นที่ต้องฟื้นฟูโดยก"
FL-0701,ด้านประสิทธิผล                                                                                      ,สำนักงานเกษตรจังหวัดประจวบคีรีขันธ์,โครงการส่งเสริมและพัฒนาสับปะรดครบวงจร,2562,ไม่มีการสำรวจพื้นที่สำหรับขุดสระน้ำว่ามีความเหมาะสมและสามารถเก็บกักน้ำได้หรือไม่ สถานีพัฒนาที่ดินจังหวัดประจวบคีรีขันธ์ กิจกรรมสร้างสระน้ำนอกเขตชลประทาน,เกษตรกรบางส่วนไม่ได้ใช้ประโยชน์จากสระน้ำและน้ำหมักชีวภาพในการพัฒนา แหล่งน้ำและพัฒนาดินเพื่อการผลิตสับปะรด สถานีพัฒนาที่ดินจังหวัดประจวบคีรีขันธ์,"สำนักงานการตรวจเงินแผ่นดิน โดยสำนักงานการตรวจเงินแผ่นดินภูมิภาคที่ 12 
(จังหวัดเพชรบุรี) มีข้อเสนอแนะให้สถานีพัฒนาที่ดินจังหวัดประจวบคีรีขันธ์ 
ดำเนินการดังนี้ 
	1. กิจกรรมสร้างสระน้ำนอกเขตชลประทาน 
   ในโอกาสต่อไปหากมีการดำเนินโครงการในลักษณะเช่นนี้อีก 
","1. กิจกรรมสร้างสระน้ำนอกเขตชลประทาน ขนาดความจุ 1,260 ลบ.ม.
 	   1.1 กรณีสระน้ำที่ไม่ได้ประโยชน์ตามวัตถุประสงค์ 
โดยไม่สามารถกักเก็บน้ำได้ จำนวน 10 สระ 
ทำให้เกิดความสูญเปล่าในการใช้เงินงบประมาณแผ่นดิน เป็นจำนวนเงิน 198,620.00 
บาท  
     	     1.2 กรณีสระ"
FL-0708,ด้านประสิทธิผล                                                                                      ,สำนักงานจังหวัดอุตรดิตถ์,โครงการส่งเสริมและพัฒนาผลผลิตการเกษตรแบบบูรณาการและการเกษตรที่มีผลตอบแทนสูง ของสำนักงานเกษตรจังหวัดอุตรดิตถ์,2562,เจ้าหน้าที่ไม่ปฏิบัติตามหลักเกณฑ์,1.การดำเนินโครงการบางส่วนไม่บรรลุวัตถุประสงค์ของโครงการ,,
FL-0710,ด้านประสิทธิผล                                                                                      ,กลุ่มจังหวัดภาคกลางตอนบน 1,แผนพัฒนากลุ่มจังหวัดภาคกลางตอนบน 1,2562,หน่วยดำเนินการไม่ทราบว่าต้องทำการประเมินความสำเร็จ ของหน่วยงานที่รับผิดชอบการใช้ประโยชน์และดูแลรักษากิจกรรม ตามตัวชี้วัด,ปัญหาด้านผลสัมฤทธิ์ในการดำเนินงาน หรือใช้ประโยชน์น้อย/ไม่เต็มศักยภาพ ตามตัวชี้วัดที่กำหนดไว้,"ให้ผู้ว่าราชการจังหวัดพระนครศรีอยุธยา ในฐานะหัวหน้ากลุ่มจังหวัด
ภาคกลางตอนบน พิจารณาสั่งการกลุ่มงานบริหารยุทธศาสตร์
กลุ่มจังหวัดภาคกลางตอนบน ดังนี้
1. ประสานงานกับหน่วยดำเนินการที่เป็นผู้รับผิดชอบกิจกรรมที่
ไม่ได้ใช้ประโยชน์หรือใช้ประโยชน์น้อย ให้กำหนดแนว","1. ทำให้การดำเนินงานไม่บรรลุผลสำเร็จตามเป้าหมาย และกิจกรรม
มีความเสี่ยงที่จะเกิดความไม่คุ้มค่า หรือเกิดความสูญเปล่าหากไม่สามารถแก้ไข
ให้กลับมาใช้ประโยชน์ได้
2. ทำให้ไม่มีข้อมูลที่จะใช้เชื่อมโยงและสนับสนุนตัวชี้วัดในระดับโครงการ
และประเด็นยุทธศาสตร์
3. ทำใ"
FL-0711,ด้านประสิทธิผล                                                                                      ,กรมควบคุมมลพิษ,การตรวจสอบการดำเนินงานการป้องกันและแก้ไขปัญหาสิ่งแวดล้อมของประเทศไทย (ครั้งที่ 3 ด้านน้ำเสีย),2562,การดำเนินงานกิจกรรมการบำบัดน้ำเสียชุมชนยังไม่เกิดผลสัมฤทธิ์ ความพร้อมในการจัดการน้ำเสียให้เกิดผลสัมฤทธิ์และมีประสิทธิภาพ ทั้งด้านงบประมาณในการดำเนินการจัดการน้ำเสียชุ,ระบบบำบัดน้ำเสียรวมของชุมชนที่ก่อสร้างแล้วเสร็จยังไม่เพียงพอ ระบบบำบัดน้ำเสียรวมของชุมชนจำนวน มีศักยภาพรวมกันในการบำบัดน้ำเสียได้น้อยกว่าร้อยละ,"สำนักงานการตรวจเงินแผ่นดินมีข้อเสนอแนะให้ปลัดกระทรวงทรัพยากรธรรมชาติและ
สิ่งแวดล้อมพิจารณาดำเนินการเพื่อให้กระทรวงทรัพยากรธรรมชาติและสิ่งแวดล้อม
เป็นหน่วยงานหลักในการดำเนินการเพื่อพิจารณาจัดทำแผนแม่บทการจัดการน้ำเสียของ
ประเทศ โดยนำเสนอรัฐบาลให้พิจารณา เห","ผลการตรวจสอบการดำเนินงานการป้องกันและแก้ไขปัญหาสิ่งแวดล้อมของประเทศไทย
ด้านน้ำเสีย ตามประเด็นข้อตรวจพบที่ 1 - 3 แสดงให้เห็นว่าการจัดการน้ำเสีย
ของประเทศโดยเฉพาะอย่างยิ่งการดำเนินงานกิจกรรมการบำบัดน้ำเสียชุมชนที่ยังไม่เกิด
ผลสัมฤทธิ์ และไม่มีประสิทธิภาพ ส่"
FL-0712,ด้านประสิทธิผล                                                                                      ,กรมควบคุมมลพิษ,การตรวจสอบการดำเนินงานการป้องกันและแก้ไขปัญหาสิ่งแวดล้อมของประเทศไทย (ครั้งที่ 3 ด้านน้ำเสีย),2562,การดำเนินงานกิจกรรมการบำบัดน้ำเสียชุมชนยังไม่เกิดผลสัมฤทธิ์ น้ำเสียให้เกิดผลสัมฤทธิ์และมีประสิทธิภาพ และไม่มีประสิทธิภาพ,ระบบบำบัดน้ำเสียรวมของชุมชนที่ก่อสร้างแล้วเสร็จยังไม่เพียงพอ ระบบบำบัดน้ำเสียรวมของชุมชนจำนวน มีศักยภาพรวมกันในการบำบัดน้ำเสียได้น้อยกว่าร้อยละ,"สำนักงานการตรวจเงินแผ่นดินมีข้อเสนอแนะให้ปลัดกระทรวงทรัพยากรธรรมชาติและ
สิ่งแวดล้อมพิจารณาดำเนินการเพื่อให้กระทรวงทรัพยากรธรรมชาติและสิ่งแวดล้อม
เป็นหน่วยงานหลักในการดำเนินการเพื่อพิจารณาจัดทำแผนแม่บทการจัดการน้ำเสียของ
ประเทศ โดยนำเสนอรัฐบาลให้พิจารณา เห","ผลการตรวจสอบการดำเนินงานการป้องกันและแก้ไขปัญหาสิ่งแวดล้อมของประเทศไทย
ด้านน้ำเสีย ตามประเด็นข้อตรวจพบที่ 1 - 3 แสดงให้เห็นว่าการจัดการน้ำเสียของ
ประเทศโดยเฉพาะอย่างยิ่งการดำเนินงานกิจกรรมการบำบัดน้ำเสียชุมชนที่ยังไม่เกิด
ผลสัมฤทธิ์ และไม่มีประสิทธิภาพ ส่"
FL-0713,ด้านประสิทธิผล                                                                                      ,กรมควบคุมมลพิษ,การตรวจสอบการดำเนินงานการป้องกันและแก้ไขปัญหาสิ่งแวดล้อมของประเทศไทย (ครั้งที่ 3 ด้านน้ำเสีย),2562,การดำเนินงานกิจกรรมการบำบัดน้ำเสียชุมชนยังไม่เกิดผลสัมฤทธิ์ ขาดความพร้อมในการจัดการน้ำเสียให้เกิดผลสัมฤทธิ์และมีประสิทธิภาพ โดยมีข้อจำกัดทั้งด้านงบประมาณในการดำเนินการจัดการน้ำเสียชุ,ระบบบำบัดน้ำเสียรวมของชุมชนที่ก่อสร้างแล้วเสร็จยังไม่เพียงพอ ระบบบำบัดน้ำเสียรวมของชุมชนจำนวน สำหรับการจัดการน้ำเสียของประเทศข้อตรวจพบที่,"สำนักงานการตรวจเงินแผ่นดินมีข้อเสนอแนะให้ปลัดกระทรวงทรัพยากรธรรมชาติและ
สิ่งแวดล้อมพิจารณาดำเนินการเพื่อให้กระทรวงทรัพยากรธรรมชาติและสิ่งแวดล้อม
เป็นหน่วยงานหลักในการดำเนินการเพื่อพิจารณาจัดทำแผนแม่บทการจัดการน้ำเสียของ
ประเทศ โดยนำเสนอรัฐบาลให้พิจารณา เห","ผลการตรวจสอบการดำเนินงานการป้องกันและแก้ไขปัญหาสิ่งแวดล้อมของประเทศไทย
ด้านน้ำเสีย ตามประเด็นข้อตรวจพบที่ 1 - 3 แสดงให้เห็นว่าการจัดการน้ำเสียของ
ประเทศโดยเฉพาะอย่างยิ่งการดำเนินงานกิจกรรมการบำบัดน้ำเสียชุมชนที่ยังไม่เกิด
ผลสัมฤทธิ์ และไม่มีประสิทธิภาพ ส่"
FL-0714,ด้านประสิทธิผล                                                                                      ,กรมควบคุมมลพิษ,การตรวจสอบการดำเนินงานการป้องกันและแก้ไขปัญหาสิ่งแวดล้อมของประเทศไทย (ครั้งที่ 3 ด้านน้ำเสีย),2562,การดำเนินงานกิจกรรมการบำบัดน้ำเสียชุมชนยังไม่เกิดผลสัมฤทธิ์ น้ำเสียให้เกิดผลสัมฤทธิ์และมีประสิทธิภาพ และไม่มีประสิทธิภาพ,ระบบบำบัดน้ำเสียรวมของชุมชนที่ก่อสร้างแล้วเสร็จยังไม่เพียงพอ ระบบบำบัดน้ำเสียรวมของชุมชนจำนวน มีศักยภาพรวมกันในการบำบัดน้ำเสียได้น้อยกว่าร้อยละ,"สำนักงานการตรวจเงินแผ่นดินมีข้อเสนอแนะให้ปลัดกระทรวงทรัพยากรธรรมชาติและ
สิ่งแวดล้อมพิจารณาดำเนินการเพื่อให้กระทรวงทรัพยากรธรรมชาติและสิ่งแวดล้อม
เป็นหน่วยงานหลักในการดำเนินการเพื่อพิจารณาจัดทำแผนแม่บทการจัดการน้ำเสีย
ของประเทศ โดยนำเสนอรัฐบาลให้พิจารณา เห","ผลการตรวจสอบการดำเนินงานการป้องกันและแก้ไขปัญหาสิ่งแวดล้อมของประเทศไทย
ด้านน้ำเสีย ตามประเด็นข้อตรวจพบที่ 1 - 3 แสดงให้เห็นว่าการจัดการน้ำเสียของ
ประเทศโดยเฉพาะอย่างยิ่งการดำเนินงานกิจกรรมการบำบัดน้ำเสียชุมชนที่ยังไม่เกิด
ผลสัมฤทธิ์ และไม่มีประสิทธิภาพ ส่"
FL-0715,ด้านประสิทธิผล                                                                                      ,กรมควบคุมมลพิษ,การตรวจสอบการดำเนินงานการป้องกันและแก้ไขปัญหาสิ่งแวดล้อมของประเทศไทย (ครั้งที่ 3 ด้านน้ำเสีย),2562,การดำเนินงานกิจกรรมการบำบัดน้ำเสียชุมชนยังไม่เกิดผลสัมฤทธิ์ ผลสัมฤทธิ์และมีประสิทธิภาพ โดยมีข้อจำกัดทั้งด้านงบประมาณในการดำเนินการจัดการ,ระบบบำบัดน้ำเสียรวมของชุมชนที่ก่อสร้างแล้วเสร็จยังไม่เพียงพอ ระบบบำบัดน้ำเสียรวมของชุมชนจำนวน มีศักยภาพรวมกันในการบำบัดน้ำเสียได้น้อยกว่าร้อยละ,"สำนักงานการตรวจเงินแผ่นดินมีข้อเสนอแนะให้ปลัดกระทรวงทรัพยากรธรรมชาติและ
สิ่งแวดล้อมพิจารณาดำเนินการเพื่อให้กระทรวงทรัพยากรธรรมชาติและสิ่งแวดล้อม
เป็นหน่วยงานหลักในการดำเนินการเพื่อพิจารณาจัดทำแผนแม่บทการจัดการน้ำเสียของ
ประเทศ โดยนำเสนอรัฐบาลให้พิจารณา เห","ผลการตรวจสอบการดำเนินงานการป้องกันและแก้ไขปัญหาสิ่งแวดล้อมของประเทศไทย
ด้านน้ำเสีย ตามประเด็นข้อตรวจพบที่ 1 - 3 แสดงให้เห็นว่าการจัดการน้ำเสียของ
ประเทศโดยเฉพาะอย่างยิ่งการดำเนินงานกิจกรรมการบำบัดน้ำเสียชุมชนที่ยังไม่เกิด
ผลสัมฤทธิ์ และไม่มีประสิทธิภาพ ส่"
FL-0716,ด้านประสิทธิผล                                                                                      ,กรมส่งเสริมอุตสาหกรรม,การตรวจสอบการดำเนินงานการส่งเสริม สนับสนุน และพัฒนาวิสาหกิจขนาดกลางและขนาดย่อม,2562,และแนวปฏิบัติในการพัฒนาวิสาหกิจขนาดกลางและขนาดย่อมยังไม่ครอบคลุมการประเมินผลการนำผลผลิตไปใช้ประโยชน์จริงของวิสาหกิจขนาดกลางและขนาดย่อมเป็นรายโครงการภายหลังสิ้นสุดโครงการมาระยะหนึ่งแล้ว สาเหตุเกิดจากการกำหนดตัวชี้วัดเป้าหมาย แผน,ของโครงการภายใต้แผนงานบูรณาการส่งเสริมวิสาหกิจขนาดกลางและขนาดย่อม จากการตรวจสอบการดำเนินการส่งเสริม ในสาขาอุตสาหกรรมเกษตรแปรรูป,"1. 	กำหนดตัวชี้วัดเป้าหมาย แผน 
และแนวปฏิบัติเกี่ยวกับการประเมินผลการนำผลผลิตไปใช้ประโยชน์จริงของวิสาหกิจขนาดกลางและขนาดย่อม 
(SMEs) ภายหลังสิ้นสุดโครงการมาระยะหนึ่งแล้ว 
เพื่อให้สามารถสะท้อนถึงความสำเร็จที่ได้จากผลผลิตและศักยภาพที่เพิ่มขึ้นของกิจการที่เข","ส่งกระทบให้ไม่สามารถช่วยผลักดันส่งเสริมให้วิสาหกิจขนาดกลางและขนาดย่อมพัฒนาศักยภาพในการดำเนินธุรกิจจนสามารถแข่งขันได้ในระบบเศรษฐกิจ 
โดยการพัฒนาผลิตภัณฑ์และผลิตภาพให้กับวิสาหกิจขนาดกลางและขนาดย่อม 
ซึ่งบางกิจการไม่ได้นำผลผลิตที่ได้รับไปใช้ประโยชน์
"
FL-0717,ด้านประสิทธิผล                                                                                      ,กรุงเทพมหานคร,"การตรวจสอบการดำเนินงานมหานครปลอดภัย ""ด้านปลอดโรคคนเมือง อาหารปลอดภัย ปลอดอาชญากรรมและยาเสพติด"" ของกรุงเทพมหานคร",2562,1.การที่กรุงเทพมหานครบริหารจัดการระบบกล้องโทรทัศน์วงจรปิดเพื่อความปลอดภัยในพื้นที่ไม่บรรลุวัตถุประสงค์ที่กำหนดไว้ มีสาเหตุสำคัญมาจากขั้นตอนวิธีการควบคุม ตรวจสอบการปฏิบัติงานบำรุงรักษากล้องโทรทัศน์วงจรปิดไม่รัดกุม,1.การดำเนินงานเพื่อเพิ่มความปลอดภัยในพื้นที่สาธารณะและลดจุดเสี่ยงอาชญากรรม จากการตรวจสอบผลสัมฤทธิ์และประสิทธิภาพการดำเนินงานภายใต้กลยุทธ์ด้านปลอดอาชญากรรมและยาเสพติด และด้านปลอดโรคคนเมือง,"1.เพื่อให้การบริหารจัดการระบบกล้องโทรทัศน์วงจรปิดเพื่อความปลอดภัยในพื้นที่กรุงเทพมหานครบรรลุวัตถุประสงค์ที่กำหนดไว้ 
สำนักงานการตรวจเงินแผ่นดินมีข้อเสนอแนะให้ผู้ว่าราชการกรุงเทพมหานคร 
พิจารณาดำเนินการ ดังน
   1.1 พิจารณาทบทวน ปรับปรุงขั้นตอนวิธีการควบคุม","1.การที่กรุงเทพมหานครบริหารจัดการระบบกล้องโทรทัศน์วงจรปิดเพื่อความปลอดภัยในพื้นที่ไม่บรรลุวัตถุประสงค์ที่กำหนดไว้ 
ทำให้ประชาชนผู้ขอรับบริการสืบค้นข้อมูลภาพสูญเสียโอกาสในการนำข้อมูลภาพเหตุการณ์ไปใช้เป็นหลักฐานสำคัญ 
และส่งผลให้ประชาชนขาดความมั่นใจในความปล"
FL-0728,ด้านประสิทธิผล                                                                                      ,สำนักงานปลัดกระทรวงพลังงาน,การตรวจสอบการดำเนินงานโครงการสูบน้ำพลังงานแสงอาทิตย์สู้ภัยแล้ง,2562,มีระยะเวลาเตรียมการด้านการประชาสัมพันธ์ชี้แจงโครงการให้กับประชาชนหรือเกษตรกรในพื้นที่เป้าหมาย การติดตั้งระบบสูบน้ำพลังงานแสงอาทิตย์ยังไม่เป็นไปตามเป้าหมายของโครงการ และการรวบรวมเอกสารประกอบการจัดทำข้อเสนอโครงการจ,การติดตั้งระบบสูบน้ำพลังงานแสงอาทิตย์ไม่เป็นไปตามเป้าหมายของโครงการ มีผลการติดตั้งระบบสูบน้ำพลังงานแสงอาทิตย์ให้แก่กลุ่มผู้ใช้น้ำที่เข้าร่วมโครงการ ผลการดำเนินโครงการไม่เป็นไปตามเป้าหมายที่กำหนด,"สำนักงานการตรวจเงินแผ่นดินมีข้อเสนอแนะให้ปลัดกระทรวงพลังงานพิจารณาดำเนินการ 
ดังนี้
	1.	
ในอนาคตหากมีการดำเนินโครงการในลักษณะเดียวกับโครงการดังกล่าว 
ควรพิจารณาดำเนินการ ดังนี้
		1.1 
การกำหนดระยะเวลาเปิดรับสมัครโครงการควรพิจารณาถึงความเหมาะสมและเพียงพอสำ","การที่ผลการดำเนินโครงการไม่เป็นไปตามเป้าหมายที่กำหนด 
ส่งผลทำให้ราษฎรในพื้นที่ประสบปัญหาภัยแล้งที่มีคุณสมบัติตรงตามเงื่อนไขเสียโอกาสในการได้รับการสนับสนุนระบบสูบน้ำพลังงานแสงอาทิตย์ 
และยังคงได้รับความเดือดร้อนจากการขาดแคลนน้ำ 
รวมทั้งทำให้การใช้จ่ายเงินง"
FL-0729,ด้านประสิทธิผล                                                                                      ,กรมการค้าภายใน,การตรวจสอบการดำเนินงานการคุ้มครองผู้บริโภคของกรมการค้าภายใน,2562,การที่กรมการค้าภายในไม่สามารถกำกับดูแลผู้ประกอบการให้ปฏิบัติตามมาตรการ และไม่สามารถติดตามเฝ้าระวังสถานการณ์ราคา สินค้าและบริการที่จำเป็นต่อการดำรงชีพตามกลไกที่กำหนด,ข้อตรวจพบที่ 1 การกำกับดูแลราคาและปริมาณสินค้าและบริการไม่เป็นไปตามมาตรการและ กลไกที่กำหนด,"   
สำนักงานการตรวจเงินแผ่นดินมีข้อเสนอแนะให้ปลัดกระทรวงพาณิชย์และอธิบดีกรมการค้า
ภายในพิจารณา ดำเนินการดังนี้
   1.กรมการค้าภายในควรเร่งหาวิธีการ/แนวทางที่จะส่งเสริมให้สำนักงานพาณิชย์
จังหวัดทุกแห่งใช้งานระบบแจ้งการขนย้ายทางอิเล็กทรอนิกส์ 
   2.กรมการค้า","   การที่กรมการค้าภายในไม่สามารถติดตามเฝ้าระวังสถานการณ์ราคาสินค้าและบริการที่
จำเป็นต่อการดำรงชีพตามกลไกที่กำหนด ส่งผลให้ผู้บริโภคยังคงถูกเอารัดเอาเปรียบ
จากการฉวยโอกาสปรับขึ้นราคาสินค้าและบริการของผู้ประกอบการ โดยเฉพาะงานบริการที่
กรมการค้าภายในยังไม่มี"
FL-0836,ด้านประสิทธิผล อื่น ๆ                                                                               ,สำนักงานส่งเสริมการปกครองท้องถิ่นจังหวัดศรีสะเกษ,โครงการบริหารจัดการระบบประปาขององค์กรปกครองส่วนท้องถิ่นจังหวัดศรีสะเกษ,2562,ความต้องการของประชาชนที่ขาดแคลนน้ำเพื่อการอุปโภคบริโภคในพื้นที่จากแผนพัฒนาสามปีมาใ ไม่ได้ให้ความสำคัญในการสำรวจเพื่อเตรียมความพร้อมในการจัดหาระบบประปา แต่จะดำเนินการเมื่อมีหนังสือสั่งการแจ้งมาให้ดำเนินการเท่านั้น,ขาดการเตรียมความพร้อมการสำรวจผู้ใช้น้ำ ขาดการเตรียมความพร้อมก่อนการดำเนินงานโครงการ เกี่ยวกับการเตรียมความพร้อมก่อนการดำเนินการโครงการ,"สำนักงานการตรวจเงินแผ่นดินมีข้อเสนอแนะ ให้ ผู้ว่าราชการจังหวัดศรีสะเกษ 
ดำเนินการ ดังนี้
1. 
สั่งกำชับให้คณะกรรมการพิจารณากลั่นกรองโครงการเพื่อขอรับการสนับสนุนงบประมาณเงินอุดหนุนเฉพาะกิจโครงการแก้ไขปัญหาการขาดแคลนน้ำอุปโภคบริโภคแก่ประชาชน   
ควบคุม ตรวจสอ","1.  อปท. ขาดการเตรียมความพร้อมการสำรวจจำนวนผู้ใช้น้ำ 
ความต้องการของประชาชนในพื้นที่ และสภาพปัญหาความเดือดร้อน 
ส่งผลให้การใช้งานไม่เหมาะสม 
และมีกลุ่มผู้ใช้น้ำน้อยกว่ากำลังการผลิตของระบบประปา 
ซึ่งการที่ระบบประปาถูกใช้งานไม่เหมาะสมกับครัวเรือนผู้ใช้น้ำ 
"
FL-0837,ด้านประสิทธิผล อื่น ๆ                                                                               ,สำนักงานประมงจังหวัดฉะเชิงเทรา,โครงการการยกระดับคุณภาพและการแปรรูปสินค้าเกษตร งบประมาณจังหวัด ปีงบประมาณ 2560 - 2562,2562,เจ้าหน้าที่ไม่ได้กำหนดเนื้อหาที่แตกต่างเพื่อให้เหมาะกับกลุ่มเป้าหมายที่มีศักยภาพ การดำเนินโครงการตามขั้นตอนการคัดเลือกและการเตรียมความพร้อมยังไม่เหมาะสม การกำหนดหลักสูตรฝึกอบรมไม่เหมาะสม,ข้อตรวจพบที่ 2 การดำเนินโครงการตามขั้นตอนการบริหารโครงการภาครัฐ,"สำนักงานการตรวจเงินแผ่นดินพิจารณาแล้ว มีข้อเสนอแนะให้ดำเนินการ ดังนี้
1. ให้ผู้ว่าราชการจังหวัดฉะเชิงเทรา ดำเนินการควบคุม ติดตาม 
ให้หน่วยงานที่ได้รับการจัดสรรงบประมาณจัดทำรายงานผลสัมฤทธิ์ของโครงการให้เป็นไปตามวัตถุประสงค์โครงการ 
เป้าหมายและตัวชี้วัดที่ก","ผลกระทบ
"
FL-0838,ด้านประสิทธิผล อื่น ๆ                                                                               ,สำนักงานประมงจังหวัดฉะเชิงเทรา,โครงการการยกระดับคุณภาพและการแปรรูปสินค้าเกษตร งบประมาณจังหวัด ปีงบประมาณ 2560 - 2562,2562,เจ้าหน้าที่ผู้รับผิดชอบโครงการขาดการศึกษาและรวบรวมข้อมูลเกษตรกรในพื้นที่เพื่อใช้เป็นข้อมูลในการพิจารณากำหนดเกณฑ์การคัดเลือกเกษตรกรหรือเกณฑ์การจัดสรรบรรจุภัณฑ์ให้เหมาะสม จึงต้องใช้วิธีมอบหมายให้สำนักงานเกษตรอำเภอซึ่งทราบข้อมูลเกษตรกรในพื้นที่ได้ด สาเหตุ,ข้อตรวจพบที่ 2 การดำเนินโครงการตามขั้นตอนการบริหารโครงการภาครัฐ,"สำนักงานการตรวจเงินแผ่นดินพิจารณาแล้ว มีข้อเสนอแนะให้ดำเนินการ  
   	1.  ให้ผู้ว่าราชการจังหวัดระยอง ดำเนินการดังนี้
         1.1 
มอบหมายให้สำนักงานเกษตรจังหวัดระยองและหน่วยงานที่เกี่ยวข้องสำรวจความต้องการของเกษตรกรผู้ปลูกทุเรียนระยอง 
ศึกษาวิเคราะห์ช่อง","1. 
การไม่กำหนดเกณฑ์ในการคัดเลือกเกษตรกรเข้ารับการอบรมทำให้อาจได้เกษตรกรที่เข้ารับการอบรมไม่ใช่กลุ่มเป้าหมายที่เหมาะสม 
และไม่ก่อให้เกิดการบรรลุวัตถุประสงค์ของโครงการในการยกระดับการพัฒนาเกษตรกรให้มีความรู้ความเข้าใจในการผลิตและเพิ่มมูลค่าผลไม้
2. การไม่มี"
FL-0839,ด้านประสิทธิผล อื่น ๆ                                                                               ,เทศบาลตำบลสวนดอกไม้,การบริหารจัดการรถยนต์ขององค์กรปกครองส่วนท้องถิ่นที่มีไว้เพื่อบริการสาธารณะ,2562,และเจ้าหน้าที่ทุกฝ่ายที่เกี่ยวข้องกับการใช้รถส่วนกลางไม่มีการตรวจสอบเอกสารการขอใช้รถส่วนกลางอย่างละเอียดรอบคอบ อปท.ไม่ได้ศึกษาและทำความเข้าใจระเบียบกระทรวงมหาดไทย อปท.ขาดระบบการควบคุมภายในที่ดี,การบริหารจัดการรถยนต์ของอปท.ไม่เป็นไปตามที่ระเบียบกำหนด อปท.ไม่ควบคุมและดูแลบำรุงรักษารถส่วนกลาง โดยรถบรรทุกขยะมูลฝอยแบบอัดท้าย,"1.สั่งการให้เจ้าหน้าที่ผู้รับผิดชอบจัดทำและบันทึกการใช้รถส่วนกลางให้ถูกต้องตามระเบียบกระทรวงมหาดไทย 
ว่าด้วยการใช้และรักษารถยนต์ขององค์กรปกครองส่วนท้องถิ่น พ.ศ.2548 
และบันทึกข้อมูลในแบบต่าง ๆ ให้ครบถ้วน ถูกต้อง และเป็นปัจจุบัน
2.สั่งการให้เจ้าหน้าที่ผู้ร","ทำให้ผู้บริหารไม่ทราบว่าผู้ขอใช้รถได้นำรถยนต์ส่วนกลางไปใช้ในลักษณะเพื่อประโยชน์ส่วนตัว 
หรือนำไปใช้ในกิจกรรมที่ไม่เป็นไปตามวัตถุประสงค์ของอปท.หรือไม่ อย่างไร 
รวมทั้งไม่มีหลักเกณฑ์สำหรับควบคุมการเบิกจ่ายค่าน้ำมันเชื้อเพลิง 
นอกจากนั้นการที่ไม่ดูแลและบำรุง"
FL-0840,ด้านประสิทธิผล อื่น ๆ                                                                               ,สำนักงานคณะกรรมการการศึกษาขั้นพื้นฐาน,การตรวจสอบการดำเนินงานการจัดการการศึกษาขั้นพื้นฐานในสังกัดสำนักงานคณะกรรมการการศึกษาขั้นพื้นฐาน,2562,การศึกษาประถมศึกษาไม่ได้ดำเนินการตามบทบาทหน้าที่ที่กำหนดตามแนวทางการดำเนินงาน สาเหตุสำคัญคือโรงเรียนและครูให้ความสำคัญและเน้นการจัดการเรียนการสอนเพื่อสอบ จึงยังใช้การสอนในรูปแบบเดิมมากกว่าเน้นทักษะด้านการสื่อสาร,การดำเนินการตามแนวทางส่งเสริมการผลิตและพัฒนาคุณภาพครู สำนักงานคณะกรรมการการศึกษาขั้นพื้นฐานได้จัดทำโครงการพัฒนาครูแกนนำภาษาอังกฤษใน และบุคลากรทางการศึกษายังไม่เป็นไปตามวัตถุประสงค์ที่กำหนด," 1.หากมีการดำเนินการโครงการในระยะต่อไปหรือโครงการในลักษณะเดียวกัน 
ควรมีการศึกษาความเหมาะสมของรูปแบบและหลักสูตรการอบรมให้มีความสอดคล้องกับแนวทาง
การวัดและประเมินผลคุณภาพผู้เรียน พร้อมทั้งกำหนดให้หน่วยปฏิบัติในพื้นที่ ได้แก่ 
สำนักงานเขตพื้นที่การศึกษาประถ","จากการดำเนินงานที่ยังไม่เป็นไปตามวัตถุประสงค์ส่งผลให้ครูไม่ได้พัฒนากระบวนการ
หรือเทคนิควิธีการสอน ทำให้นักเรียนขาดโอกาสในการพัฒนาหรือฝึกทักษะการใช้ภาษาอังกฤษ
เพื่อการสื่อสาร รวมทั้งเกิดค่าเสียโอกาสในการจัดการอบรมจำนวน 23.42 ล้านบาท 
นอกจากนี้ ยังส่งผลให้ไ"
FL-0841,ด้านประสิทธิผล อื่น ๆ                                                                               ,สำนักงานมาตรฐานผลิตภัณฑ์อุตสาหกรรม,การตรวจสอบการดำเนินงานการคุ้มครองผู้บริโภคของสำนักงานมาตรฐานผลิตภัณฑ์อุตสาหกรรม,2562,1.สำนักงานมาตรฐานผลิตภัณฑ์อุตสาหกรรมยังดำเนินการตรวจติดตามภายหลังการออกใบอนุญาต การตรวจติดตามผลโรงงานต่ำกว่าแผนที่กำหนดไว้ โดยผลการตรวจติดตามภายหลังการออกใบอนุญาตมีรายละเอียดดังนี้,ข้อตรวจพบที่ 2 การกำกับดูแลการทำ การนำเข้า การจำหน่ายผลิตภัณฑ์อุตสาหกรรม,"1.ผลักดันให้ระบบ E - Surveillance เพื่อให้สามารถเริ่มใช้งานและเพิ่มประสิทธิภาพ
ด้านการตรวจติดตามภายหลังการออกใบอนุญาต รวมทั้งกำกับควบคุมให้ผู้ได้รับอนุญาต
ปฏิบัติตามกฎหมายที่เกี่ยวข้อง อีกทั้งต้องบังคับใช้กฎหมายกับผู้ได้รับใบอนุญาต
ที่ไม่ปฏิบัติตามเงื่อนไ","   การที่ยังมีผลิตภัณฑ์อุตสาหกรรมที่เป็นมาตรฐานบังคับ แต่ได้รับการทำหรือนำเข้า
โดยผู้ที่ไม่ได้รับอนุญาต หรือมีลักษณะไม่เป็นไปตามข้อกำหนดมาตรฐาน และการที่
ผลิตภัณฑ์อุตสาหกรรมมีการแสดงเครื่องหมายมาตรฐานที่ไม่ถูกต้องและไม่ครบถ้วน 
หรือโดยไม่ได้รับอนุญาต ส่งผ"
FL-0842,ด้านประสิทธิผล อื่น ๆ                                                                               ,กรมอุทยานแห่งชาติ สัตว์ป่าและพันธุ์พืช,การตรวจสอบการดำเนินงานการอนุรักษ์ฟื้นฟูและป้องกันทรัพยากรป่าไม้,2562,การดำเนินกิจกรรมงานควบคุมไฟป่าของสถานีควบคุมไฟป่ายังไม่ครอบคลุมพื้นที่เขตป่าอนุรักษ์ได้ทั้งหมด ยังไม่มีกิจกรรมหรือมาตรการที่ชัดเจนในการป้องกันหรือแก้ไขปัญหาไฟป่าอันมีสาเหตุอันเนื่องมาจากการหาของป่า กรมอุทยานฯ,การดำเนินกิจกรรมการป้องกันไฟป่า,"1.	ปรับโครงสร้างการบริหารจัดการของ สบอ. 
ที่เกี่ยวข้องกับการบริหารจัดการควบคุมไฟป่า เป็นการบริหารจัดการเชิงพื้นที่ 
(Area - Based Approach)  
ซึ่งเป็นการบริหารจัดการที่ลงไปทำกระบวนการในพื้นที่เป้าหมาย 
โดยอาศัยการมีส่วนร่วมจากทุกภาคส่วน ทั้งภาคประชาชน ภาค","การดำเนินกิจกรรมในการควบคุมไฟป่ายังไม่มีแนวโน้มลดลงอย่างต่อเนื่อง 
นอกจากทำให้มีพื้นที่ป่าไม้ได้รับความเสียหายแล้ว 
ยังก่อให้เกิดวิกฤติมลพิษหมอกควัน 
จนกลายเป็นปัญหาใหญ่ส่งผลกระทบต่อสุขภาพอนามัยของประชาชนเป็นวงกว้าง เช่น 
ทำให้เกิดการขาดช่วงของการสืบพันธุ"
FL-0843,ด้านประสิทธิผล อื่น ๆ                                                                               ,กรมป่าไม้,การตรวจสอบการดำเนินงานการอนุรักษ์ ฟื้นฟู และป้องกันทรัพยากรป่าไม้ ของกรมป่าไม้,2562,และการสร้างความมีส่วนร่วมกับผู้นำชุมชนและประชาชนในพื้นที่เพื่อสร้างเครือข่ายในการป้องกันรักษาป่ายังไม่เกิดผลสัมฤทธิ์ในทุกพื้นที่ที่กรมป่าไม้รับผิดชอบ เกิดจากการดำเนินกิจกรรมการลาดตระเวนยังไม่สามารถดำเนินการได้อย่างทั่วถึงและครอบคลุมพื้นที่ บางพื้นที่ซึ,การดำเนินกิจกรรมป้องกันรักษาป่าและควบคุมไฟป่า กรมป่าไม้ยังมีพื้นที่ป่าไม้ที่ถูกบุกรุกใหม่ในแต่ละปี ซึ่งพิจารณาได้จากข้อมูลการตรว,"สำนักงานการตรวจเงินแผ่นดินมีข้อเสนอแนะให้อธิบดีกรมป่าไม้พิจารณาดำเนินการ 
ดังนี้  
   1. ควรเพิ่มประสิทธิภาพในการลาดตระเวนและป้องกันการบุกรุกป่าที่มีสภาพสมบูรณ์ 
โดยการประยุกต์เทคโนโลยีมาช่วยในการดำเนินกิจกรรมการลาดตระเวนที่ยังไม่สามารถดำเนินการได้อย่างทั","การที่กรมป่าไม้ยังไม่สามารถยับยั้งการบุกรุกป่าให้มีสถิติเป็นศูนย์ได้ย่อมส่งผลต่อเป้าหมายในการเพิ่มสัดส่วนของพื้นที่ป่า 
โดยเฉพาะหากเป็นการบุกรุกในพื้นที่ป่าต้นน้ำ จะส่งผลกระทบก่อให้เกิดปัญหาต่อระบบนิเวศของป่าและปัญหาต่าง ๆ ตามมา 
และยังทำให้สิ้นเปลืองงบปร"
FL-0844,ด้านประสิทธิผล อื่น ๆ                                                                               ,สำนักงานจังหวัดสุราษฎร์ธานี,โครงการพัฒนาประสิทธิภาพการแปรรูปผลิตภัณฑ์ การเกษตร ประมง และปศุสัตว์ในกลุ่มจังหวัดสุราษฎร์ธานีและจังหวัดชุมพร,2562,,,,
FL-0845,ด้านประสิทธิผล อื่น ๆ                                                                               ,สำนักงานเกษตรจังหวัดประจวบคีรีขันธ์,โครงการส่งเสริมและพัฒนาสับปะรดครบวงจร,2562,สำนักงานเกษตรจังหวัดประจวบคีรีขันธ์ดำเนินการโดยให้ประธานกลุ่มผู้ปลูกสับปะรดเป็นผู้คัดเลือกเกษตรกรที่มีความประสงค์เข้าร่วมโครงการ การคัดเลือกกลุ่มเป้าหมายผู้เข้าร่วมโครงการ ซึ่งประธานกลุ่มผู้ปลูกสับปะรดส่วนใหญ่จะคัดเลือกจากเกษตรกรที่มีความใกล้ชิดและให,การดำเนินกิจกรรมการจัดทำแปลงเรียนรู้การปลูกสับปะรดที่มีคุณภาพตาม สำนักงานเกษตรจังหวัดประจวบคีรีขันธ์ ดำเนินการส่งเสริมให้เกษตรกรจัดทำแปลงเรียนรู้การผลิตสับปะรดที,"1. ในโอกาสต่อไปหากมีการดำเนินการในลักษณะเช่นนี้อีก 
การคัดเลือกกลุ่มเป้าหมายควรมีการประชุมเกษตรกรเพื่อประชาสัมพันธ์ชี้แจงวัตถุประสงค์ของโครงการให้ทราบทั่วกัน 
เพื่อให้ได้เกษตรกรที่มีความต้องการและมีความพร้อมในการจัดทำแปลงเรียนรู้อย่างแท้จริง 
 	2. 
มอบหมา","1. การคัดเลือกแปลงเรียนรู้ที่มีการผลิตสับปะรดคุณภาพตามมาตรฐาน GAP 
อยู่ก่อนร่วมโครงการ 
ทำให้เกษตรกรรายอื่นที่มีความต้องการผลิตสับปะรดคุณภาพตามมาตรฐาน GAP 
เสียโอกาสในการได้รับการสนับสนุน
 	2. 
เกษตรกรบางส่วนไม่จัดทำแปลงเรียนรู้การปลูกสับปะรดคุณภาพตามมาตร"
FL-0846,ด้านประสิทธิผล อื่น ๆ                                                                               ,สำนักงานเกษตรจังหวัดกาฬสินธุ์,โครงการพัฒนาคุณภาพการผลิตและเพิ่มมูลค่าผลผลิตข้าวหอมมะลิคุณภาพสูงครบวงจร จังหวัดกาฬสินธุ์,2562,แต่เป็นการกำหนดกิจกรรมของโครงการตามภารกิจหลักของแต่ละหน่วยงาน เพื่อร่วมกันกำหนดแนวทางในการดำเนินงานและการแก้ไขปัญหาตามโครงการ สาเหตุเนื่องจากไม่กำหนดหน่วยงานรับผิดชอบหลัก,ครุภัณฑ์ที่ได้รับการสนับสนุนตามโครงการไม่นำไปใช้ประโยชน์และไม่กำหนดแนวทางการบริหารจัดการทรัพย์สิน โครงการพัฒนาคุณภาพการผลิตและเพิ่มมูลค่าผลผลิตข้าวหอมมะลิคุณภาพสูงครบวงจร GAP/อินทรีย์แบบนาแปลงใหญ่,"1.	
ให้เจ้าหน้าที่ผู้รับผิดชอบจัดทำแผนการบริหารจัดการครุภัณฑ์เครื่องจักรกลการเกษตร 
และที่ตัวครุภัณฑ์ต้องระบุหมายเลขครุภัณฑ์และหน่วยงานให้ชัดเจน 
เพื่อป้องกันการสูญหายหรือนำไปใช้ประโยชน์ด้านอื่น 
รวมทั้งการให้ความรู้ในการดูแลและบำรุงรักษาเครื่องจักรกลการเ","การที่หน่วยงานผู้รับผิดชอบจัดซื้อเครื่องจักรกลการเกษตร 
โดยไม่ได้สำรวจความต้องการของกลุ่มเกษตรกรเป้าหมายตามโครงการ 
ทำให้การใช้ประโยชน์จากครุภัณฑ์ไม่คุ้มค่ากับเงินงบประมาณที่จ่ายไปและเป็นการเพิ่มภาระให้กับทางกลุ่มที่ต้องซื้ออุปกรณ์เสริมเพื่อสามารถใช้งานได"
FL-0847,ด้านประสิทธิผล อื่น ๆ                                                                               ,สำนักงานเกษตรจังหวัดมหาสารคาม,โครงการ 9101 ตามรอยเท้าพ่อ ภายใต้ร่มพระบารมี เพื่อการฟื้นฟูอาชีพด้านการเกษตรแก่เกษตรกรผู้ประสบอุทกภัย ปี 2560 ของสำนักงานเกษตรจังหวัดมหาสารคาม,2562,1.คณะทำงานตรวจรับวัสดุอุปกรณ์ทำหน้าที่ตรวจรับพัสดุโดยสุ่มตรวจชั่งน้ำหนัก และได้แจกจ่ายให้กับสมาชิกตามบัญชีรายชื่อการรับปัจจัยการผลิตที่ได้ระบุน้ำหนัก ถุงบรรจุเส้นไหมที่ผู้ขายแยกบรรจุให้กับสมาชิกแต่ละรายโดยไม่ได้ชั่งน้ำหนักทุกถุง,สมาชิกกลุ่มได้รับปัจจัยการผลิตไม่ครบถ้วนและสมาชิกบางรายยังไม่ได้แปรรูป ข้อตรวจพบที่ ผลิตภัณฑ์เป็นผ้าไหม,"     เพื่อให้การดำเนินงานโครงการเป็นไปตามวัตถุประสงค์ เกิดความโปร่งใส 
ตรวจสอบได  และเกิดความคุ้มค่า ให้สำนักงานเกษตรจังหวัดมหาสารคาม 
พิจารณาดำเนินการ ดังนี้
	1. ตรวจสอบข้อเท็จจริงกับเจ้าหน้าที่และผู้ที่เกี่ยวข้อง 
กรณีสมาชิกกลุ่มทอผ้าไหมได้รับปัจจัยการผ","สมาชิกกลุ่มได้รับปัจจัยการผลิตไม่ครบถ้วนและไม่เป็นไปตามนโยบายของรัฐ 
ทำให้เสียโอกาสจากการนำปัจจัยการผลิตที่ขาดไปแปรรูปเพื่อจำหน่ายเพิ่มรายได้ 
ซึ่งอาจส่งผลให้การดำเนินโครงการเพื่อฟื้นฟูและส่งเสริมอาชีพ 
ด้านการเกษตรให้แก่เกษตรกรที่ประสบอุทกภัยอาจไม่บรรลุว"
FL-0854,ด้านประสิทธิผล อื่น ๆ                                                                               ,กรมการค้าภายใน,การตรวจสอบการดำเนินงานการคุ้มครองผู้บริโภคของกรมการค้าภายใน,2562,1.กรมการค้าภายในไม่มีการกำหนดแนวทาง/วิธีการพิจารณารับเรื่องร้องเรียน การที่ผู้บริโภคบางส่วนยังไม่ได้รับการแก้ไขปัญหาการถูกเอารัดเอาเปรียบ และไม่มีการกำหนดแนวทาง/วิธีการตรวจสอบเรื่อง,ข้อตรวจพบที่ 2 การแก้ไขปัญหาเรื่องร้องเรียนเกี่ยวกับราคาสินค้าและบริการบางส่วนยังไม่เกิด ประสิทธิผล,"   สำนักงานการตรวจเงินแผ่นดินมีข้อเสนอแนะให้อธิบดีกรมการค้าภายในพิจารณา
ดำเนินการดังนี้
   1. กำหนดแนวทาง/วิธีการพิจารณารับเรื่องร้องเรียน การจำแนกประเภทของเรื่อง
ร้องเรียน และกำหนดแนวทาง/วิธีการตรวจสอบเรื่องร้องเรียนโดยเฉพาะกรณีพฤติการณ์
จำหน่ายราคาแพง เ","   จากผลการตรวจสอบข้างต้นแสดงให้เห็นว่า กรมการค้าภายในและสำนักงานพาณิชย์จังหวัด
ที่สุ่มตรวจสอบมีการดำเนินการแก้ไขปัญหาเรื่องร้องเรียนกรณีจำหน่ายราคาแพง โดยส่วน
ใหญ่เป็นการตรวจสอบการปิดป้ายแสดงราคาจำหน่าย และตรวจสอบว่าร้านค้าจำหน่ายตรงตาม
ป้ายราคาที่แสดงไว"
FL-0975,ด้านประสิทธิภาพและความประหยัด                                                                       ,สำนักงานจังหวัดสงขลา,โครงการเพิ่มประสิทธิภาพการผลิตยางพาราเพื่อสร้างมูลค่าเพิ่ม,2562,กรณีการก่อสร้างโรงเรือนและบ่อรวบรวมน้ำยางสดของสหกรณ์การ กรณีการก่อสร้างโรงงานน้ำยางข้น 2.การขาดการประสานงานระหว่างการจัดหาครุภัณฑ์ที่จัดซื้อแยกกับสัญญาจ้างก่อสร้าง,การก่อสร้างโครงการเป็นไปอย่างไม่มีประสิทธิภาพเท่าที่ควร,"ข้อเสนอแนะต่อผู้ว่าราชการจังหวัดสงขลา ดังนี้
1.ในขั้นตอนการเสนอโครงการ ควรกำชับให้หน่วยงานที่รับผิดชอบจัดทำและตรวจสอบ
แบบก่อสร้างให้มีความสมบูรณ์สำหรับใช้ในการก่อสร้างโครงการ
2.กรณีโครงการมีสัญญาการจัดหาพัสดุมากกว่า 1 สัญญา 
ควรแต่งตั้งบุคคลหรือคณะบุคคลเพ","ส่งผลให้สถาบันเกษตรกรที่ได้รับการสนับสนุนสูญเสียโอกาสที่จะได้ใช้ประโยชน์
จากโครงการตามวัตถุประสงค์ภายในระยะเวลาที่กำหนด 
ทำให้การเบิกจ่ายงบประมาณล่าช้า 
และกระทบโดยตรงต่อการใช้จ่ายงบประมาณของภาครัฐที่มีวัตถุประสงค์หลักสำคัญประการหนึ่งคือ 
เพื่อให้เงินงบปร"
FL-0976,ด้านประสิทธิภาพและความประหยัด                                                                       ,สำนักงานท้องถิ่นจังหวัดสุราษฎร์ธานี,โครงการด้านเทคโนโลยีและการสื่อสารขององค์กรปกครองส่วนท้องถิ่นในจังหวัดสุราษฎร์ธานี,2562,,,,
FL-0977,ด้านประสิทธิภาพและความประหยัด                                                                       ,เทศบาลเมืองกาญจนบุรี,การบริหารจัดการระบบบำบัดนำ้เสียรวมของชุมชนเทศบาลเมืองกาญจนบุรี,2562,ปริมาณน้ำเสียที่เข้าสู่ระบบบำบัดน้ำเสียรวมของชุมชนที่มีปริมาณต่ำกว่าศักยภาพการเดินกำลัง ของเครื่องจักรมีสาเหตุส่วนหนึ่งมาจากท่อรวบรวมน้ำเสียอาจเกิดการชำรุด หรือมีการรั่วซึมตามแนวรอยต่อของท่อที่ต่อเชื่อมกับท่อรวบรวมน้ำเสีย,ประสิทธิภาพของการบริหารจัดการระบบบำบัดน้ำเสียรวมของชุมชนเทศบาล เมืองกาญจนบุรี,"1.1 
ปริมาณน้ำเสียเข้าสู่ระบบบำบัดน้ำเสียรวมของชุมชนเทศบาลเมืองกาญจนบุรีต่ำกว่ามาตรฐานศักยภาพการเดินกำลังของเครื่องจักร	
		1.1.1 
ให้เจ้าหน้าที่ผู้รับผิดชอบดำเนินการสำรวจตามแนวบริเวณท่อรวบรวมน้ำเสีย 
หากเกิดการชำรุดหรือรั่วซึมควรดำเนินการซ่อมแซมให้สามารถล","1.
ปริมาณน้ำเสียที่เข้าสู่ระบบบำบัดน้ำเสียรวมของชุมชนที่มีปริมาณต่ำกว่าศักยภาพการเดินกำลัง 
ของเครื่องจักร 
หรือกล่าวอีกนัยหนึ่งคือการสร้างระบบบำบัดน้ำเสียรวมของชุมชนเมืองเทศบาลเมืองกาญจนบุรีที่มีขนาดใหญ่เกินกว่าปริมาณน้ำเสียของชุมชนในเขตเทศบาลเมืองกาญจนบ"
FL-0978,ด้านประสิทธิภาพและความประหยัด                                                                       ,สำนักงานส่งเสริมการปกครองท้องถิ่นจังหวัดศรีสะเกษ,โครงการบริหารจัดการระบบประปาขององค์กรปกครองส่วนท้องถิ่นจังหวัดศรีสะเกษ,2562,รวมทั้งมีความเข้าใจที่คลาดเคลื่อนเกี่ยวกับระบบประปาที่โอนให้ ไม่ให้ความสำคัญในศึกษาและปฏิบัติตามกฎหมาย ระเบียบที่เกี่ยวข้องกับการบริหารกิจการประปาและมาตรฐานระบบน้ำสะอาด,การบริหารกิจการประปาไม่เป็นไปตามหลักเกณฑ์ที่กำหนด จากการตรวจสอบระบบประปาที่ก่อสร้างแล้วเสร็จ แยกเป็นระบบประปาที่,"สำนักงานการตรวจเงินแผ่นดินมีข้อเสนอแนะ ให้ ผู้ว่าราชการจังหวัดศรีสะเกษ 
ดำเนินการ ดังนี้
1.  สั่งกำชับ อปท. 
ให้ถือปฏิบัติตามระเบียบกระทรวงมหาดไทยว่าด้วยการบริหารกิจการและบำรุงรักษาระบบประปาหมู่บ้าน 
พ.ศ. 2548 และมาตรฐานระบบน้ำสะอาดของกรมส่งเสริมการปกครอง","จากการดำเนินงานที่ไม่เป็นตามหลักเกณฑ์ที่กำหนด ส่งผลกระทบ ดังนี้
	1.  กลุ่มผู้ใช้น้ำที่ยังไม่มีการจัดตั้ง 
ทำให้ระบบประปาบางแห่งที่มีการเปิดใช้งานแล้ว มีผู้ใช้งานน้อย 
ต้นทุนการผลิตน้ำประปาสูง จัดเก็บค่าน้ำได้ไม่เพียงพอกับค่าใช้จ่าย 
ซึ่งจะเป็นภาระงบประมาณ"
FL-0979,ด้านประสิทธิภาพและความประหยัด                                                                       ,สำนักงานจังหวัดอุบลราชธานี,โครงการพัฒนาและส่งเสริมการเกษตรในกลุ่มจังหวัดภาคตะวันออกเฉีย1,2562,1.การกำหนดรายละเอียดและวิธีการฝึกอบรมไม่สอดคล้องกับความต้องการและความพร้อมของกลุ่มเกษตรกรเป้าหมาย 2.ความไม่พร้อมและไม่สมบูรณ์ของรายละเอียดการจัดซื้อจัดจ้างของโครงการที่ขอรับการจัดสรรงบประมาณ ทำให้การใช้จ่ายงบประมาณเพื่อการฝึกอบรมไม่เกิดความคุ้มค่า,จากการตรวจสอบผู้เข้าฝึกอบรมโครงการส่งเสริมการแปรรูปสินค้าเกษตรเพิ่มมูลค่าในกลุ่มเกษตรกรและวิสาหกิจ ผู้เข้าร่วมฝึกอบรมยังไม่สามารถนำความรู้ไปปฏิบัติได้และไม่สามารถยกระดับการผลิตสู่สากลได้ การบริหารจัดการโครงการขาดประสิทธิภาพ,"1.ให้หัวหน้ากลุ่มจังหวัดภาคตะวันออกเฉียงตอนล่าง 2 
พิจารณาสั่งการให้สำนักงานเกษตรจังหวัดเข้าไปให้คำแนะนำการดำเนินการเพิ่มเติมโครงการส่งเสริมการแปรรูปสินค้าเกษตรเพิ่มมูลค่าในกลุ่มเกษตรกรและวิสาหกิจเพื่อให้การใช้จ่ายงบประมาณในการฝึกอบรมของโครงการเกิดผลที่เป","1. โครงการส่งเสริมการแปรรูปสินค้าเกษตรเพิ่มมูลค่าในกลุ่มเกษตรกรและวิสาหกิจ 
การที่ผู้เข้าร่วมฝึกอบรมยังมีความรู้ไม่เพียงพอ 
และไม่สามารถนำความรู้ไปปฏิบัติได้มีผลทำให้การใช้จ่ายงบประมาณฝึกอบรมไม่เกิดความคุ้มค่า 
กลุ่มเกษตรกรยังขาดทักษะในการแปรรูปผลิตภัณฑ์ "
FL-0980,ด้านประสิทธิภาพและความประหยัด                                                                       ,องค์การบริหารส่วนจังหวัดระยอง,การบริหารจัดการศูนย์กำจัดขยะมูลฝอยรวมแบบครบวงจร จังหวัดระยอง,2562,,ประสิทธิภาพการบริหารจัดการศูนย์กำจัดขยะมูลฝอยรวมแบบครบวงจร ศูนย์กำจัดขยะมูลฝอยรวมแบบครบวงจร มีแนวโน้มสามารถนำขยะเข้าสู่ระบบคัดแยกไ,"นายกองค์การบริหารส่วนจังหวัดระยอง
๑.จัดให้มีระบบคัดแยกขยะเพิ่มขึ้น 
เพื่อให้สามารถรองรับปริมาณขยะที่รับเข้ามากำจัดในแต่ละวัน
๒.ให้มีการจัดระเบียบภายในอาคารคัดแยกขยะ 
โดยมีการจัดพื้นที่สำหรับดำเนินการในแต่ละส่วนอย่างชัดเจน
๓.มีมาตรการลดผลกระทบด้านสิ่งแวดล้",
FL-0981,ด้านประสิทธิภาพและความประหยัด                                                                       ,สถาบันพัฒนาองค์กรชุมชน (องค์การมหาชน),โครงการสนับสนุนการจัดสวัสดิการชุมชน,2562,กรณีที่กองทุนส่วนใหญ่มีความเสี่ยงหรือเสี่ยงสูงมากที่จะล้มเหลว มีจุดอ่อนในกระบวนการบริหารการดำเนินงานและการวางระบบควบคุม จากรายละเอียดสภาพปัญหา,กองทุนสวัสดิการชุมชนที่สุ่มตรวจสอบส่วนใหญ่มีความเสี่ยงที่จะล้มเหลว ขาดความเข้มแข็งและยั่งยืนในการดำเนินงาน,"เพื่อให้การดำเนินงานของกองทุนประสบผลสำเร็จตามวัตถุประสงค์และมีการดำเนินงานที่เป
็นไปตามเจตนารมณ์ของการดำเนินโครงการในการสร้างหลักประกันความมั่นคงของชุมชน 
เพื่อให้เกิดความเข้มแข็งของชุมชนในการจัดการดูแลด้านสวัสดิการในชุมชนท้องถิ่น 
และให้กองทุนสามารถพึ่งต","1.	
อาจไม่เกิดความคุ้มค่าของเงินงบประมาณที่รัฐบาลให้การสนับสนุนหรือสมทบแก่กองทุนภาย
ใต้โครงการสนับสนุนการจัดสวัสดิการชุมชน 
และงบประมาณจากองค์กรปกครองส่วนท้องถิ่นหรือหน่วยงานที่เกี่ยวข้อง 
รวมถึงเงินสมทบจากสมาชิกกองทุนส่วนใหญ่ไม่ได้ปิดประกาศเปิดเผยข้อมูลผ"
FL-0985,ด้านประสิทธิภาพและความประหยัด                                                                       ,สำนักงานมาตรฐานผลิตภัณฑ์อุตสาหกรรม,การตรวจสอบการดำเนินงานการคุ้มครองผู้บริโภคของสำนักงานมาตรฐานผลิตภัณฑ์อุตสาหกรรม,2562,การออกใบอนุญาตทำและนำเข้าผลิตภัณฑ์อุตสาหกรรมบางส่วนไม่เป็นไปตามหลักเกณฑ์ การพิจารณาออกใบอนุญาตไม่ได้ให้ความสำคัญอย่างเพียงพอกับการตรวจสอบเอกสารป 1.เจ้าหน้าที่ของสำนักงานมาตรฐานผลิตภัณฑ์อุตสาหกรรมที่มีหน้าที่เกี่ยวข้องกับ,ข้อตรวจพบที่ 4 การดำเนินการของเจ้าหน้าที่ในการออกใบอนุญาต และการตรวจติดตาม ภายหลังการอนุญาต,"4.1 การออกใบอนุญาตทำและนำเข้าผลิตภัณฑ์อุตสาหกรรมบางส่วนไม่เป็นไปตามหลักเกณฑ์
และวิธีการที่กำหนดผลกระทบ 
    1.สั่งการเจ้าหน้าที่ของสำนักงานมาตรฐานผลิตภัณฑ์อุตสาหกรรมที่มีหน้าที่
เกี่ยวข้องกับการพิจารณาออกใบอนุญาตให้ความสำคัญกับการตรวจสอบเอกสารประกอบคำขอ
ร",
FL-0986,ด้านประสิทธิภาพและความประหยัด                                                                       ,กรมอุทยานแห่งชาติ สัตว์ป่าและพันธุ์พืช,การตรวจสอบการดำเนินงานการอนุรักษ์ฟื้นฟูและป้องกันทรัพยากรป่าไม้,2562,เอกสารประกอบการรายงานการสำรวจข้อมูลพื้นที่มีรายละเอียดไม่เพียงพอที่จะใช้ประกอบการตัดสินใจ สาเหตุที่ทำให้มีการปลูกป่าในพื้นที่ที่ไม่ได้มีสภาพเป็นป่าเสื่อมโทรม ในการกำหนดพื้นที่ที่จะฟื้นฟูสภาพป่า,พื้นที่แปลงปลูกป่าที่สุ่มตรวจสอบบางแปลงไม่ได้มีสภาพเป็นป่าเสื่อมโทรมตามหลักเกณฑ์ที่กำหนด บริเวณพื้นที่แปลงปลูกป่าที่สุ่มตรวจสอบบางจุด การดำเนินกิจกรรมการปลูกและบำรุงป่า,"1.	ปรับปรุงหลักเกณฑ์การคัดเลือกพื้นที่ดำเนินการปลูกป่า 
โดยควรกำหนดให้มีการนำข้อมูลการตีความสภาพป่าจากการสำรวจระยะไกล 
เป็นข้อมูลประกอบการพิจารณา 
รวมถึงกรณีที่มีข้อสงสัยในประเด็นความสมบูรณ์ของสภาพป่า 
ควรกำหนดให้มีคณะทำงานลงไปสอบทานข้อมูลในพื้นที่ซ้ำอีกค","1.	การดำเนินการกิจกรรมปลูกป่าในพื้นที่แปลงปลูกป่าที่มีสภาพไม่เหมาะสม 
ส่งผลให้การใช้จ่ายงบประมาณไม่คุ้มค่า 
โดยต้นทุนในการปลูกและบำรุงป่าจนถึงป่าอายุ 10 ปี มีต้นทุนไร่ละ 10,960 บาท
2.	การคัดเลือกพื้นที่ที่มีสภาพเป็นป่าที่ไม่เสื่อมสภาพเพื่อนำมาปลูกป่า 
ทำใ"
FL-0987,ด้านประสิทธิภาพและความประหยัด                                                                       ,สำนักงานจังหวัดพัทลุง,โครงการผลผลิตทางการเกษตรขับเคลื่อนเศรษฐกิจเข้มแข็ง จังหวัดพัทลุง ประจำปีงบประมาณ พ.ศ.2559,2562,เพื่อให้เกษตรกรมีการรวมกลุ่มขายเพื่อมีอำนาจต่อรองกับพ่อค้าคนกลาง ความผันผวนไม่แน่นนอนของผลผลิตพืช ทราบและเข้าถึงการสนับสนุน,วัสดุ ครุภัณฑ์ และสิ่งก่อสร้างบางแห่งใช้ประโยชน์อย่างไม่มีประสิทธิภาพ และไม่เป็นไปตามวัตถุประสงค์,"เพื่อให้โครงการ/กิจกรรมเกิดผลสัมฤทธิ์ มีประสิทธิภาพ 
สำนักงานการตรวจเงินแผ่นดินภูมิภาค ที่ 14 (จังหวัดนครศรีธรรมราช) 
มีข้อเสนอแนะให้ผู้ว่าราชการจังหวัดพัทลุง สั่งการให้ 
สำนักงานสหกรณ์จังหวัดพัทลุง และสำนักงานปศุสัตว์จังหวัดพัทลุง 
ดำเนินการดังนี้

สำนัก","1. กลุ่มเป้าหมายไม่ใช้ประโยชน์วัสดุ อุปกรณ์ ครุภัณฑ์ 
ให้เป็นไปตามวัตถุประสงค์ของโครงการ/กิจกรรม หรือใช้ประโยชน์น้อย 
ทำให้ผลการดำเนินการไม่บรรลุวัตถุประสงค์ ส่งผลให้ไม่ 
คุ้มค่าในการใช้จ่ายเงินงบประมาณ และทำให้กลุ่มเป้าหมายอื่นๆ 
เสียโอกาสการสนับสนุนจากภ"
FL-0993,ด้านประสิทธิภาพและความประหยัด                                                                       ,ที่ทำการปกครองอำเภอบางซ้าย,โครงการนวัตกรรม วัฒนธรรมสายน้ำเจ้าพระยา-ป่าสัก เพื่อการท่องเที่ยว,2562,บุคลากรของหน่วยงานขาดความรู้ความเข้าใจเกี่ยวกับการจัดซื้อจัดจ้างด้วยวิธีประกวดราคาอิเล็กทรอนิกส์ ทำให้การดำเนินการจัดซื้อจัดจ้างมีความล่าช้า ไม่สามารถดำเนินการให้แล้วเสร็จภายในระยะเวลาที่กำหนดไว้ในแผน,1.สำนักงานส่งเสริมการปกครองท้องถิ่นจังหวัดสระบุรี 2.สำนักงานเจ้าท่าภูมิภาคสาขาอยุธยา การดำเนินโครงการไม่เป็นไปตามแผนงานที่กำหนดไว้,"  
1.ส่งเสริมให้บุคลากรของหน่วยงานได้เข้ารับการอบรมเกี่ยวกับการจัดซื้อจัดจ้างและการบริหารพัสดุภาครัฐ 
เพื่อให้เกิดความรู้ความเข้าใจและสามารถปฏิบัติงานได้อย่างมีประสิทธิภาพ
  
2.กำชับเจ้าหน้าที่ทุกฝ่ายที่เกี่ยวข้องกับการดำเนินโครงการให้มีการสอบทานและกลั่นก","  ทำให้ต้องยกเลิกการดำเนินกิจกรรมหรืองานภายใต้โครงการนวัตกรรมสายน้ำเจ้าพระยา-ป่าสัก 
4 กิจกรรม และ 2 งาน เป็นงบประมาณ 59,646,000 บาท 
ส่งผลให้รัฐสูญเสียโอกาสในการนำเงินงบประมาณจำนวนดังกล่าวไปใช้ในการบริหารงานด้านอื่น 
หรือนำไปสนับสนุนโครงการอื่นที่มีความจ"
FL-0994,ด้านประสิทธิภาพและความประหยัด                                                                       ,กรมควบคุมมลพิษ,การตรวจสอบการดำเนินงานการป้องกันและแก้ไขปัญหาสิ่งแวดล้อมของประเทศไทย (ครั้งที่ 3 ด้านน้ำเสีย),2562,การดำเนินงานกิจกรรมการบำบัดน้ำเสียชุมชนยังไม่เกิดผลสัมฤทธิ์ น้ำเสียให้เกิดผลสัมฤทธิ์และมีประสิทธิภาพ และไม่มีประสิทธิภาพ,ระบบบำบัดน้ำเสียรวมของชุมชนส่วนใหญ่มีการดำเนินการบำบัดน้ำเสียได้ การบริหารจัดการระบบบำบัดน้ำเสียรวมของชุมชนที่ก่อสร้างแล้วเสร็จ ระบบบำบัดน้ำเสียรวมของชุมชนมีโครงสร้างระบบ,"สำนักงานการตรวจเงินแผ่นดินมีข้อเสนอแนะให้ปลัดกระทรวงทรัพยากรธรรมชาติและ
สิ่งแวดล้อมพิจารณาดำเนินการเพื่อให้กระทรวงทรัพยากรธรรมชาติและสิ่งแวดล้อม
เป็นหน่วยงานหลักในการดำเนินการเพื่อพิจารณาจัดทำแผนแม่บทการจัดการน้ำเสีย
ของประเทศ โดยนำเสนอรัฐบาลให้พิจารณา เห","ผลการตรวจสอบการดำเนินงานการป้องกันและแก้ไขปัญหาสิ่งแวดล้อมของประเทศไทย
ด้านน้ำเสีย ตามประเด็นข้อตรวจพบที่ 1 - 3 แสดงให้เห็นว่าการจัดการน้ำเสีย
ของประเทศโดยเฉพาะอย่างยิ่งการดำเนินงานกิจกรรมการบำบัดน้ำเสียชุมชนที่ยังไม่เกิด
ผลสัมฤทธิ์ และไม่มีประสิทธิภาพ ส่"
FL-0995,ด้านประสิทธิภาพและความประหยัด                                                                       ,กรมควบคุมมลพิษ,การตรวจสอบการดำเนินงานการป้องกันและแก้ไขปัญหาสิ่งแวดล้อมของประเทศไทย (ครั้งที่ 3 ด้านน้ำเสีย),2562,การดำเนินงานกิจกรรมการบำบัดน้ำเสียชุมชนยังไม่เกิดผลสัมฤทธิ์ ความพร้อมในการจัดการน้ำเสียให้เกิดผลสัมฤทธิ์และมีประสิทธิภาพ โดยมีข้อจำกัดทั้งด้านงบประมาณในการดำเนินการจัดการน้ำเสียชุ,ระบบบำบัดน้ำเสียรวมของชุมชนส่วนใหญ่มีการดำเนินการบำบัดน้ำเสียได้ การบริหารจัดการระบบบำบัดน้ำเสียรวมของชุมชนที่ก่อสร้างแล้วเสร็จ ระบบบำบัดน้ำเสียรวมของชุมชนมีโครงสร้างระบบ,"สำนักงานการตรวจเงินแผ่นดินมีข้อเสนอแนะให้ปลัดกระทรวงทรัพยากรธรรมชาติและ
สิ่งแวดล้อมพิจารณาดำเนินการเพื่อให้กระทรวงทรัพยากรธรรมชาติและสิ่งแวดล้อม
เป็นหน่วยงานหลักในการดำเนินการเพื่อพิจารณาจัดทำแผนแม่บทการจัดการน้ำเสียของ
ประเทศ โดยนำเสนอรัฐบาลให้พิจารณา เห","ผลการตรวจสอบการดำเนินงานการป้องกันและแก้ไขปัญหาสิ่งแวดล้อมของประเทศไทย
ด้านน้ำเสีย ตามประเด็นข้อตรวจพบที่ 1 - 3 แสดงให้เห็นว่าการจัดการน้ำเสียของ
ประเทศโดยเฉพาะอย่างยิ่งการดำเนินงานกิจกรรมการบำบัดน้ำเสียชุมชนที่ยังไม่เกิด
ผลสัมฤทธิ์ และไม่มีประสิทธิภาพ ส่"
FL-0996,ด้านประสิทธิภาพและความประหยัด                                                                       ,กรมควบคุมมลพิษ,การตรวจสอบการดำเนินงานการป้องกันและแก้ไขปัญหาสิ่งแวดล้อมของประเทศไทย (ครั้งที่ 3 ด้านน้ำเสีย),2562,การดำเนินงานกิจกรรมการบำบัดน้ำเสียชุมชนยังไม่เกิดผลสัมฤทธิ์ น้ำเสียให้เกิดผลสัมฤทธิ์และมีประสิทธิภาพ และไม่มีประสิทธิภาพ,การบริหารจัดการระบบบำบัดน้ำเสียรวมของชุมชนที่ก่อสร้างแล้วเสร็จ ระบบบำบัดน้ำเสียรวมของชุมชนส่วนใหญ่มีการดำเนินการ ระบบบำบัดน้ำเสียรวมของชุมชนมีโครงสร้างระบบ,"สำนักงานการตรวจเงินแผ่นดินมีข้อเสนอแนะให้ปลัดกระทรวงทรัพยากรธรรมชาติและ
สิ่งแวดล้อมพิจารณาดำเนินการเพื่อให้กระทรวงทรัพยากรธรรมชาติและสิ่งแวดล้อม
เป็นหน่วยงานหลักในการดำเนินการเพื่อพิจารณาจัดทำแผนแม่บทการจัดการน้ำเสียของ
ประเทศ โดยนำเสนอรัฐบาลให้พิจารณา เห","ผลการตรวจสอบการดำเนินงานการป้องกันและแก้ไขปัญหาสิ่งแวดล้อมของประเทศไทย
ด้านน้ำเสีย ตามประเด็นข้อตรวจพบที่ 1 - 3 แสดงให้เห็นว่าการจัดการน้ำเสียของ
ประเทศโดยเฉพาะอย่างยิ่งการดำเนินงานกิจกรรมการบำบัดน้ำเสียชุมชนที่ยังไม่เกิด
ผลสัมฤทธิ์ และไม่มีประสิทธิภาพ ส่"
FL-0997,ด้านประสิทธิภาพและความประหยัด                                                                       ,กรมควบคุมมลพิษ,การตรวจสอบการดำเนินงานการป้องกันและแก้ไขปัญหาสิ่งแวดล้อมของประเทศไทย (ครั้งที่ 3 ด้านน้ำเสีย),2562,การดำเนินงานกิจกรรมการบำบัดน้ำเสียชุมชนยังไม่เกิดผลสัมฤทธิ์ น้ำเสียให้เกิดผลสัมฤทธิ์และมีประสิทธิภาพ และไม่มีประสิทธิภาพ,ระบบบำบัดน้ำเสียรวมของชุมชนส่วนใหญ่มีการดำเนินการบำบัดน้ำเสียได้ การบริหารจัดการระบบบำบัดน้ำเสียรวมของชุมชนที่ก่อสร้างแล้วเสร็จ ระบบบำบัดน้ำเสียรวมของชุมชนมีโครงสร้างระบบ,"สำนักงานการตรวจเงินแผ่นดินมีข้อเสนอแนะให้ปลัดกระทรวงทรัพยากรธรรมชาติและ
สิ่งแวดล้อมพิจารณาดำเนินการเพื่อให้กระทรวงทรัพยากรธรรมชาติและสิ่งแวดล้อม
เป็นหน่วยงานหลักในการดำเนินการเพื่อพิจารณาจัดทำแผนแม่บทการจัดการน้ำเสียของ
ประเทศ โดยนำเสนอรัฐบาลให้พิจารณา เห","ผลการตรวจสอบการดำเนินงานการป้องกันและแก้ไขปัญหาสิ่งแวดล้อมของประเทศไทยด้าน
น้ำเสีย ตามประเด็นข้อตรวจพบที่ 1 - 3 แสดงให้เห็นว่าการจัดการน้ำเสียของประเทศ
โดยเฉพาะอย่างยิ่งการดำเนินงานกิจกรรมการบำบัดน้ำเสียชุมชนที่ยังไม่เกิดผลสัมฤทธิ์ 
และไม่มีประสิทธิภาพ ส่"
FL-0998,ด้านประสิทธิภาพและความประหยัด                                                                       ,กรมควบคุมมลพิษ,การตรวจสอบการดำเนินงานการป้องกันและแก้ไขปัญหาสิ่งแวดล้อมของประเทศไทย (ครั้งที่ 3 ด้านน้ำเสีย),2562,การดำเนินงานกิจกรรมการบำบัดน้ำเสียชุมชนยังไม่เกิดผลสัมฤทธิ์ น้ำเสียให้เกิดผลสัมฤทธิ์และมีประสิทธิภาพ และไม่มีประสิทธิภาพ,ระบบบำบัดน้ำเสียรวมของชุมชนส่วนใหญ่มีการดำเนินการบำบัดน้ำเสียได้ การบริหารจัดการระบบบำบัดน้ำเสียรวมของชุมชนที่ก่อสร้างแล้วเสร็จ ระบบบำบัดน้ำเสียรวมของชุมชนมีโครงสร้างระบบ,"สำนักงานการตรวจเงินแผ่นดินมีข้อเสนอแนะให้ปลัดกระทรวงทรัพยากรธรรมชาติและ
สิ่งแวดล้อมพิจารณาดำเนินการเพื่อให้กระทรวงทรัพยากรธรรมชาติและสิ่งแวดล้อม
เป็นหน่วยงานหลักในการดำเนินการเพื่อพิจารณาจัดทำแผนแม่บทการจัดการน้ำเสียของ
ประเทศ โดยนำเสนอรัฐบาลให้พิจารณา เห","ผลการตรวจสอบการดำเนินงานการป้องกันและแก้ไขปัญหาสิ่งแวดล้อมของประเทศไทย
ด้านน้ำเสีย ตามประเด็นข้อตรวจพบที่ 1 - 3 แสดงให้เห็นว่าการจัดการน้ำเสียของ
ประเทศโดยเฉพาะอย่างยิ่งการดำเนินงานกิจกรรมการบำบัดน้ำเสียชุมชนที่ยังไม่เกิด
ผลสัมฤทธิ์ และไม่มีประสิทธิภาพ ส่"
FL-0999,ด้านประสิทธิภาพและความประหยัด                                                                       ,กรมพัฒนาฝีมือแรงงาน,โครงการพัฒนาศักยภาพแรงงานรองรับภาคอุตสาหกรรมและบริการเพื่อการแข่งขัน,2562,และจำนวนครุภัณฑ์ที่จัดสรรไม่สอดคล้องกับจำนวนครุภัณฑ์ ไม่สำรวจความต้องการและความพร้อมของ รวมถึงมีสภาพไม่ทันสมัยหรือตกร,1.การจัดสรรครุภัณฑ์การศึกษาไม่สอดคล้องกับความต้องการและความจำเป็นในพื้นที่ จากการตรวจสอบเกี่ยวกับการใช้ครุภัณฑ์การศึกษาประเภทเทคโนโลยี การฝึกที่จัดซื้อเมื่อปีงบประมาณ,"1.ต่อไป ให้ กพร. สำรวจถึงความต้องการ ความจำเป็น และความเหมาะสมในการใช้งาน
ครุภัณฑ์การศึกษาในแต่ละพื้นที่ และให้สอดคล้องกับจำนวนครูฝึก ก่อนการจัดสรร
งบประมาณ และสั่งการ สพร. ที่ได้รับครุภัณฑ์ Industrial Welding Robot และ 
Automation ให้รายงานการใช้ประโยชน์","1.ทำให้การใช้จ่ายงบประมาณของรัฐไม่เกิดความคุ้มค่า
2.การใช้จ่ายงบประมาณแผ่นดินไม่เกิดความคุ้มค่า เป็นภาระในการดูแลบำรุงรักษา
ครุภัณฑ์ และการจัดหาอาคารหรือสถานที่เพื่อจัดเก็บครุภัณฑ์
"
FL-1005,ด้านประสิทธิภาพและความประหยัด                                                                       ,กรมการค้าภายใน,การตรวจสอบการดำเนินงานการคุ้มครองผู้บริโภคของกรมการค้าภายใน,2562,และให้คำรับรองเครื่องชั่งตวงวัดชั้นหลังได้อย่างครอบคลุม การที่กรมการค้าภายในไม่สามารถกำกับดูแลผู้ประกอบธุรกิจชั่งตวงวัด รวมทั้งการตรวจสอบเครื่องชั่งตวงวัดระหว่าง,ข้อตรวจพบที่ 4 การกำกับดูแลผู้ประกอบธุรกิจชั่งตวงวัด และเครื่องชั่งตวงวัด ไม่มีประสิทธิภาพ,"   สำนักงานการตรวจเงินแผ่นดินมีข้อเสนอแนะให้อธิบดีกรมการค้าภายในพิจารณา
ดำเนินการดังนี้
   1.พิจารณากำหนดระเบียบ หลักเกณฑ์ หรือวิธีปฏิบัติในการพักใช้หรือเพิกถอน
หนังสือรับรองการประกอบธุรกิจกับผู้ที่ไม่มาต่ออายุหนังสือรับรองการประกอบธุรกิจ
ภายในระยะเวลาที่","   การที่กรมการค้าภายในไม่สามารถกำกับดูแลผู้ประกอบธุรกิจชั่งตวงวัด ผู้ครอบครอง
เครื่องชั่งตวงวัด และให้คำรับรองเครื่องชั่งตวงวัดชั้นหลังได้อย่างครอบคลุม 
ครบถ้วน และเป็นไปตามที่กฎหมายกำหนด ส่งผลให้อาจมีผู้ประกอบธุรกิจชั่งตวงวัด
ดำเนินการผลิต นำเข้า ขาย ซ่"
FL-1006,ด้านประสิทธิภาพและความประหยัด                                                                       ,กรมปศุสัตว์,โครงการปรับเปลี่ยนพื้นที่ทำนาไม่เหมาะสม เพื่อส่งเสริมการเลี้ยงโคเนื้อ,2562,การสอบทานพื้นที่ไม่เหมาะสมหรือเหมาะสมน้อยสำหรับการปลูกข้าว โครงการไม่ได้กำหนดแนวปฏิบัติการตรวจสอบคุณสมบัติตามโครงการที่ชัดเจน ทำให้เจ้าหน้าที่มีการปฏิบัติในการตรวจสอบคุณสมบัติที่แตกต่างกัน,เกษตรกรที่เข้าร่วมโครงการมีคุณสมบัติ และมีการดำเนินการไม่เป็นไปตามหลักเกณฑ์ที่โครงการกำหนด,"สั่งการให้กองส่งเสริมและพัฒนาการปศุสัตว์กำชับให้หน่วยงานที่เกี่ยวข้องทุกหน่วยต้องรายงานผลการดำเนินงานให้เป็นไปตามแบบรายงานความก้าวหน้าตามคู่มือโครงการให้ครบถ้วนและตามระยะเวลาที่กำหนด 
ทั้งนี้กรณีที่มีการดำเนินโครงการในลักษณะเดียวกันในอนาคตต้องกำชับให้หน่ว","การที่เกษตรกรที่เข้าร่วมโครงการไม่ดำเนินการตามหลักเกณฑ์ต่าง ๆ เช่น 
การปลูกพืชอาหารสัตว์ให้ครบ 5 ไร่ การจัดทำระบบน้ำแบบประหยัดในพื้นที่ 
การจัดซื้อโคเนื้อแม่พันธุ์ในราคาและคุณลักษณะเฉพาะตามที่โครงการกำหนด 
รวมทั้งการให้เกษตรกรต้องเลี้ยงโคเนื้อแบบประณีต (I"
FL-1013,ด้านประสิทธิภาพและความประหยัด                                                                       ,กรมการข้าว,การตรวจสอบการดำเนินงานโครงการปรับโครงสร้างการผลิตข้าว,2562,การพิจารณาความเหมาะสมของพื้นที่นาไม่เคร่งครัดเท่าที่ควร เงื่อนไขเกี่ยวกับพื้นที่เป้าหมายบางส่วนไม่เอื้ออำนวยต่อการเข้าร่วมโครงการ ความเข้าใจคลาดเคลื่อนในการปรับเป็นเกษตรกรรม,สภาพพื้นที่ที่เข้าร่วมโครงการไม่ใช่พื้นที่นาเพื่อปรับเปลี่ยนเป็นเกษตรกรรมทางเลือก พื้นที่เข้าร่วมโครงการเป็นพื้นที่นาแต่ย การดำเนินโครงการปรับเป็นเกษตรกรรมทางเลือกส่วนหนึ่งไม่เป็นไปตามแนวทางที่กำหนด,"1. ให้ทบทวนความสมเหตุสมผลในการกำหนดหลักเกณฑ์เงื่อนไขโครงการ
2. 
สั่งการให้เจ้าหน้าที่ผู้รับผิดชอบในการรับสมัครและพิจารณาคัดเลือกชาวนาเข้าร่วมโครงการให้ดำเนินการอย่างเคร่งครัดจริงจัง
3. ในการประชาสัมพันธ์เพื่อรับสมัครผู้เข้าร่วมโครงการในพื้นที่เป้าหมาย 
เจ","1. การที่เกษตรกรนำพื้นที่นาที่มีความเหมาะสมกับการปลูกข้าว 
มาเข้าร่วมโครงการปรับเป็นเกษตรกรรมทางเลือก 
แทนพื้นที่นาไม่มีความเหมาะสมกับการปลูกข้าว 
ถือเป็นการช่วยเหลือกลุ่มเกษตรกรผิดเป้าหมายที่วัตถุประสงค์โครงการกำหนด
2. สำหรับการนำพื้นที่สวน พื้นที่เกษ๖รก"
FL-1093,ด้านประสิทธิภาพและความประหยัด อื่นๆ                                                                 ,สถาบันพัฒนาองค์กรชุมชน (องค์การมหาชน),โครงการสนับสนุนการจัดสวัสดิการชุมชน,2562,การที่โครงการมีข้อมูลการรายงานผลการดำเนินงานตามแบบแสดงสถานะกองทุน ข้อมูลประกอบการจัดสรรเงินสมทบไม่เป็นไปตามหลักเกณฑ์ที่กำหนดไว้ และการจัดสรรงบประมาณในการสมทบให้แก่กองทุน,และการบริหารงบประมาณสมทบกองทุนสวัสดิการชุมชนเป็นไปโดยไม่ครบถ้วน การรายงานข้อมูลสถานะกองทุนสวัสดิการชุมชน การจัดทำฐานข้อมูล,"เพื่อให้การดำเนินโครงการสนับสนุนการจัดสวัสดิการชุมชนมีความชัดเจนในการดำเนินงาน 
และมีข้อมูลที่เพียงพอต่อการนำไปวางแผนและกำหนดนโยบายในการดำเนินงานโครงการสนับสนุ
นการจัดสวัสดิการชุมชน 
สำนักงานการตรวจเงินแผ่นดินมีข้อเสนอแนะให้ผู้อำนวยการสถาบันพัฒนาองค์กรชุม","ความไม่ถูกต้อง ไม่ครบถ้วน 
ไม่เป็นปัจจุบันของข้อมูลสำคัญที่ใช้สำหรับการดำเนินงานตามโครงการ 
ทั้งข้อมูลการรายงานผลการดำเนินงานตามแบบแสดงสถานะกองทุน 
ข้อมูลประกอบการจัดสรรเงินงบประมาณสมทบ 
ตลอดจนการจัดสรรงบประมาณในการสมทบให้แก่กองทุนที่ไม่สามารถดำเนินการให้"
FL-1100,ด้านประสิทธิภาพและความประหยัด อื่นๆ                                                                 ,สำนักงานจังหวัดอุบลราชธานี,โครงการเพิ่มศักยภาพความเข้มแข็งในการผลิตข้าวหอมมะลิอินทรีย์ของกลุ่มจังหวัดภาคตะวันออกเฉียงเหนือตอนล่าง 2 งบประมาณ(เพิ่มเติม) ปี พ.ศ.2560,2562,กำหนดคุณสมบัติเกษตรกรที่เข้าร่วมโครงการต้องมีพื้นที่เข้าร่วมโครงการอย่างน้อย ไม่ได้สำรวจแปลงนาของเกษตรกรก่อนเข้าร่วมโครงการ กรณีการดำเนินโครงการไม่เป็นไปตามเป้าหมายที่กำหนด,จำนวนพื้นที่เกษตรอินทรีย์ที่ได้มาตรฐานไม่เป็นไปตามเป้าหมายที่กำหนดและร้อยละเกษตรกรที่ทำเกษตรอินทรีย์ที่ได้รับการรับรองมาตรฐานเทียบกับจำนวน ข้อตรวจพบที่ การดำเนินโครงการไม่มีประสิทธิภาพ,"ผู้ว่าการตรวจเงินแผ่นดิน โดยสำนักงานการตรวจเงินแผ่นดินภูมิภาคที่ 5 
(จังหวัดอุบลราชธานี) 
มีข้อเสนอแนะให้หัวหน้ากลุ่มจังหวัดภาคตะวันออกเฉียงเหนือตอนล่าง 2 
พิจารณาดำเนินการ ดังนี้
1. กรณีการดำเนินโครงการไม่เป็นไปตามเป้าหมายที่กำหนด
   1.1 
พิจารณาทบทวนหรื","การดำเนินโครงการไม่มีประสิทธิภาพ เนื่องจาก 
การดำเนินโครงการไม่เป็นไปตามเป้าหมายที่กำหนด 
ปัจจัยการผลิตต้นแบบที่สนับสนุนให้แก่เกษตรกรที่เข้าร่วมโครงการไม่ได้ใช้ประโยชน์และนำไปใช้ประโยชน์กับพืชชนิดอื่น 
การดำเนินกิจกรรมพัฒนาแหล่งน้ำและระบบกระจายน้ำไม่แล้วเ"
FL-1104,ด้านประสิทธิภาพและความประหยัด อื่นๆ                                                                 ,กรมปศุสัตว์,โครงการปรับเปลี่ยนพื้นที่ทำนาไม่เหมาะสม เพื่อส่งเสริมการเลี้ยงโคเนื้อ,2562,จากการสัมภาษณ์เจ้าหน้าที่สำนักงานปศุสัตว์จังหวัดและการตรวจสอบข และไม่สอดคล้องกับช่วงเวลาที่เกษตรกรจัดซื้อโคเนื้อแม่พันธุ์ เป็นผลให้โคเนื้อแม่พันธุ์ตามโครงการได้รับการติดเครื่องหมายประจำตัวสัตว์ไม่ครบถ้วน,โคเนื้อแม่พันธุ์ตามโครงการได้รับการติดเครื่องหมายประจำตัวสัตว์และบันทึกข้อมูลลงในระบบทะเบียนสัตว์แห่งชาติไม่ครบถ้วน,"สั่งการให้กองส่งเสริมและพัฒนาการปศุสัตว์ กองสารวัตรและกักกัน 
และสำนักงานปศุสัตว์อำเภอที่เกี่ยวข้องเร่งรัดติดเครื่องหมายประจำตัวสัตว์แก่โคเนื้อแม่พันธุ์ให้ครบถ้วน 
รวมถึงบันทึกข้อมูลโคเนื้อที่ติดเครื่องหมายแล้วลงในระบบ NID 
ให้แล้วเสร็จโดยเร็ว และควรปรับป","การที่กรมปศุสัตว์ไม่ติดเครื่องหมายประจำตัวสัตว์ให้แก่โคเนื้อตามโครงการและบันทึกข้อมูลในระบบทะเบียนสัตว์แห่งชาติ 
(NID) ให้ครบถ้วน ตามที่กำหนดในประกาศกรมปศุสัตว์ 
ทำให้มีความเสี่ยงในการควบคุม การป้องกันโรคระบาดสัตว์ 
ไม่สามารถตรวจสอบย้อนกลับได้ อีกทั้งกรมป"
FL-1151,ด้านระเบียบข้อบังคับ กฎหมาย(มติครม.พ.ร.ก. ฯลฯ)                                                      ,สำนักงานเกษตรจังหวัดขอนแก่น,โครงการพัฒนาคุณภาพการผลิตและเพิ่มมูลค่าผลผลิตข้าวครบวงจร ประจำปีงบประมาณ พ.ศ.2561 ของกลุ่มจังหวัดภาคตะวันออกเฉียงเหนือตอนกลาง,2562,และเจ้าหน้าที่ผู้รับผิดชอบในการจัดทำสัญญายืมพัสดุไม่นำแนวทางในการปฏิบัติ หน้าที่ผู้ควบคุมงานและคณะกรรมการตรวจรับพัสดุ กรณีดังกล่าวข้างต้นสาเหตุเนื่องจากเจ้าหน้าที่ที่ได้รับแต่งตั้งให้ปฏิบัติ,สำนักงานเกษตรจังหวัดร้อยเอ็ดเป็นหน่วยดำเนินการในการจัดซื้อเครื่องบดแป้ง การดำเนินงานของโครงการปฏิบัติไม่เป็นไปตามระเบียบและหลักเกณฑ์ที่กำหนด 1.การตรวจรับเครื่องบดแป้งข้าวหอมมะลิไม่เป็นไปตามสัญญาและเอกสารแนบท้ายสัญญา,"1.หัวหน้ากลุ่มงานบริหารยุทธศาสตร์กลุ่มจังหวัดภาคตะวันออกเฉียงเหนือตอนกลาง 
และหัวหน้าส่วนราชการของหน่วยงานที่รับโอนทรัพย์สิน ให้ดำเนินการดังนี้
1.1สั่งการให้เร่งรัดการกำหนดรหัสทรัพย์สิน 
และโอนทรัพย์สินให้แล้วเสร็จโดยเร็ว โดยให้ถือปฏิบัติตามกฎหมาย ระเบียบ","การดำเนินงานของโครงการปฏิบัติไม่เป็นไปตามระเบียบและหลักเกณฑ์ที่กำหนด 
กรณีคณะกรรมการตรวจรับพัสดุและผู้ควบคุมงานปฏิบัติหน้าที่ไม่เป็นไปตามระเบียบ 
ทำให้ครุภัณฑ์และสิ่งก่อสร้างไม่เป็นไปตามข้อกำหนดในสัญญาและไม่เป็นไปตามแบบ
รูปรายการละเอียด 
อาจทำให้เกิดความเ"
FL-1152,ด้านระเบียบข้อบังคับ กฎหมาย(มติครม.พ.ร.ก. ฯลฯ)                                                      ,สำนักงานจังหวัดอุตรดิตถ์,โครงการส่งเสริมและพัฒนาผลผลิตการเกษตรแบบบูรณาการและการเกษตรที่มีผลตอบแทนสูง ของสำนักงานเกษตรจังหวัดอุตรดิตถ์,2562,,ดำเนินการไม่เป็นไปตามหลักเกณฑ์ หนังสือสั่งการ,"ควบคุมหรือกำชับ
",
FL-1154,ด้านระเบียบข้อบังคับ กฎหมาย(มติครม.พ.ร.ก. ฯลฯ)                                                      ,โครงการชลประทานฉะเชิงเทรา,โครงการพัฒนาแหล่งน้ำและระบบกระจายน้ำ เพื่อเพิ่มศักยภาพการเกษตรแก้ไขปัญหาภัยแล้ง โครงการชลประทานจังหวัดฉะเชิงเทรา,2562,ระยะเวลาในการดำเนินการมีจำกัดและเจ้าหน้าที่ผู้รับผิดชอบขาดความรอบคอบในการปฎิบัติหน้าที่,การดำเนินงานพัฒนาแหล่งน้ำฯ ไม่เป็นไปตามระเบียบฯ หลักเกณฑ์และแนวทางที่กำหนด,"2.กรณีดำเนินงานพัฒนาแหล่งน้ำฯ ไม่เป็นไปตามระเบียบฯ 
หลักเกณฑ์และแนวทางที่กำหนด
	1. ให้แต่งตั้งคณะกรรมการสอบข้อเท็จจริง 
กรณีการเช่าเครื่องจักรไม่เป็นตามเงื่อนไขสัญญา 
และกรณีเครื่องจักรที่เช่าซ้ำกัน 
2. 
สั่งกำชับเจ้าหน้าที่ผู้เกี่ยวข้องให้ปฏิบัติหน้าที่อ","เป็นการกีดกันผู้เสนอราคารายอื่น 
และก่อให้เกิดความเสี่ยงที่ทำให้ราชการได้รับความเสียหาย 
"
FL-1205,ด้านระเบียบข้อบังคับ กฎหมาย(มติครม.พ.ร.ก. ฯลฯ) อื่นๆ                                                ,สำนักงานจังหวัดพัทลุง,โครงการผลผลิตทางการเกษตรขับเคลื่อนเศรษฐกิจเข้มแข็ง จังหวัดพัทลุง ประจำปีงบประมาณ พ.ศ.2559,2562,สำนักงานจังห 1.เจ้าหน้าที่ผู้รับผิดชอบไม่ให้ความสำคัญในการปฏิบัติงานให้ถูกต้องเป็นไปตามกฎหมาย 2.,-จัดทำหลักฐานการส่งใช้เงินยืมค่าใช้จ่ายการจัดประชุม ทัศนะศึกษาดูงาน การดำเนินงานปฏิบัติไม่ถูกต้องตามกฎหมาย,"เพื่อให้การปฏิบัติงานเกิดผลสัมฤทธิ์และมีประสิทธิภาพ 
สำนักงานการตรวจเงินแผ่นดินภูมิภาค ที่ 14 (จังหวัดนครศรีธรรมราช) 
มีข้อเสนอแนะให้ผู้ว่าราชการจังหวัดพัทลุง สั่งการให้สำนักงานจังหวัดพัทลุง 
สำนักงานสหกรณ์จังหวัดพัทลุง และสำนักงานปศุสัตว์จังหวัดพัทลุง ดำ","1. 
การส่งคืนเงินยืมล่าช้าโดยไม่มีการชี้แจงเหตุผลและความจำเป็นต่อผู้ว่าราชการจังหวัดอาจทำให้เกิดความเสียหายต่อการใช้จ่ายเงินงบประมาณ 
และมีความเสี่ยงที่จะทำให้ผลการดำเนินงานไม่บรรลุวัตถุประสงค์ของโครงการ
2. การส่งบุคคลที่ไม่เกี่ยวข้องเข้าร่วมการอบรมศึกษาด"
FL-1206,ด้านระเบียบข้อบังคับ กฎหมาย(มติครม.พ.ร.ก. ฯลฯ) อื่นๆ                                                ,สำนักบริหารยุทธศาสตร์กลุ่มจังหวัดภาคเหนือตอนบน 2,โครงการตามแผนบูรณาการส่งเสริมการพัฒนาจังหวัดและกลุ่มจังหวัดแบบบูรณาการ กลุ่มจังหวัดภาคเหนือตอนบน 2,2562,ขาดความรู้ความเข้าใจในการปฏิบัติเกี่ยวกับการใช้ประโยชน์ที่ดินและการบริหารจัดการทรัพย์สิน กลุ่มงานบริหารยุทธศาสตร์กลุ่มจังหวัดภาคเหนือตอนบน ให้เป็นไปตามกฎหมายและหนังส,โดยการดำเนินงานโครงการเป็นการก่อสร้างเครื 1การใช้ประโยชน์ที่ดินและการบริหารจัดการทรัพย์สินตามโครงการ การใช้ประโยชน์ที่ดินปฏิบัติไม่เป็นไปตามหนังสือสำนักเลขาธิการคณะรัฐมนตรี,"ข้อเสนอแนะ
เพื่อให้การดำเนินงานโครงการเป็นไปอย่างมีประสิทธิภาพ ประสิทธิผลบรรลุตาม 
วัตถุประสงค์ของโครงการ ให้ผู้ว่าราชการจังหวัดเชียงราย 
ในฐานะหัวหน้ากลุ่มจังหวัดภาคเหนือตอนบน  2 ดำเนินการ ดังนี้ 
1. ดำเนินการขึ้นทะเบียนทรัพย์สินและโอนเปลี่ยนแปลงการใช้ปร","ผลกระทบ
1. การไม่ได้จดทะเบียนสิทธิเหนือพื้นดิน 
กรณีมีการจัดทำนิติกรรมในภายหลังทำให้ทางราชการไม่สามารถโต้แย้งในกรรมสิทธิ์ทรัพย์สินได้ 
เนื่องจากสิทธิ์ไม่สมบูรณ์ตามกฎหมาย 
ส่งผลกระทบต่อการใช้ประโยชน์จากทรัพย์สินของทางราชการเป็นอย่างมาก
2. การไม่ขึ้นทะเบียน"
FL-1207,ด้านระเบียบข้อบังคับ กฎหมาย(มติครม.พ.ร.ก. ฯลฯ) อื่นๆ                                                ,สำนักงานจังหวัดอุบลราชธานี,โครงการเพิ่มศักยภาพความเข้มแข็งในการผลิตข้าวหอมมะลิอินทรีย์ของกลุ่มจังหวัดภาคตะวันออกเฉียงเหนือตอนล่าง 2 งบประมาณ(เพิ่มเติม) ปี พ.ศ.2560,2562,,จากการตรวจสอบผลการดำเนินงานโครงการธนาคารน้ำ และงานก่อสร้างฝายกักเก็บน้ำ มข.2527,"สำนักงานการตรวจเงินแผ่นดินภูมิภาคที่ 5 (จังหวัดอุบลราชธานี) พิจารณาแล้ว 
เห็นควรให้หัวหน้ากลุ่มจังหวัดภาคตะวันออกเฉียงเหนือตอนล่าง 2 พิจารณา ดังนี้
	1. การกำหนดราคากลางงานขุดบ่อกักเก็บน้ำ 
หากมีการกำหนดค่างานขนดินทิ้งและค่างานการปรับเกลี่ยดินขนทิ้ง 
ควรมี",
FL-1209,ด้านระเบียบข้อบังคับ กฎหมาย(มติครม.พ.ร.ก. ฯลฯ) อื่นๆ                                                ,อบต.อ่าวนาง,การตรวจสอบการดำเนินงานการบังคับใช้กฎหมายควบคุมอาคารเทศบาลตำบลและองค์การบริหารส่วนตำบล,2562,ไม่มีการตรวจสอบเจ้าของอาคารและป้ายอย่างครบถ้วนให้ปฏิบัติตามพระราชบัญญัติควบคุมอาคาร ไม่มีการสอบยันข้อมูลการใช้อาคารและการติดหรือตั้งป้าย ของกองช่าง,ดัดแปลงอาคารหรือป้ายในเขตเทศบาลตำบลและองค์การบริหารส่วนตำบลที่สุ่มตรวจสอบไม่เป็นไปตามกฎหมาย รื้อถอนอาคารหรือป้ายไม่เป็นไปตามกฎหมาย เจ้าของอาคารไม่ปฏิบัติตามกฎหมายควบคุมอาคาร,"1.	กำหนดให้มีแผนการตรวจสอบในแต่ละปีและดำเนินการตรวจสอบตามแผน 
หากพบการฝ่าฝืน/ไม่ปฏิบัติ ให้ดำเนินการตามพระราชบัญญัติควบคุมอาคาร พ.ศ. 
2522 และกฎกระทรวงที่เกี่ยวข้อง
2.	กำหนดให้มีการสอบยันข้อมูลการใช้อาคารและการติดตั้งป้าย ของกองช่าง 
กับการจัดเก็บภาษีโรงเ","การที่เจ้าของอาคารและป้ายไม่ปฏิบัติตามพระราชบัญญัติควบคุมอาคาร พ.ศ. 2522 
และกฎกระทรวงที่เกี่ยวข้องอาจก่อให้เกิดความเสี่ยงต่อความปลอดภัยในชีวิตและ
ทรัพย์สินของประชาชนในพื้นที่ 
และการจัดเก็บภาษีโรงเรือนและที่ดินไม่ครบถ้วน
"
FL-1210,ด้านระเบียบข้อบังคับ กฎหมาย(มติครม.พ.ร.ก. ฯลฯ) อื่นๆ                                                ,อบต.อ่าวนาง,การตรวจสอบการดำเนินงานการบังคับใช้กฎหมายควบคุมอาคารเทศบาลตำบลและองค์การบริหารส่วนตำบล,2562,ไม่มีการตรวจสอบเจ้าของอาคารและป้ายอย่างครบถ้วนให้ปฏิบัติตามพระราชบัญญัติควบคุมอาคาร ไม่มีการสอบยันข้อมูลการใช้อาคารและการติดหรือตั้งป้าย ของกองช่าง,ดัดแปลงอาคารหรือป้ายในเขตเทศบาลตำบลและองค์การบริหารส่วนตำบลที่สุ่มตรวจสอบไม่เป็นไปตามกฎหมาย รื้อถอนอาคารหรือป้ายไม่เป็นไปตามกฎหมาย เจ้าของอาคารไม่ปฏิบัติตามกฎหมายควบคุมอาคาร,"1.	กำหนดให้มีแผนการตรวจสอบในแต่ละปีและดำเนินการตรวจสอบตามแผน 
หากพบการฝ่าฝืน/ไม่ปฏิบัติ ให้ดำเนินการตามพระราชบัญญัติควบคุมอาคาร พ.ศ. 
2522 และกฎกระทรวงที่เกี่ยวข้อง
2.	กำหนดให้มีการสอบยันข้อมูลการใช้อาคารและการติดตั้งป้าย ของกองช่าง 
กับการจัดเก็บภาษีโรงเ","การที่เจ้าของอาคารและป้ายไม่ปฏิบัติตามพระราชบัญญัติควบคุมอาคาร พ.ศ. 2522 
และกฎกระทรวงที่เกี่ยวข้องอาจก่อให้เกิดความเสี่ยงต่อความปลอดภัยในชีวิตและทรัพย์สินของประชาชนในพื้นที่ 
และการจัดเก็บภาษีโรงเรือนและที่ดินไม่ครบถ้วน
"
FL-1211,ด้านระเบียบข้อบังคับ กฎหมาย(มติครม.พ.ร.ก. ฯลฯ) อื่นๆ                                                ,อบต.อ่าวนาง,การตรวจสอบการดำเนินงานการบังคับใช้กฎหมายควบคุมอาคารเทศบาลตำบลและองค์การบริหารส่วนตำบล,2562,ไม่มีการตรวจสอบเจ้าของอาคารและป้ายอย่างครบถ้วนให้ปฏิบัติตามพระราชบัญญัติควบคุมอาคาร ไม่มีการสอบยันข้อมูลการใช้อาคารและการติดหรือตั้งป้าย ของกองช่าง,ดัดแปลงอาคารหรือป้ายในเขตเทศบาลตำบลและองค์การบริหารส่วนตำบลที่สุ่มตรวจสอบไม่เป็นไปตามกฎหมาย รื้อถอนอาคารหรือป้ายไม่เป็นไปตามกฎหมาย เจ้าของอาคารไม่ปฏิบัติตามกฎหมายควบคุมอาคาร,"1.	กำหนดให้มีแผนการตรวจสอบในแต่ละปีและดำเนินการตรวจสอบตามแผน 
หากพบการฝ่าฝืน/ไม่ปฏิบัติ ให้ดำเนินการตามพระราชบัญญัติควบคุมอาคาร พ.ศ. 
2522 และกฎกระทรวงที่เกี่ยวข้อง
2.	กำหนดให้มีการสอบยันข้อมูลการใช้อาคารและการติดตั้งป้าย ของกองช่าง 
กับการจัดเก็บภาษีโรงเ","การที่เจ้าของอาคารและป้ายไม่ปฏิบัติตามพระราชบัญญัติควบคุมอาคาร พ.ศ. 2522 
และกฎกระทรวงที่เกี่ยวข้องอาจก่อให้เกิดความเสี่ยงต่อความปลอดภัยในชีวิตและทรัพย์สินของประชาชนในพื้นที่ 
และการจัดเก็บภาษีโรงเรือนและที่ดินไม่ครบถ้วน
"
FL-1212,ด้านระเบียบข้อบังคับ กฎหมาย(มติครม.พ.ร.ก. ฯลฯ) อื่นๆ                                                ,อบต.อ่าวนาง,การตรวจสอบการดำเนินงานการบังคับใช้กฎหมายควบคุมอาคารเทศบาลตำบลและองค์การบริหารส่วนตำบล,2562,ไม่มีการตรวจสอบเจ้าของอาคารและป้ายอย่างครบถ้วนให้ปฏิบัติตามพระราชบัญญัติควบคุมอาคาร ไม่มีการสอบยันข้อมูลการใช้อาคารและการติดหรือตั้งป้าย ของกองช่าง,ดัดแปลงอาคารหรือป้ายในเขตเทศบาลตำบลและองค์การบริหารส่วนตำบลที่สุ่มตรวจสอบไม่เป็นไปตามกฎหมาย รื้อถอนอาคารหรือป้ายไม่เป็นไปตามกฎหมาย เจ้าของอาคารไม่ปฏิบัติตามกฎหมายควบคุมอาคาร,"1.	กำหนดให้มีแผนการตรวจสอบในแต่ละปีและดำเนินการตรวจสอบตามแผน 
หากพบการฝ่าฝืน/ไม่ปฏิบัติ ให้ดำเนินการตามพระราชบัญญัติควบคุมอาคาร พ.ศ. 
2522 และกฎกระทรวงที่เกี่ยวข้อง
2.	กำหนดให้มีการสอบยันข้อมูลการใช้อาคารและการติดตั้งป้าย ของกองช่าง 
กับการจัดเก็บภาษีโรงเ","การที่เจ้าของอาคารและป้ายไม่ปฏิบัติตามพระราชบัญญัติควบคุมอาคาร พ.ศ. 2522 
และกฎกระทรวงที่เกี่ยวข้องอาจก่อให้เกิดความเสี่ยงต่อความปลอดภัยในชีวิตและทรัพย์สินของประชาชนในพื้นที่ 
และการจัดเก็บภาษีโรงเรือนและที่ดินไม่ครบถ้วน
"
FL-1213,ด้านระเบียบข้อบังคับ กฎหมาย(มติครม.พ.ร.ก. ฯลฯ) อื่นๆ                                                ,อบต.อ่าวนาง,การตรวจสอบการดำเนินงานการบังคับใช้กฎหมายควบคุมอาคารเทศบาลตำบลและองค์การบริหารส่วนตำบล,2562,ไม่มีการตรวจสอบเจ้าของอาคารและป้ายอย่างครบถ้วนให้ปฏิบัติตามพระราชบัญญัติควบคุมอาคาร ไม่มีการสอบยันข้อมูลการใช้อาคารและการติดหรือตั้งป้าย ของกองช่าง,ดัดแปลงอาคารหรือป้ายในเขตเทศบาลตำบลและองค์การบริหารส่วนตำบลที่สุ่มตรวจสอบไม่เป็นไปตามกฎหมาย รื้อถอนอาคารหรือป้ายไม่เป็นไปตามกฎหมาย เจ้าของอาคารไม่ปฏิบัติตามกฎหมายควบคุมอาคาร,"1.	กำหนดให้มีแผนการตรวจสอบในแต่ละปีและดำเนินการตรวจสอบตามแผน 
หากพบการฝ่าฝืน/ไม่ปฏิบัติ ให้ดำเนินการตามพระราชบัญญัติควบคุมอาคาร พ.ศ. 
2522 และกฎกระทรวงที่เกี่ยวข้อง
2.	กำหนดให้มีการสอบยันข้อมูลการใช้อาคารและการติดตั้งป้าย ของกองช่าง 
กับการจัดเก็บภาษีโรงเ","การที่เจ้าของอาคารและป้ายไม่ปฏิบัติตามพระราชบัญญัติควบคุมอาคาร พ.ศ. 2522 
และกฎกระทรวงที่เกี่ยวข้องอาจก่อให้เกิดความเสี่ยงต่อความปลอดภัยในชีวิตและทรัพย์สินของประชาชนในพื้นที่ 
และการจัดเก็บภาษีโรงเรือนและที่ดินไม่ครบถ้วน
"
FL-1214,ด้านระเบียบข้อบังคับ กฎหมาย(มติครม.พ.ร.ก. ฯลฯ) อื่นๆ                                                ,อบต.อ่าวนาง,การตรวจสอบการดำเนินงานการบังคับใช้กฎหมายควบคุมอาคารเทศบาลตำบลและองค์การบริหารส่วนตำบล,2562,ไม่มีการตรวจสอบเจ้าของอาคารและป้ายอย่างครบถ้วนให้ปฏิบัติตามพระราชบัญญัติควบคุมอาคาร ไม่มีการสอบยันข้อมูลการใช้อาคารและการติดหรือตั้งป้าย ของกองช่าง,ดัดแปลงอาคารหรือป้ายในเขตเทศบาลตำบลและองค์การบริหารส่วนตำบลที่สุ่มตรวจสอบไม่เป็นไปตามกฎหมาย รื้อถอนอาคารหรือป้ายไม่เป็นไปตามกฎหมาย เจ้าของอาคารไม่ปฏิบัติตามกฎหมายควบคุมอาคาร,"1.	กำหนดให้มีแผนการตรวจสอบในแต่ละปีและดำเนินการตรวจสอบตามแผน 
หากพบการฝ่าฝืน/ไม่ปฏิบัติ ให้ดำเนินการตามพระราชบัญญัติควบคุมอาคาร พ.ศ. 
2522 และกฎกระทรวงที่เกี่ยวข้อง
2.	กำหนดให้มีการสอบยันข้อมูลการใช้อาคารและการติดตั้งป้าย ของกองช่าง 
กับการจัดเก็บภาษีโรงเ","การที่เจ้าของอาคารและป้ายไม่ปฏิบัติตามพระราชบัญญัติควบคุมอาคาร พ.ศ. 2522 
และกฎกระทรวงที่เกี่ยวข้องอาจก่อให้เกิดความเสี่ยงต่อความปลอดภัยในชีวิตและทรัพย์สินของประชาชนในพื้นที่ 
และการจัดเก็บภาษีโรงเรือนและที่ดินไม่ครบถ้วน
"
FL-1215,ด้านระเบียบข้อบังคับ กฎหมาย(มติครม.พ.ร.ก. ฯลฯ) อื่นๆ                                                ,อบต.อ่าวนาง,การตรวจสอบการดำเนินงานการบังคับใช้กฎหมายควบคุมอาคารเทศบาลตำบลและองค์การบริหารส่วนตำบล,2562,ไม่มีการตรวจสอบเจ้าของอาคารและป้ายอย่างครบถ้วนให้ปฏิบัติตามพระราชบัญญัติควบคุมอาคาร ไม่มีการสอบยันข้อมูลการใช้อาคารและการติดหรือตั้งป้าย ของกองช่าง,ดัดแปลงอาคารหรือป้ายในเขตเทศบาลตำบลและองค์การบริหารส่วนตำบลที่สุ่มตรวจสอบไม่เป็นไปตามกฎหมาย รื้อถอนอาคารหรือป้ายไม่เป็นไปตามกฎหมาย เจ้าของอาคารไม่ปฏิบัติตามกฎหมายควบคุมอาคาร,"1.	กำหนดให้มีแผนการตรวจสอบในแต่ละปีและดำเนินการตรวจสอบตามแผน 
หากพบการฝ่าฝืน/ไม่ปฏิบัติ ให้ดำเนินการตามพระราชบัญญัติควบคุมอาคาร พ.ศ. 
2522 และกฎกระทรวงที่เกี่ยวข้อง
2.	กำหนดให้มีการสอบยันข้อมูลการใช้อาคารและการติดตั้งป้าย ของกองช่าง 
กับการจัดเก็บภาษีโรงเ","การที่เจ้าของอาคารและป้ายไม่ปฏิบัติตามพระราชบัญญัติควบคุมอาคาร พ.ศ. 2522 
และกฎกระทรวงที่เกี่ยวข้องอาจก่อให้เกิดความเสี่ยงต่อความปลอดภัยในชีวิตและทรัพย์สินของประชาชนในพื้นที่ 
และการจัดเก็บภาษีโรงเรือนและที่ดินไม่ครบถ้วน

"
FL-1216,ด้านระเบียบข้อบังคับ กฎหมาย(มติครม.พ.ร.ก. ฯลฯ) อื่นๆ                                                ,อบต.อ่าวนาง,การตรวจสอบการดำเนินงานการบังคับใช้กฎหมายควบคุมอาคารเทศบาลตำบลและองค์การบริหารส่วนตำบล,2562,ไม่มีการตรวจสอบเจ้าของอาคารและป้ายอย่างครบถ้วนให้ปฏิบัติตามพระราชบัญญัติควบคุมอาคาร ไม่มีการสอบยันข้อมูลการใช้อาคารและการติดหรือตั้งป้าย ของกองช่าง,ดัดแปลงอาคารหรือป้ายในเขตเทศบาลตำบลและองค์การบริหารส่วนตำบลที่สุ่มตรวจสอบไม่เป็นไปตามกฎหมาย รื้อถอนอาคารหรือป้ายไม่เป็นไปตามกฎหมาย เจ้าของอาคารไม่ปฏิบัติตามกฎหมายควบคุมอาคาร,"1.	กำหนดให้มีแผนการตรวจสอบในแต่ละปีและดำเนินการตรวจสอบตามแผน 
หากพบการฝ่าฝืน/ไม่ปฏิบัติ ให้ดำเนินการตามพระราชบัญญัติควบคุมอาคาร พ.ศ. 
2522 และกฎกระทรวงที่เกี่ยวข้อง
2.	กำหนดให้มีการสอบยันข้อมูลการใช้อาคารและการติดตั้งป้าย ของกองช่าง 
กับการจัดเก็บภาษีโรงเ","การที่เจ้าของอาคารและป้ายไม่ปฏิบัติตามพระราชบัญญัติควบคุมอาคาร พ.ศ. 2522 
และกฎกระทรวงที่เกี่ยวข้องอาจก่อให้เกิดความเสี่ยงต่อความปลอดภัยในชีวิตและทรัพย์สินของประชาชนในพื้นที่ 
และการจัดเก็บภาษีโรงเรือนและที่ดินไม่ครบถ้วน
"
FL-1326,ประโยชน์ที่ได้จากโครงการไม่คุ้มกับเวลาและค่าใช้จ่ายที่เสียไป                                        ,เทศบาลเมืองกาญจนบุรี,การบริหารจัดการระบบบำบัดนำ้เสียรวมของชุมชนเทศบาลเมืองกาญจนบุรี,2562,ภายในระบบบำบัดน้ำเสียตั้งแต่กรมโยธาธิการได้มีการส่งมอบ เทศบาลเมืองกาญจนบุรีไม่มีการตรวจสอบรายการทรัพย์สิน จึงทำให้ไม่ทราบว่ามีบ่อเก็บสิ่งปฏิกูล,บ่อเก็บสิ่งปฏิกูลภายในระบบบำบัดน้ำเสียรวมของเทศบาลเมืองกาญจนบุรี ไม่มีการใช้ประโยชน์,"ให้เทศบาลเมืองกาญจนบุรีดำเนินการร่วมกับ อจน. 
ในการสำรวจระบบการเดินกำลังเครื่องจักรของบ่อเก็บสิ่งปฏิกูล 
รวมทั้งศึกษาถึงความเป็นมาและวัตถุประสงค์ของการก่อสร้างท่าเทียบเรือ 
หากพิจารณาแล้วสามารถใช้ประโยชน์ในการแก้ไขปัญหาสิ่งปฏิกูลที่อาจมีการลักลอบปล่อยสิ่ง","การใช้จ่ายงบประมาณมาณในการก่อสร้างบ่อเก็บสิ่งปฏิกูลสูญเปล่าและไม่มีความคุ้มค่าเป็นจำนวนเงิน 
3,760,400.00 บาท
"
FL-1327,ประโยชน์ที่ได้จากโครงการไม่คุ้มกับเวลาและค่าใช้จ่ายที่เสียไป                                        ,สำนักงานปศุสัตว์จังหวัดประจวบคีรีขันธ์,โครงการเพิ่มศักยภาพการผลิตสินค้าปศุสัตว์ให้ได้มาตรฐานอาหารปลอดภัย (Food sefety)และปลอดมลภาวะ (Zero waste Livestotks),2562,และไม่ต้องการขอยืมเครื่องสับหญ้ามาใช้เพราะไม่ต้องการรับผิดชอบในการบำรุงรักษา บางรายหาหญ้าให้โคหรือแพะโดยไม่ต้องใช้เครื่องสับหญ้า เกษตรกรบางรายมีเครื่องสับหญ้าเป็นของตนเอง,ครุภัณฑ์การเกษตรไม่ได้ใช้ประโยชน์,"กลุ่มจังหวัดภาคกลางตอนล่าง ๒ 
ควรเร่งดำเนินการแจ้งสำนักงานปศุสัตว์จังหวัดเพชรบุรีและสำนักงานปศุสัตว์จังหวัดประจวบคีรีขันธ์ 
ให้แจ้งเกษตรกร/กลุ่มเกษตรกรที่มีความต้องการขอยืมครุภัณฑ์ดังกล่าวไปใช้ให้เกิดประโยชน์ต่อไป 
โดยถือปฏิบัติตามแบบแผนของทางราชการ
","การใช้จ่ายเงินงบประมาณเป็นไปอย่างไม่คุ้มค่า 
สูญเสียงบประมาณในการจัดซื้อครุภัณฑ์เป็นจำนวนเงินทั้งสิ้น ๑,๐๘๓,๗๕๐.๐๐ บาท
"
FL-1328,ประโยชน์ที่ได้จากโครงการไม่คุ้มกับเวลาและค่าใช้จ่ายที่เสียไป                                        ,สำนักงานจังหวัดอุบลราชธานี,โครงการพัฒนาและส่งเสริมการเกษตรในกลุ่มจังหวัดภาคตะวันออกเฉีย1,2562,การใช้จ่ายงบประมาณราชการไม่เกิดความคุ้มค่าและเสียโอกาสในการใช้ประโยชน์ ครุภัณฑ์ที่ไม่สามารถนำไปใช้ประโยชน์หรือปรับปรุงแก้ไขให้สามารถใช้ประโยชน์อื่นได้ รวมทั้งทำให้เกิดความเสียหายจากวัสดุ,สิ่งก่อสร้างของโครงการส่งเสริมการแปรรูปสินค้าเกษตรเพิ่มมูลค่าในกลุ่มเกษต ครุภัณฑ์และวัสดุเผยแพร่ประชาสัมพันธ์ ข้อตรวจพบที่,"1.แจ้งให้หน่วยงานที่รับผิดชอบ ดำเนินการตรวจสอบ เร่งรัด และแก้ไขปรับปรุงให้             
กลุ่มเกษตรกรใช้ประโยชน์ปัจจัยการผลิตต้นแบบ 
บรรจุภัณฑ์และครุภัณฑ์ของกลุ่มเกษตรกรโดยเร็ว 
หากกลุ่มเกษตรกรไม่มีความพร้อมหรือไม่ประสงค์จะใช้ประโยชน์ 
ให้ดำเนินการนำปัจจัย","การใช้เงินงบประมาณในการดำเนินโครงการไม่เกิดประโยชน์ไม่คุ้มค่า 
และเสียโอกาสในการใช้จ่ายงบประมาณเพื่อพัฒนาโครงการด้านอื่นๆ จำนวน 
5,442,834.33 บาท และเสียโอกาสในการใช้ประโยชน์จากปัจจัยการผลิตต้นแบบ 
บรรจุภัณฑ์ ครุภัณฑ์และวัสดุเผยแพร่ประชาสัมพันธ์จำนวน 5,34"
FL-1329,ประโยชน์ที่ได้จากโครงการไม่คุ้มกับเวลาและค่าใช้จ่ายที่เสียไป                                        ,สำนักงานเกษตรจังหวัดประจวบคีรีขันธ์,โครงการส่งเสริมและพัฒนาสับปะรดครบวงจร,2562,ไม่มีการแต่งตั้งเจ้าหน้าที่ผู้รับผิดชอบเพื่อประสานขอข้อมูลจากหน่วยงานที่เกี่ยวข้อง และบันทึกข้อมูลในระบบให้เป็นปัจจุบัน 1.,การบันทึกข้อมูลในระบบฐานข้อมูลด้านอุตสาหกรรมและการเกษตร: ได้จัดทำระบบฐานข้อมูลด้านอุตสาหกรรมและการเกษตร: สำนักงานอุตสาหกรรมจังหวัดประจวบคีรีขันธ์,"1. ให้สำนักงานอุตสาหกรรมจังหวัดประจวบคีรีขันธ์ 
ประสานงานกับสำนักงานพาณิชย์จังหวัดประจวบคีรีขันธ์ 
และสำนักงานเกษตรจังหวัดประจวบคีรีขันธ์ 
ให้มีการแต่งตั้งเจ้าหน้าที่ซึ่งได้รับการฝึกอบรมจากผู้รับจ้าง (หากมี) 
หรือผู้ที่มีความรู้ในการบันทึกข้อมูลในระบบฯ 
ด","1. 
การไม่บันทึกข้อมูลลงในระบบฐานข้อมูลสับปะรดให้เป็นปัจจุบันและไม่สามารถใช้ประโยชน์ระบบดังกล่าวได้ 
ทำให้เกิดความสูญเปล่าในการใช้เงินงบประมาณจัดจ้างทำระบบฐานข้อมูลด้านอุตสาหกรรมและการเกษตร: 
สับปะรด คิดเป็นมูลค่ารวม 299,360.00 บาท 
 	2. ทำให้หน่วยงานต่าง"
FL-1330,ประโยชน์ที่ได้จากโครงการไม่คุ้มกับเวลาและค่าใช้จ่ายที่เสียไป                                        ,กลุ่มจังหวัดภาคเหนือตอนล่าง 2,โครงการส่งเสริมและพัฒนาผลิตภัณฑ์สินค้าเกษตรของกลุ่มจังหวัดภาคเหนือตอนล่าง 2 ภายใต้แผนงานบูรณาการสร้างความเข้มแข็งและยั่งยืนให้กับเศรษฐกิจภายในประเทศ ประจำปีงบประมาณ พ.ศ. 2560,2562,สาเหตุมาจากกระบวนการพิจารณากลั่นกรองโครงการของหน่วยงานที่เกี่ยวข้องไม่ให้ความสำคัญอย่างเคร่งครัดต่อการพิจารณาในภาพรวมทั้งโครงการ ขาดการวิเคราะห์ความสอดคล้องเชื่อมโยงให้ครบถ้วนตามลักษณะโครงการแบบห่วงโซ่คุณค่า และขาดการบูรณาการร่วมกันของหน่วยงานในพื้นที่,ข้อตรวจพบที่ 2 ครุภัณฑ์และสิ่งปลูกสร้างตามโครงการภายใต้แผนงานบูรณาการสร้างความเข้มแข็งและยั่งยืนให้กับเศรษฐกิจภายในประเทศ ประจำปีงบประมาณ พ.ศ. 2560 ด้านการ เพิ่มศักยภาพภาคการเกษตร (ประเภทข้าว) ส่วนใหญ่ไม่มีการใช้ประโย,"การบริหารจัดการทรัพย์สินที่เกิดจากโครงการให้พิจารณาดำเนินการดังนี้ 
1.โดยทรัพย์สินที่เกิดจากการดำเนินโครงการตามแผนงานบูรณาการสร้างความเข้มแข็งและยั่งยืนให้กับเศรษฐกิจภายในประเทศ 
ประจำปีงบประมาณ พ.ศ. 2560 
ให้เร่งรัดดำเนินการตามหนังสือกระทรวงมหาดไทยที่เกี","ส่งผลให้กลุ่มเป้าหมายของโครงการไม่สามารถเพิ่มรายได้จากการเพิ่มมูลค่าผลผลิตทางการเกษตร 
(ประเภทข้าว) ได้อย่างต่อเนื่องและยั่งยืน 
ไม่สามารถลดความเหลื่อมล้ำของชุมชนได้ 
กรณีทรัพย์สินที่ไม่มีการใช้ประโยชน์ให้เป็นไปตามวัตถุประสงค์ของโครงการทำให้เกิดความเสียหา"
FL-1365,ผลการตรวจสอบการดำเนินงานด้านอื่น ๆ                                                                  ,สำนักงานเกษตรจังหวัดขอนแก่น,โครงการพัฒนาคุณภาพการผลิตและเพิ่มมูลค่าผลผลิตข้าวครบวงจร ประจำปีงบประมาณ พ.ศ.2561 ของกลุ่มจังหวัดภาคตะวันออกเฉียงเหนือตอนกลาง,2562,กรณีดังกล่าวข้างต้นสาเหตุเนื่องจากกลุ่มเกษตรกรบางกลุ่มยังขาดความรู้ ความเข้าใจในการใช้งาน ขาดการบริหารจัดการที่ดี,ไม่เต็มประสิทธิภาพกิจกรรมส่งเสริมการใช้เทคโนโลยีพลังงานทดแทนเพื่อเพิ่มศักยภาพ พัสดุที่ได้รับสนับสนุนตามโครงการไม่ได้ใช้ประโยชน์และใช้ประโยชน์ ในการผลิตและแปรรูปการเกษตรแบบครบวงจร,"1.ตรวจสอบและติดตามการใช้ประโยชน์และสภาพของทรัพย์สินตามโครงการอย่างต่อเนื่อง 
เพื่อให้ทราบถึงปัญหาอุปสรรคในการดำเนินงาน ความชำรุดเสียหาย 
รวมทั้งแนวทางในการแก้ไข และมีการจัดทำแผนในการติดตามผลการดำเนินงาน 
2.ให้มีการเร่งรัด ปรับปรุง ซ่อมแซมแก้ไข 
สิ่งก่อสร้","พัสดุที่ได้รับสนับสนุนตามโครงการไม่ได้ใช้ประโยชน์และใช้ประโยชน์ไม่เต็ม
ประสิทธิภาพย่อมส่งผลทำให้เกิดความไม่คุ้มค่าของการใช้จ่ายเงินงบประมาณแผ่นดิน 
เกิดการสูญเปล่ากรณีที่ไม่มีการใช้ประโยชน์ ได้แก่ 
โรงอบแห้งพลังงานแสงอาทิตย์ อุปกรณ์เพิ่มประสิทธิภาพการผลิต"
FL-1366,ผลการตรวจสอบการดำเนินงานด้านอื่น ๆ                                                                  ,สำนักงานประมงจังหวัดฉะเชิงเทรา,โครงการการยกระดับคุณภาพและการแปรรูปสินค้าเกษตร งบประมาณจังหวัด ปีงบประมาณ 2560 - 2562,2562,1.เจ้าหน้าที่ผู้รับผิดชอบโครงการขาดการศึกษาและรวบรวมข้อมูลเกษตรกรในพื้นที่เพื่อใช้เป็นข้อมูลในการพิจารณากำหนดเกณฑ์การคัดเลือกเกษตรกรหรือเกณฑ์การจัดสรรบรรจุภัณฑ์ให้เหมาะสม จึงต้องใช้วิธีมอบหมายให้สำนักงานเกษตรอำเภอซึ่งทราบข้อมูลเกษตรกรในพื้นที่ได้ดีกว่าเป,การดำเนินโครงการตามขั้นตอนการบริหารโครงการภาครัฐ,"	ให้เกษตรจังหวัดระยอง พิจารณาดำเนินการดังนี้
1.กำชับให้เจ้าหน้าที่ผู้รับผิดชอบโครงการศึกษาและรวบรวมข้อมูลเกษตรกรที่เกี่ยวข้องกับโครงการ 
เพื่อใช้ในการจัดทำเกณฑ์ในการคัดเลือกเกษตรกรเข้าร่วมโครงการ 
เกณฑ์ในการจัดสรรบรรจุภัณฑ์ ปัจจัยการผลิต วัสดุอุปกรณ์ต่างๆ","1. 
การไม่กำหนดเกณฑ์ในการคัดเลือกเกษตรกรเข้ารับการอบรมทำให้อาจได้เกษตรกรที่เข้ารับการอบรมไม่ใช่กลุ่มเป้าหมายที่เหมาะสม 
และไม่ก่อให้เกิดการบรรลุวัตถุประสงค์ของโครงการในการยกระดับการพัฒนาเกษตรกรให้มีความรู้ความเข้าใจในการผลิตและเพิ่มมูลค่าผลไม้
2. การไม่มี"
FL-1368,ผลการตรวจสอบการดำเนินงานด้านอื่น ๆ                                                                  ,กรมบัญชีกลาง,โครงการประชารัฐสวัสดิการ,2562,การกำหนดหลักเกณฑ์คุณสมบัติของผู้มีสิทธิลงทะเบียนเพื่อสวัสดิการแห่งรัฐ บางส่วนไม่สามารถคัดกรองเฉพาะผู้ที่ยากจนหรือผู้มีรายได้น้อยซึ่งเป็นคุณสมบัติ เกิดช่องว่างที่เอื้อประโยชน์ต่อประชาชนทุกคนที่มีคุณสมบัติตรงตามเกณฑ์ที่กำหนด,การดำเนินโครงการลงทะเบียนเพื่อสวัสดิการแห่งรัฐ ยังไม่รัดกุมเหมาะสม ได้ฐานข้อมูลกลุ่มเป้าหมายที่ไม่ครบถ้วน ไม่ถูกต้อง และไม่เป็นปัจจุบัน,"ปรับปรุงแก้ไขการกำหนดหลักเกณฑ์คุณสมบัติของผู้มีสิทธิลงทะเบียนเพื่อสวัสดิ
การแห่งรัฐ 
และพิจารณาว่าหากรัฐจำเป็นจะต้องช่วยเหลือกลุ่มเป้าหมายตามเจตนารมณ์ของโครงการ 
อาจต้องจัดให้มีการลงทะเบียนใหม่ เพื่อให้ได้ฐานข้อมูลที่ถูกต้อง ตรงเป้าหมาย 
และเป็นปัจจุบัน โ","การใช้จ่ายเงินงบประมาณตามโครงการโดยไม่เกิดความคุ้มค่า 
เนื่องจากกลุ่มผู้ได้รับบัตรและได้รับสิทธิสวัสดิการแห่งรัฐที่ได้รับ
ความช่วยเหลือตามโครงการบางส่วน 
อาจไม่ใช่กลุ่มเป้าหมายที่แท้จริง 
หรือไม่ใช่ผู้มีรายได้น้อยหรือผู้ยากจนที่สมควรได้รับความช่วยเหลือตาม"
FL-1370,ผลการตรวจสอบการดำเนินงานด้านอื่น ๆ                                                                  ,สำนักบริหารยุทธศาสตร์กลุ่มจังหวัดภาคเหนือตอนบน 2,โครงการยกระดับกาแฟภาคเหนือตอนบน 2 มาตรฐานสากลก้าวไกลไปตลาดโลก,2562,สำนักงานเกษตรจังหวัดเชียงรายไม่ได้กำหนดหลักเกณฑ์เพื่อพิจารณากลั่นกรองคัดเลือกกลุ่มเป้าหมายด้านการบริหารจัดการทำให้มีการคัดเลือกกลุ่มเป้าหมายที่ไม่มีความพร้อมด้านพื้นที่และการบริหารจัดการ โดยกลุ่มวิสาหกิจชุมชน ไม่มีระบบไฟฟ้า,แบ่งเป็นตัวชี้วัดหลัก ปัญหาการบริหารจัดการกลุ่มวิสาหกิจชุมชนผู้ปลูกกาแฟ การประเมินการบริหารจัดการกลุ่มวิสาหกิจชุมชนจำนวน,"ให้ผู้ว่าราชการจังหวัดเชียงราย (หัวหน้ากลุ่มจังหวัดภาคเหนือตอนบน 2) 
ดำเนินการดังนี้
1. ให้เกษตรจังหวัดเชียงราย 
1.1 ติดตามเร่งรัดกลุ่มวิสาหกิจชุมชน ทั้ง 7 กลุ่ม ตามโครงการ 
ให้ดำเนินการแก้ไขปรับปรุงการบริหารจัดการกลุ่มวิสาหกิจชุมชน 
ให้เป็นไปตามตัวชี้วัด","กลุ่มวิสาหกิจชุมชนผู้ปลูกกาแฟส่วนใหญ่มีปัญหาการบริหารจัดการ 
ส่งผลกระทบต่อความยั่งยืนและการดำเนินงานไม่บรรลุวัตถุประสงค์ 3 กิจกรรม 
ได้แก่ กิจกรรมจัดทำแปลงเรียนรู้การผลิตกาแฟได้มาตรฐาน 
กิจกรรมส่งเสริมการผลิตกาแฟได้มาตรฐาน GAP และอินทรีย์ 
และกิจกรรมส่งเส"
FL-1371,ผลการตรวจสอบการดำเนินงานด้านอื่น ๆ                                                                  ,สำนักงานเกษตรจังหวัดมหาสารคาม,โครงการ 9101 ตามรอยเท้าพ่อ ภายใต้ร่มพระบารมี เพื่อการฟื้นฟูอาชีพด้านการเกษตรแก่เกษตรกรผู้ประสบอุทกภัย ปี 2560 ของสำนักงานเกษตรจังหวัดมหาสารคาม,2562,โครงการดังกล่าวเป็นนโยบายเร่งด่วนเพื่อช่วยเหลือเกษตรกรผู้ประสบอุทกภัย จากพายุเซินกาและตาลัส ฟื้นฟูและส่งเสริมอาชีพด้านการเกษตรให้แก่เกษตรกรที่ประสบอุทกภัย,การบริหารจัดการโครงการไม่ปฏิบัติตามขั้นตอนวิธีการดำเนินงานตามแบบเสนอโครงการ จัดทำรายละเอียดขั้นตอนการดำเนินงานโครงการ ไม่ถูกต้องครบถ้วนตามรายละเอียดที่คู่มือกำ,"แจ้งกำชับเจ้าหน้าที่ส่งเสริมการเกษตรดำเนินการในโอกาสต่อไป ดังนี้
	1.ให้ความรู้และสร้างความเข้าใจกับสมาชิกในชุมชนเห็นความสำคัญและประโยชน
์ต่างๆที่จะได้รับจากการรวมกลุ่มและส่งเสริมกลุ่มสมาชิกที่ได้รวมกลุ่มดำเนิน
กิจกรรมเป็นกลุ่มขนาดเล็ก เช่น กลุ่มเลี้ยงเป็ด","จากความไม่ชัดเจนในการดำเนินงานของกลุ่มสมาชิกและกรอบระยะเวลาที่จำกัด 
ทำใหการดำเนินกิจกรรมไม่เป็นไปตามขั้นตอนและวิธีการดำเนินงานตามที่ระบุไว้
ในแบบเสนอโครงการ และผลที่คาดว่าจะได้รับจากแนวคิดการบริหารจัดการร่วมกัน
ตั้งแต่การวางแผนการผลิตการดำเนินงาน และเชื่"
FL-1373,ผลการตรวจสอบการดำเนินงานด้านอื่น ๆ                                                                  ,อบต.อ่าวนาง,การตรวจสอบการดำเนินงานการบังคับใช้กฎหมายควบคุมอาคารเทศบาลตำบลและองค์การบริหารส่วนตำบล,2562,ไม่มีการติดตามผลการดำเนินการตามหนังสือสั่งการกระทรวงมหาดไทย,เทศบาลตำบลและองค์การบริหารส่วนตำบลที่สุ่มตรวจสอบไม่ได้ดำเนินการหรือดำเนินการแต่ไม่ครบถ้วนตามหนังสือสั่งการกระทรวงมหาดไทย ไม่มีการดำเนินการหรือดำเนินการแต่ไม่ครบถ้วนตามหนังสือสั่งการกระทรวงมหาดไทย เทศบาลตำบลแล,"1.	
กำชับผู้รับผิดชอบให้ปฏิบัติตามหนังสือสั่งการกระทรวงมหาดไทยอย่างเคร่งครัด 
และดำเนินการให้สอดคล้องกับวัตถุประสงค์ที่สั่งการ 
หากยังไม่มีการรายงานผลให้กระทรวงมหาดไทยทราบ ให้เร่งรัดการดำเนินการโดยเร็ว
2.	ในอนาคต หากมีการสั่งการของกระทรวงมหาดไทยหรือหน่วยง","เทศบาลตำบลและองค์การบริหารส่วนตำบลไม่ดำเนินการตรวจสอบและรายงานผลการตรวจสอบอาคาร 
หรือดำเนินการแต่ไม่สอดคล้องกับวัตถุประสงค์ตามหนังสือสั่งการกระทรวงมหาดไทยกำหนด 
ย่อมก่อให้เกิดความเสี่ยงต่อความปลอดภัยในชีวิตและทรัพย์สินของประชาชนในพื้นที่ 
ทั้งในเรื่องความ"
FL-1374,ผลการตรวจสอบการดำเนินงานด้านอื่น ๆ                                                                  ,อบต.อ่าวนาง,การตรวจสอบการดำเนินงานการบังคับใช้กฎหมายควบคุมอาคารเทศบาลตำบลและองค์การบริหารส่วนตำบล,2562,ไม่มีการติดตามผลการดำเนินการตามหนังสือสั่งการกระทรวงมหาดไทย,เทศบาลตำบลและองค์การบริหารส่วนตำบลที่สุ่มตรวจสอบไม่ได้ดำเนินการหรือดำเนินการแต่ไม่ครบถ้วนตามหนังสือสั่งการกระทรวงมหาดไทย ไม่มีการดำเนินการหรือดำเนินการแต่ไม่ครบถ้วนตามหนังสือสั่งการกระทรวงมหาดไทย เทศบาลตำบลแล,"1.	
กำชับผู้รับผิดชอบให้ปฏิบัติตามหนังสือสั่งการกระทรวงมหาดไทยอย่างเคร่งครัด 
และดำเนินการให้สอดคล้องกับวัตถุประสงค์ที่สั่งการ 
หากยังไม่มีการรายงานผลให้กระทรวงมหาดไทยทราบ ให้เร่งรัดการดำเนินการโดยเร็ว
2.	ในอนาคต หากมีการสั่งการของกระทรวงมหาดไทยหรือหน่วยง","เทศบาลตำบลและองค์การบริหารส่วนตำบลไม่ดำเนินการตรวจสอบและรายงานผลการตรวจสอบอาคาร 
หรือดำเนินการแต่ไม่สอดคล้องกับวัตถุประสงค์ตามหนังสือสั่งการกระทรวงมหาดไทยกำหนด 
ย่อมก่อให้เกิดความเสี่ยงต่อความปลอดภัยในชีวิตและทรัพย์สินของประชาชนในพื้นที่ 
ทั้งในเรื่องความ"
FL-1375,ผลการตรวจสอบการดำเนินงานด้านอื่น ๆ                                                                  ,อบต.อ่าวนาง,การตรวจสอบการดำเนินงานการบังคับใช้กฎหมายควบคุมอาคารเทศบาลตำบลและองค์การบริหารส่วนตำบล,2562,ไม่มีการติดตามผลการดำเนินการตามหนังสือสั่งการกระทรวงมหาดไทย,เทศบาลตำบลและองค์การบริหารส่วนตำบลที่สุ่มตรวจสอบไม่ได้ดำเนินการหรือดำเนินการแต่ไม่ครบถ้วนตามหนังสือสั่งการกระทรวงมหาดไทย ไม่มีการดำเนินการหรือดำเนินการแต่ไม่ครบถ้วนตามหนังสือสั่งการกระทรวงมหาดไทย เทศบาลตำบลแล,"1.	
กำชับผู้รับผิดชอบสั่งการให้ปฏิบัติตามหนังสือสั่งการกระทรวงมหาดไทยอย่างเคร่งครัด 
และดำเนินการให้สอดคล้องกับวัตถุประสงค์ที่สั่งการ 
หากยังไม่มีการรายงานผลให้กระทรวงมหาดไทยทราบ ให้เร่งรัดการดำเนินการโดยเร็ว
2.	ในอนาคต หากมีการสั่งการของกระทรวงมหาดไทยหรื","เทศบาลตำบลและองค์การบริหารส่วนตำบลไม่ดำเนินการตรวจสอบและรายงานผลการตรวจสอบอาคาร 
หรือดำเนินการแต่ไม่สอดคล้องกับวัตถุประสงค์ตามหนังสือสั่งการกระทรวงมหาดไทยกำหนด 
ย่อมก่อให้เกิดความเสี่ยงต่อความปลอดภัยในชีวิตและทรัพย์สินของประชาชนในพื้นที่ 
ทั้งในเรื่องความ"
FL-1376,ผลการตรวจสอบการดำเนินงานด้านอื่น ๆ                                                                  ,อบต.อ่าวนาง,การตรวจสอบการดำเนินงานการบังคับใช้กฎหมายควบคุมอาคารเทศบาลตำบลและองค์การบริหารส่วนตำบล,2562,ไม่มีการติดตามผลการดำเนินการตามหนังสือสั่งการกระทรวงมหาดไทย,เทศบาลตำบลและองค์การบริหารส่วนตำบลที่สุ่มตรวจสอบไม่ได้ดำเนินการหรือดำเนินการแต่ไม่ครบถ้วนตามหนังสือสั่งการกระทรวงมหาดไทย ไม่มีการดำเนินการหรือดำเนินการแต่ไม่ครบถ้วนตามหนังสือสั่งการกระทรวงมหาดไทย เทศบาลตำบลแล,"1.	
กำชับผู้รับผิดชอบให้ปฏิบัติตามหนังสือสั่งการกระทรวงมหาดไทยอย่างเคร่งครัด 
และดำเนินการให้สอดคล้องกับวัตถุประสงค์ที่สั่งการ 
หากยังไม่มีการรายงานผลให้กระทรวงมหาดไทยทราบ ให้เร่งรัดการดำเนินการโดยเร็ว
2.	ในอนาคต หากมีการสั่งการของกระทรวงมหาดไทยหรือหน่วยง","เทศบาลตำบลและองค์การบริหารส่วนตำบลไม่ดำเนินการตรวจสอบและรายงานผลการตรวจสอบอาคาร 
หรือดำเนินการแต่ไม่สอดคล้องกับวัตถุประสงค์ตามหนังสือสั่งการกระทรวงมหาดไทยกำหนด 
ย่อมก่อให้เกิดความเสี่ยงต่อความปลอดภัยในชีวิตและทรัพย์สินของประชาชนในพื้นที่ 
ทั้งในเรื่องความ"
FL-1377,ผลการตรวจสอบการดำเนินงานด้านอื่น ๆ                                                                  ,อบต.อ่าวนาง,การตรวจสอบการดำเนินงานการบังคับใช้กฎหมายควบคุมอาคารเทศบาลตำบลและองค์การบริหารส่วนตำบล,2562,ไม่มีการติดตามผลการดำเนินการตามหนังสือสั่งการกระทรวงมหาดไทย,เทศบาลตำบลและองค์การบริหารส่วนตำบลที่สุ่มตรวจสอบไม่ได้ดำเนินการหรือดำเนินการแต่ไม่ครบถ้วนตามหนังสือสั่งการกระทรวงมหาดไทย ไม่มีการดำเนินการหรือดำเนินการแต่ไม่ครบถ้วนตามหนังสือสั่งการกระทรวงมหาดไทย เทศบาลตำบลแล,"1.	
กำชับผู้รับผิดชอบให้ปฏิบัติตามหนังสือสั่งการกระทรวงมหาดไทยอย่างเคร่งครัด 
และดำเนินการให้สอดคล้องกับวัตถุประสงค์ที่สั่งการ 
หากยังไม่มีการรายงานผลให้กระทรวงมหาดไทยทราบ ให้เร่งรัดการดำเนินการโดยเร็ว
2.	ในอนาคต หากมีการสั่งการของกระทรวงมหาดไทยหรือหน่วยง","เทศบาลตำบลและองค์การบริหารส่วนตำบลไม่ดำเนินการตรวจสอบและรายงานผลการตรวจสอบอาคาร 
หรือดำเนินการแต่ไม่สอดคล้องกับวัตถุประสงค์ตามหนังสือสั่งการกระทรวงมหาดไทยกำหนด 
ย่อมก่อให้เกิดความเสี่ยงต่อความปลอดภัยในชีวิตและทรัพย์สินของประชาชนในพื้นที่ 
ทั้งในเรื่องความ"
FL-1378,ผลการตรวจสอบการดำเนินงานด้านอื่น ๆ                                                                  ,อบต.อ่าวนาง,การตรวจสอบการดำเนินงานการบังคับใช้กฎหมายควบคุมอาคารเทศบาลตำบลและองค์การบริหารส่วนตำบล,2562,ไม่มีการติดตามผลการดำเนินการตามหนังสือสั่งการกระทรวงมหาดไทย,เทศบาลตำบลและองค์การบริหารส่วนตำบลที่สุ่มตรวจสอบไม่ได้ดำเนินการหรือดำเนินการแต่ไม่ครบถ้วนตามหนังสือสั่งการกระทรวงมหาดไทย ไม่มีการดำเนินการหรือดำเนินการแต่ไม่ครบถ้วนตามหนังสือสั่งการกระทรวงมหาดไทย เทศบาลตำบลแล,"1.	
กำชับผู้รับผิดชอบให้ปฏิบัติตามหนังสือสั่งการกระทรวงมหาดไทยอย่างเคร่งครัด 
และดำเนินการให้สอดคล้องกับวัตถุประสงค์ที่สั่งการ 
หากยังไม่มีการรายงานผลให้กระทรวงมหาดไทยทราบ ให้เร่งรัดการดำเนินการโดยเร็ว
2.	ในอนาคต หากมีการสั่งการของกระทรวงมหาดไทยหรือหน่วยง","เทศบาลตำบลและองค์การบริหารส่วนตำบลไม่ดำเนินการตรวจสอบและรายงานผลการตรวจสอบอาคาร 
หรือดำเนินการแต่ไม่สอดคล้องกับวัตถุประสงค์ตามหนังสือสั่งการกระทรวงมหาดไทยกำหนด 
ย่อมก่อให้เกิดความเสี่ยงต่อความปลอดภัยในชีวิตและทรัพย์สินของประชาชนในพื้นที่ 
ทั้งในเรื่องความ"
FL-1379,ผลการตรวจสอบการดำเนินงานด้านอื่น ๆ                                                                  ,อบต.อ่าวนาง,การตรวจสอบการดำเนินงานการบังคับใช้กฎหมายควบคุมอาคารเทศบาลตำบลและองค์การบริหารส่วนตำบล,2562,ไม่มีการติดตามผลการดำเนินการตามหนังสือสั่งการกระทรวงมหาดไทย,เทศบาลตำบลและองค์การบริหารส่วนตำบลที่สุ่มตรวจสอบไม่ได้ดำเนินการหรือดำเนินการแต่ไม่ครบถ้วนตามหนังสือสั่งการกระทรวงมหาดไทย ไม่มีการดำเนินการหรือดำเนินการแต่ไม่ครบถ้วนตามหนังสือสั่งการกระทรวงมหาดไทย เทศบาลตำบลแล,"1.	
กำชับผู้รับผิดชอบให้ปฏิบัติตามหนังสือสั่งการกระทรวงมหาดไทยอย่างเคร่งครัด 
และดำเนินการให้สอดคล้องกับวัตถุประสงค์ที่สั่งการ 
หากยังไม่มีการรายงานผลให้กระทรวงมหาดไทยทราบ ให้เร่งรัดการดำเนินการโดยเร็ว
2.	ในอนาคต หากมีการสั่งการของกระทรวงมหาดไทยหรือหน่วยง","เทศบาลตำบลและองค์การบริหารส่วนตำบลไม่ดำเนินการตรวจสอบและรายงานผลการตรวจสอบอาคาร 
หรือดำเนินการแต่ไม่สอดคล้องกับวัตถุประสงค์ตามหนังสือสั่งการกระทรวงมหาดไทยกำหนด 
ย่อมก่อให้เกิดความเสี่ยงต่อความปลอดภัยในชีวิตและทรัพย์สินของประชาชนในพื้นที่ 
ทั้งในเรื่องความ"
FL-1380,ผลการตรวจสอบการดำเนินงานด้านอื่น ๆ                                                                  ,อบต.อ่าวนาง,การตรวจสอบการดำเนินงานการบังคับใช้กฎหมายควบคุมอาคารเทศบาลตำบลและองค์การบริหารส่วนตำบล,2562,ไม่มีการติดตามผลการดำเนินการตามหนังสือสั่งการกระทรวงมหาดไทย,เทศบาลตำบลและองค์การบริหารส่วนตำบลที่สุ่มตรวจสอบไม่ได้ดำเนินการหรือดำเนินการแต่ไม่ครบถ้วนตามหนังสือสั่งการกระทรวงมหาดไทย ไม่มีการดำเนินการหรือดำเนินการแต่ไม่ครบถ้วนตามหนังสือสั่งการกระทรวงมหาดไทย เทศบาลตำบลแล,"1.	
กำชับผู้รับผิดชอบให้ปฏิบัติตามหนังสือสั่งการกระทรวงมหาดไทยอย่างเคร่งครัด 
และดำเนินการให้สอดคล้องกับวัตถุประสงค์ที่สั่งการ 
หากยังไม่มีการรายงานผลให้กระทรวงมหาดไทยทราบ ให้เร่งรัดการดำเนินการโดยเร็ว
2.	ในอนาคต หากมีการสั่งการของกระทรวงมหาดไทยหรือหน่วยง","เทศบาลตำบลและองค์การบริหารส่วนตำบลไม่ดำเนินการตรวจสอบและรายงานผลการตรวจสอบอาคาร 
หรือดำเนินการแต่ไม่สอดคล้องกับวัตถุประสงค์ตามหนังสือสั่งการกระทรวงมหาดไทยกำหนด 
ย่อมก่อให้เกิดความเสี่ยงต่อความปลอดภัยในชีวิตและทรัพย์สินของประชาชนในพื้นที่ 
ทั้งในเรื่องความ"
FL-1381,ผลการตรวจสอบการดำเนินงานด้านอื่น ๆ                                                                  ,กรมกิจการผู้สูงอายุ,การตรวจสอบการดำเนินงานตามแผนผู้สูงอายุแห่งชาติ ฉบับที่ 2,2562,ทำให้การปรับแผนไม่สามารถดำเนินการได้ภายในระยะเวลาที่กำหนด และกรอบระยะเวลาเพื่อให้ทราบว่าในแต่ละปีต้องมีการดำเนินการอย่างไร เนื่องจากคณะกรรมการผู้สูงอายุแห่งชาติ,การปรับแผนผู้สูงอายุแห่งชาติฉบับที่ 2545-2564) แผนผู้สูงอายุแห่งชาติ,"เพื่อให้การปรับแผนผู้สูงอายุแห่งชาติฉบับที่ 2 (พ.ศ. 2545-2564) 
เป็นไปอย่างมีประสิทธิภาพและประสิทธิผล สำนักงานการตรวจเงินแผ่นดิน
มีข้อเสนอแนะให้อธิบดีกรมกิจการผู้สูงอายุในฐานะเลขานุการ
คณะกรรมการผู้สูงอายุแห่งชาติ เสนอให้ประธานกรรมการผู้สูงอายุแห่งชาติพิจ","กระบวนการปรับปรุงแผนที่ไม่เป็นไปตามที่กำหนด ส่งผลกระทบให้
แผนผู้สูงอายุแห่งชาติ ฯขาดความเป็นปัจจุบัน และไม่สอดคล้องกับการจัดทำ
แผนพัฒนาเศรษฐกิจและสังคมแห่งชาติแต่ละฉบับ ทำให้หน่วยงานที่เกี่ยวข้อง
ไม่นำแผนฯ มาแปลงสู่การปฏิบัติ ด้วยเห็นว่ามาตรการและเป้าหมาย"
FL-1387,ผลการตรวจสอบการดำเนินงานด้านอื่น ๆ                                                                  ,สำนักงานปลัดกระทรวงพลังงาน,การตรวจสอบการดำเนินงานโครงการสูบน้ำพลังงานแสงอาทิตย์สู้ภัยแล้ง,2562,ได้จัดส่งหนังสือบันทึกการส่งมอบและรับมอบระบบสูบน้ำพลังงานแสงอาทิตย์ อยู่ระหว่างจัดทำเอกสารการส่งมอบระบบสูบน้ำจำนวน โครงการสูบน้ำพลังงานแสงอาทิตย์สู้ภัยแล้งไปยัง,จากการตรวจสอบข้อมูลการส่งมอบและรับมอบระบบสูบน้ำพลังงานแสงอาทิตย์ การส่งมอบระบบสูบน้ำพลังงานแสงอาทิตย์ให้องค์กรปกครองส่วนท้องถิ่น โครงการสูบน้ำพลังงานแสงอาทิตย์สู้ภัยแล้งทั้งหมด,"สั่งการให้ สพจ. 
ที่ยังไม่ได้ดำเนินการส่งมอบระบบสูบน้ำพลังงานแสงอาทิตย์เร่งดำเนินการส่งมอบระบบสูบน้ำให้ 
อปท. และกรณีที่ส่งมอบระบบสูบน้ำไปแล้วแต่ อปท.ที่ยังไม่รับมอบ 
ให้เร่งประสานชี้แจงทำความเข้าใจเพื่อให้เห็นประโยชน์ของโครงการสูบน้ำพลังงานแสงอาทิตย์สู้ภ","การที่สำนักงานพลังงานจังหวัดยังส่งมอบระบบสูบน้ำพลังงานแสงอาทิตย์ไม่แล้วเสร็จดังกล่าว 
แม้จะยังไม่เกิดความเสียหายเนื่องจากระบบสูบน้ำพลังงานแสงอาทิตย์ยังอยู่ภายในกำหนดระยะเวลารับประกันความชำรุดบกพร่อง 
2 ปี ตามสัญญาจ้าง 
แต่หากสำนักงานพลังงานจังหวัดดำเนินกา"
FL-1490,ผลการตรวจสอบด้านอื่น ๆ                                                                              ,เทศบาลเมืองกำแพงเพชร,โครงการก่อสร้างสถานีขนถ่ายขยะมูลฝอยของเทศบาลเมืองกำแพงเพชรอ.รัตภูมิ จ.สงขลา,2562,โดยเส้นทางเข้าสู่สถานีขนถ่ายขยะมูลฝอยที่เทศบาลเมืองกำแพงเพชรเลือกนั้น 2.โครงการยังไม่ได้รับการขยายเขตไฟฟ ปัจจุบันเป็นถนนดินลูกรังที่วิ่งผ่านสวนยางพาราของประชาชน,สถานีขนถ่ายขยะมูลฝอยเทศบาลเมืองกำแพงเพชรยังไม่ได้เตรียมความพร้อมในการบริหารจัดการโครงการ 1.ค่าบริการรับเหมากำจัดขยะ ที่อำเภอคลองหอยโข่ง,"1.ดูแลรักษาสถานีขนถ่ายขยะมูลฝอยให้อยู่ในสภาพพร้อมใช้งาน 
เมื่อดำเนินการก่อสร้างถนนทางเข้าสถานีขนถ่ายขยะมูลฝอย 
และขยายเขตไฟฟ้าแล้วเสร็จ สามารถเปิดดำเนินการได้ทันที
2.เร่งดำเนินการก่อสร้างถนนและขอขยายเขตไฟฟ้าจากการไฟฟ้าส่วนภูมิภาคให้แล้วเสร็จเพื่อที่จะได้ด","1.ตามสัญญาเดิม 
โครงการก่อสร้างสถานีขนถ่ายขยะมูลฝอยถูกกำหนดให้แล้วเสร็จในปีงบประมาณ 2560 
เพื่อที่จะให้โครงการสามารถสอดรับกับเป้าหมาย Roadmap 
การบริหารจัดการชยะมูลฝอย คือ นำขยะสะสมขององค์กรปกครองส่วนท้องถิ่นทั้ง 7 
แห่ง ปริมาณ 58,708 ตัน มากำจัดอย่างถูกห"
FL-1491,ผลการตรวจสอบด้านอื่น ๆ                                                                              ,เทศบาลเมืองชุมแพ,การตรวจสอบการดำเนินงานระบบจัดการขยะมูลฝอยของเทศบาลเมืองบ้านไผ่ จังหวัดขอนแก่น,2562,1.อัตรากำลังบุคลากรด้านการบริหารจัดการขยะในส่วนของงานกำจัดขยะมูลฝอยแ และขาดความรู้ความเข้าใจในการจัดการสถานที่กำจัดขยะมูลฝอยให้เป็นไปตามเกณฑ์ เทศบาลเมืองบ้านไผ่,การจัดการขยะมูลฝอยไม่เป็นไปตามมาตรฐานการจัดการขยะมูลฝอย และกรมส่งเสริมการปกครองท้องถิ่น การจัดการขยะมูลฝอยของเทศบาลเมืองบ้านไผ่,"      เทศบาลเมืองบ้านไผ่
เพื่อให้การดำเนินงานระบบจัดการขยะมูลฝอยของเทศบาลเมืองบ้านไผ่ 
เป็นไปตามเกณฑ์ มาตรฐาน และแนวทางการจัดการขยะมูลฝอยชุมชน ของกรมควบคุมมลพิษ 
และป้องกันผลกระทบที่อาจเกิดขึ้นกับสิ่งแวดล้อม 
สำนักงานการตรวจเงินแผ่นดินจึงมีข้อเสนอแนะให้นา","     เทศบาลเมืองบ้านไผ่

1.	การไม่ติดประกาศชั่วโมงปฏิบัติงานที่ประตูทางเข้า 
อาจทำให้มีบุคคลภายนอกบุกรุกเข้าไปในสถานที่กำจัดขยะมูลฝอยโดยไม่ได้รับอนุญาตหลังเวลาปิดทำการ 
ซึ่งอาจเกิดความไม่ปลอดภัยต่อทรัพย์สินของทางราชการ
2.	การไม่มีระบบควบคุมก๊าซ ส่งผลให้เก"
FL-1492,ผลการตรวจสอบด้านอื่น ๆ                                                                              ,สำนักงานประมงจังหวัดฉะเชิงเทรา,โครงการการยกระดับคุณภาพและการแปรรูปสินค้าเกษตร งบประมาณจังหวัด ปีงบประมาณ 2560 - 2562,2562,เจ้าหน้าที่ไม่ได้กำหนดเนื้อหาที่แตกต่างเพื่อให้เหมาะกับกลุ่มเป้าหมายที่มีศักยภาพ การดำเนินโครงการตามขั้นตอนการคัดเลือกและการเตรียมความพร้อมยังไม่เหมาะสม การกำหนดหลักสูตรฝึกอบรมไม่เหมาะสม,การดำเนินโครงการตามขั้นตอนการบริหารโครงการภาครัฐ ไม่ได้กำหนดหลักเกณฑ์การคัดเลือกที่เหมาะสม การกำหนดหลักสูตรการฝึกอบรมไม่เหมาะสม,"1. ให้ผู้ว่าราชการจังหวัดฉะเชิงเทรา ดำเนินการควบคุม ติดตาม 
ให้หน่วยงานที่ได้รับการจัดสรรงบประมาณจัดทำรายงานผลสัมฤทธิ์ของโครงการให้เป็นไปตามวัตถุประสงค์โครงการ 
เป้าหมายและตัวชี้วัดที่กำหนดไว้ 
และให้มีการตรวจสอบความครบถ้วนของการจัดทำรายงานผลสัมฤทธิ์ดังกล","1. การกำหนดหลักสูตรฝึกอบรมไม่เหมาะสม 
ทำให้เกษตรกรที่ฟาร์มผ่านการรับรองมาตรฐาน GAP แล้วมาอบรมซ้ำในเรื่องมาตรฐาน 
GAP อีก และได้รับความรู้ในเรื่องการแปรรูปที่เกษตรกรไม่สนใจ ไม่ได้นำไปทำต่อ 
ทำให้รัฐสูญเสียงบประมาณในการฝึกอบรมที่ไม่เกิดความคุ้มค่า
2. การไม่"
FL-1494,ผลการตรวจสอบด้านอื่น ๆ                                                                              ,สำนักงานจังหวัดเชียงราย,โครงการพัฒนาพืชเฉพาะถิ่นตามภูมิศาสตร์ (ชา กาแฟ),2562,สำนักงานเกษตรจังหวัดเชียงรายมิได้พิจารณากลั่นกรองคัดเลือกกลุ่มวิสาหกิจชุมชนฯ ที่มีศักยภาพที่จะสามารถบริหารจัดการโรงแปรรูปกาแฟและเครื่องมืออุปกรณ์ที่ได้รับ 1.ขั้นตอนการคัดเลือกกลุ่มวิสาหกิจชุมชนฯ,ปัญหาการบริหารจัดการกลุ่มวิสาหกิจชุมชนผู้ปลูกกาแฟ จากการตรวจสอบการบริหารจัดการกลุ่มวิสาหกิจชุมชนผู้ปลูกกาแฟ มีกลุ่มที่บริหารจัดการระดับดี,"ข้อเสนอแนะ ให้เกษตรจังหวัดเชียงราย ดำเนินการดังนี้
1.	ประสานกับกลุ่มวิสาหกิจชุมชนฯ ทั้ง 8 กลุ่มตามโครงการ 
ให้ดำเนินการปรับปรุงแก้ไขการบริหารจัดการกลุ่มวิสาหกิจชุมชนฯ 
ให้เป็นไปตามตัวชี้วัดหลัก 15 ข้อ โดยเร็ว  
และสำนักงานเกษตรจังหวัดเชียงรายรวบรวมผลการดำ","ผลกระทบ
1. การบริหารงานกลุ่มวิสาหกิจชุมชนกาแฟ 
ตามโครงสร้างที่มีกรรมการวิสาหกิจชุมชนฯ หลายคน แต่ทำหน้าที่จริงเพียง 1-2 คน 
หรือบางกลุ่ม ฯ ไม่มีการจัดทำรายการรายรับ-รายจ่าย 
ทำให้ขาดความรัดกุมในการดำเนินงาน มีความเสี่ยงที่จะเกิดการรั่วไหลของเงินได้ 
2. การ"
FL-1495,ผลการตรวจสอบด้านอื่น ๆ                                                                              ,สำนักบริหารยุทธศาสตร์กลุ่มจังหวัดภาคเหนือตอนบน 2,โครงการตามแผนบูรณาการส่งเสริมการพัฒนาจังหวัดและกลุ่มจังหวัดแบบบูรณาการ กลุ่มจังหวัดภาคเหนือตอนบน 2,2562,และโรงสีข้าวล่าช้าเนื่องจากใช้ระยะเวลาในการดำเนินการขอเปลี่ยนสถานที่ก่อสร้างค่อนข้างนานจากสหกรณ์การเกษตรอำเภอเมืองเชียงราย ก่อสร้างเครื่องอบลดความชื้นข้าว/ข้าวโพด มาก่อสร้างในพื้นที่ของสหกรณ์การเกษตรเมืองพาน,ก่อสร้างเครื่องอบลดความชื้นข้าว/ข้าวโพด การบริหารจัดการโครงการเป็นปัจจัยสำคัญที่จะทำให้โครงการสนับสนุนการปรับปรุง คุณภาพพืชเศรษฐกิจของเกษตรกรเพื่อสร้างมูลค่าเพิ่ม,"อยู่ในข้อตรวจพบที่ 1
","ผลกระทบ
การบริหารจัดการโครงการไม่มีประสิทธิภาพ โดยดำเนินการก่อสร้างเครื่องอบลด 
ความชื้นและโรงสีข้าวแล้วเสร็จล่าช้า ไม่มีความพร้อมด้านการรวบรวม 
แปรรูปผลิตผล และการตลาด ส่งผล กระทบต่อการดำเนินการโครงการทั้ง 2 โครงการ 
ดังนี้ โครงการสนับสนุนการปรับปรุงคุณภ"
FL-1496,ผลการตรวจสอบด้านอื่น ๆ                                                                              ,กรมพัฒนาฝีมือแรงงาน,โครงการพัฒนาศักยภาพแรงงานรองรับภาคอุตสาหกรรมและบริการเพื่อการแข่งขัน,2562,และเจ้าหน้าที่บันทึกข้อมูล มีการบันทึกข้อมูล บันทึกข้อมูล,ข้อมูลผลการดำเนินงานการพัฒนาฝีมือแรงงานยังมีความคลาดเคลื่อน สพร.ที่สุ่มตรวจสอบกับระบบ จากการเปรียบเทียบข้อมูลผลการดำเนินการของ,"กำชับให้ สพร. และ สนพ. ให้ความสำคัญกับการตรวจสอบความถูกต้อง ครบถ้วน 
ของข้อมูลทั้งก่อนและหลังบันทึกข้อมูลเข้าสู่ระบบ และจัดให้มีกระบวนการจัดการ
ความรู้ ให้กับเจ้าหน้าที่ผู้ปฏิบัติงาน และปรับปรุงคู่มือผู้ใช้งานระบบ
ดังกล่าวให้ทันสมัย 
","-
"
FL-1497,ผลการตรวจสอบด้านอื่น ๆ                                                                              ,อบต.อ่าวนาง,การตรวจสอบการดำเนินงานการบังคับใช้กฎหมายควบคุมอาคารเทศบาลตำบลและองค์การบริหารส่วนตำบล,2562,ไม่มีมาตรการดำเนินการกับเจ้าของอาคารที่มีการเพิกเฉยไม่ส่งรายงานการตรวจสอบ สภาพอาคาร,การส่งรายงานตรวจสอบสภาพอาคารของอาคาร จากการตรวจสอบเอกสารสมุดคุมใบอนุญาตก่อสร้างฯ ประเภทไม่เป็นไปตามกฎหมาย,"พิจารณากำหนดมาตรการดำเนินการให้เป็นไปตามกฎหมายอย่างเคร่งครัดกับเจ้าของอาคารที่เพิกเฉยไม่ส่งรายงานการตรวจสอบสภาพอาคาร 
หากยังเพิกเฉยให้ดำเนินการลงโทษตามที่กฎหมายกำหนด
","อาคาร 9 ประเภท 
เป็นอาคารที่ก่อสร้างเพื่อใช้เป็นที่อยู่อาศัยหรือประกอบกิจการให้บริการประชาชน 
กรณีเจ้าของอาคารส่วนใหญ่ไม่ส่งรายงานตรวจสอบสภาพอาคารตามกฎหมาย 
ย่อมก่อให้เกิดความเสี่ยงที่อาจส่งผลต่อความไม่ปลอดภัยในชีวิตและทรัพย์สินของประชาชนที่อยู่อาศัยหรือใ"
FL-1498,ผลการตรวจสอบด้านอื่น ๆ                                                                              ,อบต.อ่าวนาง,การตรวจสอบการดำเนินงานการบังคับใช้กฎหมายควบคุมอาคารเทศบาลตำบลและองค์การบริหารส่วนตำบล,2562,ไม่มีมาตรการดำเนินการกับเจ้าของอาคารที่มีการเพิกเฉยไม่ส่งรายงานการตรวจสอบ สภาพอาคาร,การส่งรายงานตรวจสอบสภาพอาคารของอาคาร จากการตรวจสอบเอกสารสมุดคุมใบอนุญาตก่อสร้างฯ ประเภทไม่เป็นไปตามกฎหมาย,"พิจารณากำหนดมาตรการดำเนินการให้เป็นไปตามกฎหมายอย่างเคร่งครัดกับเจ้าของอาคารที่เพิกเฉยไม่ส่งรายงานการตรวจสอบสภาพอาคาร 
หากยังเพิกเฉยให้ดำเนินการลงโทษตามที่กฎหมายกำหนด
","อาคาร 9 ประเภท 
เป็นอาคารที่ก่อสร้างเพื่อใช้เป็นที่อยู่อาศัยหรือประกอบกิจการให้บริการประชาชน 
กรณีเจ้าของอาคารส่วนใหญ่ไม่ส่งรายงานตรวจสอบสภาพอาคารตามกฎหมาย 
ย่อมก่อให้เกิดความเสี่ยงที่อาจส่งผลต่อความไม่ปลอดภัยในชีวิตและทรัพย์สินของประชาชนที่อยู่อาศัยหรือใ"
FL-1499,ผลการตรวจสอบด้านอื่น ๆ                                                                              ,อบต.อ่าวนาง,การตรวจสอบการดำเนินงานการบังคับใช้กฎหมายควบคุมอาคารเทศบาลตำบลและองค์การบริหารส่วนตำบล,2562,ไม่มีมาตรการดำเนินการกับเจ้าของอาคารที่มีการเพิกเฉยไม่ส่งรายงานการตรวจสอบ สภาพอาคาร,การส่งรายงานตรวจสอบสภาพอาคารของอาคาร จากการตรวจสอบเอกสารสมุดคุมใบอนุญาตก่อสร้างฯ ประเภทไม่เป็นไปตามกฎหมาย,"พิจารณากำหนดมาตรการดำเนินการให้เป็นไปตามกฎหมายอย่างเคร่งครัดกับเจ้าของอาคารที่เพิกเฉยไม่ส่งรายงานการตรวจสอบสภาพอาคาร 
หากยังเพิกเฉยให้ดำเนินการลงโทษตามที่กฎหมายกำหนด
","อาคาร 9 ประเภท 
เป็นอาคารที่ก่อสร้างเพื่อใช้เป็นที่อยู่อาศัยหรือประกอบกิจการให้บริการประชาชน 
กรณีเจ้าของอาคารส่วนใหญ่ไม่ส่งรายงานตรวจสอบสภาพอาคารตามกฎหมาย 
ย่อมก่อให้เกิดความเสี่ยงที่อาจส่งผลต่อความไม่ปลอดภัยในชีวิตและทรัพย์สินของประชาชนที่อยู่อาศัยหรือใ"
FL-1500,ผลการตรวจสอบด้านอื่น ๆ                                                                              ,อบต.อ่าวนาง,การตรวจสอบการดำเนินงานการบังคับใช้กฎหมายควบคุมอาคารเทศบาลตำบลและองค์การบริหารส่วนตำบล,2562,ไม่มีมาตรการดำเนินการกับเจ้าของอาคารที่มีการเพิกเฉยไม่ส่งรายงานการตรวจสอบ สภาพอาคาร,การส่งรายงานตรวจสอบสภาพอาคารของอาคาร จากการตรวจสอบเอกสารสมุดคุมใบอนุญาตก่อสร้างฯ ประเภทไม่เป็นไปตามกฎหมาย,"พิจารณากำหนดมาตรการดำเนินการให้เป็นไปตามกฎหมายอย่างเคร่งครัดกับเจ้าของอาคารที่เพิกเฉยไม่ส่งรายงานการตรวจสอบสภาพอาคาร 
หากยังเพิกเฉยให้ดำเนินการลงโทษตามที่กฎหมายกำหนด
","อาคาร 9 ประเภท 
เป็นอาคารที่ก่อสร้างเพื่อใช้เป็นที่อยู่อาศัยหรือประกอบกิจการให้บริการประชาชน 
กรณีเจ้าของอาคารส่วนใหญ่ไม่ส่งรายงานตรวจสอบสภาพอาคารตามกฎหมาย 
ย่อมก่อให้เกิดความเสี่ยงที่อาจส่งผลต่อความไม่ปลอดภัยในชีวิตและทรัพย์สินของประชาชนที่อยู่อาศัยหรือใ"
FL-1501,ผลการตรวจสอบด้านอื่น ๆ                                                                              ,อบต.อ่าวนาง,การตรวจสอบการดำเนินงานการบังคับใช้กฎหมายควบคุมอาคารเทศบาลตำบลและองค์การบริหารส่วนตำบล,2562,ไม่มีมาตรการดำเนินการกับเจ้าของอาคารที่มีการเพิกเฉยไม่ส่งรายงานการตรวจสอบ สภาพอาคาร,การส่งรายงานตรวจสอบสภาพอาคารของอาคาร จากการตรวจสอบเอกสารสมุดคุมใบอนุญาตก่อสร้างฯ ประเภทไม่เป็นไปตามกฎหมาย,"พิจารณากำหนดมาตรการดำเนินการให้เป็นไปตามกฎหมายอย่างเคร่งครัดกับเจ้าของอาคารที่เพิกเฉยไม่ส่งรายงานการตรวจสอบสภาพอาคาร 
หากยังเพิกเฉยให้ดำเนินการลงโทษตามที่กฎหมายกำหนด
","อาคาร 9 ประเภท 
เป็นอาคารที่ก่อสร้างเพื่อใช้เป็นที่อยู่อาศัยหรือประกอบกิจการให้บริการประชาชน 
กรณีเจ้าของอาคารส่วนใหญ่ไม่ส่งรายงานตรวจสอบสภาพอาคารตามกฎหมาย 
ย่อมก่อให้เกิดความเสี่ยงที่อาจส่งผลต่อความไม่ปลอดภัยในชีวิตและทรัพย์สินของประชาชนที่อยู่อาศัยหรือใ"
FL-1502,ผลการตรวจสอบด้านอื่น ๆ                                                                              ,อบต.อ่าวนาง,การตรวจสอบการดำเนินงานการบังคับใช้กฎหมายควบคุมอาคารเทศบาลตำบลและองค์การบริหารส่วนตำบล,2562,ไม่มีมาตรการดำเนินการกับเจ้าของอาคารที่มีการเพิกเฉยไม่ส่งรายงานการตรวจสอบ สภาพอาคาร,มีจำนวนอาคารที่เข้าข่ายต้องตรวจสอบอาคารฯ จากการตรวจสอบเอกสารสมุดคุมใบอนุญาตก่อสร้างฯ เทศบาลตำบลและองค์การบริหารส่วนตำบลที่สุ่มตรวจสอบ,"พิจารณากำหนดมาตรการดำเนินการให้เป็นไปตามกฎหมายอย่างเคร่งครัดกับเจ้าของอาคารที่เพิกเฉยไม่ส่งรายงานการตรวจสอบสภาพอาคาร 
หากยังเพิกเฉยให้ดำเนินการตามที่กฎหมายกำหนด
","อาคาร 9 ประเภท 
เป็นอาคารที่ก่อสร้างเพื่อใช้เป็นที่อยู่อาศัยหรือประกอบกิจการให้บริการประชาชน 
กรณีเจ้าของอาคารส่วนใหญ่ไม่ส่งรายงานตรวจสอบสภาพอาคารตามกฎหมาย 
ย่อมก่อให้เกิดความเสี่ยงที่อาจส่งผลต่อความไม่ปลอดภัยในชีวิตและทรัพย์สินของประชาชนที่อยู่อาศัยหรือใ"
FL-1503,ผลการตรวจสอบด้านอื่น ๆ                                                                              ,อบต.อ่าวนาง,การตรวจสอบการดำเนินงานการบังคับใช้กฎหมายควบคุมอาคารเทศบาลตำบลและองค์การบริหารส่วนตำบล,2562,ไม่มีมาตรการดำเนินการกับเจ้าของอาคารที่มีการเพิกเฉยไม่ส่งรายงานการตรวจสอบ สภาพอาคาร,การส่งรายงานตรวจสอบสภาพอาคารของอาคาร จากการตรวจสอบเอกสารสมุดคุมใบอนุญาตก่อสร้างฯ ประเภทไม่เป็นไปตามกฎหมาย,"พิจารณากำหนดมาตรการดำเนินการให้เป็นไปตามกฎหมายอย่างเคร่งครัดกับเจ้าของอาคารที่เพิกเฉยไม่ส่งรายงานการตรวจสอบสภาพอาคาร 
หากยังเพิกเฉยให้ดำเนินการลงโทษตามที่กฎหมายกำหนด
","อาคาร 9 ประเภท 
เป็นอาคารที่ก่อสร้างเพื่อใช้เป็นที่อยู่อาศัยหรือประกอบกิจการให้บริการประชาชน 
กรณีเจ้าของอาคารส่วนใหญ่ไม่ส่งรายงานตรวจสอบสภาพอาคารตามกฎหมาย 
ย่อมก่อให้เกิดความเสี่ยงที่อาจส่งผลต่อความไม่ปลอดภัยในชีวิตและทรัพย์สินของประชาชนที่อยู่อาศัยหรือใ"
FL-1504,ผลการตรวจสอบด้านอื่น ๆ                                                                              ,อบต.อ่าวนาง,การตรวจสอบการดำเนินงานการบังคับใช้กฎหมายควบคุมอาคารเทศบาลตำบลและองค์การบริหารส่วนตำบล,2562,ไม่มีมาตรการดำเนินการกับเจ้าของอาคารที่มีการเพิกเฉยไม่ส่งรายงานการตรวจสอบ สภาพอาคาร,การส่งรายงานตรวจสอบสภาพอาคารของอาคาร จากการตรวจสอบเอกสารสมุดคุมใบอนุญาตก่อสร้างฯ ประเภทไม่เป็นไปตามกฎหมาย,"พิจารณากำหนดมาตรการดำเนินการให้เป็นไปตามกฎหมายอย่างเคร่งครัดกับเจ้าของอาคารที่เพิกเฉยไม่ส่งรายงานการตรวจสอบสภาพอาคาร 
หากยังเพิกเฉยให้ดำเนินการลงโทษตามที่กฎหมายกำหนด
","อาคาร 9 ประเภท 
เป็นอาคารที่ก่อสร้างเพื่อใช้เป็นที่อยู่อาศัยหรือประกอบกิจการให้บริการประชาชน 
กรณีเจ้าของอาคารส่วนใหญ่ไม่ส่งรายงานตรวจสอบสภาพอาคารตามกฎหมาย 
ย่อมก่อให้เกิดความเสี่ยงที่อาจส่งผลต่อความไม่ปลอดภัยในชีวิตและทรัพย์สินของประชาชนที่อยู่อาศัยหรือใ"
FL-1508,ผลการตรวจสอบด้านอื่น ๆ                                                                              ,สำนักงานปลัดกระทรวงพลังงาน,การตรวจสอบการดำเนินงานโครงการสูบน้ำพลังงานแสงอาทิตย์สู้ภัยแล้ง,2562,เกิดจากการตรวจสอบเอกสารที่เกี่ยวข้องกับคุณสมบัติของสมาชิกกลุ่มผู้ใช้น้ำที่ต้องการเข้าร่วมโครงการและบ่อน้ำบาดาลตามของผู้ที่เกี่ยวข และบ่อน้ำบาดาลที่มีคุณสมบัติไม่เป็นไปตามหลักเกณฑ์ สาเหตุที่กลุ่มผู้ใช้น้ำ,จากการตรวจสอบเอกสารข้อเสนอโครงการสูบน้ำพลังงานแสงอาทิตย์สู้ภัยแล้งพร้อมเอกสารแนบ การดำเนินโครงการไม่เป็นไปตามหลักเกณฑ์และเงื่อนไขที่กำหนด การดำเนินโครงการไม่เป็นไปตามหลักเกณฑ์และเงื่อนไขที่กำหนด,"การตรวจสอบเอกสารที่เกี่ยวข้องกับคุณสมบัติของสมาชิกกลุ่มผู้ใช้น้ำที่ต้องการเข้าร่วมโครงการและเอกสารสำคัญอื่น 
ๆ ที่เกี่ยวข้องกับหลักเกณฑ์ เงื่อนไขโครงการต้องดำเนินการอย่างรอบคอบ รัดกุม
","1.การที่บ่อน้ำบาดาลที่เข้าร่วมโครงการมีอัตราการผลิตน้ำน้อยกว่า 5 ลบ.ม./ชม. 
ส่งผลให้สมาชิกกลุ่มผู้ใช้น้ำมีปัญหาบ่อน้ำบาดาลมีปริมาณการผลิตน้ำไม่เพียงพอ 
โดยจากการสอบถามสมาชิกกลุ่มผู้ใช้น้ำและสังเกตการณ์ระบบสูบน้ำพลังงานแสงอาทิตย์พบว่า 
สมาชิกกลุ่มผู้ใช้น้ำ"
FL-1509,ผลการตรวจสอบด้านอื่น ๆ                                                                              ,สำนักงานปลัดกระทรวงพลังงาน,การตรวจสอบการดำเนินงานโครงการสูบน้ำพลังงานแสงอาทิตย์สู้ภัยแล้ง,2562,กลุ่มผู้ใช้น้ำเพื่อการเกษตรส่วนใหญ่ยังไม่เห็นความจำเป็นในการแต่งตั้งคณะกรรมการกลุ่มผู้ใช้น้ำ การที่กลุ่มผู้ใช้น้ำเพื่อการเกษตรไม่ได้บริหารจัดการระบบสูบน้ำพลังงานแสงอาทิตย์ตามแนวทางที่กำหนดเกิดจาก การกำหนดข้อตกลงหรือหลักเกณฑ์การจัดสรรน้ำ,สมาชิกผู้ใช้น้ำเพื่อการเกษตรบางส่วนยังไม่มีแหล่งเก็บน้ำเพิ่มเติม กลุ่มผู้ใช้น้ำยังไม่ได้บริหารจัดการระบบสูบน้ำพลังงานแสงอาทิตย์ตามแนวทางที่กำหนด สมาชิกกลุ่มผู้ใช้น้ำที่มีแหล่งเก็บน้ำเพิ่มเติมแล้วมีจำนวน,"สำนักงานการตรวจเงินแผ่นดินมีข้อเสนอแนะให้ปลัดกระทรวงพลังงานพิจารณาดำเนินการ 
ดังนี้
	1.	
ในอนาคตหากมีการดำเนินโครงการในลักษณะเดียวกับโครงการดังกล่าว 
ควรพิจารณาดำเนินการ ดังนี้
		1.1 
การกำหนดระยะเวลาเปิดรับสมัครโครงการควรพิจารณาถึงความเหมาะสมและเพียงพอสำ","การที่กลุ่มผู้ใช้น้ำที่เข้าร่วมโครงการไม่ได้บริหารจัดการระบบสูบน้ำพลังงานแสงอาทิตย์ตามแนวทางที่กำหนด 
โดยสมาชิกกลุ่มผู้ใช้น้ำเพื่อการเกษตรบางส่วนยังไม่มีแหล่งเก็บน้ำเพิ่มเติม 
และกลุ่มผู้ใช้น้ำเพื่อการเกษตรส่วนใหญ่ยังไม่มีการจัดการกลุ่มที่ชัดเจนตามแนวทางข"
FL-1729,ผลที่ได้จากโครงการไม่ตรงกับความต้องการของประชาชน                                                    ,กรมบัญชีกลาง,โครงการประชารัฐสวัสดิการ,2562,เป้าหมายที่จะสามารถใช้ในการวิเคราะห์เชิงลึก ประกอบกับการกำหนดแนวทางโดยภาครัฐยังไม่มีข้อมูลของประชาชนกลุ่ม แนวนโยบายในการให้ความช่วยเหลือที่กำหนดตามโครงการ,บางรายการยังไม่เกิดประโยชน์สำหรับกลุ่มเป้าหมายอย่างแท้จริง สวัสดิการที่ช่วยเหลือผ่านบัตรสวัสดิการแห่งรัฐ,"เพื่อให้ประชาชนกลุ่มเป้าหมายสามารถใช้ประโยชน์จากสิทธิสวัสดิการแห่งรัฐ
ที่จัดสรรเพื่อเป็นการช่วยเหลือเฉพาะหน้า 
และเพื่อให้สามารถเข้าถึงสวัสดิการแห่งรัฐได้อย่างเท่าเทียมกัน 
สำนักงานการตรวจเงินแผ่นดิน 
มีข้อเสนอแนะให้สำนักงานปลัดกระทรวงการคลังพิจารณาสั่งกา","เกิดความเหลื่อมล้ำในสิทธิการเข้าถึงสวัสดิการแห่งรัฐตามโครงการ 
โดยเฉพาะประชาชนในพื้นที่ชนบทห่างไกล 
ระบบบริการของภาครัฐยังเข้าไม่ถึงกลุ่มประชาชนดังกล่าว อาทิ 
ระบบประปาของการประปาภูมิภาคหรือการประปานครหลวง 
การไฟฟ้านครหลวงหรือการไฟฟ้าส่วนภูมิภาค ตลอดจนระบ"
FL-1750,แผนงานไม่สอดคล้องกับวัตถุประสงค์และสภาพความเป็นจริง                                                 ,กลุ่มจังหวัดภาคกลางตอนบน,โครงการเพิ่มประสิทธิภาพการผลิตเพื่อส่งเสริมอุตสาหกรรมและการเกษตรเชิงสร้างสรรค์,2562,เนื่องจากไม่ได้มีการประเมินความสอดคล้องและเชื่อมโยงของตัวชี้วัดและค่าเป้าหมาย ทั้งในขั้นตอนการจัดทำกิจกรรมภายใต้โครงการเพื่อเสนอขออนุมัติของหน่วยดำเนินการ และขั้นตอนการพิจารณาให้ความเห็นชอบโครงการและกิจกรรมภายใต้โค,กิจกรรมภายใต้โครงการไม่สนับสนุนต่อความสำเร็จตามตัวชี้วัดและเป้าหมายของโครงการ จากการตรวจสอบเอกสารการดำเนินงานกิจกรรมภายใต้โครงการ และสัมภาษณ์หรือสอบถามหัวหน้าหน่วยดำเนินการ,"1.สั่งการกลุ่มงานบริหารยุทธศาสตร์กลุ่มจังหวัดภาคกลางตอนบน 
ให้แจ้งปัญหากิจกรรมภายใต้โครงการไม่สนับสนุนต่อความสำเร็จโครงการ 
และข้อเสนอแนะตามผลการตรวจสอบให้คณะกรรมการบริหารงานกลุ่มจังหวัดแบบบูรณาการ 
ทราบ เพื่อใช้เป็นข้อมูลประกอบในการพิจารณาดำเนินการตามอำน","ทำให้ตัวชี้วัดและค่าเป้าหมายของกิจกรรมภายใต้โครงการไม่สอดคล้องและไม่สามารถเชื่อมโยงเพื่อสนับสนุนหรือส่งผลให้การดำเนินงานโครงการบรรลุผลสำเร็จตามตั้วชี้วัดและเป้าหมายที่กำหนดไว้ได้
"
FL-1751,แผนงานไม่สอดคล้องกับวัตถุประสงค์และสภาพความเป็นจริง                                                 ,ที่ทำการปกครองอำเภอบางซ้าย,โครงการนวัตกรรม วัฒนธรรมสายน้ำเจ้าพระยา-ป่าสัก เพื่อการท่องเที่ยว,2562,และใช้จ่ายเงินงบประมาณในการดำเนินกิจกรรมของโครงการโดยไม่ได้คำนึงถึงความสอดคล้องของกิจกรรมนั้น หน่วยงานที่รับผิดชอบการดำเนินโครงการขาดการวางแผนการใช้จ่ายเงินงบประมาณอย่างเป็นระบบ จึงทำให้มีการใช้จ่ายเงินงบประมาณในการดำเนิ,มีการดำเนินงานภายใต้กิจกรรมที่ไม่สอดคล้องกับวัตถุประสงค์ของโครงการนวัตกรรมฯ กิจกรรมที่ดำเนินการไม่สอดคล้องกับวัตถุประสงค์ของโครงการ 1.สำนักงานส่งเสริมการปกครองท้องถิ่นจังหวัดสระบุรี,"1.การดำเนินโครงการในโอกาสต่อไป ควรมีการประเมินความพร้อม 
รวมทั้งศึกษาความเป็นไปได้และความเหมาะสมกับสภาพพื้นที่ดำเนินการ 
เพื่อให้ทราบถึงปัญหาอุปสรรคที่อาจทำให้ไม่สามารถปฏิบัิตงานได้ 
รวมทั้งควรมีการวางแผนการจัดซื้อจัดจ้างและการใช้จ่ายเงินงบประมาณให้มีความ","   กรณีหน่วยงานที่รับผิดชอบการดำเนินโครงการ 
บริหารจัดการโครงการไม่เป็นไปตามแนวทางที่กำหนดไว้ 
โดยใช้จ่ายงบประมาณในการดำเนินงานที่ไม่สอดคล้องกับวัตถุประสงค์ของโครงการซึ่งไม่ได้เป็นการส่งเสริมการท่องเที่ยวหรือพัฒนาแหล่งท่องเที่ยว 
เช่น 
การใช้จ่ายเงินเป็นค"
FL-1803,วัตถุประสงค์และเป้าหมายของโครงการไม่ชัดเจน                                                          ,กรมการค้าภายใน,การตรวจสอบการดำเนินงานการคุ้มครองผู้บริโภคของกรมการค้าภายใน,2562,การสร้างเครือข่ายอาสาธงฟ้า 1.กรมการค้าภายในขาดการกำกับการปฏิบัติหน้าที่ด้านอื่นของอาสาประจำในการที่ จะช่วยเจ้าหน้าที่สอดส่องพฤติกรรมการค้าที่ไม่เป็นธรรมต่อผู้บริโภค,ข้อตรวจพบที่ 3 การสร้างเครือข่ายอาสาธงฟ้า 1569 ยังไม่เกิดประสิทธิผล,"   เพื่อให้การสร้างเครือข่ายอาสาธงฟ้า 1569 ของกรมการค้าภายในเกิดประสิทธิผล 
สำนักงานการตรวจเงินแผ่นดินมีข้อเสนอแนะให้อธิบดีกรมการค้าภายในพิจารณาดำเนินการ
ดังนี้
   1.พิจารณาทบทวนเป้าประสงค์ของการสร้างเครือข่ายอาสาธงฟ้า 1569 และกำหนดกิจกรรม
ให้สอดคล้องเหมา","   การที่อาสาธงฟ้า 1569 ประเภทอาสาประจำไม่มีการสอดส่องดูแลพฤติกรรมทางการค้าที่
ไม่เป็นธรรม และสะท้อนปัญหาและข้อเสนอแนะเกี่ยวกับการดูแลราคา ปริมาณ ความเป็นธรรม
ทางการค้า เช่น การไม่ปิดป้ายแสดงราคาสินค้า การขายสินค้าไม่เป็นไปตามป้ายราคา 
การเรียกเก็บค่าใช้จ"
