finding_id,issue_title,unit,program,year,cause_detail,issue_detail,recommendation,outcomes_impact
FL-0034,การดำเนินงานไม่บรรลุวัตถุประสงค์เป้าหมายของโครงการ                                                  ,สำนักงานจังหวัดสุพรรณบุรี,โครงการเพิ่มศักยภาพสินค้าเกษตรและอาหารปลอดภัย ๔.๐ ของจังหวัดสุพรรณบุรี,2561,,การดำเนินโครงการเพิ่มศักยภาพสินค้าเกษตรและอาหารปลอดภัย จากการประเมินความสำเร็จของโครงการในแต่ละกิจกรรมจะเห็นได้ว่ายังไม่สามารถบรรลุวัตถุประสงค์ของกิจกรรมทั้ง ไม่บรรลุวัตถุประสงค์,"๑.	สั่งการให้หน่วยงานที่เกี่ยวข้องและรับผิดชอบในการดำเนินโครงการ 
จัดทำฐานข้อมูลประวัติเกษตรกรกลุ่มเป้าหมาย 
เพื่อทราบสภาพปัญหา/ความต้องการของเกษตรกรที่ต้องการให้รัฐสนับสนุน 
โดยมีการศึกษาปัญหาและสำรวจความต้องการของเกษตรกร หรือกลุ่มเกษตรกร 
พร้อมทั้งปรับฐ","การดำเนินโครงการเพิ่มศักยภาพสินค้าเกษตรและอาหารปลอดภัย ๔.๐ 
ของจังหวัดสุพรรณบุรี ไม่บรรลุวัตถุประสงค์ ส่งผลกระทบ ดังนี้
๑.	เกษตรกรกลุ่มเป้าหมายในจังหวัดสุพรรณบุรี 
ไม่สามารถลดต้นทุนการผลิตในกระบวนการผลิตทางการเกษตรได้ 
พร้อมทั้งผลผลิตที่ได้อาจจะไม่มีคุณภา"
FL-0035,การดำเนินงานไม่บรรลุวัตถุประสงค์เป้าหมายของโครงการ                                                  ,สำนักงานจังหวัดปทุมธานี,การจ้างที่ปรึกษาโดยใช้งบพัฒนาจังหวัด ของจังหวัดปทุมธานี,2561,และมีเจ้าหน้าที่ไม่เพียงพอที่จะดำเนินการด้วยตนเองจึงใช้วิธีการจ้างที่ปรึกษาโดยไม่ได้คำนึงถึงลักษณะงานที่เหมาะสมกับการจ้างที่ปรึกษา เจ้าหน้าที่ของหน่วยงานที่จัดทำโครงการจ้างที่ปรึกษามีความเข้าใจไม่ชัดเจนเกี่ยวกับระเบียบและหนังสือ สั่งการที่เกี่ยวข้อง,รวมทั้งได้ผลงานทางวิชาการที่สามารถนำไปสู่การแก้ปัญหาในเรื่องต่างๆ ตามข้อกำหนดในสัญญาตามระยะเวลาที่กำหนด ข้อตรวจพบที่,"
ให้หน่วยงานที่จัดทำโครงการจ้างที่ปรึกษาจัดให้มีระบบการจัดการองค์ความรู้ที่ได้รับจากการจ้างที่ปรึกษา 
เพื่อเผยแพร่และนำไปใช้ประโยชน์ต่อยอด 
และมีการติดตามประเมินผลการดำเนินโครงการโดยเฉพาะโครงการที่มีการจัดหาวัสดุ/อุปกรณ์ 
แจกจ่ายให้กับหน่วยงาน หรือชุมชน เ",
FL-0043,การดำเนินงานไม่บรรลุวัตถุประสงค์เป้าหมายของโครงการ                                                  ,สำนักงานคณะกรรมการการศึกษาขั้นพื้นฐาน,โครงการโรงเรียนดีใกล้บ้าน (แม่เหล็ก),2561,สาเหตุสำคัญที่ทำให้นโยบายโรงเรียนดีใกล้บ้าน ยังไม่สามารถควบรวมหรือยุบเลิกโรงเรียนขนาดเล็กได้ตามเป้าหมายที่กำหนด สำนักงานคณะกรรมการการศึกษาขั้นพื้นฐาน,มีโรงเรียนเครือข่ายที่ต้องดำเนินการควบรวมหรือยุบเลิกตา การดำเนินงานตามนโยบายโรงเรียนดีใกล้บ้าน จากการสุ่มตรวจสอบโรงเรียนดีใกล้บ้าน,"สำนักงานการตรวจเงินแผ่นดินมีข้อเสนอแนะให้เลขาธิการคณะกรรมการการศึกษา
ขั้นพื้นฐานพิจารณาดำเนินการสั่งการให้ผู้บังคับบัญชากำกับดูแลหน่วยงานที
รับผิดชอบทุกระดับให้ความสำคัญและปฏิบัติตามแนวทางที่กำหนดในคู่มือการดำเนินงาน
โรงเรียนดีใกล้บ้าน (แม่เหล็ก) อย่างเคร","โรงเรียนดีใกล้บ้าน (แม่เหล็ก) ที่ไม่สามารถดำเนินการได้ทำให้การใช้จ่ายงบประมาณ
ไม่บรรลุตามวัตถุประสงค์ของนโยบาย จำนวน 64.35 ล้านบาท และรัฐยังไม่สามารถ
ลดภาระค่าใช้จ่ายลงได้ จำนวน 782,500 บาท 
"
FL-0044,การดำเนินงานไม่บรรลุวัตถุประสงค์เป้าหมายของโครงการ                                                  ,เทศบาลนครนครศรีธรรมราช,การบริหารกิจการประปาสำนักการประปาเทศบาลนครศรีธรรมราช,2561,การผลิตน้ำประปายังสะอาดไม่เพียงพอเพื่อใช้ในการอุปโภคและบริโภคได้อย่างปลอดภัยตามมาตรฐานน้ำบริโภค การวิเคราะห์ทดสอบแหล่งน้ำเพื่อใช้ในการผลิตน้ำประปาไม่เป็นไปตามคู่มือการผลิตน้ำประปาของการประปาส่วนภูมิภาค เจ้าหน้าที่สำนักการประปาฯ,การดำเนินงานไม่บรรลุวัตถุประสงค์หลักของการผลิตน้ำประปา การผลิตน้ำประปายังสะอาดไม่เพียงพอเพื่อใช้ในการอุปโภคและบริโภคได้อย่าง ปลอดภัยตามมาตรฐานน้ำบริโภค,"2.1 
การผลิตน้ำประปายังสะอาดไม่เพียงพอเพื่อใช้ในการอุปโภคและบริโภคได้อย่างปลอดภัยตามมาตรฐานน้ำบริโภค 
1. 
ให้มีการวิเคราะห์ทดสอบและกำหนดความถี่ในการทดสอบคุณภาพแหล่งน้ำที่ใช้ในการผลิตน้ำประปา 
น้ำในกระบวนการผลิต น้ำก่อนกรอง น้ำหลังกรอง น้ำประปา
2. 
ให้มีกา","2.1 การผลิตน้ำประปายังสะอาดไม่เพียงพอเพื่อใช้ในการอุปโภคและบริโภคได้อย่า
   ปลอดภัยตามมาตรฐานน้ำปบริโภค
1. ประชาชนอุปโภคและบริโภคน้ำประปาที่ไม่สะอาดส่งผลกระทบต่อสุขอนามัย
	2. ประชาชนขาดความเชื่อมั่นต่อผู้บริหารองค์กร 
และข้าราชการผู้รับผิดชอบที่ปล่อยปละละ"
FL-0045,การดำเนินงานไม่บรรลุวัตถุประสงค์เป้าหมายของโครงการ                                                  ,สำนักงานท้องถิ่นจังหวัดสุราษฎร์ธานี,การบริหารจัดการสถานีสูบน้ำด้วยไฟฟ้าขององค์กรปกครองส่วนท้องถิ่นในจังหวัดสุราษฎร์ธานี ปีงบประมาณ 2556-2559,2561,,,,
FL-0046,การดำเนินงานไม่บรรลุวัตถุประสงค์เป้าหมายของโครงการ                                                  ,โครงการชลประทานจังหวัดสุราษฏร์ธานี,โครงการจัดหาและเพิ่มพื้นที่ชลประทาน(บ้านวังมะปรางและบ้านหงส์เจริญ),2561,,,,
FL-0048,การดำเนินงานไม่บรรลุวัตถุประสงค์เป้าหมายของโครงการ                                                  ,สำนักงานจังหวัดกำแพงเพชร,โครงการตามมาตรการสำคัญเร่งด่วนเพื่อช่วยเหลือเกษตรกรและคนยากในการเสริมสร้างความเข้มแข็งอย่างยั่งยืน (กยจ.) ของสำนักงานจัง,2561,ทั้งที่กระทรวงมหาดไทยได้มอบอำนาจให้ผู้ว่าราชการจังหวัดปฏิบัติราชการในการโอนเปลี่ยนแปลงรายการงบประมาณภายใต้วัตถุประสงค์ ไม่ให้ความสำคัญในการพิจารณาทบทวน กยจ.,ที่ดำเนินการแล้วเสร็จส่วนใหญ่ไม่สามารถพัฒนาและเสริมสร้างความเข้มแข็งของกลุ่มเกษตรกรโดยการเพิ่มรายได้ให้แก่กลุ่มเกษตรกรได้อย่างยั่งยืน กยจ. กยจ.,"ผู้ว่าการตรวจเงินแผ่นดินพิจารณาแล้วเห็นว่า เพื่อให้การดำเนินโครงการ กยจ. 
สามารถบรรลุวัตถุประสงค์ของโครงการ 
สามารถช่วยเหลือกลุ่มเกษตรกรและคนยากจนในการเสริมสร้างความเข้มแข็งได้อย่างยั่งยืน 
การดำเนินโครงการเป็นไปโดยประหยัด มีประสิทธิภาพ 
มีความคุ้มค่าของก","1. 
ทรัพย์สินที่เกิดจากงบประมาณแผ่นดินที่เมื่อดำเนินการแล้วไม่เป็นไปตามวัตถุประสงค์ของโครงการและหลักเกณฑ์ที่กำหนดทำให้เกิดความเสียหายและความไม่คุ้มค่าไม่ก่อให้เกิดประโยชน์เพื่อช่วยเหลือเกษตรกรและคนยากจนในการเสริมสร้างความเข้มแข็งอย่างยั่งยืน 
เป็นจำนวนเงิ"
FL-0049,การดำเนินงานไม่บรรลุวัตถุประสงค์เป้าหมายของโครงการ                                                  ,สำนักงานท้องถิ่นจังหวัดพิจิตร,การบริหารจัดการขยะมูลฝอยขององค์กรปกครองส่วนท้องถิ่นจังหวัดนครสวรรค์และจังหวัดพิจิตร ปีงบประมาณ 2559 - 2560,2561,องค์กรปกครองส่วนท้องถิ่นขาดงบประมาณในการก่อสร้างสถานที่กำจัดขยะมูลฝอยที่ถูกต้องตามหลักวิชาการรวมทั้งการหาพื้นที่เพื่อก่อสร้างสถานที่กำจัดขยะมูลฝอยที่เหมาะสม เจ้าหน้าที่ผู้รับผิดชอบงานด้านบริหารจัดการขยะมูลฝอยขององค์กรปกครองส่วนท้องถิ่นมี 1.,การคัดเลือกพื้นที่สถานที่กำจัดขยะมูลฝอยไม่เป็นไปตามหลักเกณฑ์ที่กำหนด 1การกำจัดขยะมูลฝอยไม่เป็นไปตามมาตรฐานการจัดการขยะมูลฝอยและ องค์กรปกครองส่วนท้องถิ่นกำจัดขยะมูลฝอยแบบไม่ถูกต้อง,"สำนักงานการตรวจเงินแผ่นดินมีข้อเสนอแนะให้ นายกเทศมนตรีนคร / 
นายกเทศมนตรีเมือง / นายกเทศมนตรีตำบล / นายกองค์การบริหารส่วนตำบล 
และผู้ว่าราชการจังหวัด พิจารณาดำเนินการ ดังนี้ 
นายกเทศมนตรีนคร/นายกเทศมนตรีเมือง/นายกเทศมนตรีตำบล/นายกองค์การบริหารส่วนตำบล 
1.","1. ปริมาณขยะตกค้างในสถานที่กำจัดขยะมูลฝอย 
โดยเฉพาะอย่างยิ่งสถานที่กำจัดขยะมูลฝอยที่
ไม่ถูกต้องตามหลักวิชาการทำให้เกิดปัญหาการปนเปื้อนต่อสิ่งแวดล้อมและส่งกลิ่นเหม็นรบกวน 
สร้างความเดือดร้อนรำคาญและเกิดผลกระทบต่อสุขภาพอนามัยของประชาชนในพื้นที่
2. ระบบบำบัด"
FL-0050,การดำเนินงานไม่บรรลุวัตถุประสงค์เป้าหมายของโครงการ                                                  ,สำนักงานสหกรณ์จังหวัดอุตรดิตถ์,โครงการพัฒนาศักยภาพการผลิตและการตลาดผลิตผลการเกษตรโดยระบบสหกรณ์แบบครบวงจร,2561,1.เจ้าหน้าที่ผู้รับผิดชอบไม่นำข้อมูลและผลการดำเนินงานของสหกรณ์การเกษตรมาใช้ประกอบการพิจารณาจัดทำโครงการ 2.ไม่มีการติดตามประเมินผลโครงการ,ผลการดำเนินงานไม่บรรลุตามเป้าหมาย,"1.กำชับให้เจ้าหน้าที่ที่เกี่ยวข้องนำข้อมูลและผลการดำเนินงานของสหกรณ์การเกษตรมาใช้ประกอบการพิจาณาจัดทำโครงการในครั้งต่อๆไป
2.แต่งตั้งคณะกรรมการติดตามประเมินผลโครงการ
","1.โครงการฯ ไม่สามารถบรรลุวัตถุประสงค์ของโครงการภายในระยะเวลาที่กำหนด
2.ไม่สามารถนำข้อมูลที่ได้จากการประเมินผลมาปรับใช้ในการบริหารจัดการโครงการได้อย่างมีประสิทธิภาพ
3.สมาชิกสหกรณ์การเกษตร กลุ่มเกษตรกร 
ประชาชนทั่วไปเสียโอกาสในการได้ใช้ประโยชน์จากอุปกรณ์การ"
FL-0051,การดำเนินงานไม่บรรลุวัตถุประสงค์เป้าหมายของโครงการ                                                  ,จังหวัดขอนแก่น,โครงการพัฒนาศักยภาพอุตสาหกรรมพืชอาหารและพืชพลังงานทดแทน ปีงบประมาณ พ.ศ.2559,2561,ตลอดจนการประเมินและกำหนดตัวชี้วัด 1.การดำเนินโครงการเป็นการบูรณาการร่วมกันของ ทิศทางการดำเนินการ,จังหวัดขอนแก่นจัดทำโครงการพัฒนาศักยภาพอุตสาหกรรมพืชอาหารและพลังงานทดแทน การดำเนินโครงการไม่บรรลุผลสำเร็จตามวัตถุประสงค์ของโครงการหลัก เพื่อช่วยเหลือเกษตรกรที่ปลูกข้าวให้มีความรู้,"1.ในโอกาสต่อไปการจัดทำโครงการที่มีลักษณะบูรณาการร่วมกันหลายหน่วยงาน 
ทุกหน่วยงานควรประสานแผนการดำเนินการและข้อมูลที่เกี่ยวข้อง 
และสั่งกำชับเจ้าหน้าที ที่รับผิดชอบให้จัดทำข้อเสนอโครงการให้เป็นไปตามหลักการ
จัดทำโครงการที่ดี โดยต้องกำหนดวัตถุประสงค์และเป้าห","1.ทำให้สมาชิกข้าวศูนย์ชุมชน จำนวน 4,000 ราย ขาดโอกาสในการได้รับปัจจัยส่งเสริม
การปลูกข้าวจากหน่วยงานที่ร่วมบูรณาการ เพื่อนำมาพัฒนาการปลูกข้าวให้ได้เมล็ดพันธ
ที่มีคุณภาพและปริมาณมากกว่าที่เป็นอยู่และสามารถนำไปใช้เป็นเมล็ดพันธุ์สำหรับ
แจกจ่ายให้กับเกษตรกรรา"
FL-0052,การดำเนินงานไม่บรรลุวัตถุประสงค์เป้าหมายของโครงการ                                                  ,สำนักงานกองทุนหมู่บ้านและชุมชนเมืองแห่งชาติ สาขา6อุดรธานี,โครงการเพิ่มความเข้มแข็งของเศรษฐกิจฐานรากตามแนวทางประชารัฐ,2561,1.คณะกรรมการผู้รับผิดชอบโครงการขาดความรู้ความเข้าใจในการดำเนินกิจกรรม/โครงการที่ขอรับการสนับสนุนงบประมาณอย่างแท้จริง ไม่ให้ความสำคัญของการจัดทำเอกสารหลักฐานการใช้จ่ายเงินตรงตามข้อเท็จจ ไม่เข้าใจบทบาทหน้าที่ที่ได้รับแต่งตั้ง,การดำเนินโครงการมีความเสี่ยงต่อการบรรลุถึงผลสำเร็จของโครงการจำนวน การดำเนินโครงการมีความเสี่ยงต่อการบรรลุถึงผลสำเร็จของโครงการ จากการตรวจสอบการดำเนินโครงการของกองทุนหมู่บ้านและชุมชนเมือง,"ผู้อำนวยการสำนักงานกองทุนหมู่บ้านและชุมชนเมืองแห่งชาติ
1.เพื่อเป็นการกระจายอำนาจในการบริหารงาน ควรออกคำสั่งมอบอำนาจให้ สทบ.สาขา 
สามารถฟ้องร้องเรียกร้องความเสียหายที่เกิดขึ้นกับกองทุนหมู่บ้านและชุมชนเมืองได้
2.แก้ไข ทบทวน ปรับปรุง คู่มือการดำเนินงานให้มีค","ทำให้โครงการเพิ่มความเข้มแข็งของเศรษฐกิจฐานรากตามแนวทางประชารัฐในภาพรวมไม่บรรลุวัตถุประสงค์ของโครงการตามเจตนารมณ์ 
การใช้จ่ายเงินไม่เกิดประสิทธิภาพ ไม่เกิดประสิทธิผล ไม่คุ้มค่า 
ไม่เกิดความยั่งยืน 
ประชาชนสูญเสียโอกาสในการได้รับการส่งเสริมศักยภาพในการประก"
FL-0053,การดำเนินงานไม่บรรลุวัตถุประสงค์เป้าหมายของโครงการ                                                  ,เทศบาลนครนครราชสีมา อำเภอเมือง จังหวัดนครราชสีมา,โครงการแก้ไขปัญหาการขาดแคลนน้ำในการอุปโภคบริโภค,2561,,,,
FL-0054,การดำเนินงานไม่บรรลุวัตถุประสงค์เป้าหมายของโครงการ                                                  ,เทศบาลนครนครราชสีมา อำเภอเมือง จังหวัดนครราชสีมา,โครงการแก้ไขปัญหาการขาดแคลนน้ำในการอุปโภคบริโภค,2561,,,,
FL-0055,การดำเนินงานไม่บรรลุวัตถุประสงค์เป้าหมายของโครงการ                                                  ,สำนักงานท้องถิ่นจังหวัดชลบุรี,โครงการป้องกันและแก้ไขปัญหายาเสพติดขององค์กรปกครองส่วนทองถิ่นจังหวัดชลบุรี,2561,1.กิจกรรมส่งเสริมการบำบัดฟื้นฟูให้แก่ผู้เสพ/ผู้ติดยาเสพติดยังไม่ส่งผลให้บรรลุวัตถุประสงค์ตามที่ตั้งไว้ การบันทึกข้อมุลในระบบสารสนเทศยาเสพติด ผู้ผ่านการบำบัดฟื้นฟูส่วนใหญ่ไม่ได้รับการติดตามดูแลช่วยเหลือ,การดำเนินกิจกรรมส่งเสริมการบำบัดฟื้นฟูและฝึกอบรมอาชีพให้แก่ผู้เสพ/ผู้ติดยาเสพติดยังไม่ส่งผลให้บรรลุวัตถุประสงค์ตามที่ตั้งไว 1.กิจกรรมส่งเสริมการบำบัดฟื้นฟูให้แก่ผู้เสพ/ผู้ติดยาเสพติด ผู้ผ่านการบำบัดฟื้นฟูส่วนใหญ่ไม่ได้รับการติดตามดูแลช่วยเหลือ,"ผู้อำนวยการศูนย์ปฏิบัติการป้องกันและปราบปรามยาเสพติดอำเภอ
1.สั่งการให้มีการบันทึกข้อมูลรายชื่อและประวัติผู้เข้ารับการบำบัดฟื้นฟูทุกรายที่มีการเบิกจ่ายงบประมาณในระบบสารสนเทศยาเสพติด 
ให้ครบถ้วนถูกต้องและเป็นปัจจุบัน
2.ให้กำหนดสถานที่รับรายงานตัวผู้ผ่านการบ","1.สิ้นเปลืองทรัพยากร เวลา บุคลากร และงบประมาณ 
2.ส่งผลกระทบต่อเศรษฐกิจและสังคมของประเทศ
"
FL-0057,การดำเนินงานไม่บรรลุวัตถุประสงค์เป้าหมายของโครงการ                                                  ,กรมส่งเสริมการปกครองท้องถิ่น,โครงการป้องกันและแก้ไขปัญหายาเสพติด,2561,กรมส่งเสริมการปกครองท้องถิ่นไม่มีการกำหนดแนวทางการใช้ป สิ่งก่อสร้างและอุปกรณ์ของโครงการป้องกันและแก้ไขปัญหายาเสพติดไม่ใช้ประโยชน์ ไม่มีการสำรวจความต้องการของประชาชนในพื้นที่เกี่ยวกับประเภทกีฬา,สิ่งก่อสร้างและอุปกรณ์ของโครงการป้องกันและแก้ไขปัญหายาเสพติดไม่ใช้ประโยชน์ สิ่งก่อสร้างและอุปกรณ์ของโครงการป้องกันและแก้ไขปัญหา ยาเสพติดไม่ใช้ประโยชน์ตามวัตถุประสงค์เพื่อป้องกันและเฝ้าระวังปัญหาของยาเสพติด,"   สำนักงานการตรวจเงินแผ่นดินมีข้อเสนอแนะให้อธิบดีกรมส่งเสริมการปกครองท้องถิ่น
พิจารณาดำเนินการดังนี้
   1. กำหนดแนวทางการบริหารจัดการและการใช้ประโยชน์กล้องโทรทัศน์วงจรปิด 
และลานกีฬา สนามกีฬา และซักซ้อมความเข้าใจให้กับ อปท. เพื่อการป้องกันและเฝ้าระวัง
ปั","  ส่งผลให้กิจกรรมด้านป้องกันและเฝ้าระวังปัญหาของยาเสพติดตามโครงการดังกล่าว 
ยังไม่บรรลุผลตามที่คาดว่าจะได้รับคือ เยาวชนและประชาชนกลุ่มเสี่ยงไม่สนใจในการ
ออกกำลังกาย เสริมสร้างสุขภาพในสนามกีฬา และลานกีฬาที่ อปท. จัดสร้าง 
รวมทั้งไม่สามารถป้องกันและเฝ้าระวั"
FL-0059,การดำเนินงานไม่บรรลุวัตถุประสงค์เป้าหมายของโครงการ                                                  ,กรมกิจการผู้สูงอายุ,การตรวจสอบการดำเนินงานโครงการศูนย์พัฒนาคุณภาพชีวิตและส่งเสริมอาชีพผู้สูงอายุ,2561,คณะกรรมการบริหารโครงการศูนย์พัฒนาคุณภาพชีวิตและส่งเสริมอาช สาเหตุสำคัญที่ทำให้การดำเนินงานของ ส่วนใหญ่ไม่เป็นไปตามวัตถุประสงค์,ศพอส.ส่วนใหญ่ยังไม่เป็นไปตามวัตถุประสงค์ที่กำหนด ส่วนใหญ่ยังไม่เป็นไปตามวัตถุประสงค์ที่กำหนด จัดกิจกรรมต่ำกว่ามาตรฐานกา,"เพื่อให้การดำเนินงานของ ศพอส. เป็นไปอย่างมีประสิทธิภาพ และเป็นไปตามวัตถุประสงค
ที่กำหนด สำนักงานการตรวจเงินแผ่นดินมีข้อเสนอแนะให้ปลัดกระทรวงการพัฒนาสังคม
และความมั่นคงของมนุษย์พิจารณาดำเนินการ ดังนี้
1.จัดให้มีการประเมินผลการดำเนินงานของ ศพอส. โดยเร็ว เพื","การดำเนินงานของ ศพอส.ส่วนใหญ่ที่ยังไม่เป็นไปตามวัตถุประสงค์ที่กำหนดส่งผลกระทบ
ดังนี้ 
1.ผู้สูงอายุอาจขาดโอกาสในการใช้ประโยชน์จากสถานที่ในการจัดกิจกรรม
และบริการ รวมทั้งโอกาสที่จะได้รับการส่งเสริมและพัฒนาศักยภาพในด้านต่าง ๆ 
ตามที่วัตถุประสงค์โครงการกำหนด "
FL-0067,การดำเนินงานไม่บรรลุวัตถุประสงค์เป้าหมายของโครงการ                                                  ,สำนักงานพัฒนาชุมชนจังหวัดเชียงใหม่,การตรวจสอบการดำเนินงานกองทุนหมู่บ้านและชุมชนเมืองแห่งชาติ,2561,และระเบียบคณะกรรมการกองทุนหมู่บ้านและชุมชนเมืองแห่งชาติ ไม่ถูกต้องตามคู่มือบัญชีกองทุนหมู่บ้านและชุมชนเมือง งบการเงิน,ของกองทุนหมู่บ้านในพื้นที่จังหวัดเชียงใหม่ ข้อตรวจพบ การบัญชีกองทุนหมู่บ้านและชุมชนเมือง,"ข้อเสนอแนะ
เพื่อให้การดำเนินงานกองทุนหมู่บ้านและชุมชนเมือง และการใช้เงินงบประมาณ 
เป็นไปอย่างมีประสิทธิภาพ ประสิทธิผล บรรลุวัตถุประสงค์ 
1. ให้ ผู้ว่าราชการจังหวัดเชียงใหม่ 
(ประธานคณะอนุกรรมการสนับสนุนและติดตามการดำเนินงานกองทุนหมู่บ้านและชุมชนเมืองระดับ","ผลกระทบ
1.	กองทุนหมู่บ้านที่ไม่ได้จัดทำบัญชี และไม่ได้จัดทำงบการเงิน 
ทำให้ไม่สามารถสะท้อน ผลการดำเนินงาน และฐานะการเงินของกองทุน 
ส่งผลต่อการบริหารกองทุนหมู่บ้านเป็นไปอย่างไม่มีประสิทธิภาพ และประสิทธิผล
2.	กองทุนหมู่บ้านที่ไม่ได้จัดทำบัญชีแต่จัดทำงบการเง"
FL-0074,การดำเนินงานไม่บรรลุวัตถุประสงค์เป้าหมายของโครงการ                                                  ,สำนักงานท้องถิ่นจังหวัดสระบุรี,โครงการถนนสายวัฒนธรรมไท-ยวน,2561,การที่สำนักงานส่งเสริมการปกครองท้องถิ่นจังหวัดสระบุรีไม่สามารถบริหารจัดการโครงการตามแนวทางที่กำหนดไว้ได้นั้น ไม่สามารถส่งมอบอาคารศูนย์ท่องเที่ยวพร้อมระบบสารสนเทศ รวมทั้งสิ่งก่อสร้างและทรัพย์สินอื่นๆ,สำนักงานส่งเสริมการปกครองท้องถิ่นจังหวัดสระบุรี โดยใช้จ่ายจากงบประมาณรายจ่ายประจำปีงบประมาณ ข้อตรวจพบ,"   
1.เร่งรัดให้บริษัทผู้รับจ้างดำเนินการซ่อมแซมแก้ไขทรัพย์สินของโครงการที่ชำรุด 
รวมทั้งตรวจสอบงานระบบข้อมูลสารสนเทศการจัดการท่องเที่ยวซึ่งยังไม่เคยเปิดใช้งานมาก่อน 
เพื่อให้อยู่ในสภาพที่สามารถใช้งานได้อย่างมีประสิทธิภาพ 
หากพบความชำรุดบกพร่องให้รีบแจ้งผ","   การที่สำนักงานฯ ยังไม่สามารถบริหารจัดการโครงการตามแนวทางที่กำหนดได้ 
ส่งผลกระทบ ดังนี้
   1.ผลการดำเนินงานโครงการฯ 
ยังไม่บรรลุวัตถุประสงค์และเป้าหมายของโครงการที่กำหนดไว้ 
โดยเฉพาะด้านการส่งเสริมให้ประชาชนเดินทางมาท่องเที่ยวในเส้นทางถนนสายวัฒนธรรมไท-ย"
FL-0076,การดำเนินงานไม่บรรลุวัตถุประสงค์เป้าหมายของโครงการ                                                  ,สำนักนายกรัฐมนตรี,กองทุนหมู่บ้านและชุมชนเมืองแห่งชาติ,2561,2.กองทุนหมู่บ้านส่วนใหญ่ไม่ทราบระยะเวลาการค้างชำระและ/หรือเงินขาดบัญชีที่ชัดเจน 1.กองทุนหมู่บ้านยังมีปัญหาหนี้ค้างชำระและ/หรือเงินขาดบัญชีในบัญชีที่ โดยเฉพาะกองทุนชุมชนเมือง,ประสบปัญหาหนี้ค้างชำระและ/หรือเงินขาดบัญชีในบัญชีที่ 1กองทุนหมู่บ้านที่สุ่มตรวจสอบ บางกองทุนหมู่บ้านหยุดดำเนินกิจกรรม,"ข้อเสนอแนะ
สำนักงานการตรวจเงินแผ่นดินมีข้อเสนอแนะให้คณะกรรมการกองทุนหมู่บ้านและชุมชนเมือง
แห่งชาตและผู้อำนวยการสำนักงานกองทุนหมู่บ้านและชุมชนเมืองแห่งชาติ 
พิจารณาดำเนินการดังนี้
1. คณะกรรมการกองทุนหมู่บ้านและชุมชนเมืองแห่งชาติ (กทบ.) 
ซึ่งมีบทบาทหน้าที่ต",
FL-0077,การดำเนินงานไม่บรรลุวัตถุประสงค์เป้าหมายของโครงการ                                                  ,กรมการพลังงานทหาร,การส่งเสริมสนับสนุนการผลิตและการใช้พลังงานทดแทน,2561,ไม่มีการใช้ประโยชน์,เครื่องมืออุปกรณ์ระบบการผลิตและผลผลิตไม่มีการใช้ประโยชน์ตามวัตถุประสงค ์และขาดการดูแลบำรุงรักษา,"1. 
สั่งการให้มีการทบทวนและปรับปรุงกระบวนการสนับสนุนการผลิตและการใช้พลังงานทดแทน
ของกรมการพลังงานทหารให้เป็นไปในเชิงวิชาการ 
โดยคำนึงถึงการมีข้อมูลที่ถูกต้องและครบถ้วน 
มีการสอบทานข้อมูลให้สอดคล้องตรงตามข้อเท็จจริง 
และมีการวิเคราะห์ถึงศักยภาพในการดำเนินก",
FL-0474,การดำเนินงานล่าช้ากว่าแผน                                                                           ,สำนักงานจังหวัดนราธิวาส,โครงการจัดตั้งอาคารศูนย์จำหน่ายผลิตภัณฑ์ชุมชนและอาคารศูนย์บริการนักท่องเที่ยว,2561,1.ขาดการเตรียมความพร้อมด้านพื้นที่สำหรับก่อสร้างโครงการอาคารศูนย์จำหน่ายผลิตภัณฑ์ชุมขนและอาคารศูนย์บริการนักท่องเที่ยว 2.การขออนุญาตใช้พื้นที่และอัตราค่าเช่าที่ไม่ถูกต้องเหมาะสม 3.การเปลี่ยนแปลงวัตถุประสงค์โครงการ,การดำเนินโครงการก่อสร้างอาคารศูนย์จำหน่ายผลิตภัณฑ์ชุมชน(OTOP)และโครงการก่อสร้างศูนย์บริการนักท่องเที่ยวมีความล่าช้า,"1.เร่งติดตามผลการอนุมัติมอบอาคารให้เทศบาลเมืองสุไหงโก-ลกใช้ประโยชน์จากกรมธนารักษ์
2.หลังมอบอาคาร 
จังหวัดนราธิวาสควรเข้าไปมีส่วนร่วมในคณะทำงานร่วมกับทม.สุไหงโก-ลกในการกำกับ 
ดูแล รักษาอาคารฯ 
โดยควรคำนึงถึงวัตถุประสงค์เดิมในการจำหน่ายผลิตภัณฑ์ชุมชนควบคู่ไ","1.ประชาชนได้ใช้ประโยขน์ล่าช้า
2.สูญเสียโอกาสจาการใช้ประโยชน์จากงบประมาณที่ลงทุนในโครงการเพื่อไปลงทุนโครงการอื่น 
47,177,000 บาท
3.กลุ่มผลิตภัณฑ์ชุมขน ได้ใช้ประโยชน์จากโครงการช้าลง 
ทำให้สูญเสียโอกาสในการสร้างรายได้
4.อาคารที่ก่อสร้างแล้วเสร็จแต่ยังไม่ได้ใ"
FL-0483,การดำเนินงานล่าช้ากว่าแผน                                                                           ,โครงการชลประทานนครราชสีมา,โครงการพัฒนาลุ่มน้ำลำเชียงไกร (ตอนล่าง),2561,การแต่งตั้งผู้ควบคุมงานหลายจุดในช่วงเวลาเดียวกันทำให้ไม่สามารถควบคุมงานได้อย่างทั่วถึง 2.งานจัดซื้อตามงบประมาณที่ได้ประมาณการ 1.,1. การดำเนินโครงการไม่เป็นไปตามแผนที่กำหนด 2. การจัดซื้อวัสดุเกินความจำเป็น,"1.ให้พิจารณาความพร้อมในการดำเนินการเอง หากไม่พร้อมให้ดำเนินการแบบจ้างเหมา
2. พิจารณาถึงความเหมาะสมในการจัดซื้อวัสดุ

","1.การดำเนินโครงการในปีแรกล่าช้า ส่งผลให้ปีต่อๆไปมีความล่าช้าตามไปด้วย
2.การจัดซื้อเกินความจำเป็นส่งผลให้สิ้นเปลืองงบประมาณ


"
FL-0581,ความสัมฤทธิ์ผลของโครงการ                                                                            ,สำนักบริหารยุทธศาสตร์กลุ่มจังหวัดภาคเหนือตอนบน 1,โครงการกลุ่มจังหวัดภาคเหนือตอนบน 1 ตามแผนปฏิบัติราชการประจำปีงบประมาณ 2556,2561,1.โครงการที่ประสบผลสำเร็จบางส่วน การจัดกิจกรรมการฝึกอบรมไม่ได้พิจารณาคุณสมบัติของผู้เข้ารับการอบรมทำให้ผู้เข้ารั ถิ่นนวัตกรรมไม้แกะสลักล้านนา,ผลสำเร็จของการดำเนินงานโครงการตามแผนปฏิบัติราชการประจำปีของกลุ่มจังหวัดภาคเหนือตอนบน ผลการตรวจสอบแบ่งผลสำเร็จของโครงการเป็น ข้อตรวจพบ,"ข้อเสนอแนะเพื่อให้การดำเนินงานโครงการเป็นไปอย่างมีประสิทธิภาพ ประสิทธิผล 
บรรลุตามวัตถุประสงค์ 
ให้ผู้ว่าราชการจังหวัดเชียงใหม่(หัวหน้ากลุ่มจังหวัดภาคเหนือตอนบน 1) 
ดำเนินการดังนี้
1. สั่งกำชับให้หน่วยงานผู้รับผิดชอบโครงการต่างๆ 
ของกลุ่มจังหวัดภาคเหนือตอ","1.โครงการที่ประสบผลสำเร็จบางส่วน และมีปัญหาอุปสรรคน้อย
1.1	โครงการหัตถศิลป์ ถิ่นนวัตกรรมไม้แกะสลักล้านนา 
สู่เวทีท่องเที่ยวสากล (บ้านถวาย บ้านทา บ้านหลุก บ้านสบเมย)
ผลกระทบ
1. ผู้ประกอบการบางรายที่เข้าร่วมกิจกรรมที่ 1 ไม่ได้รับประโยชน์ หรือ 
ได้รับประโยชน"
FL-0614,เครื่องมือเครื่องใช้ไม่มีคุณภาพ                                                                     ,สำนักงานท้องถิ่นจังหวัดเชียงราย,การตรวจสอบการดำเนินงานระบบการจัดการขยะมูลฝอยในพื้นที่จังหวัดเชียงราย,2561,ไม่ได้ให้ความสำคัญเร่งรัดการดำเนินการและไม่มีแผนงานบริหารจัดการเพื่อให้มีการใช้ประโยช โครงการก่อสร้างศูนย์กำจัดขยะมูลฝอยแบบครบวงจรเทศบาลนครเชียงราย อาคารสิ่งก่อสร้างและเครื่องจักรอุปกรณ์ไม่ได้ใช้ประโยชน์เนื่องจาก,การบริหารจัดการศูนย์กำจัดขยะมูลฝอย ศูนย์กำจัดขยะมูลฝอยของ ได้รับเงินงบประมาณจากภาครัฐและอปท.สมทบ,"ข้อเสนอแนะ
ผู้ว่าราชการจังหวัดเชียงราย 
ในฐานะประธานคณะกรรมการจัดการสิ่งปฏิกูลและมูลฝอยจังหวัดเชียงราย 
ดำเนินการดังนี้
1.	
สั่งกำชับให้เทศบาลนครเชียงรายและเทศบาลตำบลแม่สายบริหารการใช้ประโยชน์จากทรัพย์สินให้มีประสิทธิภาพเกิดประโยชน์สูงสุดเป็นไปตามหนังสือก","ผลกระทบ
1. โครงการก่อสร้างศูนย์กำจัดขยะมูลฝอยแบบครบวงจรเทศบาลนครเชียงราย 
ก่อสร้างแล้วเสร็จอาคารสิ่งก่อสร้างและเครื่องจักรอุปกรณ์ไม่ได้ใช้ประโยชน์ 
จำนวนเงิน 205,640,257.42 บาท และค่าใช้จ่ายค่าไฟฟ้าเพื่อบำรุงรักษา 
จำนวนเงิน 1,081,316.88 บาท ทำให้การใช้จ่"
FL-0680,ด้านความสัมฤทธิ์ผลของโครงการ อื่นๆ                                                                  ,องค์การบริหารส่วนจังหวัดสระบุรี,โครงการจัดซื้อวัสดุครุภัณฑ์ทางการแพทย์ในการเฝ้าระวังและคัดกรองโรควิถีชีวิตมอบให้อาสาสมัครสาธารณสุขจังหวัดสระบุรี,2561,3.ขาดงบประมาณในการจัดซื้อเข็มเจาะเลือดแ ไม่ให้ความสำคัญในการดูแลรักษาวัสดุครุภัณฑ์ฯ 1.ผู้ที่ได้รับวัสดุครุภัณฑ์ฯ,วัสดุครุภัณฑ์ทางการแพทย์บางรายการไม่มีการใช้ประโยชน์หรือใช้ประโยชน์ไม่คุ้มค่า จากการตรวจสอบการใช้ประโยชน์จากวัสดุครุภัณฑ์ฯ โดยการตรวจสังเกตการณ์และสัมภาษณ์ผู้ที่ได้รับวัสดุครุภัณฑ์ฯ,"1.มีการประสานงานหรือบูรณาการร่วมกันกับหน่วยงานสาธารณสุขในระดับตำบล 
และระดับอำเภอในการกำหนดแนวทางการปฏิบัติงานของ 
อสม.เพื่อให้สามารถนำวัสดุครุภัณฑ์ที่ได้รับตามโครงการไปใช้ให้เกิดประโยชน์สูงสุดตามวัตถุประสงค์ของโครงการ 
โดย
  1.1 ส่งเสริมให้ความรู้เกี่ยวก","1.การใช้จ่ายงบประมาณจำนวน 148.50 ล้านบาท เป็นไปอย่างไม่คุ้มค่า และหาก 
อสม.และหน่วยงานที่มีหน้าที่กำกับดูแลการปฏิบัติงานของ 
อสม.ยังไม่มีการปรับปรุงแก้ไขแนวทางการดำเนินงานเพื่อให้วัสดุครุภัณฑ์ฯ 
ทุกประเภทได้ใช้ประโยชน์หรือได้ใช้งานอย่างต่อเนื่อง 
จะส่งผลใ"
FL-0699,ด้านประสิทธิผล                                                                                      ,สำนักงานเขตพื้นที่การศึกษาสงขลา เขต 1,โครงการพัฒนาคุณภาพการศึกษาด้วยเทคโนโลยีสารสนเทศ(DLIT),2561,ซึ่งมีข้อจำกัดเรื่องระยะทางและความเปลี่ยนแปลงของสภาพแวดล้อมและอุปกรณ์ไร้สายดังกล่าวติดตั้งไม่ครอบคลุมจุดติดตั้งอุปกรณ์DLITของโรงเรียน สาเหตุเกิดจากการใช้งานผ่านอุปกรณ์กระจายสัญญาณแบบไร้สายเป็นหลัก,โรงเรียนบางแห่งยังไม่สามารถใช้ประโยชน์อุปกรณ์DLITได้อย่างต่อเนื่อง,"1.ควรจัดให้มีการประเมินหรือศึกษา
1.1ความเร็วของอินเทอร์เน็ตที่เหมาะสมกับโรงเรียนแต่ละขนาด
1.2ความเหมาะสมของระบบเครือข่ายกระจายสัญญาณอินเทอร์เน็ตภายในโรงเรียนโดยใช้งานได้อย่างต่อเนื่องไม่ติดขัด
2.เมื่อได้ผลการศึกษาแล้วควรแจ้งให้โรงเรียนพิจารณาดำเนินการปรับ","ส่งผลโดยตรงต่อการพัฒนาคุณภาพการศึกษา 
ที่มุ่งหวังจะใช้เทคโนโลยีในการยกระดับผลสัมฤทธิ์ในการเรียนรู้ 
นอกจากนี้ยังจะส่งผลต่อความไม่คุ้มค่าจากการใช้จ่ายเงินงบประมาณในการจัดหาอุปกรณ์DLIT
"
FL-0700,ด้านประสิทธิผล                                                                                      ,สำนักบริหารพื้นที่อนุรักษ์ที่3,โครงการพัฒนาแหล่งท่องเที่ยวเชิงธรรมชาติในอุทยานแห่งชาติจังหวัดกาญจนบุรี,2561,ขาดการประชาสัมพันธ์เชิญชวนให้นักท่องเที่ยวเข้ามาท่องเที่ยวในบริเวณแหล่งน้ำพุร้อน และน้ำที่ใช้ในการอาบน้ำหรือชำระล้าง บริเวณน้ำพุร้อนไม่มีสิ่งอำนวยความสะดวกด้านสาธารณูปโภค,สำนักงานทรัพยากรธรรมชาติและสิ่งแวดล้อมจังหวัดกาญจนบุรี ได้ทำการก่อสร้างห้องอาบน้ำแร่พร้อมปรับปรุงภูมิทัศน์บริเวณน้ำพุร้อนจุดที่สองบริเวณข้างลำห้วยน้ำพุร้อน ข้อตรวจพบที่,"ข้อตรวจพบที่ 1 ข้อเสนอแนะคือ
ดำเนินการจัดหาสิ่งอำนวยความสะดวก ได้แก่ ไฟฟ้า และน้ำ 
เพื่อให้บริการแก่นักท่องเที่ยว 
และดำเนินการประชาสัมพันธ์สถานที่ท่องเที่ยวแหล่งน้ำพุร้อนธรรมชาติและห้องอาบน้ำแร่บริเวณน้ำพุร้อนในอุทยานแห่งชาติเขื่อนศรีนครินทร์ 
ผ่านช่องทา","ทำให้เกิดค่าเสียโอกาสในการนำเงินงบประมาณไปใช้ประโยชน์อื่น จำนวน 4,985,000 
บาท
"
FL-0702,ด้านประสิทธิผล                                                                                      ,สำนักงานการท่องเที่ยวและกีฬาจังหวัดพิษณุโลก,โครงการตามแผนปฏิบัติราชการจังหวัด/กลุ่มจังหวัดภาคเหนือตอนล่าง 1 ยุทธศาสตร์ด้านการท่องเที่ยว,2561,เกิดจากการที่ไม่ได้วิเคราะห์ข้อมูลจากสภาพปัญหาหรือข้อเท็จจริง ไม่ได้ศึกษาความจำเป็นและความเหมาะสมในการดำเนินโครงการ การดำเนินโครงการไม่ได้กำหนดหลักเกณฑ์ในการคัดเลือกกลุ่มเป้าหมาย,โครงการพัฒนาศักยภาพท่องเที่ยวและบริการแบบบูรณาการ ของกลุ่มจังหวัดภาคเหนือตอนล่าง พัฒนาสมรรถนะการจัดการแหล่งท่องเที่ยวชุมชน,"

ให้มหาวิทยาลัยนเรศวร สำนักงานการท่องเที่ยวและกีฬาจังหวัดพิษณุโลก 
สำนักงานการท่องเที่ยวและกีฬาจังหวัดเพชรบูรณ์ 
สำนักงานวัฒนธรรมจังหวัดพิษณุโลก สำนักงานวัฒนธรรมจังหวัดตาก 
สำนักงานวัฒนธรรมจังหวัดสุโขทัย สำนักงานวัฒนธรรมจังหวัดเพชรบูรณ์ 
และสำนักงานเกษตร","การดำเนินโครงการตามแผนปฏิบัติราชการประจำปีงบประมาณ พ.ศ. 2560 
ของจังหวัด/กลุ่มจังหวัดภาคเหนือตอนล่าง 1 ยุทธศาสตร์ด้านการท่องเที่ยว 
ไม่มีประสิทธิภาพ ประสิทธิผล มีผลกระทบต่อการดำเนินโครงการ 
โดยบางโครงการผลการดำเนินการไม่เป็นไปตามตัวชี้วัดด้านรายได้ 
ไม่สา"
FL-0703,ด้านประสิทธิผล                                                                                      ,สำนักงานการท่องเที่ยวและกีฬาจังหวัดพิษณุโลก,โครงการตามแผนปฏิบัติราชการจังหวัด/กลุ่มจังหวัดภาคเหนือตอนล่าง 1 ยุทธศาสตร์ด้านการท่องเที่ยว,2561,เกิดจากการที่ไม่ได้วิเคราะห์ข้อมูลจากสภาพปัญหาหรือข้อเท็จจริง ไม่ได้ศึกษาความจำเป็นและความเหมาะสมในการดำเนินโครงการ การดำเนินโครงการไม่ได้กำหนดหลักเกณฑ์ในการคัดเลือกกลุ่มเป้าหมาย,โครงการพัฒนาศักยภาพท่องเที่ยวและบริการแบบบูรณาการ ของกลุ่มจังหวัดภาคเหนือตอนล่าง พัฒนาสมรรถนะการจัดการแหล่งท่องเที่ยวชุมชน,"ให้มหาวิทยาลัยนเรศวร สำนักงานการท่องเที่ยวและกีฬาจังหวัดพิษณุโลก 
สำนักงานการท่องเที่ยวและกีฬาจังหวัดเพชรบูรณ์ 
สำนักงานวัฒนธรรมจังหวัดพิษณุโลก สำนักงานวัฒนธรรมจังหวัดตาก 
สำนักงานวัฒนธรรมจังหวัดสุโขทัย สำนักงานวัฒนธรรมจังหวัดเพชรบูรณ์ 
และสำนักงานเกษตรจั","การดำเนินโครงการตามแผนปฏิบัติราชการประจำปีงบประมาณ พ.ศ. 2560 
ของจังหวัด/กลุ่มจังหวัดภาคเหนือตอนล่าง 1 ยุทธศาสตร์ด้านการท่องเที่ยว 
ไม่มีประสิทธิภาพ ประสิทธิผล มีผลกระทบต่อการดำเนินโครงการ 
โดยบางโครงการผลการดำเนินการไม่เป็นไปตามตัวชี้วัดด้านรายได้ 
ไม่สา"
FL-0704,ด้านประสิทธิผล                                                                                      ,สำนักงานการท่องเที่ยวและกีฬาจังหวัดพิษณุโลก,โครงการตามแผนปฏิบัติราชการจังหวัด/กลุ่มจังหวัดภาคเหนือตอนล่าง 1 ยุทธศาสตร์ด้านการท่องเที่ยว,2561,เกิดจากการที่ไม่ได้วิเคราะห์ข้อมูลจากสภาพปัญหาหรือข้อเท็จจริง ไม่ได้ศึกษาความจำเป็นและความเหมาะสมในการดำเนินโครงการ การดำเนินโครงการไม่ได้กำหนดหลักเกณฑ์ในการคัดเลือกกลุ่มเป้าหมาย,โครงการพัฒนาศักยภาพท่องเที่ยวและบริการแบบบูรณาการ ของกลุ่มจังหวัดภาคเหนือตอนล่าง พัฒนาสมรรถนะการจัดการแหล่งท่องเที่ยวชุมชน,"ให้มหาวิทยาลัยนเรศวร สำนักงานการท่องเที่ยวและกีฬาจังหวัดพิษณุโลก 
สำนักงานการท่องเที่ยวและกีฬาจังหวัดเพชรบูรณ์ 
สำนักงานวัฒนธรรมจังหวัดพิษณุโลก สำนักงานวัฒนธรรมจังหวัดตาก 
สำนักงานวัฒนธรรมจังหวัดสุโขทัย สำนักงานวัฒนธรรมจังหวัดเพชรบูรณ์ 
และสำนักงานเกษตรจั","การดำเนินโครงการตามแผนปฏิบัติราชการประจำปีงบประมาณ พ.ศ. 2560 
ของจังหวัด/กลุ่มจังหวัดภาคเหนือตอนล่าง 1 ยุทธศาสตร์ด้านการท่องเที่ยว 
ไม่มีประสิทธิภาพ ประสิทธิผล มีผลกระทบต่อการดำเนินโครงการ 
โดยบางโครงการผลการดำเนินการไม่เป็นไปตามตัวชี้วัดด้านรายได้ 
ไม่สา"
FL-0705,ด้านประสิทธิผล                                                                                      ,สำนักงานการท่องเที่ยวและกีฬาจังหวัดพิษณุโลก,โครงการตามแผนปฏิบัติราชการจังหวัด/กลุ่มจังหวัดภาคเหนือตอนล่าง 1 ยุทธศาสตร์ด้านการท่องเที่ยว,2561,เกิดจากการที่ไม่ได้วิเคราะห์ข้อมูลจากสภาพปัญหาหรือข้อเท็จจริง ไม่ได้ศึกษาความจำเป็นและความเหมาะสมในการดำเนินโครงการ การดำเนินโครงการไม่ได้กำหนดหลักเกณฑ์ในการคัดเลือกกลุ่มเป้าหมาย,โครงการพัฒนาศักยภาพท่องเที่ยวและบริการแบบบูรณาการ ของกลุ่มจังหวัดภาคเหนือตอนล่าง พัฒนาสมรรถนะการจัดการแหล่งท่องเที่ยวชุมชน,"ให้มหาวิทยาลัยนเรศวร สำนักงานการท่องเที่ยวและกีฬาจังหวัดพิษณุโลก 
สำนักงานการท่องเที่ยวและกีฬาจังหวัดเพชรบูรณ์ 
สำนักงานวัฒนธรรมจังหวัดพิษณุโลก สำนักงานวัฒนธรรมจังหวัดตาก 
สำนักงานวัฒนธรรมจังหวัดสุโขทัย สำนักงานวัฒนธรรมจังหวัดเพชรบูรณ์ 
และสำนักงานเกษตรจั","การดำเนินโครงการตามแผนปฏิบัติราชการประจำปีงบประมาณ พ.ศ. 2560 
ของจังหวัด/กลุ่มจังหวัดภาคเหนือตอนล่าง 1 ยุทธศาสตร์ด้านการท่องเที่ยว 
ไม่มีประสิทธิภาพ ประสิทธิผล มีผลกระทบต่อการดำเนินโครงการ 
โดยบางโครงการผลการดำเนินการไม่เป็นไปตามตัวชี้วัดด้านรายได้ 
ไม่สา"
FL-0706,ด้านประสิทธิผล                                                                                      ,สำนักงานการท่องเที่ยวและกีฬาจังหวัดพิษณุโลก,โครงการตามแผนปฏิบัติราชการจังหวัด/กลุ่มจังหวัดภาคเหนือตอนล่าง 1 ยุทธศาสตร์ด้านการท่องเที่ยว,2561,เกิดจากการที่ไม่ได้วิเคราะห์ข้อมูลจากสภาพปัญหาหรือข้อเท็จจริง ไม่ได้ศึกษาความจำเป็นและความเหมาะสมในการดำเนินโครงการ การดำเนินโครงการไม่ได้กำหนดหลักเกณฑ์ในการคัดเลือกกลุ่มเป้าหมาย,โครงการพัฒนาศักยภาพท่องเที่ยวและบริการแบบบูรณาการ ของกลุ่มจังหวัดภาคเหนือตอนล่าง พัฒนาสมรรถนะการจัดการแหล่งท่องเที่ยวชุมชน,"

ให้มหาวิทยาลัยนเรศวร สำนักงานการท่องเที่ยวและกีฬาจังหวัดพิษณุโลก 
สำนักงานการท่องเที่ยวและกีฬาจังหวัดเพชรบูรณ์ 
สำนักงานวัฒนธรรมจังหวัดพิษณุโลก สำนักงานวัฒนธรรมจังหวัดตาก 
สำนักงานวัฒนธรรมจังหวัดสุโขทัย สำนักงานวัฒนธรรมจังหวัดเพชรบูรณ์ 
และสำนักงานเกษตร","การดำเนินโครงการตามแผนปฏิบัติราชการประจำปีงบประมาณ พ.ศ. 2560 
ของจังหวัด/กลุ่มจังหวัดภาคเหนือตอนล่าง 1 ยุทธศาสตร์ด้านการท่องเที่ยว 
ไม่มีประสิทธิภาพ ประสิทธิผล มีผลกระทบต่อการดำเนินโครงการ 
โดยบางโครงการผลการดำเนินการไม่เป็นไปตามตัวชี้วัดด้านรายได้ 
ไม่สา"
FL-0707,ด้านประสิทธิผล                                                                                      ,สำนักงานปศุสัตว์จังหวัดแพร่,โครงการสร้างความเข้มแข็งและยั่งยืนของกลุ่มอาชีพการเลี้งโคเนื้อ สนง.ปศุสัตว์ จ.แพร่,2561,3.เกษตรกรที่เข้าร่วมโครงการไม่ได้รับการฝึกอบรมและศึกษาดูงาน 1.เจ้าหน้าที่ผู้รับผิดชอบไม่ตระหนักถึงความสำคัญในการคัดเลือกเกษตรให้เป็นไปตามหลักเกณฑ์ 4.เจ้าหน้าที่ผู้รับผิดชอบไม่ตระหนักถึงความสำคัญในการตรวจสอบข้อมูลตามบ,2.แม่โคเนื้อมีลักษณะไม่ตรงตามข้อมูลตามที่ปรากฎในบัตร 1.บัตรประจำตัวสัตว์ไม่เป็นไปตามหลักเกณฑ์ที่กำหนด 3.กสนดำเนินการตามโครงการไม่เป็นไปตามกฎหมาย,"1.ให้กำหนดแนวทางในการให้ความรู้แก่เกษ๖รกร
2.ให้คัดเลือกเกษตรกรที่มีคุณสมบัติตามหลักเกณฑ์กำหนด
3.ดำเนินการติดตามและประเมินผลโครงการ
","1.เกษตรกรไม่สามารถดูแลโคและแปลงพืชอาหารได้ตลอดเวลา
2.ผลการดำเนินงานไม่บรรลุวัตถุประสงค์และเป้าของโครง
3.เกษตรกรเสียเวลาและโอกาสที่จะมีรายได้เพิ่ม
"
FL-0709,ด้านประสิทธิผล                                                                                      ,สำนักงานจังหวัดพะเยา,โครงการเพิ่มผลิตภาพและคุณภาพการผลิตข้าวปลอดภัยที่ดำเนิการโดยจังหวัดพะเยา,2561,ในการทำบันทึกข้อตกลง กำหนดหน่วยงานที่จำเป็นต้องใช้ทรัพย์สินไม่ชัดเจน,ทรัพย์สินไม่ได้ใช้ประโยชน์ หรือใช้ประโยชน์ไม่ตรงตามวัตถุประสงค์,"กำชับให้หน่วยงานกำหนดความจำเป็นในการใช้ประโยชน์อย่างชัดเจน
","เสียโอกาสในการใช้ทรัพย์สินอย่างคุ้มค่า
"
FL-0718,ด้านประสิทธิผล                                                                                      ,สำนักงานคณะกรรมการการศึกษาขั้นพื้นฐาน,โครงการโรงเรียนดีใกล้บ้าน (แม่เหล็ก),2561,ของนโยบายที่สำนักงานเขตพื้นที่การศึกษาคัดเลือกและเสนอรายชื่อ สาเหตุมาจากขั้นตอนการพิจารณาคัดเลือกโรงเรียนตามเป้าหมาย โรงเรียนที่มีความพร้อมและมีศักยภาพที่จะเป็นโรงเรียนดีใกล้บ้าน,จากการตรวจสอบการควบรวมหรือยุบเลิกโรงเรียนเครือข่าย การคัดเลือกโรงเรียนที่เข้าร่วมตามนโยบายไม่เป็นไปตามวัตถุประสงค โรงเรียนเครือข่ายเป้าหมายที่กำหนดเป็นโรงเรียนที่มีการควบรวม,"สำนักงานการตรวจเงินแผ่นดินมีข้อเสนอแนะให้เลขาธิการคณะกรรมการการศึกษา
ขั้นพื้นฐาน พิจารณาดำเนินการกำชับและ/หรือสั่งการให้สำนักนโยบายและแผนการศึกษา
ขั้นพื้นฐานสำรวจโรงเรียนขนาดเล็กที่อยู่ใกล้เคียงกับโรงเรียนดีใกล้บ้าน 
(แม่เหล็ก) ที่มีการกำหนดเป้าหมายเป็นโร","การที่โรงเรียนดีใกล้บ้าน (แม่เหล็ก) มีการกำหนดเป้าหมายเป็นโรงเรียนเครือข่าย
ที่มีการควบรวมหรือยุบเลิกมาก่อนมีนโยบายทั้งหมด ทำให้การใช้จ่ายงบประมาณไม่เป็น
ไปตามวัตถุประสงค์ที่กำหนด จำนวน 23.65 ล้านบาท

"
FL-0719,ด้านประสิทธิผล                                                                                      ,สำนักงานท้องถิ่นจังหวัดสุราษฎร์ธานี,การบริหารจัดการสถานีสูบน้ำด้วยไฟฟ้าขององค์กรปกครองส่วนท้องถิ่นในจังหวัดสุราษฎร์ธานี ปีงบประมาณ 2556-2559,2561,,,,
FL-0720,ด้านประสิทธิผล                                                                                      ,สำนักงานทรัพยากรธรรมชาติและสิ่งแวดล้อม จังหวัดน่าน,โครงการส่งเสริมการทำนาขั้นบันไดบนพื้นที่สูง,2561,1.เจ้าหน้าที่ไม่ปฏิบัติตามหลักเกณพ์ที่กำหนด,1.การจัดทำนาขั้นบันไดไม่เป็นไปตามเป้าหมายที่กำหนด 2.การดำเนินการด้านพัสดุ และการเบิกจ่ายงบประมาณไม่เป็นไปตามกฎหมาย ระเบียบ และหนังสือสั่งการที่เกี่ยวข้อง,"1.กรณีจัดทำสัญญาในลักษณะแบ่งจ้างให้ตั้งกรรมการสอบข้อเท็จจริง
2.กำชับเจ้าหน้าที่ให้ปฏิบัติตามหลักเกณฑ์ กฎหมาย ระเบียบ ที่กำหนด 
ให้เคร่งครัดและรอบคอบ
3.ให้มีการติดตามประเมินผลโครงการ
4.แจ้งรายชื่อและข้อมูลผู้รับจ้างตามสัญญาให้สำนักงานสรรพากรพื้นที่น่าน
","1.ทำให้งบประมาณสูญเปล่า  ทำให้ราชการเสียหาย จำนวนเงินเบิกจ่าย 3,133,190.61 บาท

"
FL-0721,ด้านประสิทธิผล                                                                                      ,สำนักงานเกษตรจังหวัดแพร่,โครงการส่งเสริมการเกษตรตามแนวทฤษฎีใหม่ตามแนวพระราชดำริ,2561,สาเหตุ1.กลุ่มงานที่รับผิดชอบโครงการไม่ประสานงานกับเจ้าหน้าที่ที่คัดเลือกเกษตรกร 2.ไม่ควบคุมตรวจสอบและติดตามการพิจารณาเกษตรกรเพื่อเข้าร่วมโครงการ 3.ไม่มีการรายงานปัญหาอุปสรรคที่แท้จริงให้ผู้ว่าราชการจังหวัด,เกษตรกรที่เข้าร่วมโครงการไม่ดำเนินการปรับเปลี่ยนพื้นที่การเกษตรให้เป็นไปตามอัตราส่วนตามแนวทางที 1.เกษตรกรที่เข้าร่วมโครงการมีคุณสมบัติไม่สอดคล้องตามหลักการเกษตรทฤษฎีใหม่ตามแนวพระราชดำริ เกษตรกรที่เข้าร่วมโครงการมีพื้นที่การเกษตรน้อยกว่า,"1.กำชับให้มีการรายงานสภาพปัญหาที่แท้จริง
2.แต่งตั้งกรรมการสอบข้อเท็จจริงกรณีการคัดเลือกเกษตรเข้าร่วมโครงการไม่เป็นไปตามเงื่อนไข
3.กำชับให้มีการประสานงานทุกระดับชั้นเป็นลายลักษณ์อักษร
4.กำชับให้มีการตรวจสอบเอกสารสิทธิ์ในที่ดินของเกษตรกรที่เข้าร่วมโครงการ
5","1.ปัจัยการผลิตที่ได้รับการสนับสนุนไม่ได้ถูกนำมาใช้ประโยชน์อย่างคุมค่า
2.โครงการไม่บรรลุวัตถุประสงค์
3.การดำเนินโครงการไม่บรรุเป้าหมายของโครงการ
4.ทำให้เกษตรกรที่มีคุณสมบัติแต่ไม่ได้รับการคัดเลือกเสียโอกาส
5.รัฐสูญเสียเงินงบประมาณจากความไม่พร้อมของเกษตรที่"
FL-0722,ด้านประสิทธิผล                                                                                      ,สำนักงานสหกรณ์จังหวัดพะเยา,บริหารจัดการทรัพย์สินของรัฐที่ดำเนิการโดยสำนักงานสหกร์จังหวัด,2561,ให้สหกรณืใช้ทรัพย์สินของรัฐให้เกิดประโยชน์สูงสุด 1.ผู้รับผิดชอบโครงการไม่พิจารณาถึงความเหมาะสมของโครงการกับความพร้อมในการใช้ประโยชน์ 2.ขาดการวางแผนด้านการส่งเสริม,2.การบริหารทรัพย์สินไม่เป็นไปตามขั้นตอนที่กำหนด 1.ทรัพย์สินไม่ได้ใช้ประโยชน์ หรือใช้ประโยชน์ไม่ตรงตามวัตถุประสงค์,"1.ในโกาสต่อไปให้พิจารณาความพร้อมก่อนเสนอโครงการ
2.สั่งการให้สหกรณ์จังหวัดวางแผนการบริหารจัดการทรัพย์สินของรัฐ
3.แต่งตั้งกรรมการสอบข้อเท็จจริงกรณีที่ทำให้เกิดการสูญเปล่าจากการไม่ได้ใช้ทรัพย์สินของรัฐ
","1.เกิดการสูญเปล่าในการกระตุ้นเศรษฐกิจระดับจังหวัดจากโครงการ/งบประมาณตาม พรบ 
งบประมาณรายจ่าย ประจำปี แผนงานบูรณาการ 
ส่งเสริมการพัฒนาจังหวัดและกลุ่มจังหวัดแบบบูรณาการ แยกเป็นจังหวัด
จังหวัดลำปาง  เงิน 2,702,000 บาท 
จังหวัดน่าน ร้อยละ 83.33  เงิน 13,531,5"
FL-0723,ด้านประสิทธิผล                                                                                      ,สำนักงานปศุสัตว์จังหวัดพะเยา,โครงการเพิ่มประสิทธิภาพการแปรรูปสินค้าปศุสัตว์ปลอดภัย,2561,1.ส่งมอบอาคารโรงฆ่าสัตว์ฯ ล่าช้า 2.การประมาณการงบประมาณก่อสร้างไม่ครอบคลุมระบบสาธารณูปโภค 3.เจ้าหน้าที่ขาดการศึกษาด้านระเบียบกฎหมาย,1.ผลการดำเนินการตามโครงการเพิ่มประสิทธิภาพการแปรรูปสินค้าปศุสัตว์ปลอดภัยไม่บรรลุวัตถุประสงค์โครงการ,"1.ควรจัดทำงบประมาณให้ครอบคลุระบบสาธารณูปโภค
2.กำชับให้เจ้าหน้าที่ที่รับผิดชอบศึกษา กฎหมายที่เกี่ยวข้อง 
","ผู้ประกอบการยังต้องฆ่าสัตว์นอกอาคารโรงฆ่าสัตว์โดยไม่ได้รับอนุญาต เป็นการฝ่าฝืน 
พรบ.ควบคุมการฆ่าสัตว์ฯ มีความเสี่ยงต่อโรคระบาด
"
FL-0724,ด้านประสิทธิผล                                                                                      ,สำนักงานท้องถิ่น จังหวัดลำปาง,โครงการป้องกันและแก้ไขปัญหายาเสพติด,2561,1.อปท.ไม่ให้ความสำคัญต่อการส่งเสริมการจัดกิจกรรมออกกำลังกาย และประชาชนไม่ให้ความสำคัญต่อการออกกำลังกายอย่างสม่ำเสมอ 2.เยาวชน,ข้อตรวจพบที่ 2 กิจกรรมก่อสร้างลานกีฬาใช้ประโยชน์ไม่คุ้มค่า,"1.กำชับให้อปท.จัดกิจกรรมส่งเสริมให้ประชาชนออกกำลังกาย
2.นำข้อมูลลานกีฬามาร่วมพิจารณาดำเนินการให้เกิดประโยชน์
","1.งบประมาณในการก่อสร้างลานกีฬา/สนามกีฬา 
ไม่ก่อให้เกิดประโยชน์ในการป้องกันและแก้ไขปัญหายาเสพติด
2.โครงการไม่บรรลุวัตถุประสงค์
"
FL-0725,ด้านประสิทธิผล                                                                                      ,สำนักงานส่งเสริมการศึกษานอกระบบและการศึกษาตามอัธยาศัยจังหวัดอุดรธานี,การบริหารจัดการการศึกษานอกระบบและการศึกษาตามอัธยาศัย ของสนง.ส่งเสริมการศึกษานอกระบบและการศึกษาตามอัธยาศัยจังหวัดอุดรธานี,2561,ศรช.มีการโยกย้ายบางรายมีการโอนนักศึกษาที่รับผิดชอบในพื้นที่เดิมติดตามตัวไปด้วย ศรช.บางรายรับผิดชอบจำนวนนักศึกษาสูงกว่าหลักเกณฑ์กำหนด 1.ไม่ได้กำหนดเป้าหมายการจบของนักศึกษาแต่ละภาคเรียน,การบริหารจัดการการศึกษานอกระบบและการศึกษาตามอัธยาศัย การจัดการศึกษานอกระบบระดับการศึกษาขั้นพื้นฐาน นักศึกษาจบน้อยเมื่อเทียบกับจำนวนนักศึกษาที่ขึ้นทะเบียนเป็นนักศึกษา,"1. ให้กำหนดเป้าหมายการจบของนักศึกษาให้เหมาะสม เช่น 
ตั้งเป้าหมายการจบของนักศึกษา ร้อยละ 60 
ของจำนวนนักศึกษาที่ขึ้นทะเบียนเป็นนักศึกษา 
	2. 
ให้พิจารณาทบทวนวิธีการจัดการเรียนการสอนให้สอดคล้องกับสถานะภาพของนักศึกษา 
โดยอาจกำหนดตามการแบ่งกลุ่มนักศึกษาตามข้อ","1.ทำให้การใช้งบประมาณไม่บรรลุวัตถุประสงค์ ทิศทางการพัฒนาประเทศ 
นโยบายของรัฐบาล 
ที่ไม่สามารถสนับสนุนส่งเสริมและพัฒนาคุณภาพชีวิตให้นักศึกษาหรือผู้เรียนหรือผู้พลาดและขาดโอกาสทางการศึกษาได้รับการศึกษาที่สูงขึ้นอย่างมีคุณภาพ 
ทั่วถึง และเพียงพอ 
และทำให้งบปร"
FL-0727,ด้านประสิทธิผล                                                                                      ,ที่ทำการปกครองจังหวัดลพบุรี,โครงการยกระดับศักยภาพหมู่บ้านเพื่อขับเคลื่อนเศรษฐกิจฐานรากตามแนวทางประชารัฐ,2561,การดำเนินงานโครงการขาดแนวทางการแก้ไขปัญหากรณีโครงการชำรุดไม่สามารถใช้งานได้ ไม่ได้กำหนดให้มีแนวทางการแก้ไขปัญหากรณีโครงการชำรุดดังกล่าวไว้ โดยจะกำหนดให้มีเฉพาะแนวทางการดำเนินงานและการเบิกจ่ายเงิน,การดำเนินงานโครงการขาดแนวทางการแก้ไขปัญหากรณีโครงการชำรุดไม่สามารถใช้งานได้ ทำให้การใช้ประโยชน์โครงการมีความเสี่ยงที่จะเกิดความไม่คุ้มค่า รวมทั้งเอกสารประกอบการดำเนินงานโครง,"สตพ.1 มีข้อเสนอแนะให้ปลัดกระทรวงมหาดไทย 
ในฐานะประธานกรรมการบริหารโครงการยกระดับศักยภาพหมู่บ้านเพื่อขับเคลื่อนเศรษฐกิจฐานรากตามแนวทางประชารัฐระดับกระทรวง 
พิจารณาสั่งการหน่วยงานที่รับผิดชอบจัดทำหลักเกณฑ์การดำเนินงานโครงการ 
ให้กำหนดแนวทางและขั้นตอนการปฏิบ","1.ทำให้โครงการที่เกิดปัญหาการชำรุดไม่สามารถใช้งานได้ 
ไม่ได้มีการใช้ประโยชน์ 
และมีความเสี่ยงที่จะเกิดความไม่คุ้มค่าในการใช้จ่ายงบประมาณแผ่นดิน 
หรืออาจเกิดความสูญเปล่าหากไม่สามารถแก้ไขให้โครงการกลับมาใช้ประโยชน์ได้ 
โดยเฉพาะโครงการด้านสาธารณประโยชน์อื่นๆ"
FL-0744,ด้านประสิทธิผล                                                                                      ,กรมอุทยานแห่งชาติ สัตว์ป่าและพันธุ์พืช,การตรวจสอบการดำเนินงานโครงการเร่งด่วนเพื่อแก้ไขปัญหาการบุกรุกทำลายทรัพยากรป่าไม้ของประเทศ,2561,ที่หน่วยงานที่ดูแลรับผิดชอบพื้นที่ป่าไม้ใช้ในการปฏิบัติงาน แนวเขตทรัพยากรป่าไม้ของโครงการเร่งด่วนฯ หน่วยงานที่รับผิดชอบที่ดินของรัฐอื่น,ผลผลิตของโครงการเร่งด่วนเพื่อแก้ไขปัญหาการบุกรุกทำลายทรัพยากรป่าไม้ของประเทศ ยังไม่สามารถนำไปใช้ให้เกิดประโยชน์ตามผลลัพธ์ที่คาดหวังไว้,,"

1. ปัญหาการบุกรุกทำลายทรัพยากรป่าไม้ยังคงอยู่และทวีความรุนแรงมากยิ่งขึ้น 
ส่งผลให้ผู้บุกรุกทำลายทรัพยากรป่าไม้ยังไม่ถูกดำเนินคดีหรือจับกุมและขยายพื้นที่
การบุกรุกเพิ่มมากขึ้น อีกทั้งอาจก่อให้เกิดพฤติกรรมเลียนแบบแก่ประชาชนหรือ
เกษตรกรรายอื่นเพื่อขยายที่อ"
FL-0848,ด้านประสิทธิผล อื่น ๆ                                                                               ,สำนักงานคณะกรรมการการศึกษาขั้นพื้นฐาน,โครงการโรงเรียนดีใกล้บ้าน (แม่เหล็ก),2561,สาเหตุมาจากไม่มีการกำหนดตัวชี้วัดในการยกระดับคุณภาพของผู้เรียนให้ครอบคลุมทุกด้าน อย่างชัดเจน ผู้บริหารและผู้ปฏิบัติงานของโรงเรียนดีใกล้บ้าน (แม่เหล็ก) ยังไม่มีการดำเนินการตามแนวทางการดำเนินงานที่กำหนดอย่างจริงจัง,ให้สูงขึ้นเมื่อเปรียบเทียบกับคะแนนระดับประเท ยังไม่สามารถยกระดับคุณภาพการศึกษาของนักเรียนได้ตามวัตถุประสงค์ ข้อตรวจพบที่,"เพื่อให้การดำเนินการตามนโยบายโรงเรียนดีใกล้บ้าน (แม่เหล็ก) 
เป็นไปตามวัตถุประสงค์ในการยกระดับคุณภาพของผู้เรียน สำนักงานการตรวจเงินแผ่นดิน
มีข้อเสนอแนะให้เลขาธิการคณะกรรมการการศึกษาขั้นพื้นฐาน พิจารณาดำเนินการ ดังนี้
1.พิจารณาทบทวนการกำหนดตัวชี้วัดคุณภาพผู","การที่นโยบายโรงเรียนดีใกล้บ้าน (แม่เหล็ก) ยังไม่สามารถยกระดับคุณภาพการศึกษา
ของนักเรียนได้ตามวัตถุประสงค์ ย่อมส่งผลให้นักเรียนขาดโอกาสที่จะได้เรียนจาก
โรงเรียนที่มีคุณภาพทางวิชาการ ไม่สามารถดึงดูดโรงเรียนขนาดเล็กที่อยู่ใกล้เคียง
ให้มาเรียนรวมเพิ่มเติม และ"
FL-0849,ด้านประสิทธิผล อื่น ๆ                                                                               ,ที่ทำการปกครองจังหวัดราชบุรี,โครงการยกระดับศักยภาพหมู่บ้านเพื่อขับเคลื่อนเศรษฐกิจฐานรากตามแนวทางประชารัฐ,2561,โดยคัดเลือกโครงการตามความต้องการของประชาชนที่เข้าร่วมประชุมประชาคมเท่านั้น และแนวทางในการคัดเลือกโครงการที่ควรจะนำเสนอในการประชาคม ขาดความรู้ความเข้าใจที่ชัดเจนในหลักเกณฑ์,ปัจจัยแห่งความสำเร็จของโครงการยกระดับศักยภาพหมู่บ้านเพื่อขับเคลื่อนเศรษฐกิจฐานรากตามแนวทางประชารัฐ,"ปัจจัยที่ 1 กระบวนการได้มาของโครงการ

1. ในโอกาสต่อไปหากมีการดำเนินโครงการในลักษณะเช่นนี้อีก 
ให้ที่ทำการปกครองจังหวัดประชุมชี้แจงเกี่ยวกับวัตถุประสงค์ของโครงการ 
หลักเกณฑ์และเงื่อนไขต่าง ๆ ให้คณะกรรมการทุกชุด 
เพื่อให้มีความเข้าใจไปในแนวทางเดียวกัน 
ในกา","ปัจจัยที่ 1 กระบวนการได้มาของโครงการ
1. โครงการที่ดำเนินการแล้วเสร็จไม่มีการใช้ประโยชน์ 
หรือไม่มีการบริหารจัดการที่ดีภายหลังสิ้นสุดโครงการ 
ส่งผลให้ไม่สามารถแก้ไขปัญหาความเดือดร้อนให้กับชุมชนได้ 
หรืออาจแก้ไขปัญหาได้เพียงระยะสั้นเท่านั้น 
เป็นการใช้จ่ายง"
FL-0850,ด้านประสิทธิผล อื่น ๆ                                                                               ,สำนักงานจังหวัดนครสวรรค์,การดำเนินงานด้านการดูแลรักษาและคุ้มครองป้องกันที่สาธารณประโยชน์ประเภทพลเมืองใช้ร่วมกันในพื้นที่จังหวัดนครสวรรค์,2561,หน่วยงานที่มีอำนาจหน้าที่โดยตรงในการดูแลรักษาคุ้มครองป้องกันที่สาธารณประโยชน์ การไม่จัดทำทะเบียนที่สาธารณประโยชน์ในแปลงที่ยังไม่ได้ขึ้นทะเบียนเพื่อแสดงหลักเขตหรือจัดทำป้ายเพื่อแส ไม่ให้ความสำคัญกับการดูแลที่สาธารณประโยชน์,ส่วนใหญ่มีการดำเนินงานด้านการดูแลรักษาและคุ้มครองป้องกันที่สาธารณประโยชน์ประเภทพลเมืองใช้ร่วมกัน ไม่ครบถ้วนตามกฏหมาย ประกาศและคู่มือมาตรฐานที่กำหนดไว้,"เพื่อให้การปฏิบัติงานของหน่วยงานภาครัฐที่มีหน้าที่และอำนาจบริหารจัดการ 
ดูแลรักษา สามารถปฏิบัติงานได้อย่างถูกต้อง ครบถ้วน ตามขั้นตอนของกฎหมาย 
และแสดงให้เห็นถึงความเสมอภาคกันในการดำเนินการให้ถูกต้องตามกฎหมายก่อนเข้าใช้ประโยชน์ 
รวมทั้งป้องกันพฤติกรรมเลียน","1. กรณีมีการบุกรุกที่สาธารณประโยชน์จะส่งผลกระทบต่อสภาพสังคม การเมือง 
การปกครอง 
รวมทั้งด้านเศรษฐกิจโดยส่วนรวมและอาจสูญหายความสมดุลทางนิเวศวิทยาทางธรรมชาติ 
เช่น ทำให้ที่สาธารณประโยชน์ที่ประชาชนใช้ร่วมกันไม่มีหรือมีน้อยลง 
การขาดแหล่งสร้างอาหารตามธรรมชาติ"
FL-0851,ด้านประสิทธิผล อื่น ๆ                                                                               ,สำนักงานจังหวัดลำพูน,โครงการตามแผนปฏิบัติราชการประจำปีงบประมาณ 2559 (แผนพัฒนาจังหวัดลำพูน) (โครงการติดตั้งระบบกล้องวงจรปิด (CCTV) IP CAMERA),2561,กรอกข้อมูลตามข้อตรวจพบที่ 1,โดยสังเกตการณ์สัญญาณภาพจากจอโทรทัศน์ซึ่งรับสัญญาณมาจากระบบกล้องวงจรปิด ไม่มีสัญญาณภาพแสดงบนหน้าจอโทร ข้อตรวจพบที่,"กรอกข้อมูลตามข้อตรวจพบที่ 1
","กรอกข้อมูลตามข้อตรวจพบที่ 1
"
FL-0852,ด้านประสิทธิผล อื่น ๆ                                                                               ,เมืองพัทยา,โครงการพัฒนาประสิทธิภาพศูนย์ควบคุมความปลอดภัยทางทะเล เพื่อควบคุมกำกับดูแลการคมนาคมทางทะเลฯ เมืองพัทยา,2561,การกำหนดคุณสมบัติอุปกรณ์ไม่สอดคล้องกับวัตถุประสงค์การใช้งาน ที่ใช้สำหรับการออกแบบระบบและการตรวจรับงานที่ชัดเจน คณะกรรมการตรวจการจ้างขาดความรอบคอบในการตรวจรับงานจ้าง,ระบบและอุปกรณ์ต่างๆ ของศูนย์ฯ บางรายการยังมีคุณภาพไม่เพียงพอต่อการใช้ประโยชน์ตามวัตถุประสงค์,"1. ข้อเสนอแนะสำหรับการแก้ไขปัญหาที่เกิดขึ้น
1) แต่งตั้งคณะกรรมการตรวจสอบข้อเท็จจริง เพื่อตรวจสอบความครบถ้วน 
ความถูกต้อง คุณสมบัติและการทำงานของระบบและอุปกรณ์ต่าง ๆ 
และให้ดำเนินการแก้ไขให้เป็นไปตามที่กำหนด หาผู้รับผิดชอบความเสียหาย 
และดำเนินการตามระเบีย","ส่งผลให้ไม่สามารถนำไปใช้งานสนับสนุนภารกิจของศูนย์ฯ ได้อย่างเหมาะสม 
มีความเสี่ยงที่จะทำให้โครงการไม่บรรลุวัตถุประสงค์ 
ไม่เกิดความคุ้มค่าในการใช้จ่ายงบประมาณในการจัดหาอุปกรณ์และระบบต่าง ๆ 
เป็นเงินกว่า 184 ล้านบาท
"
FL-0853,ด้านประสิทธิผล อื่น ๆ                                                                               ,องค์การบริหารส่วนจังหวัดสระบุรี,โครงการจัดซื้อวัสดุครุภัณฑ์ทางการแพทย์ในการเฝ้าระวังและคัดกรองโรควิถีชีวิตมอบให้อาสาสมัครสาธารณสุขจังหวัดสระบุรี,2561,สาเหตุเกิดจากไม่มีการกำหนดหลักเกณฑ์ที่จะใช้ในการพิจารณาคัดเลือกผู้ที่สมควรได้รับวัสดุครุภัณฑ์ฯ โดยผู้ที่มีรายชื่อได้รับวัสดุครุภัณฑ์ฯบางรายไม่ได้ลงลายมือชื่อผู้รับไว้ในเอกสารการส่งมอบ-รับมอบ ขาดระบบการควบคุมการจัดทำเอกสารหลักฐานการส่งมอบ-รับมอบ,เป็นการจัดซื้อเครื่องมือในการตรวจคัดกรองโรคความดันโลหิตสูง การจัดซื้อวัสดุครุภัณฑ์ทางการแพทย์ การมอบวสดุครุภัณฑ์ทางการแพทย์มีความซ้ำซ้อน,"1.การดำเนินโครงการในโอกาสต่อไป 
หากมีการจัดทำโครงการที่มีลักษณะเป็นการช่วยเหลือหรือให้การสนับสนุนวัสดุครุภัณฑ์ประเภทต่างๆ 
แก่ประชาชนเช่นเดียวกับโครงการนี้ ควรปฏิบัติตามแนวทาง ดังนี้
  1.1 
ก่อนที่จะดำเนินโครงการต้องมีการศึกษาปัญหาความเดือนร้อนและความต้อง","อสม.ได้รับวัสดุครุภัณฑทางการแพทย์ไม่ทั่วถึง 
การใช้จ่ายงบประมาณไม่เกิดความคุ้มค่า

"
FL-0860,ด้านประสิทธิผล อื่น ๆ                                                                               ,สำนักนายกรัฐมนตรี,กองทุนหมู่บ้านและชุมชนเมืองแห่งชาติ,2561,และมีสถาบันการเงินชุมชนต้นแบบและนำร่องบางแห่งหยุดดำเนินการ รวมถึงยังไม่มีกฎหมายรองรับการดำเนินงานขอ สถาบันการเงินชุมชนต้นแบบส่วนใหญ่ยังไม่เปิดดำเนินการ,สถาบันการเงินชุมชนที่สุ่มตรวจสอบบางแห่งยังขาดศักยภาพและความพร้อมในการดำเนินงานให้เป็นไปตามวัตถุประสงค์ และบางแห่งหยุดดำเนินการ,"สำนักงานการตรวจเงินแผ่นดินมีข้อเสนอแนะให้ผู้อำนวยการสำนักงานกองทุนหมู่บ้านและชุมชนเมืองแห่งชาติ 
พิจารณาดำเนินการดังนี้
 1. ติดตาม ประเมินผลการดำเนินงานของสถาบันการเงินชุมชนที่จัดตั้ง 
โดยร่วมกับหน่วยงานภาคีที่เกี่ยวข้องโดยเฉพาะสถาบันการเงิน 
เพื่อให้ทราบ",
FL-0988,ด้านประสิทธิภาพและความประหยัด                                                                       ,สำนักงานการท่องเที่ยวและกีฬาจังหวัดพิษณุโลก,โครงการตามแผนปฏิบัติราชการจังหวัด/กลุ่มจังหวัดภาคเหนือตอนล่าง 1 ยุทธศาสตร์ด้านการท่องเที่ยว,2561,เกิดจากการที่ไม่ได้วิเคราะห์ข้อมูลจากสภาพปัญหาหรือข้อเท็จจริง ไม่ได้ศึกษาความจำเป็นและความเหมาะสมในการดำเนินโครงการ การดำเนินโครงการไม่ได้กำหนดหลักเกณฑ์ในการคัดเลือกกลุ่มเป้าหมาย,โครงการพัฒนาศักยภาพท่องเที่ยวและบริการแบบบูรณาการ พัฒนาสมรรถนะการจัดการแหล่งท่องเที่ยวชุมชน แหล่งท่องเที่ยวนิเวศและเชิงประวัติศาสตร์,"ให้มหาวิทยาลัยนเรศวร สำนักงานการท่องเที่ยวและกีฬาจังหวัดพิษณุโลก 
สำนักงานการท่องเที่ยวและกีฬาจังหวัดเพชรบูรณ์ 
สำนักงานวัฒนธรรมจังหวัดพิษณุโลก สำนักงานวัฒนธรรมจังหวัดตาก 
สำนักงานวัฒนธรรมจังหวัดสุโขทัย สำนักงานวัฒนธรรมจังหวัดเพชรบูรณ์ 
และสำนักงานเกษตรจั","การดำเนินโครงการตามแผนปฏิบัติราชการประจำปีงบประมาณ พ.ศ. 2560 
ของจังหวัด/กลุ่มจังหวัดภาคเหนือตอนล่าง 1 ยุทธศาสตร์ด้านการท่องเที่ยว 
ไม่มีประสิทธิภาพ ประสิทธิผล มีผลกระทบต่อการดำเนินโครงการ 
โดยบางโครงการผลการดำเนินการไม่เป็นไปตามตัวชี้วัดด้านรายได้ 
ไม่สา"
FL-0989,ด้านประสิทธิภาพและความประหยัด                                                                       ,สำนักงานการท่องเที่ยวและกีฬาจังหวัดพิษณุโลก,โครงการตามแผนปฏิบัติราชการจังหวัด/กลุ่มจังหวัดภาคเหนือตอนล่าง 1 ยุทธศาสตร์ด้านการท่องเที่ยว,2561,เกิดจากการที่ไม่ได้วิเคราะห์ข้อมูลจากสภาพปัญหาหรือข้อเท็จจริง ไม่ได้ศึกษาความจำเป็นและความเหมาะสมในการดำเนินโครงการ การดำเนินโครงการไม่ได้กำหนดหลักเกณฑ์ในการคัดเลือกกลุ่มเป้าหมาย,โครงการพัฒนาศักยภาพท่องเที่ยวและบริการแบบบูรณาการ พัฒนาสมรรถนะการจัดการแหล่งท่องเที่ยวชุมชน แหล่งท่องเที่ยวนิเวศและเชิงประวัติศาสตร์,"ให้มหาวิทยาลัยนเรศวร สำนักงานการท่องเที่ยวและกีฬาจังหวัดพิษณุโลก 
สำนักงานการท่องเที่ยวและกีฬาจังหวัดเพชรบูรณ์ 
สำนักงานวัฒนธรรมจังหวัดพิษณุโลก สำนักงานวัฒนธรรมจังหวัดตาก 
สำนักงานวัฒนธรรมจังหวัดสุโขทัย สำนักงานวัฒนธรรมจังหวัดเพชรบูรณ์ 
และสำนักงานเกษตรจั","การดำเนินโครงการตามแผนปฏิบัติราชการประจำปีงบประมาณ พ.ศ. 2560 
ของจังหวัด/กลุ่มจังหวัดภาคเหนือตอนล่าง 1 ยุทธศาสตร์ด้านการท่องเที่ยว 
ไม่มีประสิทธิภาพ ประสิทธิผล มีผลกระทบต่อการดำเนินโครงการ 
โดยบางโครงการผลการดำเนินการไม่เป็นไปตามตัวชี้วัดด้านรายได้ 
ไม่สา"
FL-0990,ด้านประสิทธิภาพและความประหยัด                                                                       ,สำนักงานการท่องเที่ยวและกีฬาจังหวัดพิษณุโลก,โครงการตามแผนปฏิบัติราชการจังหวัด/กลุ่มจังหวัดภาคเหนือตอนล่าง 1 ยุทธศาสตร์ด้านการท่องเที่ยว,2561,เกิดจากการที่ไม่ได้วิเคราะห์ข้อมูลจากสภาพปัญหาหรือข้อเท็จจริง ไม่ได้ศึกษาความจำเป็นและความเหมาะสมในการดำเนินโครงการ การดำเนินโครงการไม่ได้กำหนดหลักเกณฑ์ในการคัดเลือกกลุ่มเป้าหมาย,โครงการพัฒนาศักยภาพท่องเที่ยวและบริการแบบบูรณาการ พัฒนาสมรรถนะการจัดการแหล่งท่องเที่ยวชุมชน แหล่งท่องเที่ยวนิเวศและเชิงประวัติศาสตร์,"ให้มหาวิทยาลัยนเรศวร สำนักงานการท่องเที่ยวและกีฬาจังหวัดพิษณุโลก 
สำนักงานการท่องเที่ยวและกีฬาจังหวัดเพชรบูรณ์ 
สำนักงานวัฒนธรรมจังหวัดพิษณุโลก สำนักงานวัฒนธรรมจังหวัดตาก 
สำนักงานวัฒนธรรมจังหวัดสุโขทัย สำนักงานวัฒนธรรมจังหวัดเพชรบูรณ์ 
และสำนักงานเกษตรจั","การดำเนินโครงการตามแผนปฏิบัติราชการประจำปีงบประมาณ พ.ศ. 2560 
ของจังหวัด/กลุ่มจังหวัดภาคเหนือตอนล่าง 1 ยุทธศาสตร์ด้านการท่องเที่ยว 
ไม่มีประสิทธิภาพ ประสิทธิผล มีผลกระทบต่อการดำเนินโครงการ 
โดยบางโครงการผลการดำเนินการไม่เป็นไปตามตัวชี้วัดด้านรายได้ 
ไม่สา"
FL-0991,ด้านประสิทธิภาพและความประหยัด                                                                       ,สำนักงานการท่องเที่ยวและกีฬาจังหวัดพิษณุโลก,โครงการตามแผนปฏิบัติราชการจังหวัด/กลุ่มจังหวัดภาคเหนือตอนล่าง 1 ยุทธศาสตร์ด้านการท่องเที่ยว,2561,เกิดจากการที่ไม่ได้วิเคราะห์ข้อมูลจากสภาพปัญหาหรือข้อเท็จจริง ไม่ได้ศึกษาความจำเป็นและความเหมาะสมในการดำเนินโครงการ การดำเนินโครงการไม่ได้กำหนดหลักเกณฑ์ในการคัดเลือกกลุ่มเป้าหมาย,โครงการพัฒนาศักยภาพท่องเที่ยวและบริการแบบบูรณาการ พัฒนาสมรรถนะการจัดการแหล่งท่องเที่ยวชุมชน แหล่งท่องเที่ยวนิเวศและเชิงประวัติศาสตร์,"ให้มหาวิทยาลัยนเรศวร สำนักงานการท่องเที่ยวและกีฬาจังหวัดพิษณุโลก 
สำนักงานการท่องเที่ยวและกีฬาจังหวัดเพชรบูรณ์ 
สำนักงานวัฒนธรรมจังหวัดพิษณุโลก สำนักงานวัฒนธรรมจังหวัดตาก 
สำนักงานวัฒนธรรมจังหวัดสุโขทัย สำนักงานวัฒนธรรมจังหวัดเพชรบูรณ์ 
และสำนักงานเกษตรจั","การดำเนินโครงการตามแผนปฏิบัติราชการประจำปีงบประมาณ พ.ศ. 2560 
ของจังหวัด/กลุ่มจังหวัดภาคเหนือตอนล่าง 1 ยุทธศาสตร์ด้านการท่องเที่ยว 
ไม่มีประสิทธิภาพ ประสิทธิผล มีผลกระทบต่อการดำเนินโครงการ 
โดยบางโครงการผลการดำเนินการไม่เป็นไปตามตัวชี้วัดด้านรายได้ 
ไม่สา"
FL-0992,ด้านประสิทธิภาพและความประหยัด                                                                       ,สำนักงานการท่องเที่ยวและกีฬาจังหวัดพิษณุโลก,โครงการตามแผนปฏิบัติราชการจังหวัด/กลุ่มจังหวัดภาคเหนือตอนล่าง 1 ยุทธศาสตร์ด้านการท่องเที่ยว,2561,เกิดจากการที่ไม่ได้วิเคราะห์ข้อมูลจากสภาพปัญหาหรือข้อเท็จจริง ไม่ได้ศึกษาความจำเป็นและความเหมาะสมในการดำเนินโครงการ การดำเนินโครงการไม่ได้กำหนดหลักเกณฑ์ในการคัดเลือกกลุ่มเป้าหมาย,โครงการพัฒนาศักยภาพท่องเที่ยวและบริการแบบบูรณาการ พัฒนาสมรรถนะการจัดการแหล่งท่องเที่ยวชุมชน แหล่งท่องเที่ยวนิเวศและเชิงประวัติศาสตร์,"ให้มหาวิทยาลัยนเรศวร สำนักงานการท่องเที่ยวและกีฬาจังหวัดพิษณุโลก 
สำนักงานการท่องเที่ยวและกีฬาจังหวัดเพชรบูรณ์ 
สำนักงานวัฒนธรรมจังหวัดพิษณุโลก สำนักงานวัฒนธรรมจังหวัดตาก 
สำนักงานวัฒนธรรมจังหวัดสุโขทัย สำนักงานวัฒนธรรมจังหวัดเพชรบูรณ์ 
และสำนักงานเกษตรจั","การดำเนินโครงการตามแผนปฏิบัติราชการประจำปีงบประมาณ พ.ศ. 2560 
ของจังหวัด/กลุ่มจังหวัดภาคเหนือตอนล่าง 1 ยุทธศาสตร์ด้านการท่องเที่ยว 
ไม่มีประสิทธิภาพ ประสิทธิผล มีผลกระทบต่อการดำเนินโครงการ 
โดยบางโครงการผลการดำเนินการไม่เป็นไปตามตัวชี้วัดด้านรายได้ 
ไม่สา"
FL-1000,ด้านประสิทธิภาพและความประหยัด                                                                       ,เทศบาลนครนครศรีธรรมราช,การบริหารกิจการประปาสำนักการประปาเทศบาลนครศรีธรรมราช,2561,และไม่ประกาศให้ถือปฎิบัติโดยทั่วกัน ผู้บริหารไม่ให้ความสำคัญในการกำหนดกฎระเบียบและแผนการดำเนินงานในด้านต่าง ไม่มีกฎระเบียบและแบบแผน/ปฏิทินการดำเนินงานด้านต่างๆ,ขาดกฎระเบียบและแผนการดำเนินงานในด้านต่าง การบริหารบุคลๅกรขาดประสิทธิภาพ การบริหารกิจการประปาขาดประสิทธิภาพ,"เพื่อให้การบริหารกิจการประปาสำนักการประปาฯ 
เป็นไปอย่างมีประสิทธิภาพเกิดประโยชน์ต่อประชาชน สำนักงานการตรวจเงินแผ่นดิน 
มีข้อเสนอแนะให้นายกเทศมนตรีนครนครศรีธรรมราช พิจารณาดำเนินการ ดังนี้
1. ให้มีกฎระเบียบและแผนการดำเนินงานด้านต่าง ๆ 
ที่กำหนดกิจกรรมและระย","1. ผู้ปฏิบัติงานไม่มีแนวทางในการปฏิบัติงานให้เป็นไปในแนวทางเดียวกัน 
จึงเกิดการปฏิบัติงานไม่ถูกต้องครบถ้วน หรือปฏิบัติงานซ้ำซ้อน 
เป็นการสิ้นเปลืองแรงงาน เวลา และงบประมาณ และขาดความระมัดระวัง 
ก่อให้เกิดความไม่ปลอดภัยในการปฏิบัติงาน 
ผู้บังคับบัญชาไม่สามา"
FL-1001,ด้านประสิทธิภาพและความประหยัด                                                                       ,สำนักงานท้องถิ่นจังหวัดนครศรีธรรมราช,เงินอุดหนุนเฉพาะกิจก่อสร้างอาคารศูนย์พัฒนาเด็กเล็กขององค์กรปกครองส่วนท้องถิ่นจังหวัดนครศรีธรรมราชประจำปีงบประมาณ พ.ศ. 2559,2561,จากปัญหาและอุปสรรคการก่อสร้างที่ไม่เป็นไปตามแบบรูปรายการ สรุปสาเหตุได้ ดังนี้ 1. ระยะเวลาในการจัดทำราคากลางงานก่อสร้างศูนย์พัฒนาเด็กเล็กมีจำกัด ต้องเร่งจัดทำให้เสร็จตามนโยบายที่รัฐบาลกำหนด 2. คณะกรรมการประกวดราคาจ้างด้วยวิธีการทางอิเล็กทรอนิกส์ ไม่แจ,การก่อสร้างศูนย์พัฒนาเด็กเล็กไม่มี่ประสิทธิภาพ ศพด.ไม่เป็นไปตามแบบมาตรฐานประเภทอาคาร ศพด.กรมส่งเสริมการปกครองท้องถิ่น,"เพื่อให้การก่อสร้างศูนย์พัฒนาเด็กเล็กเป็นไปอย่างมีประสิทธิภาพและบรรลุวัตถุประสงค์ 
สำนักงานการตรวจเงินแผ่นดิน มีข้อเสนอแนะเพื่อ 
ผู้ว่าราชการจังหวัดนครศรีธรรมราช พิจารณาดำเนินการ ดังนี้
	1. ตามข้อตรวจพบ 1.1 - 1.2 
สั่งการและกำชับให้ผู้ควบคุมงานก่อสร้างของ","  1. การก่อสร้างที่ไม่เป็นไปตามแบบรูปรายการ มีผลต่อการใช้สอย ความไม่สะดวก 
ความไม่ปลอดภัย การติดตั้งประตูที่มีส่วนสูงเกินกำหนด 
ทำให้ไม่สามารถมองเห็นเด็กได้จากภายนอก 
การติดตั้งโถสุขภัณฑ์ที่ไม่เหมาะสมกับตัวเด็ก ทำให้ไม่สะดวก 
ไม่ปลอดภัยกับเด็ก การปรับเปลี"
FL-1002,ด้านประสิทธิภาพและความประหยัด                                                                       ,โครงการชลประทานจังหวัดสุราษฏร์ธานี,โครงการจัดหาและเพิ่มพื้นที่ชลประทาน(บ้านวังมะปรางและบ้านหงส์เจริญ),2561,,,,
FL-1096,ด้านประสิทธิภาพและความประหยัด อื่นๆ                                                                 ,สำนักงานพาณิชย์จังหวัดเพชรบูรณ์,โครงการส่งเสริมการค้า การลงทุน และสร้างพันธมิตรการค้าสู่ประชาคมเศรษฐกิจอาเซียน,2561,เกิดจากการดำเนินโครงการไม่เป็นไปตามรายการ/กิจกรรมตามที่ได้รับอนุมัติงบประมาณ การดำเนินโครงการไม่ได้ปฏิบัติตามแนวทางหรือหลักเกณฑ์ที่กำหนดและไม่สอดคล้องกับวัตถุประสงค์ รวมถึงการดำเนินโครงการไม่มีการติดตามและประเมินผลอย่างเป็นระบบ,สำนักงานพาณิชย์จังหวัดเพชรบูรณ์ได้ใช้จ่ายงบประมาณในการดำเนินโครงการ/กิจกรรมผิดวัตถุประสงค์ที่กำหนด การดำเนินโครงการ/กิจกรรมผิดวัตถุประสงค์ ข้อตรวจพบที่,"1. แผนปฏิบัติราชการประจำปีของจังหวัด/กลุ่มจังหวัด 
ซึ่งมีความสอดคล้องกับวัตถุประสงค์และทิศทางการพัฒนาตามแผนพัฒนาจังหวัด/กลุ่มจังหวัด 
รวมทั้งกรอบของแผนงาน/โครงการที่กำหนดไว้  ในแผนพัฒนาจังหวัด/กลุ่มจังหวัด 
ตามหลักเกณฑ์และวิธีการจัดทำโครงการที่เป็นคำของบป","ให้การดำเนินโครงการ ไม่บรรลุวัตถุประสงค์และเป้าหมายที่กำหนด 
รวมถึงทำให้การใช้จ่ายงบประมาณไม่คุ้มค่า 
"
FL-1097,ด้านประสิทธิภาพและความประหยัด อื่นๆ                                                                 ,สำนักงานพาณิชย์จังหวัดเพชรบูรณ์,โครงการส่งเสริมการค้า การลงทุน และสร้างพันธมิตรการค้าสู่ประชาคมเศรษฐกิจอาเซียน,2561,เกิดจากการดำเนินโครงการไม่เป็นไปตามรายการ/กิจกรรมตามที่ได้รับอนุมัติงบประมาณ การดำเนินโครงการไม่ได้ปฏิบัติตามแนวทางหรือหลักเกณฑ์ที่กำหนดและไม่สอดคล้องกับวัตถุประสงค์ รวมถึงการดำเนินโครงการไม่มีการติดตามและประเมินผลอย่างเป็นระบบ,สำนักงานพาณิชย์จังหวัดเพชรบูรณ์ได้ใช้จ่ายงบประมาณในการดำเนินโครงการ/กิจกรรมผิดวัตถุประสงค์ที่กำหนด การดำเนินโครงการ/กิจกรรมผิดวัตถุประสงค์ ข้อตรวจพบที่,"1. แผนปฏิบัติราชการประจำปีของจังหวัด/กลุ่มจังหวัด 
ซึ่งมีความสอดคล้องกับวัตถุประสงค์และทิศทางการพัฒนาตามแผนพัฒนาจังหวัด/กลุ่มจังหวัด 
รวมทั้งกรอบของแผนงาน/โครงการที่กำหนดไว้  ในแผนพัฒนาจังหวัด/กลุ่มจังหวัด 
ตามหลักเกณฑ์และวิธีการจัดทำโครงการที่เป็นคำของบป","ให้การดำเนินโครงการ ไม่บรรลุวัตถุประสงค์และเป้าหมายที่กำหนด 
รวมถึงทำให้การใช้จ่ายงบประมาณไม่คุ้มค่า 
"
FL-1098,ด้านประสิทธิภาพและความประหยัด อื่นๆ                                                                 ,สำนักงานพาณิชย์จังหวัดเพชรบูรณ์,โครงการส่งเสริมการค้า การลงทุน และสร้างพันธมิตรการค้าสู่ประชาคมเศรษฐกิจอาเซียน,2561,สาเหจุสำคัญเกิดจากการดำเนินโครงการไม่เป็นไปตามรายการ/กิจกรรมตาที่ได้รับอนุมัติ งบประมาณการดำเนินโครงการไม่ได้ปฏิบัติตามแนวทางหรือหลักเกณฑ์ที่กำหนดและไม่สอด รวมถึงการดำเนินโครงการไม่มีการติดตามและประเมินผลอย่างเป็นร,สำนักงานพาณิชย์จังหวัดเพชรบูรณ์ได้ใช้จ่ายงบประมาณในการดำเนินโครงการ/กิจกรรมผิด การดำเนินโครงการ/กิจกรรมผิดวัตถุประสงค์ จากงบประมาณที่ได้รับจัดสรรในปีงบประมาณ,"1. แผนปฏิบัติราชการประจำปีของจังหวัด/กลุ่มจังหวัด 
ซึ่งมีความสอดคล้องกับวัตถุประสงค์และทิศทางการพัฒนาตามแผนพัฒนาจังหวัด/กลุ่มจังหวัด 
รวมทั้งกรอบของแผนงาน/โครงการที่กำหนดไว้  ในแผนพัฒนาจังหวัด/กลุ่มจังหวัด 
ตามหลักเกณฑ์และวิธีการจัดทำโครงการที่เป็นคำของบป","ทำให้การดำเนินโครงการไม่บรรลุวัตถุประสงค์และเป้าหมายที่กำหนด 
รวมถึงทำให้การใช้จ่ายงบประมาณไม่คุ้มค่า
"
FL-1099,ด้านประสิทธิภาพและความประหยัด อื่นๆ                                                                 ,สำนักงานพาณิชย์จังหวัดเพชรบูรณ์,โครงการส่งเสริมการค้า การลงทุน และสร้างพันธมิตรการค้าสู่ประชาคมเศรษฐกิจอาเซียน,2561,สาเหตุสำคัญเกิดจากการดำเนินโครงการไม่เป็นไปตามรายการ/กิจกรรมตามที่ได้รับอนุมัติงบประมาณ การดำเนินโครงการไม่ได้ปฏิบัติตามแนวทางหรือหลักเกณฑ์ที่กำหนดและไม่สอดคล้องกับวัตถุประสงค์ รวมถึงการดำเนินโครงการไม่มีการติดตามและประเมินผลอย่างเป็,สำนักงานพาณิชย์จังหวัดเพชรบูรณ์ได้ใช้จ่ายงบประมาณในการดำเนินโครงการ/กิจกรรมผิดวัตถุประสงค์ที่กำหนด การดำเนินโครงการ/กิจกรรมผิดวัตถุประสงค์ จากงบประมาณที่ได้รับจัดสรรในปีงบประมาณ,"1. แผนปฏิบัติราชการประจำปีของจังหวัด/กลุ่มจังหวัด 
ซึ่งมีความสอดคล้องกับวัตถุประสงค์และทิศทางการพัฒนาตามแผนพัฒนาจังหวัด/กลุ่มจังหวัด 
รวมทั้งกรอบของแผนงาน/โครงการที่กำหนดไว้  ในแผนพัฒนาจังหวัด/กลุ่มจังหวัด 
ตามหลักเกณฑ์และวิธีการจัดทำโครงการที่เป็นคำของบป","ให้การดำเนินโครงการ ไม่บรรลุวัตถุประสงค์และเป้าหมายที่กำหนด 
รวมถึงทำให้การใช้จ่ายงบประมาณไม่คุ้มค่า 
"
FL-1101,ด้านประสิทธิภาพและความประหยัด อื่นๆ                                                                 ,สำนักงานคณะกรรมการการศึกษาขั้นพื้นฐาน,โครงการโรงเรียนดีใกล้บ้าน (แม่เหล็ก),2561,ไม่ปฏิบัติตามแนวทางที่กำหนดในคู่มือการดำเนินงานโรงเรียนดีใกล้บ้าน สาเหตุมาจากหน่วยงานที่รับผิดชอบ สำนักงานคณะกรรมการการศึกษา,การบริหารจัดการทรัพย์สินของโรงเรียนเครือข่ายภายหลังการยุบเลิก พบว่าการบริหารจัดการทรัพย์สินของโรงเรียนเครือข่ายภายหลังการยุบเลิกบางแห่ง ข้อตรวจพบที่,"เพื่อให้การบริหารจัดการทรัพย์สินของโรงเรียนเครือข่ายภายหลังการยุบเลิกเป็นไปตาม
แนวทางที่กำหนด สำนักงานการตรวจเงินแผ่นดินมีข้อเสนอแนะให้เลขาธิการคณะกรรมการ
การศึกษาขั้นพื้นฐานพิจารณาดำเนินการสั่งการให้ผู้บังคับบัญชากำกับดูแลหน่วยงานที
รับผิดชอบทุกระดับปฏิบ","การบริหารจัดการทรัพย์สินของโรงเรียนเครือข่ายภายหลังการยุบเลิกไม่เป็นไปตามแนวทาง
ที่กำหนด ส่งผลให้รัฐเสียโอกาสจากรายได้ที่จะได้รับจากการจำหน่ายทรัพย์สินที่ชำรุด 
และอาจเกิดความเสี่ยงที่พัสดุจะสูญหายได้
"
FL-1153,ด้านระเบียบข้อบังคับ กฎหมาย(มติครม.พ.ร.ก. ฯลฯ)                                                      ,สำนักงานจังหวัดพะเยา,โครงการเพิ่มผลิตภาพและคุณภาพการผลิตข้าวปลอดภัยที่ดำเนิการโดยจังหวัดพะเยา,2561,เจ้าหน้าที่ขาดความรอบคอบ,การดำเนินกิจกรรมไม่เป็นไปตามกฎหมายที่กำหนด,"ให้ดำเนินการตามกฎหมายที่เกี่ยวข้อ 
","สูญเสียเงินงบประมาณ
"
FL-1155,ด้านระเบียบข้อบังคับ กฎหมาย(มติครม.พ.ร.ก. ฯลฯ)                                                      ,สำนักงานปศุสัตว์จังหวัดพะเยา,โครงการเพิ่มประสิทธิภาพการแปรรูปสินค้าปศุสัตว์ปลอดภัย,2561,1.ไม่ส่งมออบอาคารเมื่อคณะกรรมการตรวจรับแล้ว 2.ไม่ขึ้นทะเบียนที่ราชพัสดุ 3.ไม่ดำเนินการควบคุมพัสดุ,การดำเนินการตามโครงการเพิ่มประสิทธิภาพการแปรรูปสินค้าปศุสัตว์ปลอดภัยไม่เป็นไปตามกฎหมาย ระเบียบ และหนังสือสั่งการที่เกี่ยวข้อง,"1.ให้ดำเนินการขึ้นทะเบียนที่ราชพัสดุ
","1.เสียโอการจากการได้รับค่าเช่า
2.มีความเสี่ยงต่อการสูญหาย
"
FL-1156,ด้านระเบียบข้อบังคับ กฎหมาย(มติครม.พ.ร.ก. ฯลฯ)                                                      ,สำนักงานกองทุนหมู่บ้านและชุมชนเมืองแห่งชาติ สาขา6อุดรธานี,โครงการเพิ่มความเข้มแข็งของเศรษฐกิจฐานรากตามแนวทางประชารัฐ,2561,,ข้อตรวจพบที่ และไม่เป็นไปตามระเบียบ แนวทางและวิธีการที่,,
FL-1165,ด้านระเบียบข้อบังคับ กฎหมาย(มติครม.พ.ร.ก. ฯลฯ)                                                      ,เทศบาลเมืองป่าตอง,การตรวจสอบการดำเนินงานการบังคับใช้กฎหมายควบคุมอาคารเทศบาลนคร และเทศบาลเมือง,2561,ไม่มีการสอบยันข้อมูลการใช้อาคารและการติดตั้งป้าย ไม่มีการตรวจสอบเจ้าของอาคารและป้ายอย่างครบถ้วนให้ปฏิบัติตาม ของสำนักการช่าง,จากการตรวจสอบเอกสารการดำเนินการกับเจ้าของอาคารที่กระทำผิดกฎหมายควบคุมอาคาร ดัดแปลงอาคารหรือป้ายไม่เป็นไปตามกฎหมาย เจ้าของอาคารไม่ปฏิบัติตามกฎหมายควบคุมอาคาร,"1.	กำหนดให้มีแผนการตรวจสอบในแต่ละปีและดำเนินการตรวจสอบตามแผน 
หากพบการฝ่าฝืน/ไม่ปฏิบัติ ให้ดำเนินการตามพระราชบัญญัติควบคุมอาคาร พ.ศ. 
2522 และกฎกระทรวงที่เกี่ยวข้อง
2.	กำหนดให้มีการสอบยันข้อมูลการใช้อาคารและการติดตั้งป้าย 
ของสำนักการช่าง กับการจัดเก็บภาษ","การที่เจ้าของอาคารและป้ายไม่ปฏิบัติตามพระราชบัญญัติควบคุมอาคาร พ.ศ. 2522 
และกฎกระทรวงที่เกี่ยวข้องอาจก่อให้เกิดความเสี่ยงต่อความปลอดภัยในชีวิตและ
ทรัพย์สินของประชาชนในพื้นที่ 
และการจัดเก็บภาษีโรงเรือนและที่ดินไม่ครบถ้วน
"
FL-1166,ด้านระเบียบข้อบังคับ กฎหมาย(มติครม.พ.ร.ก. ฯลฯ)                                                      ,เทศบาลเมืองป่าตอง,การตรวจสอบการดำเนินงานการบังคับใช้กฎหมายควบคุมอาคารเทศบาลนคร และเทศบาลเมือง,2561,ไม่มีการตรวจสอบเจ้าของอาคารและป้ายอย่างครบถ้วนให้ปฏิบัติตามพระราช ไม่มีการสอบยันข้อมูลการใช้อาคารและการติดตั้งป้าย ของสำนักการช่าง,จากการตรวจสอบเอกสารการดำเนินการกับเจ้าของอาคารที่กระทำผิดกฎหมายควบคุมอาคาร ดัดแปลงอาคารหรือป้ายไม่เป็นไปตามกฎหมาย เจ้าของอาคารไม่ปฏิบัติตามกฎหมายควบคุมอาคาร,"1.	กำหนดให้มีแผนการตรวจสอบในแต่ละปีและดำเนินการตรวจสอบตามแผน 
หากพบการฝ่าฝืน/ไม่ปฏิบัติ ให้ดำเนินการตามพระราชบัญญัติควบคุมอาคาร พ.ศ. 
2522 และกฎกระทรวงที่เกี่ยวข้อง
2.	กำหนดให้มีการสอบยันข้อมูลการใช้อาคารและการติดตั้งป้าย 
ของสำนักการช่าง กับการจัดเก็บภาษ","การที่เจ้าของอาคารและป้ายไม่ปฏิบัติตามพระราชบัญญัติควบคุมอาคาร พ.ศ. 2522 
และกฎกระทรวงที่เกี่ยวข้องอาจก่อให้เกิดความเสี่ยงต่อความปลอดภัยในชีวิตและ
ทรัพย์สินของประชาชนในพื้นที่ 
และการจัดเก็บภาษีโรงเรือนและที่ดินไม่ครบถ้วน
"
FL-1167,ด้านระเบียบข้อบังคับ กฎหมาย(มติครม.พ.ร.ก. ฯลฯ)                                                      ,เทศบาลเมืองป่าตอง,การตรวจสอบการดำเนินงานการบังคับใช้กฎหมายควบคุมอาคารเทศบาลนคร และเทศบาลเมือง,2561,ไม่มีการตรวจสอบเจ้าของอาคารและป้ายอย่างครบถ้วนให้ปฏิบัติตามพระราช ไม่มีการสอบยันข้อมูลการใช้อาคารและการติดตั้งป้าย ของสำนักการช่าง,จากการตรวจสอบเอกสารการดำเนินการกับเจ้าของอาคารที่กระทำผิดกฎหมายควบคุมอาคาร ดัดแปลงอาคารหรือป้ายไม่เป็นไปตามกฎหมาย เจ้าของอาคารไม่ปฏิบัติตามกฎหมายควบคุมอาคาร,"1.	กำหนดให้มีแผนการตรวจสอบในแต่ละปีและดำเนินการตรวจสอบตามแผน 
หากพบการฝ่าฝืน/ไม่ปฏิบัติ ให้ดำเนินการตามพระราชบัญญัติควบคุมอาคาร พ.ศ. 
2522 และกฎกระทรวงที่เกี่ยวข้อง
2.	กำหนดให้มีการสอบยันข้อมูลการใช้อาคารและการติดตั้งป้าย 
ของสำนักการช่าง กับการจัดเก็บภาษ","การที่เจ้าของอาคารและป้ายไม่ปฏิบัติตามพระราชบัญญัติควบคุมอาคาร พ.ศ. 2522 
และกฎกระทรวงที่เกี่ยวข้องอาจก่อให้เกิดความเสี่ยงต่อความปลอดภัยในชีวิตและ
ทรัพย์สินของประชาชนในพื้นที่ 
และการจัดเก็บภาษีโรงเรือนและที่ดินไม่ครบถ้วน
"
FL-1168,ด้านระเบียบข้อบังคับ กฎหมาย(มติครม.พ.ร.ก. ฯลฯ)                                                      ,เทศบาลเมืองป่าตอง,การตรวจสอบการดำเนินงานการบังคับใช้กฎหมายควบคุมอาคารเทศบาลนคร และเทศบาลเมือง,2561,ไม่มีการตรวจสอบเจ้าของอาคารและป้ายอย่างครบถ้วนให้ปฏิบัติตามพระราช ไม่มีการสอบยันข้อมูลการใช้อาคารและการติดตั้งป้าย ของสำนักการช่าง,จากการตรวจสอบเอกสารการดำเนินการกับเจ้าของอาคารที่กระทำผิดกฎหมายควบคุมอาคาร ดัดแปลงอาคารหรือป้ายไม่เป็นไปตามกฎหมาย เจ้าของอาคารไม่ปฏิบัติตามกฎหมายควบคุมอาคาร,"1.	กำหนดให้มีแผนการตรวจสอบในแต่ละปีและดำเนินการตรวจสอบตามแผน 
หากพบการฝ่าฝืน/ไม่ปฏิบัติ ให้ดำเนินการตามพระราชบัญญัติควบคุมอาคาร พ.ศ. 
2522 และกฎกระทรวงที่เกี่ยวข้อง
2.	กำหนดให้มีการสอบยันข้อมูลการใช้อาคารและการติดตั้งป้าย 
ของสำนักการช่าง กับการจัดเก็บภาษ","การที่เจ้าของอาคารและป้ายไม่ปฏิบัติตามพระราชบัญญัติควบคุมอาคาร พ.ศ. 2522 
และกฎกระทรวงที่เกี่ยวข้องอาจก่อให้เกิดความเสี่ยงต่อความปลอดภัยในชีวิตและ
ทรัพย์สินของประชาชนในพื้นที่ 
และการจัดเก็บภาษีโรงเรือนและที่ดินไม่ครบถ้วน
"
FL-1169,ด้านระเบียบข้อบังคับ กฎหมาย(มติครม.พ.ร.ก. ฯลฯ)                                                      ,เทศบาลเมืองป่าตอง,การตรวจสอบการดำเนินงานการบังคับใช้กฎหมายควบคุมอาคารเทศบาลนคร และเทศบาลเมือง,2561,ไม่มีการสอบยันข้อมูลการใช้อาคารและการติดตั้งป้าย ไม่มีการตรวจสอบเจ้าของอาคารและป้ายอย่างครบถ้วนให้ปฏิบัติตาม ของสำนักการช่าง,จากการตรวจสอบเอกสารการดำเนินการกับเจ้าของอาคารที่กระทำผิดกฎหมายควบคุมอาคาร ดัดแปลงอาคารหรือป้ายไม่เป็นไปตามกฎหมาย เจ้าของอาคารไม่ปฏิบัติตามกฎหมายควบคุมอาคาร,"1.	กำหนดให้มีแผนการตรวจสอบในแต่ละปีและดำเนินการตรวจสอบตามแผน 
หากพบการฝ่าฝืน/ไม่ปฏิบัติ ให้ดำเนินการตามพระราชบัญญัติควบคุมอาคาร พ.ศ. 
2522 และกฎกระทรวงที่เกี่ยวข้อง
2.	กำหนดให้มีการสอบยันข้อมูลการใช้อาคารและการติดตั้งป้าย 
ของสำนักการช่าง กับการจัดเก็บภาษ","การที่เจ้าของอาคารและป้ายไม่ปฏิบัติตามพระราชบัญญัติควบคุมอาคาร พ.ศ. 2522 
และกฎกระทรวงที่เกี่ยวข้องอาจก่อให้เกิดความเสี่ยงต่อความปลอดภัยในชีวิตและ
ทรัพย์สินของประชาชนในพื้นที่ 
และการจัดเก็บภาษีโรงเรือนและที่ดินไม่ครบถ้วน
"
FL-1170,ด้านระเบียบข้อบังคับ กฎหมาย(มติครม.พ.ร.ก. ฯลฯ)                                                      ,เทศบาลเมืองป่าตอง,การตรวจสอบการดำเนินงานการบังคับใช้กฎหมายควบคุมอาคารเทศบาลนคร และเทศบาลเมือง,2561,ไม่มีการสอบยันข้อมูลการใช้อาคารและการติดตั้งป้าย ไม่มีการตรวจสอบเจ้าของอาคารและป้ายอย่างครบถ้วนให้ปฏิบัติตาม ของสำนักการช่าง,จากการตรวจสอบเอกสารการดำเนินการกับเจ้าของอาคารที่กระทำผิดกฎหมายควบคุมอาคาร ดัดแปลงอาคารหรือป้ายไม่เป็นไปตามกฎหมาย เจ้าของอาคารไม่ปฏิบัติตามกฎหมายควบคุมอาคาร,"1.	กำหนดให้มีแผนการตรวจสอบในแต่ละปีและดำเนินการตรวจสอบตามแผน 
หากพบการฝ่าฝืน/ไม่ปฏิบัติ ให้ดำเนินการตามพระราชบัญญัติควบคุมอาคาร พ.ศ. 
2522 และกฎกระทรวงที่เกี่ยวข้อง
2.	กำหนดให้มีการสอบยันข้อมูลการใช้อาคารและการติดตั้งป้าย 
ของสำนักการช่าง กับการจัดเก็บภาษ","การที่เจ้าของอาคารและป้ายไม่ปฏิบัติตามพระราชบัญญัติควบคุมอาคาร พ.ศ. 2522 
และกฎกระทรวงที่เกี่ยวข้องอาจก่อให้เกิดความเสี่ยงต่อความปลอดภัยในชีวิตและ
ทรัพย์สินของประชาชนในพื้นที่ 
และการจัดเก็บภาษีโรงเรือนและที่ดินไม่ครบถ้วน
"
FL-1171,ด้านระเบียบข้อบังคับ กฎหมาย(มติครม.พ.ร.ก. ฯลฯ)                                                      ,เทศบาลเมืองป่าตอง,การตรวจสอบการดำเนินงานการบังคับใช้กฎหมายควบคุมอาคารเทศบาลนคร และเทศบาลเมือง,2561,ไม่มีการตรวจสอบเจ้าของอาคารและป้ายอย่างครบถ้วนให้ปฏิบัติตามพระราชบัญญัติควบคุมอาคาร ไม่มีการสอบยันข้อมูลการใช้อาคารและการติดตั้งป้าย ของสำนักการคลั,จากการตรวจสอบเอกสารการดำเนินการกับเจ้าของอาคารที่กระทำผิดกฎหมายควบคุมอาคาร ดัดแปลงอาคารหรือป้ายไม่เป็นไปตามกฎหมาย เจ้าของอาคารไม่ปฏิบัติตามกฎหมายควบคุมอาคาร,"1.	กำหนดให้มีแผนการตรวจสอบในแต่ละปีและดำเนินการตรวจสอบตามแผน 
หากพบการฝ่าฝืน/ไม่ปฏิบัติ ให้ดำเนินการตามพระราชบัญญัติควบคุมอาคาร พ.ศ. 
2522 และกฎกระทรวงที่เกี่ยวข้อง
2.	กำหนดให้มีการสอบยันข้อมูลการใช้อาคารและการติดตั้งป้าย 
ของสำนักการช่าง กับการจัดเก็บภาษ","การที่เจ้าของอาคารและป้ายไม่ปฏิบัติตามพระราชบัญญัติควบคุมอาคาร พ.ศ. 2522 
และกฎกระทรวงที่เกี่ยวข้องอาจก่อให้เกิดความเสี่ยงต่อความปลอดภัยในชีวิตและ
ทรัพย์สินของประชาชนในพื้นที่ และการจัดเก็บภาษีโรงเรือนและที่ดินไม่ครบถ้วน
"
FL-1172,ด้านระเบียบข้อบังคับ กฎหมาย(มติครม.พ.ร.ก. ฯลฯ)                                                      ,เทศบาลเมืองป่าตอง,การตรวจสอบการดำเนินงานการบังคับใช้กฎหมายควบคุมอาคารเทศบาลนคร และเทศบาลเมือง,2561,ไม่มีการตรวจสอบเจ้าของอาคารและป้ายอย่างครบถ้วนให้ปฏิบัติตามพระราช ไม่มีการสอบยันข้อมูลการใช้อาคารและการติดตั้งป้าย ของสำนักการช่าง,จากการตรวจสอบเอกสารการดำเนินการกับเจ้าของอาคารที่กระทำผิดกฎหมายควบคุมอาคาร ดัดแปลงอาคารหรือป้ายไม่เป็นไปตามกฎหมาย เจ้าของอาคารไม่ปฏิบัติตามกฎหมายควบคุมอาคาร,"1.	กำหนดให้มีแผนการตรวจสอบในแต่ละปีและดำเนินการตรวจสอบตามแผน 
หากพบการฝ่าฝืน/ไม่ปฏิบัติ ให้ดำเนินการตามพระราชบัญญัติควบคุมอาคาร พ.ศ. 
2522 และกฎกระทรวงที่เกี่ยวข้อง
2.	กำหนดให้มีการสอบยันข้อมูลการใช้อาคารและการติดตั้งป้าย 
ของสำนักการช่าง กับการจัดเก็บภาษ","การที่เจ้าของอาคารและป้ายไม่ปฏิบัติตามพระราชบัญญัติควบคุมอาคาร พ.ศ. 2522 
และกฎกระทรวงที่เกี่ยวข้องอาจก่อให้เกิดความเสี่ยงต่อความปลอดภัยในชีวิตและ
ทรัพย์สินของประชาชนในพื้นที่ และการจัดเก็บภาษีโรงเรือนและที่ดินไม่ครบถ้วน
"
FL-1208,ด้านระเบียบข้อบังคับ กฎหมาย(มติครม.พ.ร.ก. ฯลฯ) อื่นๆ                                                ,สำนักงานจังหวัดปทุมธานี,การจ้างที่ปรึกษาโดยใช้งบพัฒนาจังหวัด ของจังหวัดปทุมธานี,2561,และมีเจ้าหน้าที่ไม่เพียงพอที่จะดำเนินการด้วยตนเองจึงใช้วิธีการจ้างที่ปรึกษาโดยไม่ได้คำนึงถึงลักษณะงานที่เหมาะสมกับก เจ้าหน้าที่ของหน่วยงานที่จัดทำโครงการจ้างที่ปรึกษามีความเข้าใจไม่ชัดเจนเกี่ยวกับระเบียบและหนังสือ สาเหตุสำคัญเกิดจาก,ส่วนราชการและรัฐวิสาหกิจจะต้องปฏิบัติตามแนวทางที่กำหนดไว้ในระเบียบสำนักนายกรัฐมนตรีว่าด้วยการพัสดุ การดำเนินการจ้างที่ปรึกษายังไม่เป็นไปตามระเบียบและหนังสือสั่งการที่เกี่ยวข้อง ข้อตรวจพบที่,"การแก้ไขปัญหาที่เกิดขึ้นสำหรับโครงการที่ดำเนินการไปแล้ว
๑.กรณีคำนวณราคากลางไม่ถูกต้องตามหลักเกณฑ์ทำให้ราชการเสียหายเป็นเงิน ๒.๑๘ 
ล้านบาท 
ให้สำนักงานจังหวัดปทุมธานีดำเนินการตรวจสอบข้อเท็จจริงและให้หาผู้รับผิดชอบชดใช้ค่าเสียหายดังกล่าว 
และกรณีตรวจพบว่าที",
FL-1217,ด้านระเบียบข้อบังคับ กฎหมาย(มติครม.พ.ร.ก. ฯลฯ) อื่นๆ                                                ,สำนักงานท้องถิ่นจังหวัดชลบุรี,โครงการป้องกันและแก้ไขปัญหายาเสพติดขององค์กรปกครองส่วนทองถิ่นจังหวัดชลบุรี,2561,-เจ้าหน้าที่ผู้รับผิดชอบละเลยที่จะปฏิบัติหน้าที่ให้เป็นไปตามระเบียบแบบแผนของทางราชการอย่างครบถ้วนตามขั้นตอนการดำเนินงาน -คณะกรรมการเปิดซองสอบราคาไม่มีความรู้ทางด้านกล้องวงจรปิดจึงไม่สามารถตรวจสอบได้ว่ามีคุณสมบัติครบถ้วนตามที่กำหนดไว้หรือไม่ -คณะกรรมการตรว,การดำเนินโครงการไม่เป็นไปตามระเบียบและหนังสือสั่งการที่เกี่ยวข้อง 1.การเบิกจ่ายค่าอาหารไม่เป็นไปตามระเบียบฯที่กำหนด 2.ไม่มีการหักภาษีเงินได,"นายอำเภอเมืองชลบุรี
1.กรณีการเบิกจ่ายคาอาหารไม่เป็นไปตามระเบียบ 
โดยมีการเบิกจ่ายค่าอาหารเกินกว่าที่ระเบียบกำหนด จำนวน 50,400 บาท 
ให้หาผู้รับผิดชอบนำส่งเงินดังกล่าวคืนสำนักงานส่งเสริมการปกครองท้องถิ่นจังหวัดชลบุรี 
และพิจารณาโทษผู้เกี่ยวข้อง
2.กรณีโครงกา","การเบิกจ่ายไม่เป็นไปตามระเบียบฯส่งผลให้ราชการสูญเสียงบประมาณในการดำเนินโครงการจำนวน 
50,400 บาท
การจัดทำรายงานขอซื่อขอจางโดยไม่ได้นำราคาที่ดำเนินการครั้งหลังสุดมาประกอบการพิจารณาจัดจ้าง 
ทำให้ ได้รับความเสียหายจำนวน 230,000 บาท

"
FL-1220,ด้านระเบียบข้อบังคับ กฎหมาย(มติครม.พ.ร.ก. ฯลฯ) อื่นๆ                                                ,เทศบาลเมืองป่าตอง,การตรวจสอบการดำเนินงานการบังคับใช้กฎหมายควบคุมอาคารเทศบาลนคร และเทศบาลเมือง,2561,ไม่มีมาตรการดำเนินการกับเจ้าของอาคารที่มีการเพิกเฉยไม่ส่งรายงานการตรวจสอบ สภาพอาคาร,ประเภทที่เข้าข่ายต้องตรวจสอบสภาพอาคารตามมาตรา จากการตรวจสอบเอกสารสมุดคุมใบอนุญาตก่อสร้างฯ ประเภทไม่เป็นไปตามกฎหมาย,"พิจารณากำหนดมาตรการดำเนินการให้เป็นไปตามกฎหมายอย่างเคร่งครัดกับเจ้าของอาคาร
ที่เพิกเฉยไม่ส่งรายงานการตรวจสอบสภาพอาคาร 
หากยังเพิกเฉยให้ดำเนินการลงโทษตามที่กฎหมายกำหนด
","อาคาร 9 ประเภท เป็นอาคารที่ก่อสร้างเพื่อใช้เป็นที่อยู่อาศัยหรือประกอบกิจการ
ให้บริการประชาชน กรณีเจ้าของอาคารส่วนใหญ่ไม่ส่งรายงานตรวจสอบสภาพอาคารตามกฎหมาย 
ย่อมก่อให้เกิดความเสี่ยงที่อาจส่งผลต่อความไม่ปลอดภัยในชีวิตและทรัพย์สินของ
ประชาชนที่อยู่อาศัยหรือใ"
FL-1221,ด้านระเบียบข้อบังคับ กฎหมาย(มติครม.พ.ร.ก. ฯลฯ) อื่นๆ                                                ,เทศบาลเมืองป่าตอง,การตรวจสอบการดำเนินงานการบังคับใช้กฎหมายควบคุมอาคารเทศบาลนคร และเทศบาลเมือง,2561,ไม่มีมาตรการดำเนินการกับเจ้าของอาคารที่มีการเพิกเฉยไม่ส่งรายงานการตรวจสอบ สภาพอาคาร,ประเภทที่เข้าข่ายต้องตรวจสอบสภาพอาคารตามมาตรา จากการตรวจสอบเอกสารสมุดคุมใบอนุญาตก่อสร้างฯ ประเภทไม่เป็นไปตามกฎหมาย,"พิจารณากำหนดมาตรการดำเนินการให้เป็นไปตามกฎหมายอย่างเคร่งครัดกับเจ้าของอาคาร
ที่เพิกเฉยไม่ส่งรายงานการตรวจสอบสภาพอาคาร 
หากยังเพิกเฉยให้ดำเนินการลงโทษตามที่กฎหมายกำหนด
","อาคาร 9 ประเภท 
เป็นอาคารที่ก่อสร้างเพื่อใช้เป็นที่อยู่อาศัยหรือประกอบกิจการให้บริการประชาชน 
กรณีเจ้าของอาคารส่วนใหญ่ไม่ส่งรายงานตรวจสอบสภาพอาคารตามกฎหมาย 
ย่อมก่อให้เกิดความเสี่ยงที่อาจส่งผลต่อความไม่ปลอดภัยในชีวิตและทรัพย์สิน
ของประชาชนที่อยู่อาศัยหรือ"
FL-1222,ด้านระเบียบข้อบังคับ กฎหมาย(มติครม.พ.ร.ก. ฯลฯ) อื่นๆ                                                ,เทศบาลเมืองป่าตอง,การตรวจสอบการดำเนินงานการบังคับใช้กฎหมายควบคุมอาคารเทศบาลนคร และเทศบาลเมือง,2561,ไม่มีมาตรการดำเนินการกับเจ้าของอาคารที่มีการเพิกเฉยไม่ส่งรายงานการตรวจสอบ สภาพอาคาร,ประเภทที่เข้าข่ายต้องตรวจสอบสภาพอาคารตามมาตรา จากการตรวจสอบเอกสารสมุดคุมใบอนุญาตก่อสร้างฯ ประเภทไม่เป็นไปตามกฎหมาย,"พิจารณากำหนดมาตรการดำเนินการให้เป็นไปตามกฎหมายอย่างเคร่งครัดกับเจ้าของอาคาร
ที่เพิกเฉยไม่ส่งรายงานการตรวจสอบสภาพอาคาร 
หากยังเพิกเฉยให้ดำเนินการลงโทษตามที่กฎหมายกำหนด
","อาคาร 9 ประเภท เป็นอาคารที่ก่อสร้างเพื่อใช้เป็นที่อยู่อาศัยหรือประกอบกิจการ
ให้บริการประชาชน กรณีเจ้าของอาคารส่วนใหญ่ไม่ส่งรายงานตรวจสอบสภาพอาคารตามกฎหมาย 
ย่อมก่อให้เกิดความเสี่ยงที่อาจส่งผลต่อความไม่ปลอดภัยในชีวิตและทรัพย์สิน
ของประชาชนที่อยู่อาศัยหรือใ"
FL-1223,ด้านระเบียบข้อบังคับ กฎหมาย(มติครม.พ.ร.ก. ฯลฯ) อื่นๆ                                                ,เทศบาลเมืองป่าตอง,การตรวจสอบการดำเนินงานการบังคับใช้กฎหมายควบคุมอาคารเทศบาลนคร และเทศบาลเมือง,2561,ไม่มีมาตรการดำเนินการกับเจ้าของอาคารที่มีการเพิกเฉยไม่ส่งรายงานการตรวจสอบ สภาพอาคาร,ประเภทที่เข้าข่ายต้องตรวจสอบสภาพอาคารตามมาตรา จากการตรวจสอบเอกสารสมุดคุมใบอนุญาตก่อสร้างฯ ประเภทไม่เป็นไปตามกฎหมาย,"พิจารณากำหนดมาตรการดำเนินการให้เป็นไปตามกฎหมายอย่างเคร่งครัดกับเจ้าของอาคาร
ที่เพิกเฉยไม่ส่งรายงานการตรวจสอบสภาพอาคาร 
หากยังเพิกเฉยให้ดำเนินการลงโทษตามที่กฎหมายกำหนด
","อาคาร 9 ประเภท เป็นอาคารที่ก่อสร้างเพื่อใช้เป็นที่อยู่อาศัยหรือประกอบกิจการ
ให้บริการประชาชน กรณีเจ้าของอาคารส่วนใหญ่ไม่ส่งรายงานตรวจสอบสภาพอาคารตามกฎหมาย 
ย่อมก่อให้เกิดความเสี่ยงที่อาจส่งผลต่อความไม่ปลอดภัยในชีวิตและทรัพย์สิน
ของประชาชนที่อยู่อาศัยหรือใ"
FL-1224,ด้านระเบียบข้อบังคับ กฎหมาย(มติครม.พ.ร.ก. ฯลฯ) อื่นๆ                                                ,เทศบาลเมืองป่าตอง,การตรวจสอบการดำเนินงานการบังคับใช้กฎหมายควบคุมอาคารเทศบาลนคร และเทศบาลเมือง,2561,ไม่มีมาตรการดำเนินการกับเจ้าของอาคารที่มีการเพิกเฉยไม่ส่งรายงานการตรวจสอบสภาพ อาคาร,ประเภทที่เข้าข่ายต้องตรวจสอบสภาพอาคารตามมาตรา จากการตรวจสอบเอกสารสมุดคุมใบอนุญาตก่อสร้างฯ ประเภทไม่เป็นไปตามกฎหมาย,"พิจารณากำหนดมาตรการดำเนินการให้เป็นไปตามกฎหมายอย่างเคร่งครัดกับเจ้าของอาคาร
ที่เพิกเฉยไม่ส่งรายงานการตรวจสอบสภาพอาคาร 
หากยังเพิกเฉยให้ดำเนินการลงโทษตามที่กฎหมายกำหนด
","อาคาร 9 ประเภท 
เป็นอาคารที่ก่อสร้างเพื่อใช้เป็นที่อยู่อาศัยหรือประกอบกิจการให้บริการประชาชน 
กรณีเจ้าของอาคารส่วนใหญ่ไม่ส่งรายงานตรวจสอบสภาพอาคารตามกฎหมาย 
ย่อมก่อให้เกิดความเสี่ยงที่อาจส่งผลต่อความไม่ปลอดภัยในชีวิตและทรัพย์สิน
ของประชาชนที่อยู่อาศัยหรือ"
FL-1225,ด้านระเบียบข้อบังคับ กฎหมาย(มติครม.พ.ร.ก. ฯลฯ) อื่นๆ                                                ,เทศบาลเมืองป่าตอง,การตรวจสอบการดำเนินงานการบังคับใช้กฎหมายควบคุมอาคารเทศบาลนคร และเทศบาลเมือง,2561,ไม่มีมาตรการดำเนินการกับเจ้าของอาคารที่มีการเพิกเฉยไม่ส่งรายงานการตรวจสอบ สภาพอาคาร,ประเภทที่เข้าข่ายต้องตรวจสอบสภาพอาคารตามมาตรา จากการตรวจสอบเอกสารสมุดคุมใบอนุญาตก่อสร้างฯ ประเภทไม่เป็นไปตามกฎหมาย,"พิจารณากำหนดมาตรการดำเนินการให้เป็นไปตามกฎหมายอย่างเคร่งครัดกับเจ้าของอาคาร
ที่เพิกเฉยไม่ส่งรายงานการตรวจสอบสภาพอาคาร 
หากยังเพิกเฉยให้ดำเนินการลงโทษตามที่กฎหมายกำหนด
","อาคาร 9 ประเภท 
เป็นอาคารที่ก่อสร้างเพื่อใช้เป็นที่อยู่อาศัยหรือประกอบกิจการให้บริการประชาชน 
กรณีเจ้าของอาคารส่วนใหญ่ไม่ส่งรายงานตรวจสอบสภาพอาคารตามกฎหมาย 
ย่อมก่อให้เกิดความเสี่ยงที่อาจส่งผลต่อความไม่ปลอดภัยในชีวิตและทรัพย์สินของ
ประชาชนที่อยู่อาศัยหรือ"
FL-1226,ด้านระเบียบข้อบังคับ กฎหมาย(มติครม.พ.ร.ก. ฯลฯ) อื่นๆ                                                ,เทศบาลเมืองป่าตอง,การตรวจสอบการดำเนินงานการบังคับใช้กฎหมายควบคุมอาคารเทศบาลนคร และเทศบาลเมือง,2561,ไม่มีมาตรการดำเนินการกับเจ้าของอาคารที่มีการเพิกเฉยไม่ส่งรายงานการตรวจสอบ สภาพอาคาร,ประเภทที่เข้าข่ายต้องตรวจสอบสภาพอาคารตามมาตรา จากการตรวจสอบเอกสารสมุดคุมใบอนุญาตก่อสร้างฯ ประเภทไม่เป็นไปตามกฎหมาย,"เพื่อให้การบังคับใช้กฎหมายควบคุมอาคารเป็นไปอย่างมีประสิทธิผลและประสิทธิภาพ 
สำนักงานการตรวจเงินแผ่นดินมีข้อเสนอแนะให้นายกเทศมนตรีพิจารณากำหนดมาตรการดำเนินการให้เป็นไปตามกฎหมายอย่างเคร่งครัดกับเจ้าของอาคารที่เพิกเฉยไม่ส่งรายงานการตรวจสอบสภาพอาคาร 
หากยังเพ","อาคาร 9 ประเภท 
เป็นอาคารที่ก่อสร้างเพื่อใช้เป็นที่อยู่อาศัยหรือประกอบกิจการให้บริการประชาชน 
กรณีเจ้าของอาคารส่วนใหญ่ไม่ส่งรายงานตรวจสอบสภาพอาคารตามกฎหมาย 
ย่อมก่อให้เกิดความเสี่ยงที่อาจส่งผลต่อความไม่ปลอดภัยในชีวิตและทรัพย์สิน
ของประชาชนที่อยู่อาศัยหรือ"
FL-1227,ด้านระเบียบข้อบังคับ กฎหมาย(มติครม.พ.ร.ก. ฯลฯ) อื่นๆ                                                ,เทศบาลเมืองป่าตอง,การตรวจสอบการดำเนินงานการบังคับใช้กฎหมายควบคุมอาคารเทศบาลนคร และเทศบาลเมือง,2561,ไม่มีมาตรการดำเนินการกับเจ้าของอาคารที่มีการเพิกเฉยไม่ส่งรายงานการตรวจสอบ สภาพอาคาร,ประเภทที่เข้าข่ายต้องตรวจสอบสภาพอาคารตามมาตรา จากการตรวจสอบเอกสารสมุดคุมใบอนุญาตก่อสร้างฯ ประเภทไม่เป็นไปตามกฎหมาย,"พิจารณากำหนดมาตรการดำเนินการให้เป็นไปตามกฎหมายอย่างเคร่งครัดกับเจ้าของอาคาร
ที่เพิกเฉยไม่ส่งรายงานการตรวจสอบสภาพอาคาร 
หากยังเพิกเฉยให้ดำเนินการลงโทษตามที่กฎหมายกำหนด
","อาคาร 9 ประเภท เป็นอาคารที่ก่อสร้างเพื่อใช้เป็นที่อยู่อาศัยหรือประกอบกิจการ
ให้บริการประชาชน 
กรณีเจ้าของอาคารส่วนใหญ่ไม่ส่งรายงานตรวจสอบสภาพอาคารตามกฎหมาย 
ย่อมก่อให้เกิดความเสี่ยงที่อาจส่งผลต่อความไม่ปลอดภัยในชีวิตและทรัพย์สิน
ของประชาชนที่อยู่อาศัยหรือ"
FL-1320,ดำเนินงานซ้ำซ้อนกับหน่วยงานอื่น                                                                     ,สำนักงานเขตพื้นที่การศึกษาสงขลา เขต 1,โครงการพัฒนาคุณภาพการศึกษาด้วยเทคโนโลยีสารสนเทศ(DLIT),2561,มีสาเหตุมาจากการตรวจสอบรายละเอียดอุปกรณ์ของทั้ง2โครงการและการประสานข้อมูลภายในของผู้รับผิดชอบยังไม่รัดกุมเพียงพอ,การจัดสรรอุปกรณ์DLITให้แก่โรงเรียนบางแห่งซ้ำซ้อนับโครงการโรงเรียนประชารัฐ,"1.สำรวจโรงเรียนในพื้นที่รับผิดชอบ ดังนี้
1.1กรณีได้รับอุปกรณ์DLITในปีงปม.2561 
ซ้ำซ้อนกับอุปกรณ์ICTจากโครงการประชารัฐเฟส1
1.2กรณีอยู่ระหว่างดำเนินการจัดสรรอุปกรณ์ICTตามโครงการประชารัฐเฟส2 
ซึ่งจะซ้ำซ้อนกับDLITที่ได้รับจัดสรรในปีงปม.2561แล้ว
2.หารือกับสพฐ.","ส่งผลให้โรงเรียนที่ไม่ได้รับการจัดสรรทั้งDLITและICTตามโครงการโรงเรียนประชารัฐ 
สูญเสียโอกาสได้รับการพัฒนาการศึกษาทางไกล 
ตลอดจนเกิดการจัดสรรทรัพยากรทางการศึกษาที่ไม่กระจายอย่างทั่วถึง
"
FL-1321,ดำเนินงานซ้ำซ้อนกับหน่วยงานอื่น                                                                     ,สำนักงานจังหวัดพะเยา,โครงการเพิ่มผลิตภาพและคุณภาพการผลิตข้าวปลอดภัยที่ดำเนิการโดยจังหวัดพะเยา,2561,เจ้าหน้าที่ผู้รับผิดชอบมุ่งเน้นการปฏิบัติงานให้เาร็จสิ้นภายในเวลาที่กำหนด,หน่วยงานผู้รับผิดชอบกิจกรรมไม่มีการบูรณาร่วมกัน,"กำชับให้ส่วนราชการให้ความสำคัญต่อการบูรณาการ
","งบประมาณถูกนำไปใช้อย่างไม่มีประสิทธิภาพ
"
FL-1331,ประโยชน์ที่ได้จากโครงการไม่คุ้มกับเวลาและค่าใช้จ่ายที่เสียไป                                        ,สำนักงานท้องถิ่นจังหวัดนครศรีธรรมราช,เงินอุดหนุนเฉพาะกิจก่อสร้างอาคารศูนย์พัฒนาเด็กเล็กขององค์กรปกครองส่วนท้องถิ่นจังหวัดนครศรีธรรมราชประจำปีงบประมาณ พ.ศ. 2559,2561,ขาดการเตรียมความพร้อมพื้นที่โดยรอบอาคารศูนย์พัฒนาเด็กเล็ก และบางแห่งยังไม่มีการเชื่อมต่อระบบโครงการข่ายไฟฟ้าของการไฟฟ้าส่วนภูมิภาค การก่อสร้างรั้วรอบอาคาร,ศูนย์พัฒนาเด็กเล็กก่อสร้างเสร็จเรียบร้อยแล้ว ก่อสร้างแล้วเสร็จแต่ยังไม่ใช้ประโยชน์เปิดให้บริการเรียนการสอนตามวัตถุประสงค์ แต่ยังไม่เปิดให้บริการการเรียนการสอนแก่เด็กปฐมวัย,"1. ศูนย์พัฒนาเด็กเล็ก 
ที่ขาดการเตรียมความพร้อมพื้นที่โดยรอบอาคารเพื่อการปรับปรุงภูมิทัศน์ 
การก่อสร้างรั้วรอบอาคาร และศูนย์เด็กเล็กที่มีการกั้นห้องเพิ่มเติม 
ให้เร่งรัดองค์กรปกครองส่วนท้องถิ่น ดำเนินการโดยเร็ว 
เพื่อให้ศูนย์พัฒนาเด็กเล็ก สามารถเปิดให้บริ","1. เกิดความสูญเปล่าของงบประมาณในการก่อสร้างศูนย์พัฒนาเด็กเล็ก จำนวน 
30,133,847.04 บาท (วงเงินตามสัญญาของศูนย์พัฒนาเด็กเล็ก 11 แห่ง 
ที่ยังไม่ใช้ประโยชน์เปิดให้บริการเรียนการสอน ตามตารางที่ 7 ) 
นอกจากนั้นยังเป็นการเสียโอกาสในการนำเงินงบประมาณเงินอุดหนุนเ"
FL-1372,ผลการตรวจสอบการดำเนินงานด้านอื่น ๆ                                                                  ,สำนักงานจังหวัดสุพรรณบุรี,โครงการเพิ่มศักยภาพสินค้าเกษตรและอาหารปลอดภัย ๔.๐ ของจังหวัดสุพรรณบุรี,2561,และจำนวนผู้มีส่วนได้ส่วนเสียที่เหมาะ หน่วยงานที่รับผิดชอบมีข้อมูลพื้นฐานที่จำเป็นสำหรับการดำเนินโครงการ และข้อมูลที่มีอยู่ไม่ได้ถูกนำมาวิเคราะห์ให้เห็นถึงสภาพปัญหา,การดำเนินโครงการเพิ่มศักยภาพสินค้าเกษตรและอาหารปลอดภัย สภาพปัญหาปัจจุบันมีการแข่งขันทางด้านการตลาดทั้งในและนอกประเทศ ข้อตรวจพบที่,"กรณีกิจกรรมที่ดำเนินการแล้วเสร็จ
๑. ให้หน่วยงานที่รับผิดชอบส่งเสริมให้กลุ่มวิสาหกิจชุมชน 
และสหกรณ์การเกษตรที่เข้าร่วมโครงการเสริมสร้างกระบวนการการมีส่วนร่วมภายในกลุ่ม 
โดยการเพิ่มการประชาสัมพันธ์และเพิ่มมาตรการจูงใจให้สมาชิกรับทราบนโยบาย 
และวัตถุประสงค์","1.	ทรัพย์สินที่เกิดจากการใช้จ่ายงบประมาณแผ่นดิน 
ตามงบประมาณรายจ่ายเพิ่มเติม ประจำปีงบประมาณ พ.ศ. ๒๕๖๐ 
เกิดการสูญเปล่าหรือใช้ประโยชน์ไม่คุ้มค่าในการเพิ่มประสิทธิภาพการผลิต 
การลดต้นทุนการผลิต และเพิ่มรายได้ให้แก่กลุ่มวิสาหกิจชุมชน สหกรณ์การเกษตร 
และกลุ่"
FL-1382,ผลการตรวจสอบการดำเนินงานด้านอื่น ๆ                                                                  ,สำนักงานท้องถิ่นจังหวัดนครศรีธรรมราช,เงินอุดหนุนเฉพาะกิจก่อสร้างอาคารศูนย์พัฒนาเด็กเล็กขององค์กรปกครองส่วนท้องถิ่นจังหวัดนครศรีธรรมราชประจำปีงบประมาณ พ.ศ. 2559,2561,1.เจ้าหน้าที่ที่เกี่ยวข้องกับการบริหารจัดการศูนย์พัฒนาเด็กเล็กขององค์กรปกครองส่วนท้องถิ่นไม่ให้ความสำคัญ ไม่ดำเนินการศึกษา และไม่ถือปฏิบัติให้เป็นไปตามมาตรฐานการดำเนินงานศูนย์พัฒนาเด็กเล็กขององค์กรปกครองส่วนท้องถิ่น,การบริหารจัดการศูนย์พัฒนาเด็กเล็ก อปท.ประจำปีงบประมาณ ข้อตรวจพบที่,"   1.สั่งการและกำชับให้ผู้ที่เกี่ยวข้องกับการบริหารจัดการศูนย์พัฒนาเด็กเล็กขององค์กรปกครองส่วนท้องถิ่น 
บริหารจัดการให้เป็นไปตามมาตรฐานการดำเนินงานศูนย์พัฒนาเด็กเล็กขององค์ปกครองท้องถิ่น 
ประจำปีงบประมาณ พ.ศ. 2559
   2.กำชับให้ผู้บริหารและเจ้าหน้าที่ที่เก","    1. ทำให้เด็กมีโอกาสเป็นโรคติดต่อจากการแพร่กระจายของเชื้อโรค
    2.ทำให้เกิดอันตรายต่อเด็ก ซึ่งมีโอกาสเกิดการบาดเจ็บจากอุบัติเหตุ 
กรณีพื้นที่บริเวณโดยรอบอาคารมีหลุม หรือบ่อน้ำ 
หรือเครื่องเล่นกลางแจ้งมีการชำรุด	
    3.ทำให้พัฒนาการของเด็กไม่ได้รับการพ"
FL-1383,ผลการตรวจสอบการดำเนินงานด้านอื่น ๆ                                                                  ,สำนักงานจังหวัดลำพูน,โครงการตามแผนปฏิบัติราชการประจำปีงบประมาณ 2559 (แผนพัฒนาจังหวัดลำพูน) (โครงการติดตั้งระบบกล้องวงจรปิด (CCTV) IP CAMERA),2561,สาเหตุ 1. ที่ทำการปกครองอำเภอเมืองลำพูนขาดการประสานงานเกี่ยวกับการบริหารจัดการระบบกล้องวงจรปิดให้สามารถใช้งานได้อย่างมีประสิทธิภาพตลอดเวลา เช่น การควบคุม ดูแลรักษา และการใช้ประโยชน์ให้แก่องค์กรปกครองส่วนท้องถิ่นและหน่วยงานที่เกี่ยวข้อง เช่น ตำรวจภูธร,และหน่วยงานที่รับผิดชอบดูแลบำรุงรักษาต้องมีความพร้อมในด้านการบริหารจัดการ การบริหารจัดการทรัพย์สินโครงการ ข้อตรวจพบที่,"ข้อเสนอแนะ 
เพื่อให้การดำเนินงานโครงการเป็นไปอย่างมีประสิทธิภาพ ประสิทธิผล 
บรรลุตามวัตถุประสงค์ของโครงการ ให้ผู้ว่าราชการจังหวัดลำพูน 
ในฐานะประธานคณะกรรมการบริหารงานจังหวัดแบบบูรณาการ ( ก.บ.จ.) ดำเนินการ 
ดังนี้
1.	ให้หัวหน้าสำนักงานจังหวัดลำพูน หน่วยงา","ผลกระทบ
1.	
การบริหารจัดการทรัพย์สินไม่รัดกุมส่งผลทำให้ไม่สามารถใช้ประโยชน์จากระบบกล้องวงจรปิด 
(CCTV) ได้อย่างมีประสิทธิภาพ ประสิทธิผล
2.	การใช้ประโยชน์จากระบบกล้องวงจรปิดไม่เต็มประสิทธิภาพ จำนวน 39 กล้อง 
เนื่องจากไม่แสดงสัญญาณภาพบนจอโทรทัศน์ที่ศูนย์ควบ"
FL-1384,ผลการตรวจสอบการดำเนินงานด้านอื่น ๆ                                                                  ,สำนักงานท้องถิ่นจังหวัดเชียงราย,การตรวจสอบการดำเนินงานระบบการจัดการขยะมูลฝอยในพื้นที่จังหวัดเชียงราย,2561,ของครัวเรือนที่สุ่มตรวจสอบ และไม่ให้ความร่วมมือกับหมู่บ้าน/ชุมชนในการคัดแยกขยะมูลฝอย ครัวเรือนคัดแยกขยะมูลฝอยไม่ครบถ้วน,มีครัวเรือนคัดแยกขยะมูลฝอยไม่ครบถ้วนจำนวน การคัดแยกขยะมูลฝอย จำนวน,"ข้อเสนอแนะ
ผู้ว่าราชการจังหวัดเชียงราย 
(ประธานคณะกรรมการจัดการสิ่งปฏิกูลและมูลฝอยจังหวัดเชียงราย) ดำเนินการ 
ดังนี้
1. สั่งกำชับนายกเทศมนตรี 
และนายกองค์การบริหารส่วนตำบลให้ความสำคัญอย่างจริงจังต่อเนื่องเกี่ยวกับการคัดแยก 
ใช้ประโยชน์จากขยะมูลฝอยให้เป็นไ","จากการที่ครัวเรือนคัดแยกขยะมูลฝอยไม่ครบถ้วน จำนวน 754 ครัวเรือน 
คิดเป็นร้อยละ 60.61 ของครัวเรือนที่สุ่มตรวจสอบในพื้นที่จังหวัดเชียงราย 
ทำให้แผนปฏิบัติการ ""เชียงราย ไร้ขยะ"" ระยะ 1 ปี (พ.ศ. 2559 - 2560) 
ตามแนวทางประชารัฐ ภายใต้แผนแม่บทการบริหารจัดการขยะม"
FL-1385,ผลการตรวจสอบการดำเนินงานด้านอื่น ๆ                                                                  ,เมืองพัทยา,โครงการพัฒนาประสิทธิภาพศูนย์ควบคุมความปลอดภัยทางทะเล เพื่อควบคุมกำกับดูแลการคมนาคมทางทะเลฯ เมืองพัทยา,2561,การที่เมืองพัทยาไม่มีอำนาจหน้าที่ตามกฎหมายในการดำเนินการควบคู่กับการใช้ประโยชน์จากอุปกรณ์ที่จัดหาและนำมาใช้งานของระบบต่าง การกำหนดขอบเขตงานจ้างและการตรวจรับการจ้างเหมาเอกชนที่เข้ามาบริหารจัดการขาดความรัดกุม หรือหลักเกณฑ์เกี่ยวกับกา,ขาดระบบการบริหารจัดการที่ดีและยังไม่มีการใช้ประโยชน์จากอุปกรณ์และระบบต่าง ๆ อย่างเต็มศักยภาพ,"จัดให้มีระเบียบหรือข้อบัญญัติเกี่ยวกับการบริหารจัดการศูนย์ควบคุมความปลอดภัยทางทะเล
จัดให้มีแผนปฏิบัติการป้องกันและบรรเทาสาธารณภัยทางทะเล 
ตามแนวทางแผนป้องกันและบรรเทาสาธารณภัยแห่งชาติ พ.ศ. 2558
","การควบคุมดูแลความปลอดภัยให้แก่ประชาชนและนักท่องเที่ยว 
ไม่สามารถดำเนินการได้อย่างมีประสิทธิภาพและไม่บรรลุวัตถุประสงค์ของโครงการฯ 
เป็นการใช้จ่ายงบประมาณสำหรับจัดหาอุปกรณ์และระบบต่าง ๆ 
ที่ไม่คุ้มค่าคิดเป็นเงินงบประมาณกว่า 138.60 ล้านบาท 
"
FL-1386,ผลการตรวจสอบการดำเนินงานด้านอื่น ๆ                                                                  ,กรมกิจการผู้สูงอายุ,การตรวจสอบการดำเนินงานโครงการศูนย์พัฒนาคุณภาพชีวิตและส่งเสริมอาชีพผู้สูงอายุ,2561,สาเหตุสำคัญที่ทำให้ครุภัณฑ์ที่จัดซื้อไม่มีการใช้ประโยชน์ หรือการจัดกิจกรรมขาดความต่อเนื่องตามข้อตรวจพบที่ ศพอส.,ครุภัณฑ์ที่จัดซื้อไม่มีการใช้ประโยชน์หรือใช้ประโยชน์ ที่จัดซื้อครุภัณฑ์สำหรับดำเนินงาน จากการสุ่มตรวจสอบการดำเนินงาน,"สำนักงานการตรวจเงินแผ่นดินมีข้อเสนอแนะให้ปลัดกระทรวงการพัฒนาสังคม
และความมั่นคงของมนุษย์พิจารณาดำเนินการ ดังนี้ 
1.สั่งการให้ พมจ. สำรวจครุภัณฑ์ของ ศพอส. ในพื้นที่ หากพบว่า มีจำนวนมาก
เกินความจำเป็น ให้พิจารณาแจกจ่ายให้กับ ศพอส. อื่นที่มีความต้องการและยัง","กรณีครุภัณฑ์ที่จัดซื้อไม่มีการใช้ประโยชน์หรือใช้ประโยชน์ไม่ตรงตามวัตถุประสงค์ 
ก่อให้เกิดผลกระทบ ดังนี้ 
1.ทำให้สูญเสียงบประมาณจากการที่ไม่ได้ใช้ประโยชน์ครุภัณฑ์จำนวน 728 หน่วย 
คิดเป็นเงินจำนวนทั้งสิ้น 1,384,083.00 บาท
2.กรณีที่ใช้ประโยชน์ครุภัณฑ์ไม่ตรงต"
FL-1391,ผลการตรวจสอบการดำเนินงานด้านอื่น ๆ                                                                  ,เทศบาลเมืองป่าตอง,การตรวจสอบการดำเนินงานการบังคับใช้กฎหมายควบคุมอาคารเทศบาลนคร และเทศบาลเมือง,2561,ไม่มีการติดตามผลการดำเนินการตามหนังสือสั่งการกระทรวงมหาดไทย,แต่ไม่สอดคล้องกับวัตถุประสงค์ตามหนังสือสั่งการกระทรวงมหาดไทย ไม่มีการดำเนินการหรือดำเนินการแต่ไม่สอดคล้องกับวัตถุประสงค์ตามหนังสือสั่งการ เทศบาลนครและเทศบาลเมืองที่สุ่มตรวจสอบไม่ได้ดำเนินการหรือดำเนินการ,"1.	กำชับผู้รับผิดชอบสั่งการให้ปฏิบัติตามหนังสือสั่งการกระทรวงมหาดไทย
อย่างเคร่งครัด 
และดำเนินการให้สอดคล้องกับวัตถุประสงค์ที่สั่งการ 
หากยังไม่มีการรายงานผลให้กระทรวงมหาดไทยทราบ ให้เร่งรัดการดำเนินการโดยเร็ว
2.	ในอนาคต หากมีการสั่งการของกระทรวงมหาดไทยหรื","เทศบาลนครและเทศบาลเมืองไม่ดำเนินการตรวจสอบและรายงานผลการตรวจสอบอาคาร 
หรือดำเนินการแต่ไม่สอดคล้องกับวัตถุประสงค์ตามหนังสือสั่งการกระทรวงมหาดไทยกำหนด 
ย่อมก่อให้เกิดความเสี่ยงต่อความปลอดภัยในชีวิตและทรัพย์สินของประชาชนในพื้นที่ 
ทั้งในเรื่องความมั่นคงแข็งแ"
FL-1392,ผลการตรวจสอบการดำเนินงานด้านอื่น ๆ                                                                  ,เทศบาลเมืองป่าตอง,การตรวจสอบการดำเนินงานการบังคับใช้กฎหมายควบคุมอาคารเทศบาลนคร และเทศบาลเมือง,2561,ไม่มีการติดตามผลการดำเนินการตามหนังสือสั่งการกระทรวงมหาดไทย,ไม่มีการดำเนินการหรือดำเนินการแต่ไม่สอดคล้องกับวัตถุประสงค์ตามหนังสือสั่งการ กับวัตถุประสงค์ตามหนังสือสั่งการกระทรวงมหาดไทย เทศบาลนครและเทศบาลเมืองที่สุ่มตรวจสอบไม่ได้ดำเนินการหรือดำเนินการแต่ไม่สอดคล้อง,"1.	กำชับผู้รับผิดชอบสั่งการให้ปฏิบัติตามหนังสือสั่งการกระทรวงมหาดไทย
อย่างเคร่งครัด และดำเนินการให้สอดคล้องกับวัตถุประสงค์ที่สั่งการ 
หากยังไม่มีการรายงานผลให้กระทรวงมหาดไทยทราบ ให้เร่งรัดการดำเนินการโดยเร็ว
2.	ในอนาคต หากมีการสั่งการของกระทรวงมหาดไทยหรือ","เทศบาลนครและเทศบาลเมืองไม่ดำเนินการตรวจสอบและรายงานผลการตรวจสอบอาคาร 
หรือดำเนินการแต่ไม่สอดคล้องกับวัตถุประสงค์ตามหนังสือสั่งการกระทรวงมหาดไทยกำหนด 
ย่อมก่อให้เกิดความเสี่ยงต่อความปลอดภัยในชีวิตและทรัพย์สินของประชาชนในพื้นที่ 
ทั้งในเรื่องความมั่นคงแข็งแ"
FL-1393,ผลการตรวจสอบการดำเนินงานด้านอื่น ๆ                                                                  ,เทศบาลเมืองป่าตอง,การตรวจสอบการดำเนินงานการบังคับใช้กฎหมายควบคุมอาคารเทศบาลนคร และเทศบาลเมือง,2561,ไม่มีการติดตามผลการดำเนินการตามหนังสือสั่งการกระทรวงมหาดไทย,กับวัตถุประสงค์ตามหนังสือสั่งการกระทรวงมหาดไทย เทศบาลนครและเทศบาลเมืองที่สุ่มตรวจสอบไม่ได้ดำเนินการหรือดำเนินการแต่ไม่สอดคล้อง ไม่มีการดำเนินการหรือดำเนินการแต่ไม่สอดคล้องกับวัตถุประสงค์ตามหนังสือ,"1.	กำชับผู้รับผิดชอบสั่งการให้ปฏิบัติตามหนังสือสั่งการกระทรวงมหาดไทย
อย่างเคร่งครัด และดำเนินการให้สอดคล้องกับวัตถุประสงค์ที่สั่งการ 
หากยังไม่มีการรายงานผลให้กระทรวงมหาดไทยทราบ ให้เร่งรัดการดำเนินการโดยเร็ว
2.	ในอนาคต หากมีการสั่งการของกระทรวงมหาดไทยหรือ","เทศบาลนครและเทศบาลเมืองไม่ดำเนินการตรวจสอบและรายงานผลการตรวจสอบอาคาร 
หรือดำเนินการแต่ไม่สอดคล้องกับวัตถุประสงค์ตามหนังสือสั่งการกระทรวงมหาดไทยกำหนด 
ย่อมก่อให้เกิดความเสี่ยงต่อความปลอดภัยในชีวิตและทรัพย์สินของประชาชนในพื้นที่ 
ทั้งในเรื่องความมั่นคงแข็งแ"
FL-1394,ผลการตรวจสอบการดำเนินงานด้านอื่น ๆ                                                                  ,เทศบาลเมืองป่าตอง,การตรวจสอบการดำเนินงานการบังคับใช้กฎหมายควบคุมอาคารเทศบาลนคร และเทศบาลเมือง,2561,ไม่มีการติดตามผลการดำเนินการตามหนังสือสั่งการกระทรวงมหาดไทย,เทศบาลนครและเทศบาลเมืองที่สุ่มตรวจสอบไม่ได้ดำเนินการหรือดำเนินการแต่ไม่สอดคล้องกับวัตถุประสงค์ตามหนังสือสั่งการกระทรวงมหาดไทย ไม่มีการดำเนินการหรือดำเนินการแต่ไม่สอดคล้องกับวัตถุประสงค์ตามหนังสือสั่งการ กระทรวงมหาดไทย,"1.	กำชับผู้รับผิดชอบสั่งการให้ปฏิบัติตามหนังสือสั่งการกระทรวงมหาดไทย
อย่างเคร่งครัด และดำเนินการให้สอดคล้องกับวัตถุประสงค์ที่สั่งการ 
หากยังไม่มีการรายงานผลให้กระทรวงมหาดไทยทราบ ให้เร่งรัดการดำเนินการโดยเร็ว
2.	ในอนาคต หากมีการสั่งการของกระทรวงมหาดไทยหรือ","เทศบาลนครและเทศบาลเมืองไม่ดำเนินการตรวจสอบและรายงานผลการตรวจสอบอาคาร 
หรือดำเนินการแต่ไม่สอดคล้องกับวัตถุประสงค์ตามหนังสือสั่งการกระทรวงมหาดไทยกำหนด 
ย่อมก่อให้เกิดความเสี่ยงต่อความปลอดภัยในชีวิตและทรัพย์สินของประชาชนในพื้นที่ 
ทั้งในเรื่องความมั่นคงแข็งแ"
FL-1395,ผลการตรวจสอบการดำเนินงานด้านอื่น ๆ                                                                  ,เทศบาลเมืองป่าตอง,การตรวจสอบการดำเนินงานการบังคับใช้กฎหมายควบคุมอาคารเทศบาลนคร และเทศบาลเมือง,2561,ไม่มีการติดตามผลการดำเนินการตามหนังสือสั่งการกระทรวงมหาดไทย,ไม่มีการดำเนินการหรือดำเนินการแต่ไม่สอดคล้องกับวัตถุประสงค์ตามหนังสือสั่งการ กับวัตถุประสงค์ตามหนังสือสั่งการกระทรวงมหาดไทย เทศบาลนครและเทศบาลเมืองที่สุ่มตรวจสอบไม่ได้ดำเนินการหรือดำเนินการแต่ไม่สอดคล้อง,"1.	กำชับผู้รับผิดชอบสั่งการให้ปฏิบัติตามหนังสือสั่งการกระทรวงมหาดไทย
อย่างเคร่งครัด 
และดำเนินการให้สอดคล้องกับวัตถุประสงค์ที่สั่งการ 
หากยังไม่มีการรายงานผลให้กระทรวงมหาดไทยทราบ ให้เร่งรัดการดำเนินการโดยเร็ว
2.	ในอนาคต หากมีการสั่งการของกระทรวงมหาดไทยหรื","เทศบาลนครและเทศบาลเมืองไม่ดำเนินการตรวจสอบและรายงานผลการตรวจสอบอาคาร 
หรือดำเนินการแต่ไม่สอดคล้องกับวัตถุประสงค์ตามหนังสือสั่งการกระทรวงมหาดไทยกำหนด 
ย่อมก่อให้เกิดความเสี่ยงต่อความปลอดภัยในชีวิตและทรัพย์สินของประชาชนในพื้นที่ 
ทั้งในเรื่องความมั่นคงแข็งแ"
FL-1396,ผลการตรวจสอบการดำเนินงานด้านอื่น ๆ                                                                  ,เทศบาลเมืองป่าตอง,การตรวจสอบการดำเนินงานการบังคับใช้กฎหมายควบคุมอาคารเทศบาลนคร และเทศบาลเมือง,2561,ไม่มีการติดตามผลการดำเนินการตามหนังสือสั่งการกระทรวงมหาดไทย,ไม่มีการดำเนินการหรือดำเนินการแต่ไม่สอดคล้องกับวัตถุประสงค์ตามหนังสือสั่งการ กับวัตถุประสงค์ตามหนังสือสั่งการกระทรวงมหาดไทย เทศบาลนครและเทศบาลเมืองที่สุ่มตรวจสอบไม่ได้ดำเนินการหรือดำเนินการแต่ไม่สอดคล้อง,"1.	กำชับผู้รับผิดชอบสั่งการให้ปฏิบัติตามหนังสือสั่งการกระทรวงมหาดไทย
อย่างเคร่งครัด และดำเนินการให้สอดคล้องกับวัตถุประสงค์ที่สั่งการ 
หากยังไม่มีการรายงานผลให้กระทรวงมหาดไทยทราบ ให้เร่งรัดการดำเนินการโดยเร็ว
2.	ในอนาคต หากมีการสั่งการของกระทรวงมหาดไทยหรือ","เทศบาลนครและเทศบาลเมืองไม่ดำเนินการตรวจสอบและรายงานผลการตรวจสอบอาคาร 
หรือดำเนินการแต่ไม่สอดคล้องกับวัตถุประสงค์ตามหนังสือสั่งการกระทรวงมหาดไทยกำหนด 
ย่อมก่อให้เกิดความเสี่ยงต่อความปลอดภัยในชีวิตและทรัพย์สินของประชาชนในพื้นที่ 
ทั้งในเรื่องความมั่นคงแข็งแ"
FL-1397,ผลการตรวจสอบการดำเนินงานด้านอื่น ๆ                                                                  ,เทศบาลเมืองป่าตอง,การตรวจสอบการดำเนินงานการบังคับใช้กฎหมายควบคุมอาคารเทศบาลนคร และเทศบาลเมือง,2561,ซึ่งสอดคล้องกับข้อมูลที่สอบถามกรมส่งเสริมการปกครองส่วนท้อง เทศบาลนครและเทศบาลเมืองที่สุ่มตรวจสอบไม่ได้ดำเนินการหรือดำเนินการแต่ไม่สอดคล้อง กับวัตถุประสงค์ตามหนังสือสั่งการกระทรวงมหาดไทย,แต่ไม่สอดคล้องกับวัตถุประสงค์ตามหนังสือสั่งการกระทรวงมหาดไทย ไม่มีการดำเนินการหรือดำเนินการแต่ไม่สอดคล้องกับวัตถุประสงค์ตามหนังสือ เทศบาลนครและเทศบาลเมืองที่สุ่มตรวจสอบไม่ได้ดำเนินการหรือดำเนินการ,"1.	กำชับผู้รับผิดชอบสั่งการให้ปฏิบัติตามหนังสือสั่งการกระทรวงมหาดไทย
อย่างเคร่งครัด 
และดำเนินการให้สอดคล้องกับวัตถุประสงค์ที่สั่งการ 
หากยังไม่มีการรายงานผลให้กระทรวงมหาดไทยทราบ ให้เร่งรัดการดำเนินการโดยเร็ว
2.	ในอนาคต หากมีการสั่งการของกระทรวงมหาดไทยหรื","เทศบาลนครและเทศบาลเมืองไม่ดำเนินการตรวจสอบและรายงานผลการตรวจสอบอาคาร 
หรือดำเนินการแต่ไม่สอดคล้องกับวัตถุประสงค์ตามหนังสือสั่งการกระทรวงมหาดไทยกำหนด 
ย่อมก่อให้เกิดความเสี่ยงต่อความปลอดภัยในชีวิตและทรัพย์สินของประชาชนในพื้นที่ 
ทั้งในเรื่องความมั่นคงแข็งแ"
FL-1398,ผลการตรวจสอบการดำเนินงานด้านอื่น ๆ                                                                  ,เทศบาลเมืองป่าตอง,การตรวจสอบการดำเนินงานการบังคับใช้กฎหมายควบคุมอาคารเทศบาลนคร และเทศบาลเมือง,2561,ไม่มีการติดตามผลการดำเนินการตามหนังสือสั่งการกระทรวงมหาดไทย,ไม่มีการดำเนินการหรือดำเนินการแต่ไม่สอดคล้องกับวัตถุประสงค์ตามหนังสือสั่งการ กับวัตถุประสงค์ตามหนังสือสั่งการกระทรวงมหาดไทย เทศบาลนครและเทศบาลเมืองที่สุ่มตรวจสอบไม่ได้ดำเนินการหรือดำเนินการแต่ไม่สอดคล้อง,"1.	กำชับผู้รับผิดชอบสั่งการให้ปฏิบัติตามหนังสือสั่งการกระทรวงมหาดไทย
อย่างเคร่งครัด และดำเนินการให้สอดคล้องกับวัตถุประสงค์ที่สั่งการ 
หากยังไม่มีการรายงานผลให้กระทรวงมหาดไทยทราบ ให้เร่งรัดการดำเนินการโดยเร็ว
2.	ในอนาคต หากมีการสั่งการของกระทรวงมหาดไทยหรือ","เทศบาลนครและเทศบาลเมืองไม่ดำเนินการตรวจสอบและรายงานผลการตรวจสอบอาคาร 
หรือดำเนินการแต่ไม่สอดคล้องกับวัตถุประสงค์ตามหนังสือสั่งการกระทรวงมหาดไทยกำหนด 
ย่อมก่อให้เกิดความเสี่ยงต่อความปลอดภัยในชีวิตและทรัพย์สินของประชาชนในพื้นที่ 
ทั้งในเรื่องความมั่นคงแข็งแ"
FL-1399,ผลการตรวจสอบการดำเนินงานด้านอื่น ๆ                                                                  ,สำนักงานคณะกรรมการส่งเสริมการลงทุน,การตรวจสอบการดำเนินงานการส่งเสริมการลงทุน,2561,,ตรวจสอบและควบคุมการปฏิบัติตามเงื่อนไขการส่งเสริมการลงทุนของโครงการที่ได้รับการส่งเสริมการลงทุน มีบางกระบวนการที่ประเมินในเบื้องต้นแล้วว่ามีความเสี่ยงที่อาจทำให้การปฏิบัติในการควบคุม ตรวจสอบโครงการที่ได้รับการส่งเสริมการลงทุนไม่เป็นไ,"๒.	
กำหนดมาตรการหรือแนวทางที่ชัดเจนและเป็นรูปธรรมกับโครงการที่ได้รับการส่งเสริมการลงทุนที่ครบกำหนดการเปิดดำเนินการนานแล้วแต่ไม่เปิดดำเนินการและไม่มีการดำเนินการใด 
ๆ โดยการสำรวจ ตรวจสอบ 
เพื่อพิจารณาดำเนินการในแต่ละกรณีให้เป็นไปตามหลักเกณฑ์และเงื่อนไขการส",
FL-1493,ผลการตรวจสอบด้านอื่น ๆ                                                                              ,สำนักงานจังหวัดนราธิวาส,โครงการจัดตั้งอาคารศูนย์จำหน่ายผลิตภัณฑ์ชุมชนและอาคารศูนย์บริการนักท่องเที่ยว,2561,1.ขาดการเตรียมความพร้อมด้านพื้นที่ 2.การขออนุญาตใช้พื้นที่ 3.การเปลี่ยนแปลงวัตถุประสงค์ของโครงการ,โครงการจัดตั้งศูนย์จำหน่ายผลิตภัณฑ์ชุมชนและศูนย์บริการนักท่องเที่ยวยังไม่มีการใช้ประโยชน์ตามวัตถุประสงค์ที่วางไว้,,"1.ประชาชน นักท่องเที่ยวได้ใช้ประโยชน์จากโครงการล่าช้า
2.สูญเสียโอกาสจาการใช้ประโยชน์จากงบประมาณที่ลงทุนในโครงการเพื่อไปลงทุนในโครงการอื่น
3.กลุ่มผลิตภัณฑ์ชุมชนได้ใช้ประโยชน์จากโครงการฯช้าลง 
ทำให้สูญเสียโอกาสในการสร้างรายได้
4.อาคารที่ก่อสร้างเสร็จยังไม่ไ"
FL-1505,ผลการตรวจสอบด้านอื่น ๆ                                                                              ,สำนักงานท้องถิ่นจังหวัดเชียงราย,การตรวจสอบการดำเนินงานระบบการจัดการขยะมูลฝอยในพื้นที่จังหวัดเชียงราย,2561,2.อปท.ไม่ได้ให้ความสำคัญกับการดำเนินการตามอำนาจหน้าที่ให้เป็นไปตามตามพระราชบัญญัติ กำกับดูแลให้เป็นไปตามมาตรฐานการจัดการด้านขยะมูลฝอยและสิ่งปฏิกูล พระราชบัญญัติกำหนดแผนแ,และการกำจัดขยะมูลฝอยนอกศูนย์กำจัดขยะมูลฝอยจังหวัดเชียงราย ที่มีจัดการขยะมูลฝอยนอกระบบศูนย์กำจัดขยะมูลฝอย จังหวัดเชียงราย,"ข้อเสนอแนะ 
ผู้ว่าราชการจังหวัดเชียงราย 
(ประธานคณะกรรมการจัดการสิ่งปฏิกูลและมูลฝอยจังหวัดเชียงราย) ดำเนินการดังนี้
1. ให้นายกเทศมนตรี / นายกองค์การบริหารส่วนตำบล
	     1.1 อปท.จำนวน 40 แห่ง 
และอปท.อื่นที่สำนักงานการตรวจเงินแผ่นดินภูมิภาคที่ 8 (จังหวัดเช","ผลกระทบ 
การเก็บรวบรวม ขนส่ง 
และการกำจัดขยะมูลฝอยนอกระบบศูนย์กำจัดขยะมูลฝอยจังหวัดเชียงรายของ 
อปท.ที่เลือกตรวจสอบ จำนวน 40 แห่งคิดเป็นร้อยละ 100 
ดำเนินการไม่ถูกต้องตามหลักวิชาการและสุขาภิบาลสิ่งแวดล้อม และอปท.อีก 93 
แห่ง 
ที่ไม่ได้ตรวจสอบมีแนวโน้มที่จ"
FL-1506,ผลการตรวจสอบด้านอื่น ๆ                                                                              ,จังหวัดขอนแก่น,โครงการพัฒนาศักยภาพอุตสาหกรรมพืชอาหารและพืชพลังงานทดแทน ปีงบประมาณ พ.ศ.2559,2561,1.การคัดเลือกเกษตรกรเข้าร่วมโครงการไม่ได้คัดเลือกจากสมาชิกศูนย์ข้าวชุมชน 2.ก่อนทำการขุดสระน้ำไม่ได้สำรวจพื้นที่ว่าเกษตรกรที่ขอรับการขุดสระน้ำนั้น ซึ่งเป็นเกษตรกรกลุ่มเป้าหมายของโครงการ,1.โครงการจัดหาแหล่งน้ำขนาดเล็กในไร่นานอกเขตชลประทาน จากการสุ่มตรวจสอบการขุดสระน้ำขนาดเล็กฯ โครงการย่อยที่ดำเนินการแล้วเสร็จไม่ได้ใช้ประโยชน์ตามวัตถุประสงค,"1.ในโอกาสต่อไป การจัดทำโครงการที่มีลักษณะบูรณาการร่วมกันหลายหน่วยงาน
ให้สั่งกำชับหน่วยงานที่รับผิดชอบโครงการต่างๆ พิจารณาคัดเลือกเกษตรกรจาก
กลุ่มเป้าหมายเดียวกัน และต้องพิจารณาจากความต้องการที่แท้จริงของเกษตรกร
2.สั่งการสถานีพัฒนาที่ดินขอนแก่น ตรวจสอบงานข","1.การขุดสระน้ำโดยไม่ทำการสำรวจพื้นที่ก่อนดำเนินการ ทำให้การขุดสระ
เกิดความซ้ำซ้อนเกินความจำเป็น และสระน้ำไม่สามารถเก็บกักน้ำได้ 
ส่งผลให้เกษตรกรที่เป็นสมาชิกศูนย์ข้าวชุมชนและเกษตรกรรายอื่นเสียโอกาสในการ
ใช้ประโยชน์จากแหล่งน้ำ และไม่ได้รับสระน้ำตามโครงการ
"
FL-1507,ผลการตรวจสอบด้านอื่น ๆ                                                                              ,เมืองพัทยา,โครงการพัฒนาประสิทธิภาพศูนย์ควบคุมความปลอดภัยทางทะเล เพื่อควบคุมกำกับดูแลการคมนาคมทางทะเลฯ เมืองพัทยา,2561,และเมืองพัทยาขาดการพิจารณาความเป็นไปได้ในการดำเนินการตามข้อบัญญัติเมืองพัทยาและระเบียบกฎหมายที่เกี่ยวข้องก่อนกำหนดขอบ เจ้าหน้าที่ผู้รับผิดชอบเกี่ยวกับการพัสดุของศูนย์ฯ บำรุงรักษาตามกำหนดระยะเวลาที่ได้เสนอไว้แก่เมืองพัทยา,การบำรุงรักษาและการควบคุมดูแลอุปกรณ์และระบบต่าง ๆ ยังไม่ถูกต้องเหมาะสม,"ให้มีการควบคุมครุภัณฑ์และให้มีการบำรุงรักษาแบบเชิงป้องกันตามระยะเวลา
","ภายหลังส่งมอบงานแต่ละโครงการแล้วเสร็จผู้รับจ้างไม่ได้เข้ามาบำรุงรักษาแบบ 
PM ตามที่กำหนดในสัญญา และการควบคุมดูแลอุปกรณ์และระบบต่าง ๆ 
ยังมีการดำเนินการไม่ถูกต้องตามระเบียบ กฎหมายที่เกี่ยวข้อง 
และยังไม่มีความรัดกุมเพียงพอที่จะทำให้อุปกรณ์และระบบต่าง ๆ 
ได"
FL-1514,ผลการตรวจสอบด้านอื่น ๆ                                                                              ,สำนักงานคณะกรรมการส่งเสริมการลงทุน,การตรวจสอบการดำเนินงานการส่งเสริมการลงทุน,2561,,ในรูปแบบที่สะท้อนให้เห็นภาพรวมของยุทธศาสตร์ที่แสดงผลการดำเนินงานตามทิศทางการส่งเสริมการลงทุนในแต่ละ การดำเนินงานตามยุทธศาสตร์การส่งเสริมการลงทุนในระยะ ไม่มีการรายงานความก้าวหน้าของการดำเนินงานตามยุทธศาสตร์ฯ,"ดำเนินการตามมติ กกท. ในคราวประชุมครั้งที่ ๕/๒๕๕๗ เมื่อวันที่ ๒๕ พฤศจิกายน 
๒๕๕๗ ที่มอบให้ สกท. 
พิจารณาประเมินผลการดำเนินงานตามยุทธศาสตร์การส่งเสริมการลงทุนในระยะ ๗ ปีฯ 
เมื่อครบกำหนด ๓ ปี 
โดยกำหนดรูปแบบการรายงานที่สะท้อนให้เห็นถึงความคืบหน้าในการดำเนินง",
FL-1752,แผนงานไม่สอดคล้องกับวัตถุประสงค์และสภาพความเป็นจริง                                                 ,สำนักนายกรัฐมนตรี,กองทุนหมู่บ้านและชุมชนเมืองแห่งชาติ,2561,2.1ไม่ปิดประกาศเปิดเผยข้อมูลอัตราดอกเบี้ยหรือค่าตอบแทน กองทุนหมู่บ้านบางส่วนยังมีปัญหาหรือจุดอ่อนเกี่ยวกับระบบการควบคุมทางด้าน 2.กองทุนหมู่บ้านบางส่วนดำเนินการไม่เป็นไปตามระเบียบที่,ข้อตรวจพบที่ 3 กองทุนหมู่บ้านที่สุ่มตรวจสอบยังมีจุดอ่อนเกี่ยวกับระบบควบคุมการดำเนินงาน รวมถึงการจัดทำหลักฐานทางด้านการเงินและบัญชี,"สำนักงานการตรวจเงินแผ่นดินมีข้อเสนอแนะให้ผู้อำนวยการสำนักงานกองทุนหมู่บ้าน
และชุมชนเมืองแห่งชาติพิจารณาดำเนินการดังนี้
1. กำหนดแนวทางปฏิบัติต่าง ๆ 
เพื่อให้กองทุนหมู่บ้านทุกกองทุนต้องมีระบบควบคุมทางด้านการเงินและบัญชีในทุกบัญชี 
รวมถึงได้รับการตรวจสอบบัญช",
FL-1802,วัตถุประสงค์และเป้าหมายของโครงการไม่ชัดเจน                                                          ,สำนักงานท้องถิ่น จังหวัดลำปาง,โครงการป้องกันและแก้ไขปัญหายาเสพติด,2561,ผู้รับผิดชอบโครงการทุกระดับชั้นไม่ให้ความสำคัญต่อรายละเอียดโครงการ,อปท.กำหนดวัตถุประสงค์โครงการไม่สอดคล้องกับการป้องกันและแก้ไขปัญหายาเสพติด และไม่กำหนดตัวชี้วัดผลสำเร็จของโครงการ ข้อตรวจพบที่3,"1.กำชับเจ้าหน้าที่ทุกระดับชั้นให้ตระหนักถึงความสำคัญของรายละเอียดโครงการ
2.ให้ความสำคัญต่อการติดตามประเมินผล
","1.โครงการไม่ประสบผลสำเร็จตามยุทธศาสตร์ของรัฐบาล
2.ทำให้การประเมินผลโครงการไม่สามารถทำได้ 
ขาดหลักเกณฑ์การเปรียบเทียบผลสำเร็จของโครงการ
"
FL-1807,วัตถุประสงค์และเป้าหมายของโครงการไม่สมเหตุสมผล                                                      ,สำนักงานพาณิชย์จังหวัดเพชรบูรณ์,โครงการส่งเสริมการค้า การลงทุน และสร้างพันธมิตรการค้าสู่ประชาคมเศรษฐกิจอาเซียน,2561,เกิดจากการดำเนินโครงการไม่เป็นไปตามรายการ/กิจกรรมตามที่ได้รับอนุมัติงบประมาณ การดำเนินโครงการไม่ได้ปฏิบัติตามแนวทางหรือหลักเกณฑ์ที่กำหนดและไม่สอดคล้องกับวัตถุประสงค์ รวมถึงการดำเนินโครงการไม่มีการติดตามและประเมินผลอย่างเป็นระบบ,ผู้เข้าร่วมโครงการมิใช่กลุ่มเป้าหมายในพื้นที่ของกลุ่มจังหวัดภาคเหนือตอนล่าง กลุ่มเป้าหมายไม่สอดคล้องกับวัตถุประสงค์โครงการ จากการตรวจสอบการดำเนินกิจกรรมจัดงานแสดงและจำหน่ายสินค้า,"1. แผนปฏิบัติราชการประจำปีของจังหวัด/กลุ่มจังหวัด 
ซึ่งมีความสอดคล้องกับวัตถุประสงค์และทิศทางการพัฒนาตามแผนพัฒนาจังหวัด/กลุ่มจังหวัด 
รวมทั้งกรอบของแผนงาน/โครงการที่กำหนดไว้  ในแผนพัฒนาจังหวัด/กลุ่มจังหวัด 
ตามหลักเกณฑ์และวิธีการจัดทำโครงการที่เป็นคำของบป","ให้การดำเนินโครงการ ไม่บรรลุวัตถุประสงค์และเป้าหมายที่กำหนด 
รวมถึงทำให้การใช้จ่ายงบประมาณไม่คุ้มค่า 
"
FL-1808,วัตถุประสงค์และเป้าหมายของโครงการไม่สมเหตุสมผล                                                      ,สำนักงานพาณิชย์จังหวัดเพชรบูรณ์,โครงการส่งเสริมการค้า การลงทุน และสร้างพันธมิตรการค้าสู่ประชาคมเศรษฐกิจอาเซียน,2561,โดยสาเหตุสำคัญเกิดจากการดำเนินโครงการไม่เป็นไปตามรายการ/กิจกรรมตามที่ได้รับอนุมัติงบประมาณ การดำเนินโครงการไม่ได้ปฏิบัติตามแนวทางหรือหลักเกณฑ์ที่กำหนดและไม่สอดคล้องกับวัตถุประสงค์ รวมถึงการดำเนินโครงการไม่มีการติดตามและประเมินผลอย่าง,ผู้เข้าร่วมโครงการมิใช่กลุ่มเป้าหมายในพื้นที่ของกลุ่มจังหวัดภาคเหนือตอนล่าง จากการตรวจสอบการดำเนินกิจกรรมจัดงานแสดงและจำหน่ายสินค้า ของสำนักงานพาณิชย์จังหวัดพิษณุโลกและจังหวัดสุโขทัย,"1. แผนปฏิบัติราชการประจำปีของจังหวัด/กลุ่มจังหวัด 
ซึ่งมีความสอดคล้องกับวัตถุประสงค์และทิศทางการพัฒนาตามแผนพัฒนาจังหวัด/กลุ่มจังหวัด 
รวมทั้งกรอบของแผนงาน/โครงการที่กำหนดไว้  ในแผนพัฒนาจังหวัด/กลุ่มจังหวัด 
ตามหลักเกณฑ์และวิธีการจัดทำโครงการที่เป็นคำของบป","ส่งผลกระทบให้การดำเนินโครงการ ไม่บรรลุวัตถุประสงค์และเป้าหมายที่กำหนด 
รวมถึงทำให้การใช้จ่ายงบประมาณไม่คุ้มค่า
"
FL-1809,วัตถุประสงค์และเป้าหมายของโครงการไม่สมเหตุสมผล                                                      ,สำนักงานพาณิชย์จังหวัดเพชรบูรณ์,โครงการส่งเสริมการค้า การลงทุน และสร้างพันธมิตรการค้าสู่ประชาคมเศรษฐกิจอาเซียน,2561,เกิดจากการดำเนินโครงการไม่เป็นไปตามรายการ/กิจกรรมตามที่ได้รับอนุมัติงบประมาณ การดำเนินโครงการไม่ได้ปฏิบัติตามแนวทางหรือหลักเกณฑ์ที่กำหนดและไม่สอดคล้องกับวัตถุประสงค์ รวมถึงการดำเนินโครงการไม่มีการติดตามและประเมินผลอย่างเป็นระบบ,ผู้เข้าร่วมโครงการมิใช่กลุ่มเป้าหมายในพื้นที่ของกลุ่มจังหวัดภาคเหนือตอนล่าง กลุ่มเป้าหมายไม่สอดคล้องกับวัตถุประสงค์โครงการ จากการตรวจสอบการดำเนินกิจกรรมจัดงานแสดงและจำหน่ายสินค้า,"1. แผนปฏิบัติราชการประจำปีของจังหวัด/กลุ่มจังหวัด 
ซึ่งมีความสอดคล้องกับวัตถุประสงค์และทิศทางการพัฒนาตามแผนพัฒนาจังหวัด/กลุ่มจังหวัด 
รวมทั้งกรอบของแผนงาน/โครงการที่กำหนดไว้  ในแผนพัฒนาจังหวัด/กลุ่มจังหวัด 
ตามหลักเกณฑ์และวิธีการจัดทำโครงการที่เป็นคำของบป","ให้การดำเนินโครงการ ไม่บรรลุวัตถุประสงค์และเป้าหมายที่กำหนด 
รวมถึงทำให้การใช้จ่ายงบประมาณไม่คุ้มค่า 
"
FL-1810,วัตถุประสงค์และเป้าหมายของโครงการไม่สมเหตุสมผล                                                      ,สำนักงานพาณิชย์จังหวัดเพชรบูรณ์,โครงการส่งเสริมการค้า การลงทุน และสร้างพันธมิตรการค้าสู่ประชาคมเศรษฐกิจอาเซียน,2561,เกิดจากการดำเนินโครงการไม่เป็นไปตามรายการ/กิจกรรมตามที่ได้รับอนุมัติงบประมาณ การดำเนินโครงการไม่ได้ปฏิบัติตามแนวทางหรือหลักเกณฑ์ที่กำหนดและไม่สอดคล้องกับวัตถุประสงค์ รวมถึงการดำเนินโครงการไม่มีการติดตามและประเมินผลอย่างเป็นระบบ,ผู้เข้าร่วมโครงการมิใช่กลุ่มเป้าหมายในพื้นที่ของกลุ่มจังหวัดภาคเหนือตอนล่าง กลุ่มเป้าหมายไม่สอดคล้องกับวัตถุประสงค์โครงการ จากการตรวจสอบการดำเนินกิจกรรมจัดงานแสดงและจำหน่ายสินค้า,"1. แผนปฏิบัติราชการประจำปีของจังหวัด/กลุ่มจังหวัด 
ซึ่งมีความสอดคล้องกับวัตถุประสงค์และทิศทางการพัฒนาตามแผนพัฒนาจังหวัด/กลุ่มจังหวัด 
รวมทั้งกรอบของแผนงาน/โครงการที่กำหนดไว้  ในแผนพัฒนาจังหวัด/กลุ่มจังหวัด 
ตามหลักเกณฑ์และวิธีการจัดทำโครงการที่เป็นคำของบป","ให้การดำเนินโครงการ ไม่บรรลุวัตถุประสงค์และเป้าหมายที่กำหนด 
รวมถึงทำให้การใช้จ่ายงบประมาณไม่คุ้มค่า 
"
FL-1811,วัตถุประสงค์และเป้าหมายของโครงการไม่สมเหตุสมผล                                                      ,สำนักงานท้องถิ่น จังหวัดลำปาง,โครงการป้องกันและแก้ไขปัญหายาเสพติด,2561,1.อปท.ไม่ให้ความสำคัญต่อการใช้ประโยชน์จากกล้องCCTV 2.อปท.ไม่มีแผนการจัดทำแผนสำรวจตรวจสอบสภาพการใช้งาน 3.อปท.ไม่ให้ความสำคัญต่อการปฏิบัติตาม,3.อปท.กำหนดวัตุประสงค์ไม่สอดคล้องกับการป้องกันและแก้ไขปัญหายาเสพติด 2.กิจกรรมก่อสร้างลานกีฬา/สนามกีฬาใช้ประโยชน์ไม่คุ้มค่า ไม่มีแผนการสำรวจตรวจสอบสภาพการใช้งาน,"1.สั่งการให้อปท.ที่มีกล้องCCTV อยู่ในความครอบครอง ดำเนินการ
  1.1 แต่งตั้งเจ้าหน้าที่รับผิดชอบในการควบคุมดูแลบำรุงรักษา
  1.2 จัดทำแผนการสำรวจตรวจสอบสภาพการใช้งาน
  1.3 กรณี อปท.ที่ติดตั้งอุปกรณ์ควบคุม กล้อง CCTV 
ไว้นอกอาคาสำนักงานที่ไม่ผู้รับผิดชอบให้ดำ","1.ประชาชนสูญเสียโอกาสจากการใช้กล้องCCTV ที่ชำรุด
2ใช้จ่ายเงินงบประมาณแผ่นดินที่ไม่มีประสิทธิภาพ
3.การที่ไม่มีผู้ควบคุมดูแลนอกจากไม่ได้ใช้ประโยชน์ตามวัตถุประสงค์ของโครงการแล้วยังอาจทำให้จอแสดงภาพ 
และอุปกรณ์ต่างๆ 
รวมถึงข้อมูลภาพเหตุกาณ์สำคัญจากเครื่องบันท"
FL-1812,วัตถุประสงค์และเป้าหมายของโครงการไม่สมเหตุสมผล                                                      ,องค์การบริหารส่วนจังหวัดสระบุรี,โครงการจัดซื้อวัสดุครุภัณฑ์ทางการแพทย์ในการเฝ้าระวังและคัดกรองโรควิถีชีวิตมอบให้อาสาสมัครสาธารณสุขจังหวัดสระบุรี,2561,ซึ่งการที่อบจ.สระบุรีจะสนับสนุนเงินงบประมาณเพื่อดำเนินโครงการใดก็ตามนั้น อบจ.สระบุรีไม่ได้มีการศึกษาระเบียบที่เกี่ยวข้องให้ถี่ถ้วนก่อนที่จะดำเนินโครงการ 1.ผู้ขอรับการสนับสนุนโครงการและ,ข้อตรวจพบที่ 2 การกำหนดกลุ่มเป้าหมายของโครงการไม่เหมาะสม ระเบียบกระทรวงสาธารณสุข ว่าด้วยบุคคล ซึ่งกระทรวง ทบวง กรม กรุงเทพมหานคร เมืองพัทยา องค์การบริหารส่วนจังหวัด เทศบาล สุขาภิบาล องค์การบริหารส่วนท้องถิ่นอื่น มอบหมายให้ประกอบวิชาชีพในความควบคุมของ,"1.การดำเนินโครงการในโอกาสต่อไป 
หากมีการจัดทำโครงการที่มีลักษณะเป็นการช่วยเหลือหรือให้การสนับสนุนวัสดุครุภัณฑ์ประเภทต่างๆ 
แก่ประชาชนเช่นเดียวกับโครงการนี้ 
ควรกำหนดหลักเกณฑ์ในการคัดเลือกกลุ่มเป้าหมายให้ชัดเจน 
และพิจารณาคัดเลือกผู้ที่มีคุณสมบัติตรงตามหลั","การที่มอบครุภัณฑ์สำหรับเจาะเลือดฝอยจากปลายนิ้วเพื่อตรวจหาค่าระดับน้ำตาลในเลือด 
หรือเพื่อหาค่าระดับไขมันและกรดยูริกในเลือดให้แก่กลุ่มบุคคลที่มิได้เป็น 
อสม.นั้น 
ส่งผลให้เกิดความไม่คุ้มค่าในการใช้จ่ายเงินงบประมาณและสูญเสียเงินงบประมาณโดยใช่เหตุ 
เนื่องจาก"
FL-1829,หน่วยรับตรวจกำหนดมาตฐานผลงานไว้ไม่เหมาะสม                                                           ,กรมการพลังงานทหาร,การส่งเสริมสนับสนุนการผลิตและการใช้พลังงานทดแทน,2561,,การติดตามและประเมินผลเพื่อกำหนดแนวทางการแก้ไขปัญหาและอุปสรรคของการดำเนิน โครงการขาดความชัดเจนและเป็นรูปธรรม,"1.	ให้ทบทวนและปรับปรุงกระบวนการติดตามและประเมินผล โดยกำหนดหลักเกณฑ์ 
แนวทาง วิธีการ หรือคู่มือการปฏิบัติงานที่ชัดเจนเป็นรูปธรรม 
เพื่อให้ได้ข้อมูลหรือสามารถวัดผลการดำเนินงานได้อย่างเหมาะสม ถูกต้อง 
และครบถ้วน 
และสั่งการหน่วยงานที่รับผิดชอบให้มีการประเมิน",
